발생년,발생년월일시분,발생분,주야,요일,사망자수,사상자수,중상자수,경상자수,부상신고자수,발생지시도,발생지시군구,사고유형_대분류,사고유형_중분류,사고유형,법규위반_대분류,법규위반,도로형태_대분류,도로형태,당사자종별_1당_대분류,당사자종별_1당,당사자종별_2당_대분류,당사자종별_2당,발생위치X_UTMK,발생위치Y_UTMK,경도,위도
2012,2012-03-24,30,주간,토,1,1,0,0,0,경남,사천시,차량단독,기타,기타,운전자법규위반,안전운전 의무 불이행,단일로,기타단일로,승용차,소형,0,0,1039835,1673364,127.9368287,35.05454389
2012,2012-05-25,40,주간,목,1,3,1,1,0,경기,구리시,차량단독,공작물충돌,공작물충돌,운전자법규위반,안전운전 의무 불이행,단일로,기타단일로,승용차,중형,0,0,969729,1954553,127.1571186,37.58987842
2012,2012-05-14,37,야간,월,1,3,1,1,0,강원,원주시,차대차,추돌,주정차중 추돌,운전자법규위반,안전운전 의무 불이행,단일로,기타단일로,화물차,소형,화물차,대형,1028213,1922232,127.818334,37.29861488
2012,2012-04-09,30,야간,월,1,10,4,5,0,충남,청양군,차대차,추돌,진행중 추돌,운전자법규위반,안전운전 의무 불이행,단일로,기타단일로,승합차,대형,화물차,대형,949740,1819136,126.9397319,36.36835173
2012,2012-07-03,10,주간,화,1,1,0,0,0,경남,김해시,차대차,측면직각충돌,측면직각충돌,운전자법규위반,안전운전 의무 불이행,단일로,기타단일로,승용차,중형,승용차,중형,1134893,1697027,128.9828961,35.25961661
2012,2012-06-04,15,주간,월,1,2,0,1,0,경남,김해시,차대차,추돌,진행중 추돌,운전자법규위반,안전운전 의무 불이행,단일로,기타단일로,승합차,소형,화물차,소형,1110386,1698826,128.7137892,35.27883625
2012,2012-05-15,20,주간,화,1,2,1,0,0,전북,완주군,차대차,추돌,진행중 추돌,운전자법규위반,안전운전 의무 불이행,단일로,기타단일로,화물차,대형,화물차,중형,973671,1763531,127.2083555,35.86798983
2012,2012-05-31,50,야간,목,1,3,2,0,0,전북,완주군,차대차,추돌,진행중 추돌,운전자법규위반,안전운전 의무 불이행,단일로,기타단일로,화물차,소형,화물차,소형,964132,1770091,127.102399,35.92683105
2012,2012-07-30,58,야간,월,1,1,0,0,0,경북,청도군,차대차,추돌,진행중 추돌,운전자법규위반,안전운전 의무 불이행,단일로,기타단일로,화물차,소형,화물차,대형,1112752,1741664,128.7455433,35.6646973
2012,2012-07-20,0,야간,금,1,2,1,0,0,충북,진천군,차대차,추돌,진행중 추돌,운전자법규위반,안전운전 의무 불이행,단일로,기타단일로,화물차,대형,화물차,대형,997972,1873930,127.4772479,36.86363181
2012,2012-07-11,6,주간,수,1,1,0,0,0,울산,울주군,차량단독,공작물충돌,공작물충돌,운전자법규위반,안전운전 의무 불이행,단일로,기타단일로,승용차,중형,0,0,1158248,1727288,129.2454114,35.52893099
2012,2012-09-09,40,주간,일,1,3,1,1,0,전북,부안군,차대차,추돌,진행중 추돌,운전자법규위반,안전운전 의무 불이행,단일로,기타단일로,승합차,소형,화물차,중형,929729,1740300,126.7236782,35.65638393
2012,2012-08-10,54,야간,금,1,1,0,0,0,강원,원주시,차대사람,기타,기타,운전자법규위반,안전운전 의무 불이행,단일로,기타단일로,화물차,소형,보행자,보행자,1028562,1923247,127.8223109,37.30775326
2012,2012-11-02,0,야간,금,1,4,2,1,0,대구,수성구,차대차,추돌,진행중 추돌,운전자법규위반,안전운전 의무 불이행,단일로,기타단일로,승용차,소형,화물차,대형,1107784,1760483,128.6933948,35.8349369
2012,2012-10-06,28,야간,토,1,1,0,0,0,경기,안성시,차대사람,횡단중,횡단중,운전자법규위반,안전운전 의무 불이행,단일로,기타단일로,승용차,중형,보행자,보행자,967341,1897250,127.132594,37.07328258
2012,2012-11-24,13,야간,토,5,6,1,0,0,경기,안성시,차대차,추돌,주정차중 추돌,운전자법규위반,안전운전 의무 불이행,단일로,기타단일로,승합차,대형,승용차,소형,967587,1895922,127.1357224,37.06132127
2012,2012-07-05,30,야간,목,1,1,0,0,0,경북,김천시,차대차,추돌,진행중 추돌,운전자법규위반,안전운전 의무 불이행,단일로,기타단일로,화물차,대형,화물차,중형,1060127,1792819,128.1682301,36.13053884
2012,2012-08-07,50,야간,화,1,6,5,0,0,대구,동구,차대차,추돌,주정차중 추돌,운전자법규위반,안전운전 의무 불이행,단일로,기타단일로,화물차,대형,승용차,중형,1108289,1765781,128.6997046,35.88263836
2012,2012-08-18,25,야간,토,1,1,0,0,0,경북,칠곡군,차대차,추돌,주정차중 추돌,운전자법규위반,안전운전 의무 불이행,단일로,기타단일로,승용차,중형,승용차,중형,1084630,1775598,128.4388198,35.97357601
2012,2012-01-14,55,야간,토,1,5,4,0,0,인천,남동구,차대차,측면직각충돌,측면직각충돌,운전자법규위반,교차로 통행방법 위반,교차로,교차로내,승용차,중형,승용차,소형,929425,1935911,126.7024113,37.41965323
2012,2012-01-11,15,야간,수,1,1,0,0,0,경남,통영시,차량단독,공작물충돌,공작물충돌,운전자법규위반,안전운전 의무 불이행,단일로,기타단일로,화물차,소형,0,0,1086929,1654830,128.451279,34.88447835
2012,2012-02-17,35,야간,금,1,1,0,0,0,충남,천안시,차량단독,공작물충돌,공작물충돌,운전자법규위반,안전운전 의무 불이행,단일로,기타단일로,화물차,소형,0,0,974874,1862501,127.2184906,36.760398
2012,2012-03-25,40,야간,일,1,1,0,0,0,경남,김해시,차량단독,공작물충돌,공작물충돌,운전자법규위반,안전운전 의무 불이행,단일로,기타단일로,승용차,대형,0,0,1134587,1694472,128.9791147,35.23662687
2012,2012-04-27,25,주간,금,2,3,1,0,0,전남,함평군,차량단독,공작물충돌,공작물충돌,운전자법규위반,안전운전 의무 불이행,단일로,기타단일로,승용차,중형,0,0,907178,1681929,126.4804163,35.13174617
2012,2012-04-03,2,주간,화,1,1,0,0,0,경남,양산시,차대차,정면충돌,정면충돌,운전자법규위반,중앙선 침범,단일로,기타단일로,화물차,소형,승용차,소형,1137347,1702472,129.0107246,35.30852653
2012,2012-05-07,10,주간,월,1,28,12,15,0,경남,양산시,차대차,추돌,주정차중 추돌,운전자법규위반,안전운전 의무 불이행,단일로,기타단일로,승합차,대형,승용차,중형,1139469,1705067,129.0335746,35.33094987
2012,2012-04-29,38,야간,일,1,1,0,0,0,경기,하남시,차대차,측면직각충돌,측면직각충돌,운전자법규위반,안전거리 미확보,단일로,기타단일로,승용차,중형,승용차,대형,969925,1946108,127.1596849,37.51376645
2012,2012-05-25,38,야간,금,1,2,0,1,0,경기,광주시,차대차,추돌,주정차중 추돌,운전자법규위반,안전운전 의무 불이행,단일로,기타단일로,화물차,중형,화물차,대형,978448,1939337,127.2563246,37.45297379
2012,2012-06-12,15,주간,화,1,1,0,0,0,충북,보은군,차량단독,전도전복,전도전복,운전자법규위반,안전운전 의무 불이행,단일로,기타단일로,승용차,경형,0,0,1032568,1827907,127.863421,36.44818564
2012,2012-07-05,20,주간,목,5,10,3,2,0,경기,화성시,차대차,추돌,주정차중 추돌,운전자법규위반,안전운전 의무 불이행,단일로,기타단일로,승합차,소형,승용차,소형,953279,1909449,126.9736441,37.1826471
2012,2012-06-19,10,주간,화,1,1,0,0,0,울산,울주군,차대사람,횡단중,횡단중,운전자법규위반,안전운전 의무 불이행,단일로,기타단일로,승용차,중형,보행자,보행자,1151104,1741521,129.1693083,35.65832351
2012,2012-06-11,44,야간,일,4,5,1,0,0,인천,중구,차대차,추돌,진행중 추돌,운전자법규위반,안전운전 의무 불이행,단일로,기타단일로,승용차,중형,승용차,중형,914766,1946835,126.535501,37.51687141
2012,2012-09-08,20,야간,토,1,3,2,0,0,경남,산청군,차량단독,전도전복,전도전복,운전자법규위반,안전운전 의무 불이행,단일로,기타단일로,승용차,대형,0,0,1032637,1714939,127.8595481,35.42968018
2012,2012-09-06,15,주간,목,1,2,1,0,0,강원,원주시,차대차,추돌,주정차중 추돌,운전자법규위반,안전운전 의무 불이행,단일로,기타단일로,화물차,소형,화물차,대형,1035342,1929332,127.899109,37.36236852
2012,2012-09-19,47,야간,수,1,2,0,1,0,경기,안산시,차대차,추돌,진행중 추돌,운전자법규위반,안전운전 의무 불이행,단일로,기타단일로,화물차,중형,화물차,대형,944481,1926990,126.8732225,37.34027101
2012,2012-10-30,13,야간,화,1,1,0,0,0,경기,용인시,차대차,추돌,진행중 추돌,운전자법규위반,안전운전 의무 불이행,단일로,기타단일로,승용차,대형,화물차,대형,965220,1902316,127.1084989,37.11887156
2012,2012-09-27,30,야간,목,1,3,0,2,0,충북,청원군,차대차,추돌,진행중 추돌,운전자법규위반,안전운전 의무 불이행,단일로,기타단일로,승용차,중형,화물차,중형,996581,1860197,127.461704,36.73982853
2012,2012-11-14,39,주간,수,1,1,0,0,0,충북,음성군,차대차,추돌,진행중 추돌,운전자법규위반,안전운전 의무 불이행,단일로,기타단일로,화물차,중형,화물차,대형,997550,1882728,127.4724851,36.94294105
2012,2012-01-01,0,주간,일,1,1,0,0,0,경북,상주시,차량단독,공작물충돌,공작물충돌,운전자법규위반,안전운전 의무 불이행,단일로,기타단일로,승용차,소형,0,0,1036835,1827829,127.911031,36.44732802
2012,2012-01-03,30,주간,화,1,1,0,0,0,전북,고창군,차대차,추돌,주정차중 추돌,운전자법규위반,안전운전 의무 불이행,단일로,기타단일로,이륜차,소형,승용차,중형,922481,1708094,126.646691,35.36548243
2012,2012-01-04,38,주간,수,1,1,0,0,0,전북,군산시,차대차,추돌,진행중 추돌,운전자법규위반,안전운전 의무 불이행,단일로,기타단일로,화물차,대형,특수차,대형,931635,1772142,126.7420109,35.94358799
2012,2012-01-12,35,주간,목,1,1,0,0,0,충남,천안시,차대사람,횡단중,횡단중,운전자법규위반,신호위반,단일로,횡단보도상,승합차,대형,보행자,보행자,965987,1867188,127.1187146,36.80224582
2012,2012-01-10,20,야간,화,1,2,1,0,0,충남,논산시,차대차,추돌,주정차중 추돌,운전자법규위반,안전운전 의무 불이행,교차로,교차로부근,화물차,소형,건설기계,건설기계,971104,1801720,127.178525,36.21221962
2012,2012-01-11,12,주간,수,1,1,0,0,0,경남,진주시,차대사람,횡단중,횡단중,운전자법규위반,안전운전 의무 불이행,단일로,기타단일로,화물차,대형,보행자,보행자,1056181,1688144,128.1168991,35.18708843
2012,2012-02-03,10,야간,금,1,3,0,2,0,경북,경산시,차량단독,전도전복,전도전복,운전자법규위반,안전운전 의무 불이행,단일로,기타단일로,화물차,소형,0,0,1111629,1755632,128.7352807,35.79077915
2012,2012-03-18,20,주간,일,1,1,0,0,0,경북,청도군,차대차,추돌,진행중 추돌,운전자법규위반,안전운전 의무 불이행,단일로,기타단일로,승용차,중형,화물차,대형,1112747,1741083,128.7456063,35.65950357
2012,2012-01-16,25,주간,월,1,4,0,3,0,경기,수원시,차대차,추돌,진행중 추돌,운전자법규위반,안전운전 의무 불이행,단일로,기타단일로,화물차,대형,화물차,대형,955225,1924324,126.9946722,37.31682122
2012,2012-10-17,50,야간,수,1,5,3,1,0,대구,동구,차대차,측면직각충돌,측면직각충돌,운전자법규위반,안전운전 의무 불이행,단일로,기타단일로,승용차,중형,승용차,소형,1105285,1769531,128.6669265,35.91676945
2012,2012-09-13,0,야간,수,1,1,0,0,0,울산,울주군,차대차,추돌,진행중 추돌,운전자법규위반,안전운전 의무 불이행,단일로,기타단일로,승용차,소형,화물차,대형,1159517,1714065,129.2551399,35.41035516
2012,2012-11-14,30,주간,수,1,9,8,0,0,경기,의왕시,차대차,추돌,주정차중 추돌,운전자법규위반,안전운전 의무 불이행,단일로,기타단일로,승용차,대형,승합차,소형,955337,1931969,126.9954752,37.38573516
2012,2012-08-22,40,야간,수,1,1,0,0,0,경북,경산시,차대차,추돌,진행중 추돌,운전자법규위반,안전운전 의무 불이행,단일로,기타단일로,특수차,대형,승용차,대형,1111778,1751382,128.736336,35.75245192
2012,2012-01-02,25,주간,월,1,1,0,0,0,경기,화성시,차대사람,횡단중,횡단중,운전자법규위반,안전운전 의무 불이행,교차로,교차로부근,승합차,대형,보행자,보행자,950246,1910780,126.9393873,37.19448763
2012,2012-01-07,40,야간,토,1,1,0,0,0,경북,안동시,차대사람,횡단중,횡단중,운전자법규위반,안전운전 의무 불이행,단일로,기타단일로,승용차,대형,보행자,보행자,1108658,1841388,128.7142815,36.56408828
2012,2012-01-09,40,주간,월,1,1,0,0,0,울산,남구,차대사람,횡단중,횡단중,운전자법규위반,안전운전 의무 불이행,단일로,기타단일로,승용차,소형,보행자,보행자,1168771,1721017,129.360119,35.47068203
2012,2012-01-07,10,주간,토,1,1,0,0,0,충남,서산시,차대사람,횡단중,횡단중,운전자법규위반,안전운전 의무 불이행,기타/불명,기타/불명,승용차,대형,보행자,보행자,908690,1863700,126.4768977,36.76701431
2012,2012-01-08,0,야간,일,1,2,1,0,0,대구,수성구,차대사람,횡단중,횡단중,운전자법규위반,안전운전 의무 불이행,단일로,기타단일로,승용차,중형,보행자,보행자,1103191,1763071,128.6998917,35.84214776
2012,2012-01-05,25,야간,목,1,1,0,0,0,충북,청주시,차대사람,횡단중,횡단중,운전자법규위반,신호위반,교차로,교차로내,승용차,대형,보행자,보행자,993298,1848391,127.4250348,36.63338112
2012,2012-01-10,30,주간,화,1,1,0,0,0,경북,예천군,차대차,정면충돌,정면충돌,운전자법규위반,안전운전 의무 불이행,교차로,교차로내,이륜차,중형,화물차,소형,1071851,1835338,128.3024358,36.51303193
2012,2012-01-11,30,야간,수,1,1,0,0,0,전남,목포시,차대차,측면직각충돌,측면직각충돌,운전자법규위반,중앙선 침범,단일로,기타단일로,자전거,자전거,화물차,소형,898740,1645131,126.3930899,34.79570408
2012,2012-01-12,17,주간,목,1,1,0,0,0,경기,의왕시,차대사람,보도통행중,보도통행중,운전자법규위반,신호위반,단일로,횡단보도상,화물차,소형,보행자,보행자,953774,1927119,126.9781227,37.34194304
2012,2012-01-11,22,야간,수,1,1,0,0,0,부산,연제구,건널목,경보기무시,경보기 무시,운전자법규위반,철길건널목 통과방법위반,건널목,건널목,이륜차,중형,열차,열차,1143022,1688953,129.0708268,35.18571192
2012,2012-01-08,53,주간,일,2,5,2,1,0,경북,영천시,차량단독,공작물충돌,공작물충돌,운전자법규위반,안전운전 의무 불이행,단일로,기타단일로,승용차,대형,0,0,1128824,1768451,128.92758,35.90421651
2012,2012-02-04,35,야간,토,1,1,0,0,0,경기,평택시,차량단독,공작물충돌,공작물충돌,운전자법규위반,안전운전 의무 불이행,단일로,기타단일로,승용차,중형,0,0,943710,1885350,126.8676521,36.96489644
2012,2012-01-29,43,야간,토,1,2,1,0,0,충남,당진시,차량단독,공작물충돌,공작물충돌,운전자법규위반,안전운전 의무 불이행,단일로,기타단일로,승용차,소형,0,0,929551,1877649,126.7093231,36.89452856
2012,2012-02-29,40,야간,목,1,1,0,0,0,인천,남구,차대사람,횡단중,횡단중,운전자법규위반,안전운전 의무 불이행,단일로,기타단일로,승용차,중형,보행자,보행자,925925,1938013,126.6626495,37.43832469
2012,2012-05-12,55,주간,토,1,3,0,2,0,강원,평창군,차량단독,공작물충돌,공작물충돌,운전자법규위반,안전운전 의무 불이행,단일로,기타단일로,승용차,중형,0,0,1083362,1956824,128.4444541,37.6070668
2012,2012-05-22,10,야간,화,1,5,1,3,0,전북,완주군,차량단독,도로이탈,도로이탈 기타,운전자법규위반,안전운전 의무 불이행,단일로,기타단일로,승용차,소형,0,0,960068,1767433,127.0574837,35.9027094
2012,2012-03-27,30,주간,화,4,9,5,0,0,경기,남양주시,차대차,추돌,진행중 추돌,운전자법규위반,안전운전 의무 불이행,단일로,터널안,승합차,소형,화물차,소형,986727,1959430,127.3495664,37.63423935
2012,2012-04-24,45,야간,화,1,2,0,0,1,경남,밀양시,차대차,추돌,주정차중 추돌,운전자법규위반,안전운전 의무 불이행,단일로,교량위,화물차,대형,승용차,중형,1116784,1729496,128.7885869,35.55461232
2012,2012-05-12,15,주간,토,1,1,0,0,0,인천,남동구,차량단독,전도전복,전도전복,운전자법규위반,안전운전 의무 불이행,단일로,기타단일로,화물차,소형,0,0,936050,1940192,126.7768724,37.45862011
2012,2012-01-01,30,야간,일,1,1,0,0,0,경북,예천군,차량단독,도로이탈,도로이탈 추락,운전자법규위반,안전운전 의무 불이행,단일로,기타단일로,승용차,중형,0,0,1070286,1834622,128.2848942,36.50669396
2012,2012-01-09,10,야간,월,1,2,1,0,0,경기,성남시,차량단독,기타,기타,운전자법규위반,안전운전 의무 불이행,단일로,기타단일로,승용차,중형,0,0,971199,1939134,127.1747259,37.45053296
2012,2012-01-07,10,주간,토,3,7,2,2,0,충남,천안시,차대차,측면직각충돌,측면직각충돌,운전자법규위반,교차로 통행방법 위반,교차로,교차로내,화물차,소형,승용차,중형,966259,1870721,127.1216069,36.83410382
2012,2012-01-12,57,야간,목,1,2,1,0,0,대전,유성구,차대차,기타,기타,운전자법규위반,신호위반,교차로,교차로내,승용차,소형,승용차,소형,983691,1821101,127.3181524,36.38724221
2012,2012-01-10,35,주간,화,1,1,0,0,0,전남,강진군,차대사람,횡단중,횡단중,운전자법규위반,과속,단일로,횡단보도상,승용차,중형,보행자,보행자,928833,1618714,126.7242396,34.56004691
2012,2012-01-22,34,주간,일,1,5,4,0,0,대구,북구,차대차,기타,기타,운전자법규위반,안전운전 의무 불이행,단일로,기타단일로,승용차,대형,승용차,중형,1092695,1769519,128.5272061,35.91795605
2012,2012-01-05,0,주간,목,1,1,0,0,0,충북,옥천군,차대차,추돌,주정차중 추돌,운전자법규위반,안전운전 의무 불이행,단일로,기타단일로,승용차,중형,화물차,중형,1020394,1808594,127.7270682,36.2744089
2012,2012-06-17,20,야간,일,1,1,0,0,0,경기,용인시,차량단독,전도전복,전도전복,운전자법규위반,안전운전 의무 불이행,단일로,기타단일로,승용차,소형,0,0,965785,1921476,127.1139801,37.29159895
2012,2012-07-01,50,야간,일,1,2,1,0,0,경기,하남시,차대차,추돌,진행중 추돌,운전자법규위반,안전운전 의무 불이행,단일로,기타단일로,승용차,중형,화물차,대형,974003,1948052,127.2057603,37.53141265
2012,2012-07-24,35,야간,화,1,1,0,0,0,경북,칠곡군,차대차,추돌,진행중 추돌,운전자법규위반,안전운전 의무 불이행,단일로,기타단일로,화물차,소형,화물차,대형,1093085,1788727,128.5339858,36.09104916
2012,2012-12-25,0,야간,화,1,2,1,0,0,경기,군포시,차량단독,공작물충돌,공작물충돌,운전자법규위반,안전운전 의무 불이행,단일로,기타단일로,화물차,소형,0,0,946868,1924973,126.9003135,37.32223061
2012,2012-09-04,17,주간,화,1,8,0,3,4,전북,전주시,차대차,기타,기타,운전자법규위반,안전운전 의무 불이행,단일로,터널안,승합차,대형,승용차,대형,971925,1759737,127.189149,35.83373449
2012,2012-09-25,30,야간,화,1,2,1,0,0,경기,화성시,차량단독,기타,기타,운전자법규위반,안전운전 의무 불이행,단일로,기타단일로,승용차,대형,0,0,964348,1913357,127.0981568,37.21836177
2012,2012-09-21,5,야간,금,1,1,0,0,0,경기,안성시,차대차,기타,기타,운전자법규위반,안전운전 의무 불이행,단일로,기타단일로,화물차,대형,승용차,소형,969464,1887704,127.1568642,36.98730439
2012,2012-10-28,30,주간,일,1,5,3,1,0,전북,정읍시,차대차,추돌,진행중 추돌,운전자법규위반,안전운전 의무 불이행,단일로,기타단일로,화물차,소형,화물차,소형,938980,1730379,126.8266223,35.5675526
2012,2012-10-04,34,야간,목,1,1,0,0,0,경기,하남시,차대차,측면직각충돌,측면직각충돌,운전자법규위반,안전운전 의무 불이행,단일로,기타단일로,승합차,대형,승용차,경형,976774,1943879,127.2372547,37.49387308
2012,2012-08-18,50,주간,토,1,3,2,0,0,경기,여주시,차량단독,공작물충돌,공작물충돌,운전자법규위반,안전운전 의무 불이행,단일로,기타단일로,승용차,소형,0,0,1013960,1917200,127.6574204,37.25357985
2012,2012-11-03,50,야간,토,1,22,6,12,3,경북,예천군,차대차,추돌,진행중 추돌,운전자법규위반,안전운전 의무 불이행,단일로,기타단일로,승합차,대형,화물차,대형,1092630,1851456,128.5364069,36.65652631
2012,2012-07-25,37,야간,수,1,1,0,0,0,충남,서천군,차량단독,기타,기타,운전자법규위반,안전운전 의무 불이행,단일로,기타단일로,승용차,중형,0,0,934977,1801852,126.7766132,36.21165514
2012,2012-07-14,40,야간,토,1,2,1,0,0,대구,북구,차량단독,공작물충돌,공작물충돌,운전자법규위반,안전운전 의무 불이행,단일로,기타단일로,화물차,소형,0,0,1092594,1766511,128.5259359,35.89082986
2012,2012-06-24,10,야간,일,1,1,0,0,0,경기,평택시,차량단독,공작물충돌,공작물충돌,운전자법규위반,안전운전 의무 불이행,단일로,교량위,승용차,소형,0,0,941299,1883930,126.8406795,36.95194938
2012,2012-07-17,35,주간,화,1,1,0,0,0,전남,보성군,차량단독,전도전복,전도전복,운전자법규위반,안전운전 의무 불이행,단일로,기타단일로,승용차,소형,0,0,978945,1648769,127.2697306,34.83332643
2012,2012-02-05,45,주간,일,1,4,3,0,0,충남,천안시,차대차,기타,기타,운전자법규위반,안전운전 의무 불이행,단일로,기타단일로,승용차,중형,승용차,중형,980383,1859522,127.2802894,36.73354688
2012,2012-05-01,55,야간,화,1,8,5,2,0,경기,안양시,차량단독,전도전복,전도전복,운전자법규위반,안전운전 의무 불이행,단일로,기타단일로,승합차,소형,0,0,945489,1934309,126.8840625,37.40629937
2012,2012-03-25,5,야간,일,1,1,0,0,0,경기,안양시,차량단독,기타,기타,운전자법규위반,안전운전 의무 불이행,단일로,터널안,승용차,소형,0,0,951469,1931116,126.951839,37.37785222
2012,2012-07-12,41,주간,목,1,2,0,0,1,충남,논산시,차대차,측면직각충돌,측면직각충돌,운전자법규위반,안전운전 의무 불이행,단일로,기타단일로,승용차,중형,화물차,대형,959678,1801136,127.051441,36.20654569
2012,2012-06-16,40,야간,토,1,6,2,3,0,전남,함평군,차대사람,기타,기타,운전자법규위반,안전운전 의무 불이행,기타/불명,기타/불명,승용차,중형,보행자,보행자,907607,1678512,126.4863063,35.09751375
2012,2012-06-10,2,야간,일,1,1,0,0,0,전남,보성군,차량단독,공작물충돌,공작물충돌,운전자법규위반,안전운전 의무 불이행,단일로,기타단일로,승용차,경형,0,0,984434,1647723,127.3287114,34.82277389
2012,2012-07-09,55,야간,월,1,1,0,0,0,울산,울주군,차량단독,공작물충돌,공작물충돌,운전자법규위반,안전운전 의무 불이행,단일로,기타단일로,화물차,소형,0,0,1146412,1728381,129.1151108,35.54060065
2012,2012-06-20,5,야간,수,1,3,1,1,0,경기,시흥시,차대차,측면직각충돌,측면직각충돌,운전자법규위반,안전운전 의무 불이행,고가도로위,고가도로위,화물차,소형,승용차,중형,937257,1940031,126.7905659,37.45735108
2012,2012-11-27,0,주간,화,1,2,0,1,0,경북,고령군,차대차,정면충돌,정면충돌,운전자법규위반,중앙선 침범,단일로,기타단일로,승용차,중형,화물차,중형,1076356,1750692,128.3445274,35.74961999
2012,2012-01-28,51,야간,토,1,3,1,1,0,충남,천안시,차대차,기타,기타,운전자법규위반,안전운전 의무 불이행,단일로,기타단일로,승합차,대형,승용차,소형,981851,1859282,127.2967702,36.73143965
2012,2012-02-21,2,야간,화,1,2,1,0,0,충북,청원군,차대차,추돌,주정차중 추돌,운전자법규위반,안전운전 의무 불이행,단일로,기타단일로,승용차,중형,승용차,중형,982584,1858867,127.3052682,36.72800118
2012,2012-04-13,35,야간,금,2,11,3,6,0,경북,상주시,차대차,추돌,주정차중 추돌,운전자법규위반,안전운전 의무 불이행,단일로,기타단일로,특수차,대형,승용차,중형,1064584,1819179,128.2199368,36.3678839
2012,2012-05-25,8,야간,금,1,8,7,0,0,경북,상주시,차대차,추돌,주정차중 추돌,운전자법규위반,안전운전 의무 불이행,단일로,기타단일로,화물차,대형,승용차,소형,1064296,1819216,128.2167297,36.36823675
2012,2012-03-21,43,야간,화,2,2,0,0,0,경북,상주시,차량단독,공작물충돌,공작물충돌,운전자법규위반,안전운전 의무 불이행,단일로,터널안,승용차,소형,0,0,1053068,1822339,128.0250785,36.43004952
2012,2012-04-03,50,야간,화,1,1,0,0,0,경북,상주시,차대차,추돌,진행중 추돌,운전자법규위반,안전운전 의무 불이행,단일로,기타단일로,화물차,중형,화물차,중형,1041819,1827353,127.9666187,36.44283244
2012,2012-05-04,10,야간,금,1,3,2,0,0,경북,상주시,차대차,추돌,주정차중 추돌,운전자법규위반,안전운전 의무 불이행,단일로,기타단일로,화물차,대형,화물차,소형,1065586,1817292,128.2270669,36.35186582
2012,2012-05-09,25,주간,수,1,4,3,0,0,경기,용인시,차대차,측면직각충돌,측면직각충돌,운전자법규위반,차로위반(진로변경 위반),단일로,기타단일로,화물차,소형,승용차,소형,983648,1916479,127.3156221,37.24704183
2012,2012-04-07,55,주간,토,2,4,2,0,0,경기,이천시,차대차,추돌,진행중 추돌,운전자법규위반,안전거리 미확보,단일로,기타단일로,승용차,대형,화물차,대형,993192,1915440,127.4232454,37.23779489
2012,2012-05-08,30,주간,화,1,2,0,1,0,경북,상주시,차대차,추돌,진행중 추돌,운전자법규위반,안전운전 의무 불이행,단일로,기타단일로,화물차,중형,화물차,중형,1059277,1837710,128.1622003,36.53527639
2012,2012-05-02,50,야간,목,1,1,0,0,0,경북,영주시,차량단독,공작물충돌,공작물충돌,운전자법규위반,안전운전 의무 불이행,단일로,기타단일로,화물차,중형,0,0,1092348,1872686,128.5358216,36.84790677
2012,2012-07-18,30,주간,수,1,3,0,2,0,대구,달성군,차대차,기타,기타,운전자법규위반,안전운전 의무 불이행,단일로,기타단일로,건설기계,건설기계,화물차,소형,1085158,1739493,128.4406832,35.64793624
2012,2012-12-28,30,주간,금,1,1,0,0,0,충북,옥천군,차대사람,길가장자리구역통행중,길가장자리구역통행중,운전자법규위반,안전운전 의무 불이행,단일로,기타단일로,화물차,대형,보행자,보행자,1011915,1810646,127.6326941,36.29305067
2012,2012-10-24,21,야간,수,1,1,0,0,0,충남,당진시,차대사람,기타,기타,운전자법규위반,안전운전 의무 불이행,단일로,기타단일로,승합차,소형,보행자,보행자,929075,1877256,126.704018,36.8909505
2012,2012-08-20,17,주간,월,1,1,0,0,0,경기,안양시,차대차,기타,기타,운전자법규위반,안전운전 의무 불이행,고가도로위,고가도로위,승용차,소형,승용차,소형,945765,1934507,126.8845092,37.42627596
2012,2012-12-28,30,야간,금,1,3,2,0,0,경남,양산시,차량단독,전도전복,전도전복,운전자법규위반,안전운전 의무 불이행,단일로,기타단일로,승용차,중형,0,0,1140778,1709662,129.0497416,35.37269427
2012,2012-12-24,52,주간,월,1,1,0,0,0,경남,김해시,차량단독,기타,기타,운전자법규위반,안전운전 의무 불이행,단일로,기타단일로,화물차,소형,0,0,1130552,1704779,128.9364228,35.33006976
2012,2012-08-29,25,주간,수,1,1,0,0,0,부산,강서구,차대차,기타,기타,운전자법규위반,안전운전 의무 불이행,단일로,기타단일로,승용차,중형,승합차,대형,1130940,1685746,128.9376586,35.15845123
2012,2012-09-20,27,야간,목,1,1,0,0,0,부산,강서구,차대차,추돌,진행중 추돌,운전자법규위반,안전운전 의무 불이행,단일로,기타단일로,승용차,경형,화물차,소형,1128881,1686130,128.9151179,35.16217891
2012,2012-09-19,29,주간,수,1,1,0,0,0,충북,괴산군,차대사람,기타,기타,운전자법규위반,안전운전 의무 불이행,단일로,기타단일로,화물차,중형,보행자,보행자,1037528,1872740,127.9209617,36.8521612
2012,2012-08-20,40,야간,월,1,1,0,0,0,울산,울주군,차량단독,공작물충돌,공작물충돌,운전자법규위반,안전운전 의무 불이행,단일로,터널안,승용차,중형,0,0,1160730,1715441,129.2704322,35.42176176