발생년,발생년월일시분,발생분,주야,요일,사망자수,사상자수,중상자수,경상자수,부상신고자수,발생지시도,발생지시군구,사고유형_대분류,사고유형_중분류,사고유형,법규위반_대분류,법규위반,도로형태_대분류,도로형태,당사자종별_1당_대분류,당사자종별_1당,당사자종별_2당_대분류,당사자종별_2당,발생위치X_UTMK,발생위치Y_UTMK,경도,위도
2012,2012-04-09,23,야간,월,1,2,1,0,0,대구,동구,차대차,추돌,진행중 추돌,운전자법규위반,안전거리 미확보,단일로,기타단일로,특수차,대형,건설기계,건설기계,1103359,1769509,128.6455807,35.91677669
2012,2012-05-20,32,야간,일,1,2,1,0,0,대구,동구,차량단독,공작물충돌,공작물충돌,운전자법규위반,안전운전 의무 불이행,단일로,기타단일로,화물차,중형,0,0,1107428,1766386,128.6902493,35.88818681
2012,2012-12-11,10,주간,화,1,2,0,1,0,경남,합천군,차대차,정면충돌,정면충돌,운전자법규위반,중앙선 침범,단일로,기타단일로,화물차,소형,승용차,대형,1062118,1744556,128.186586,35.69530202
2012,2012-12-15,0,야간,토,1,1,0,0,0,경남,산청군,차량단독,공작물충돌,공작물충돌,운전자법규위반,안전운전 의무 불이행,단일로,터널안,건설기계,건설기계,0,0,1043257,1697001,127.975592,35.26753521
2012,2012-11-06,50,야간,화,1,3,1,1,0,충북,충주시,차대차,추돌,진행중 추돌,운전자법규위반,안전운전 의무 불이행,단일로,기타단일로,승용차,소형,화물차,대형,1019637,1898469,127.7209448,37.08463424
2012,2012-10-16,5,주간,화,1,2,0,1,0,충북,괴산군,차대차,추돌,진행중 추돌,운전자법규위반,안전운전 의무 불이행,단일로,기타단일로,화물차,소형,화물차,중형,1043976,1859656,127.9925327,36.73393852
2012,2012-10-11,45,야간,목,1,2,0,1,0,경북,김천시,차대차,추돌,진행중 추돌,운전자법규위반,안전운전 의무 불이행,단일로,기타단일로,화물차,중형,화물차,대형,1068878,1796816,128.2658285,36.16598944
2012,2012-08-10,35,주간,금,1,1,0,0,0,경북,영천시,차대차,측면직각충돌,측면직각충돌,운전자법규위반,안전운전 의무 불이행,단일로,기타단일로,승용차,대형,화물차,대형,1130244,1783728,128.9458207,36.04172173
2012,2012-01-01,10,야간,일,1,4,0,3,0,서울,중구,차대차,측면직각충돌,측면직각충돌,운전자법규위반,신호위반,교차로,교차로내,승합차,중형,승용차,중형,955169,1952212,126.9923448,37.56818425
2012,2012-01-05,20,야간,목,1,1,0,0,0,경기,남양주시,차대사람,횡단중,횡단중,운전자법규위반,안전운전 의무 불이행,교차로,교차로내,화물차,소형,보행자,보행자,969395,1963650,127.1529543,37.67186137
2012,2012-01-09,10,야간,월,1,1,0,0,0,인천,부평구,차량단독,공작물충돌,공작물충돌,운전자법규위반,안전운전 의무 불이행,단일로,기타단일로,원동기장치자전거,원동기장치자전거,0,0,932116,1946328,126.7318604,37.51374193
2012,2012-01-08,0,주간,일,1,2,1,0,0,경북,포항시,차량단독,공작물충돌,공작물충돌,운전자법규위반,안전운전 의무 불이행,단일로,기타단일로,승합차,소형,0,0,1160596,1783768,129.2826294,36.03754685
2012,2012-01-09,5,야간,월,1,1,0,0,0,경기,파주시,차량단독,공작물충돌,공작물충돌,운전자법규위반,안전운전 의무 불이행,단일로,기타단일로,승용차,중형,0,0,936874,1980511,126.7827365,37.82216104
2012,2012-01-06,45,주간,금,1,1,0,0,0,경기,안양시,차대차,측면직각충돌,측면직각충돌,운전자법규위반,안전운전 의무 불이행,단일로,기타단일로,자전거,자전거,승합차,대형,951779,1931768,126.9526384,37.38286756
2012,2012-01-13,50,주간,금,1,3,0,1,1,부산,연제구,차대차,측면직각충돌,측면직각충돌,운전자법규위반,신호위반,교차로,교차로내,승용차,중형,승용차,중형,1144638,1689129,129.0792719,35.18003018
2012,2012-12-28,25,주간,금,1,1,0,0,0,경북,김천시,차량단독,전도전복,전도전복,운전자법규위반,안전운전 의무 불이행,단일로,기타단일로,특수차,대형,0,0,1055850,1792698,128.1206911,36.12970373
2012,2012-11-26,20,주간,월,1,1,0,0,0,경남,양산시,차대차,추돌,진행중 추돌,운전자법규위반,안전운전 의무 불이행,단일로,기타단일로,승용차,중형,화물차,중형,1140774,1704453,129.0488009,35.32574291
2012,2012-09-11,8,야간,화,1,3,1,1,0,경기,안성시,차대차,추돌,진행중 추돌,운전자법규위반,안전운전 의무 불이행,단일로,기타단일로,화물차,중형,화물차,대형,967551,1896688,127.1349807,37.06822393
2012,2012-12-26,40,야간,수,1,3,1,1,0,경남,함양군,차량단독,전도전복,전도전복,운전자법규위반,안전운전 의무 불이행,단일로,기타단일로,승용차,중형,0,0,1014870,1742330,127.6643209,35.67707742
2012,2012-01-02,40,주간,월,1,2,1,0,0,경기,파주시,차대차,정면충돌,정면충돌,운전자법규위반,중앙선 침범,단일로,기타단일로,승용차,경형,화물차,경형,934676,1977018,126.7580789,37.79052587
2012,2012-01-02,20,야간,월,1,1,0,0,0,전남,해남군,차대사람,횡단중,횡단중,운전자법규위반,안전운전 의무 불이행,교차로,교차로부근,승합차,소형,보행자,보행자,890370,1636652,126.3027155,34.71839245
2012,2012-01-08,55,주간,일,1,2,1,0,0,경기,안산시,차대사람,길가장자리구역통행중,길가장자리구역통행중,운전자법규위반,안전운전 의무 불이행,단일로,기타단일로,승용차,중형,보행자,보행자,937766,1928061,126.7967781,37.34925163
2012,2012-01-10,0,주간,화,1,1,0,0,0,전남,담양군,차대사람,횡단중,횡단중,운전자법규위반,안전운전 의무 불이행,단일로,기타단일로,승용차,소형,보행자,보행자,953622,1705438,126.989585,35.34339649
2012,2012-01-09,10,야간,월,1,1,0,0,0,울산,울주군,차대차,기타,기타,운전자법규위반,차로위반(진로변경 위반),단일로,기타단일로,건설기계,건설기계,화물차,소형,1168054,1716992,129.3513889,35.43453008
2012,2012-05-26,30,야간,토,1,1,0,0,0,충남,당진시,차량단독,공작물충돌,공작물충돌,운전자법규위반,안전운전 의무 불이행,단일로,기타단일로,승합차,소형,0,0,924096,1847063,126.6481897,36.8622764
2012,2012-04-30,20,주간,월,1,11,0,10,0,경기,이천시,차대차,기타,기타,운전자법규위반,안전운전 의무 불이행,단일로,기타단일로,화물차,대형,승용차,중형,993320,1916094,127.4246826,37.24369101
2012,2012-03-02,50,야간,금,1,1,0,0,0,경남,함안군,차대차,추돌,진행중 추돌,운전자법규위반,안전운전 의무 불이행,단일로,기타단일로,화물차,소형,특수차,대형,1076132,1699825,128.3372736,35.29103608
2012,2012-01-26,55,야간,목,1,2,1,0,0,전북,남원시,차대차,정면충돌,정면충돌,운전자법규위반,중앙선 침범,단일로,기타단일로,승용차,소형,특수차,대형,1010602,1725111,127.6169314,35.52187697
2012,2012-02-06,15,주간,월,1,2,0,1,0,경기,용인시,차대차,추돌,진행중 추돌,운전자법규위반,안전운전 의무 불이행,단일로,기타단일로,화물차,대형,화물차,대형,981006,1915643,127.2858536,37.23945599
2012,2012-01-02,30,야간,월,1,2,0,1,0,경기,하남시,차대차,추돌,진행중 추돌,운전자법규위반,안전운전 의무 불이행,단일로,기타단일로,승용차,대형,승용차,대형,971517,1946420,127.1776869,37.51662919
2012,2012-01-26,50,주간,목,1,1,0,0,0,인천,중구,차량단독,공작물충돌,공작물충돌,운전자법규위반,안전운전 의무 불이행,단일로,기타단일로,승용차,대형,0,0,910449,1943089,126.4871133,37.48270251
2012,2012-01-18,40,주간,수,1,1,0,0,0,인천,연수구,차대차,추돌,주정차중 추돌,운전자법규위반,안전운전 의무 불이행,단일로,기타단일로,화물차,경형,화물차,소형,919728,1934362,126.5930028,37.40490249
2012,2012-03-22,58,야간,목,1,1,0,0,0,인천,계양구,차대차,추돌,진행중 추돌,운전자법규위반,안전운전 의무 불이행,단일로,교량위,승용차,중형,승용차,소형,929883,1947448,126.7064883,37.52366922
2012,2012-06-02,47,주간,토,1,1,0,0,0,전남,영광군,차량단독,도로이탈,도로이탈 추락,운전자법규위반,안전운전 의무 불이행,단일로,기타단일로,화물차,대형,0,0,907725,1688900,126.4832433,35.17536581
2012,2012-06-05,5,야간,화,1,3,0,2,0,전남,장성군,차대차,추돌,주정차중 추돌,운전자법규위반,안전운전 의무 불이행,기타/불명,기타/불명,특수차,대형,화물차,대형,937042,1695391,126.8079393,35.25197357
2012,2012-07-07,5,야간,토,2,12,3,6,1,전남,장성군,차대차,추돌,진행중 추돌,운전자법규위반,안전운전 의무 불이행,단일로,기타단일로,승합차,중형,승용차,중형,935778,1696935,126.795129,35.26643475
2012,2012-07-22,40,야간,일,1,1,0,0,0,경기,의정부시,차대사람,횡단중,횡단중,운전자법규위반,안전운전 의무 불이행,단일로,기타단일로,승용차,중형,보행자,보행자,960757,1966240,127.0527401,37.69576073
2012,2012-07-19,0,주간,목,1,1,0,0,0,강원,춘천시,차량단독,공작물충돌,공작물충돌,운전자법규위반,안전운전 의무 불이행,단일로,터널안,화물차,대형,0,0,1023907,1977906,127.7715635,37.80055262
2012,2012-06-26,45,주간,화,2,2,0,0,0,광주,광산구,차량단독,공작물충돌,공작물충돌,운전자법규위반,안전운전 의무 불이행,기타/불명,기타/불명,승용차,중형,0,0,941296,1688789,126.8551693,35.19270477
2012,2012-08-05,55,야간,일,1,2,1,0,0,전북,완주군,차대차,기타,기타,운전자법규위반,차로위반(진로변경 위반),단일로,기타단일로,불명,불명,승용차,중형,979401,1756175,127.2720156,35.80180456
2012,2012-12-05,50,주간,수,1,1,0,0,0,경기,양주시,차량단독,공작물충돌,공작물충돌,운전자법규위반,안전운전 의무 불이행,단일로,기타단일로,승용차,중형,0,0,955536,1969403,126.9954741,37.72344367
2012,2012-12-20,0,주간,목,1,1,0,0,0,인천,남동구,차량단독,공작물충돌,공작물충돌,운전자법규위반,안전운전 의무 불이행,단일로,기타단일로,화물차,소형,0,0,933735,1937299,126.7509913,37.43248186
2012,2012-10-17,15,야간,수,3,35,26,6,0,대구,동구,차대차,측면직각충돌,측면직각충돌,운전자법규위반,안전운전 의무 불이행,단일로,기타단일로,승합차,대형,승용차,중형,1110714,1765032,128.7264609,35.87561551
2012,2012-11-17,5,주간,토,1,9,2,6,0,경기,화성시,차대차,측면직각충돌,측면직각충돌,운전자법규위반,안전거리 미확보,단일로,기타단일로,승용차,중형,승합차,대형,964123,1909412,127.0958105,37.18279331
2012,2012-12-24,30,야간,월,1,6,5,0,0,전북,남원시,차량단독,전도전복,전도전복,운전자법규위반,안전운전 의무 불이행,단일로,기타단일로,화물차,소형,0,0,979550,1710305,127.274826,35.38822162
2012,2012-05-11,35,야간,금,1,3,2,0,0,경북,울진군,차대차,추돌,진행중 추돌,운전자법규위반,안전운전 의무 불이행,단일로,기타단일로,화물차,대형,화물차,소형,1169105,1887449,129.3997314,36.97029995
2012,2012-05-12,58,주간,토,1,1,0,0,0,인천,부평구,차량단독,기타,기타,운전자법규위반,안전운전 의무 불이행,단일로,기타단일로,이륜차,중형,0,0,928931,1945861,126.695869,37.50929311
2012,2012-05-11,15,주간,금,1,2,0,1,0,전남,영암군,차대차,측면직각충돌,측면직각충돌,운전자법규위반,신호위반,교차로,교차로내,승용차,중형,화물차,소형,905373,1641830,126.4659583,34.7665791
2012,2012-05-10,15,야간,목,1,1,0,0,0,대구,중구,차대사람,횡단중,횡단중,운전자법규위반,안전운전 의무 불이행,단일로,기타단일로,승용차,경형,보행자,보행자,1099673,1763499,128.6051513,35.86268353
2012,2012-05-16,0,야간,수,1,2,0,1,0,경기,광주시,차대차,추돌,진행중 추돌,운전자법규위반,안전거리 미확보,단일로,기타단일로,화물차,소형,화물차,중형,972604,1935664,127.1903873,37.41971201
2012,2012-05-16,0,주간,수,1,1,0,0,0,광주,남구,차량단독,공작물충돌,공작물충돌,운전자법규위반,안전운전 의무 불이행,단일로,기타단일로,승용차,중형,0,0,939559,1676008,126.8371343,35.07745084
2012,2012-05-14,0,주간,월,1,1,0,0,0,충남,보령시,차량단독,기타,기타,운전자법규위반,기타(운전자법규위반),단일로,기타단일로,화물차,경형,0,0,896464,1822874,126.3454261,36.3977838
2012,2012-05-21,25,야간,월,1,1,0,0,0,경기,군포시,차대차,측면직각충돌,측면직각충돌,운전자법규위반,안전운전 의무 불이행,교차로,교차로부근,승용차,중형,승용차,중형,949503,1929095,126.9303325,37.35855129
2012,2012-05-20,10,주간,일,1,1,0,0,0,서울,강북구,차량단독,공작물충돌,공작물충돌,운전자법규위반,안전운전 의무 불이행,단일로,기타단일로,이륜차,중형,0,0,959111,1957112,127.0367079,37.6125326
2012,2012-05-20,0,야간,일,1,2,0,1,0,전남,장성군,차량단독,공작물충돌,공작물충돌,운전자법규위반,안전운전 의무 불이행,단일로,기타단일로,승용차,소형,0,0,936695,1703796,126.8012015,35.32614299
2012,2012-05-21,30,야간,월,1,1,0,0,0,경기,김포시,차대차,추돌,진행중 추돌,운전자법규위반,안전운전 의무 불이행,단일로,기타단일로,승용차,중형,농기계,농기계,923531,1964397,126.6002302,37.72715535
2012,2012-05-22,44,주간,화,1,1,0,0,0,광주,광산구,차대사람,횡단중,횡단중,운전자법규위반,기타(운전자법규위반),교차로,교차로부근,화물차,소형,보행자,보행자,933686,1678437,126.7745397,35.09928354
2012,2012-05-21,36,주간,월,1,1,0,0,0,전북,남원시,차대차,측면직각충돌,측면직각충돌,운전자법규위반,차로위반(진로변경 위반),단일로,기타단일로,이륜차,중형,화물차,소형,991621,1714956,127.4076911,35.43033346
2012,2012-05-27,10,야간,일,1,4,1,2,0,대구,북구,차대차,추돌,주정차중 추돌,운전자법규위반,안전운전 의무 불이행,단일로,기타단일로,승용차,중형,특수차,소형,1093275,1766909,128.5335269,35.89435299
2012,2012-05-25,20,주간,금,1,5,2,2,0,경기,오산시,차대차,측면직각충돌,측면직각충돌,운전자법규위반,신호위반,교차로,교차로내,승용차,소형,승합차,대형,959766,1910187,127.0466842,37.18960145
2012,2012-05-25,30,주간,금,1,1,0,0,0,충남,서산시,차대사람,차도통행중,차도통행중,운전자법규위반,안전운전 의무 불이행,단일로,기타단일로,승용차,중형,보행자,보행자,912714,1856821,126.5227657,36.70538951
2012,2012-05-26,52,야간,토,1,1,0,0,0,충남,부여군,차량단독,전도전복,전도전복,운전자법규위반,안전운전 의무 불이행,단일로,기타단일로,승용차,중형,0,0,952108,1808066,126.966808,36.26867576
2012,2012-06-02,32,야간,토,1,1,0,0,0,인천,계양구,차대사람,횡단중,횡단중,운전자법규위반,안전운전 의무 불이행,단일로,기타단일로,승용차,중형,보행자,보행자,931325,1948926,126.7226677,37.53709863
2012,2012-06-01,35,주간,금,1,1,0,0,0,경북,영덕군,차량단독,공작물충돌,공작물충돌,운전자법규위반,안전운전 의무 불이행,단일로,기타단일로,승용차,소형,0,0,1154031,1830640,129.2190165,36.46099595
2012,2012-06-07,20,야간,목,1,1,0,0,0,경북,구미시,차대사람,기타,기타,운전자법규위반,안전운전 의무 불이행,단일로,기타단일로,승용차,소형,보행자,보행자,1083332,1789562,128.4257515,36.09946213
2012,2012-06-03,20,야간,일,1,3,0,2,0,전북,김제시,차량단독,공작물충돌,공작물충돌,운전자법규위반,안전운전 의무 불이행,단일로,기타단일로,승용차,소형,0,0,955230,1764417,127.0042624,35.8754084
2012,2012-06-04,30,주간,월,1,1,0,0,0,전북,완주군,차대차,추돌,진행중 추돌,운전자법규위반,안전운전 의무 불이행,단일로,기타단일로,승용차,중형,원동기장치자전거,원동기장치자전거,969546,1771925,127.1655673,35.92550894
2012,2012-06-09,26,주간,토,1,18,7,10,0,충남,보령시,차대차,정면충돌,정면충돌,운전자법규위반,중앙선 침범,단일로,기타단일로,화물차,소형,승합차,대형,919365,1810661,126.6020374,36.28988769
2012,2012-06-09,30,주간,토,1,2,1,0,0,충남,서산시,차대차,측면직각충돌,측면직각충돌,운전자법규위반,신호위반,교차로,교차로내,승용차,대형,원동기장치자전거,원동기장치자전거,912945,1852830,126.5258054,36.66943744
2012,2012-06-08,30,주간,금,1,1,0,0,0,전남,장성군,차대차,측면직각충돌,측면직각충돌,운전자법규위반,교차로 통행방법 위반,교차로,교차로내,화물차,중형,승용차,중형,939819,1696780,126.8356708,35.2643378
2012,2012-06-08,3,주간,금,1,1,0,0,0,경북,포항시,차대차,측면직각충돌,측면직각충돌,운전자법규위반,안전운전 의무 불이행,단일로,기타단일로,원동기장치자전거,원동기장치자전거,승용차,중형,1184888,1777162,129.550585,35.97371496
2012,2012-06-07,30,야간,목,1,1,0,0,0,강원,홍천군,차량단독,공작물충돌,공작물충돌,운전자법규위반,안전운전 의무 불이행,단일로,기타단일로,승용차,경형,0,0,1036418,1967669,127.9131076,37.70629568
2012,2012-06-08,30,야간,금,1,2,1,0,0,경북,포항시,차대차,측면직각충돌,측면직각충돌,운전자법규위반,안전운전 의무 불이행,고가도로위,고가도로위,승용차,소형,승합차,대형,1163090,1779653,129.3094525,36.00005021
2012,2012-06-07,33,주간,목,1,1,0,0,0,경기,광명시,차대차,추돌,주정차중 추돌,운전자법규위반,안전거리 미확보,단일로,기타단일로,원동기장치자전거,원동기장치자전거,화물차,소형,944655,1942220,126.8740456,37.47755346
2012,2012-04-27,15,야간,금,1,2,1,0,0,대구,달성군,차대차,기타,기타,운전자법규위반,과속,단일로,기타단일로,승용차,중형,농기계,농기계,1083555,1741190,128.423154,35.66337217
2012,2012-04-25,1,야간,수,1,1,0,0,0,강원,횡성군,차대사람,차도통행중,차도통행중,운전자법규위반,안전운전 의무 불이행,단일로,기타단일로,승용차,대형,보행자,보행자,1042489,1943998,127.9806605,37.49426006
2012,2012-04-25,20,주간,수,1,2,1,0,0,인천,동구,차대차,정면충돌,정면충돌,운전자법규위반,신호위반,교차로,교차로내,승용차,중형,건설기계,건설기계,925089,1943201,126.6511667,37.4831659
2012,2012-04-30,30,주간,월,1,1,0,0,0,인천,연수구,차대사람,차도통행중,차도통행중,운전자법규위반,안전운전 의무 불이행,단일로,기타단일로,화물차,소형,보행자,보행자,924434,1936628,126.6459145,37.42585644
2012,2012-04-30,25,야간,월,1,1,0,0,0,경기,포천시,차량단독,공작물충돌,공작물충돌,운전자법규위반,안전운전 의무 불이행,단일로,기타단일로,승용차,중형,0,0,987752,2002613,127.3604525,38.02346785
2012,2012-04-27,0,야간,금,1,2,1,0,0,경기,시흥시,차대차,측면직각충돌,측면직각충돌,운전자법규위반,신호위반,교차로,교차로내,승용차,중형,이륜차,소형,929070,1927315,126.6992239,37.34215064
2012,2012-05-04,40,주간,금,1,4,0,2,1,경기,평택시,차대차,측면직각충돌,측면직각충돌,운전자법규위반,신호위반,교차로,교차로내,승합차,중형,승용차,소형,964390,1894072,127.0995473,37.04452823
2012,2012-05-04,0,야간,금,1,4,0,3,0,충북,음성군,차대차,정면충돌,정면충돌,운전자법규위반,중앙선 침범,단일로,기타단일로,화물차,소형,화물차,중형,1003248,1883313,127.5364795,36.94821213
2012,2012-05-02,25,주간,수,1,3,0,1,1,충북,충주시,차대차,정면충돌,정면충돌,운전자법규위반,중앙선 침범,단일로,기타단일로,승용차,중형,화물차,소형,1042077,1901768,127.9736067,37.11363224
2012,2012-05-02,30,야간,수,1,1,0,0,0,전북,정읍시,차량단독,공작물충돌,공작물충돌,운전자법규위반,안전운전 의무 불이행,단일로,기타단일로,승용차,대형,0,0,933619,1736054,126.7348514,35.61653158
2012,2012-05-01,20,야간,화,1,1,0,0,0,경기,부천시,차대사람,횡단중,횡단중,운전자법규위반,안전운전 의무 불이행,교차로,교차로부근,승합차,대형,보행자,보행자,937705,1942010,126.7954637,37.47521817
2012,2012-05-01,0,야간,화,1,1,0,0,0,경기,고양시,차대사람,횡단중,횡단중,운전자법규위반,안전운전 의무 불이행,단일로,기타단일로,승용차,중형,보행자,보행자,939043,1963012,126.8067345,37.663881
2012,2012-05-06,50,주간,일,1,1,0,0,0,전북,부안군,차량단독,전도전복,전도전복,운전자법규위반,안전운전 의무 불이행,단일로,기타단일로,이륜차,소형,0,0,932553,1746427,126.7543602,35.71181991
2012,2012-05-13,16,야간,일,1,1,0,0,0,경기,양평군,차대차,기타,기타,운전자법규위반,안전운전 의무 불이행,단일로,기타단일로,승용차,중형,이륜차,소형,1025804,1948445,127.7920691,37.53496038
2012,2012-05-10,50,주간,목,1,1,0,0,0,경북,문경시,차량단독,공작물충돌,공작물충돌,운전자법규위반,안전운전 의무 불이행,단일로,기타단일로,승용차,대형,0,0,1054765,1858309,128.1132677,36.72123483
2012,2012-05-16,50,야간,수,1,1,0,0,0,대구,수성구,차량단독,기타,기타,운전자법규위반,안전운전 의무 불이행,단일로,기타단일로,원동기장치자전거,원동기장치자전거,0,0,1110259,1760618,128.7208114,35.83587859
2012,2012-05-15,55,야간,화,1,1,0,0,0,전남,여수시,차대사람,기타,기타,운전자법규위반,안전운전 의무 불이행,단일로,기타단일로,승용차,소형,보행자,보행자,1008101,1641907,127.5885312,34.77163247
2012,2012-05-23,47,야간,수,1,1,0,0,0,전남,목포시,차대사람,횡단중,횡단중,운전자법규위반,보행자 보호의무 위반,단일로,횡단보도상,화물차,소형,보행자,보행자,897299,1645952,126.3772401,34.80296195
2012,2012-05-23,50,야간,수,1,1,0,0,0,충남,천안시,차대사람,기타,기타,운전자법규위반,안전운전 의무 불이행,단일로,기타단일로,승용차,중형,보행자,보행자,967837,1865176,127.1395377,36.78417319
2012,2012-05-24,57,야간,목,1,1,0,0,0,광주,북구,차대사람,횡단중,횡단중,운전자법규위반,보행자 보호의무 위반,단일로,횡단보도상,승용차,중형,보행자,보행자,945296,1686426,126.8992617,35.17162435
2012,2012-05-23,40,주간,수,1,1,0,0,0,충북,청주시,차대차,기타,기타,운전자법규위반,안전운전 의무 불이행,교차로,교차로내,승용차,중형,자전거,자전거,999597,1847112,127.4954929,36.62187444
2012,2012-05-27,0,야간,일,2,2,0,0,0,부산,해운대구,차대사람,횡단중,횡단중,운전자법규위반,안전운전 의무 불이행,단일로,횡단보도부근,승합차,대형,보행자,보행자,1154763,1688726,129.1978042,35.18214982
2012,2012-05-26,50,야간,토,2,2,0,0,0,대구,북구,차량단독,전도전복,전도전복,운전자법규위반,안전운전 의무 불이행,교차로,교차로부근,이륜차,중형,0,0,1099472,1766289,128.6021038,35.88815356
2012,2012-05-26,10,야간,토,1,1,0,0,0,인천,남동구,차대차,측면직각충돌,측면직각충돌,운전자법규위반,안전운전 의무 불이행,교차로,교차로내,승용차,중형,원동기장치자전거,원동기장치자전거,932660,1938310,126.738749,37.44151635
2012,2012-05-31,47,야간,목,1,1,0,0,0,인천,남동구,차대사람,기타,기타,운전자법규위반,안전운전 의무 불이행,단일로,기타단일로,승합차,중형,보행자,보행자,931515,1940813,126.7261624,37.46393236
2012,2012-05-31,35,야간,목,1,2,0,0,1,인천,부평구,차대사람,기타,기타,운전자법규위반,안전운전 의무 불이행,단일로,기타단일로,자전거,자전거,보행자,보행자,930251,1942643,126.7111084,37.48039059
2012,2012-05-30,12,주간,수,1,2,0,1,0,울산,북구,차대차,추돌,진행중 추돌,운전자법규위반,안전운전 의무 불이행,교차로,교차로부근,화물차,중형,승용차,중형,1167611,1738190,129.3508943,35.62563996
2012,2012-05-31,45,주간,목,1,3,1,1,0,경기,성남시,차대차,추돌,주정차중 추돌,운전자법규위반,안전운전 의무 불이행,단일로,기타단일로,승용차,소형,승용차,소형,969471,1938726,127.1548083,37.44729463
2012,2012-05-31,45,야간,목,1,1,0,0,0,충남,공주시,차대차,추돌,진행중 추돌,운전자법규위반,안전운전 의무 불이행,교차로,교차로부근,승용차,대형,화물차,중형,966646,1833953,127.1233008,36.51260288
2012,2012-06-06,34,주간,수,1,1,0,0,0,서울,양천구,차대차,측면직각충돌,측면직각충돌,운전자법규위반,중앙선 침범,교차로,교차로부근,자전거,자전거,승용차,대형,944960,1947393,126.8771078,37.52419662
2012,2012-06-05,7,야간,화,1,1,0,0,0,대구,수성구,차대차,측면직각충돌,측면직각충돌,운전자법규위반,안전운전 의무 불이행,교차로,교차로내,건설기계,건설기계,이륜차,소형,1103367,1765048,128.64509,35.87656309
2012,2012-06-11,5,주간,월,1,1,0,0,0,전북,완주군,차대사람,횡단중,횡단중,운전자법규위반,보행자 보호의무 위반,교차로,교차로부근,건설기계,건설기계,보행자,보행자,954667,1758162,126.9981602,35.8188884
2012,2012-06-10,0,야간,일,1,2,0,1,0,광주,광산구,차대차,측면직각충돌,측면직각충돌,운전자법규위반,신호위반,교차로,교차로내,원동기장치자전거,원동기장치자전거,승용차,소형,938882,1688076,126.8287074,35.18613189
2012,2012-06-09,10,주간,토,1,1,0,0,0,강원,양양군,차량단독,전도전복,전도전복,운전자법규위반,안전운전 의무 불이행,단일로,기타단일로,원동기장치자전거,원동기장치자전거,0,0,1094923,2014709,128.5830239,38.12757675
2012,2012-06-08,10,야간,금,1,1,0,0,0,제주,서귀포시,차대사람,기타,기타,운전자법규위반,안전운전 의무 불이행,단일로,기타단일로,승용차,중형,보행자,보행자,913503,1474110,126.5714023,33.25485375
2012,2012-06-09,20,야간,토,1,1,0,0,0,울산,남구,차량단독,공작물충돌,공작물충돌,운전자법규위반,안전운전 의무 불이행,교차로,교차로부근,승용차,대형,0,0,1162082,1729290,129.2880811,35.54635421
2012,2012-06-12,50,주간,화,1,1,0,0,0,부산,연제구,차대차,측면직각충돌,측면직각충돌,운전자법규위반,안전운전 의무 불이행,단일로,기타단일로,건설기계,건설기계,이륜차,중형,1144344,1688079,129.0851885,35.17764477
2012,2012-06-13,47,야간,수,1,1,0,0,0,전남,여수시,차량단독,공작물충돌,공작물충돌,운전자법규위반,안전운전 의무 불이행,단일로,기타단일로,승용차,소형,0,0,1020107,1640184,127.7204721,34.75599956
2012,2012-04-26,10,주간,목,1,1,0,0,0,대구,동구,차대차,측면직각충돌,측면직각충돌,운전자법규위반,과속,교차로,교차로내,화물차,소형,자전거,자전거,1109564,1764623,128.7136679,35.87205813
2012,2012-04-27,50,주간,금,1,1,0,0,0,경남,산청군,차대사람,횡단중,횡단중,운전자법규위반,안전운전 의무 불이행,단일로,횡단보도부근,화물차,소형,보행자,보행자,1048593,1705316,128.03475,35.34226337
2012,2012-04-26,8,야간,목,1,1,0,0,0,부산,연제구,차대사람,기타,기타,운전자법규위반,신호위반,단일로,횡단보도상,승용차,중형,보행자,보행자,1146340,1688421,129.1071617,35.18043861
2012,2012-04-25,35,주간,수,1,2,1,0,0,강원,양구군,차량단독,공작물충돌,공작물충돌,운전자법규위반,안전운전 의무 불이행,단일로,기타단일로,승용차,소형,0,0,1044703,2009118,128.0097213,38.08107367
2012,2012-05-01,43,야간,화,1,1,0,0,0,경기,성남시,차대사람,기타,기타,운전자법규위반,안전운전 의무 불이행,단일로,기타단일로,승용차,중형,보행자,보행자,967194,1937106,127.1295374,37.43647378
2012,2012-04-30,55,야간,월,1,1,0,0,0,경기,김포시,차량단독,공작물충돌,공작물충돌,운전자법규위반,안전운전 의무 불이행,단일로,기타단일로,승용차,중형,0,0,936845,1956739,126.772082,37.60031791
2012,2012-04-30,40,주간,월,1,3,0,2,0,서울,강동구,차대차,추돌,진행중 추돌,운전자법규위반,안전운전 의무 불이행,단일로,기타단일로,승용차,소형,승용차,중형,968532,1950156,127.1436248,37.55015195
2012,2012-04-28,55,주간,토,1,5,1,3,0,전남,화순군,차대차,정면충돌,정면충돌,운전자법규위반,중앙선 침범,단일로,기타단일로,승용차,중형,승합차,대형,950546,1663123,126.9583028,34.96177486
2012,2012-04-29,35,주간,일,2,5,3,0,0,경북,영천시,차량단독,공작물충돌,공작물충돌,운전자법규위반,안전운전 의무 불이행,단일로,기타단일로,화물차,소형,0,0,1112073,1788896,128.744887,36.09056719
2012,2012-05-05,45,주간,토,1,1,0,0,0,충남,홍성군,차대차,기타,기타,운전자법규위반,교차로 통행방법 위반,교차로,교차로내,원동기장치자전거,원동기장치자전거,화물차,소형,912453,1847470,126.5210237,36.62109807