발생년,발생년월일시분,발생분,주야,요일,사망자수,사상자수,중상자수,경상자수,부상신고자수,발생지시도,발생지시군구,사고유형_대분류,사고유형_중분류,사고유형,법규위반_대분류,법규위반,도로형태_대분류,도로형태,당사자종별_1당_대분류,당사자종별_1당,당사자종별_2당_대분류,당사자종별_2당,발생위치X_UTMK,발생위치Y_UTMK,경도,위도
2012,2012-05-05,40,주간,토,1,1,0,0,0,부산,진구,차대사람,기타,기타,운전자법규위반,안전운전 의무 불이행,단일로,기타단일로,화물차,경형,보행자,보행자,1142056,1685924,129.059699,35.15854615
2012,2012-05-03,14,야간,목,1,1,0,0,0,경남,창원시(통합),차대사람,기타,기타,운전자법규위반,안전운전 의무 불이행,단일로,기타단일로,화물차,소형,보행자,보행자,1090812,1693364,128.4977121,35.23174316
2012,2012-05-03,30,주간,목,1,1,0,0,0,강원,원주시,차대차,추돌,진행중 추돌,운전자법규위반,보행자 보호의무 위반,단일로,기타단일로,승용차,중형,자전거,자전거,1040426,1924435,127.955588,37.31820399
2012,2012-05-06,26,야간,일,1,1,0,0,0,전북,익산시,차량단독,전도전복,전도전복,운전자법규위반,안전운전 의무 불이행,단일로,기타단일로,이륜차,소형,0,0,958808,1778273,127.0429585,36.00038765
2012,2012-05-06,19,야간,일,1,1,0,0,0,경북,경산시,차대차,추돌,주정차중 추돌,운전자법규위반,안전운전 의무 불이행,단일로,기타단일로,화물차,소형,화물차,대형,1111310,1755621,128.7266632,35.76717434
2012,2012-05-06,30,야간,일,1,1,0,0,0,경기,고양시,차대차,추돌,진행중 추돌,운전자법규위반,안전운전 의무 불이행,단일로,기타단일로,이륜차,대형,화물차,중형,944074,1960196,126.8661038,37.63953661
2012,2012-05-05,40,주간,토,1,1,0,0,0,전남,완도군,차량단독,전도전복,전도전복,운전자법규위반,안전운전 의무 불이행,교차로,교차로부근,화물차,중형,0,0,942789,1600023,126.8775236,34.39253114
2012,2012-05-13,47,야간,일,1,1,0,0,0,부산,강서구,차량단독,전도전복,전도전복,운전자법규위반,안전운전 의무 불이행,기타/불명,기타/불명,원동기장치자전거,원동기장치자전거,0,0,1128991,1678030,128.9150617,35.0891474
2012,2012-05-13,20,주간,일,1,2,0,1,0,충북,증평군,차대차,측면직각충돌,측면직각충돌,운전자법규위반,신호위반,교차로,교차로내,원동기장치자전거,원동기장치자전거,승용차,중형,1010086,1866936,127.6130617,36.80053155
2012,2012-05-13,50,주간,일,1,1,0,0,0,충남,당진시,차대차,정면충돌,정면충돌,운전자법규위반,중앙선 침범,단일로,기타단일로,이륜차,소형,화물차,소형,917090,1875473,126.5697219,36.8739025
2012,2012-05-15,52,주간,화,1,1,0,0,0,경북,포항시,차량단독,전도전복,전도전복,운전자법규위반,안전운전 의무 불이행,단일로,기타단일로,승용차,중형,0,0,1163761,1785748,129.3181557,36.0548619
2012,2012-05-15,20,야간,화,1,2,1,0,0,대구,수성구,차대사람,기타,기타,운전자법규위반,신호위반,단일로,횡단보도상,승용차,중형,보행자,보행자,1101505,1760588,128.6238988,35.83655362
2012,2012-05-19,30,야간,토,1,1,0,0,0,대구,북구,차대사람,횡단중,횡단중,운전자법규위반,안전운전 의무 불이행,단일로,기타단일로,승용차,중형,보행자,보행자,1094687,1767238,128.5492093,35.89718314
2012,2012-05-20,0,야간,일,1,1,0,0,0,경남,밀양시,차대사람,차도통행중,차도통행중,운전자법규위반,안전운전 의무 불이행,단일로,기타단일로,화물차,소형,보행자,보행자,1114915,1726270,128.7669547,35.52184334
2012,2012-05-20,20,주간,일,1,1,0,0,0,경남,밀양시,차대사람,횡단중,횡단중,운전자법규위반,안전운전 의무 불이행,교차로,교차로부근,승용차,소형,보행자,보행자,1112882,1722487,128.7445014,35.49185553
2012,2012-05-19,35,주간,토,4,12,1,7,0,광주,남구,차대차,기타,기타,운전자법규위반,신호위반,교차로,교차로부근,건설기계,건설기계,승용차,소형,946018,1681204,126.9075314,35.12457801
2012,2012-05-25,10,야간,금,1,1,0,0,0,충북,괴산군,차량단독,도로이탈,도로이탈 추락,운전자법규위반,안전운전 의무 불이행,단일로,기타단일로,승용차,대형,0,0,1021448,1873835,127.7406209,36.86253405
2012,2012-05-24,23,주간,목,1,3,0,1,1,전남,화순군,차대차,기타,기타,운전자법규위반,신호위반,교차로,교차로부근,승용차,중형,승합차,소형,953520,1674066,126.9902657,35.06058955
2012,2012-05-28,35,야간,월,1,1,0,0,0,경기,화성시,차량단독,공작물충돌,공작물충돌,운전자법규위반,안전운전 의무 불이행,단일로,횡단보도부근,화물차,중형,0,0,961200,1912779,127.0627059,37.21302609
2012,2012-05-26,11,야간,토,1,1,0,0,0,충남,당진시,차대사람,횡단중,횡단중,운전자법규위반,안전운전 의무 불이행,교차로,교차로부근,화물차,경형,보행자,보행자,918513,1882493,126.5849312,36.93730062
2012,2012-05-26,19,야간,토,1,1,0,0,0,충남,서산시,차대차,측면직각충돌,측면직각충돌,운전자법규위반,중앙선 침범,교차로,교차로부근,자전거,자전거,승용차,중형,911567,1861336,126.5094033,36.74597935
2012,2012-05-26,12,야간,토,1,4,2,1,0,부산,동래구,차대차,정면충돌,정면충돌,운전자법규위반,중앙선 침범,단일로,기타단일로,승용차,소형,화물차,대형,1145984,1690223,129.1035725,35.19673296
2012,2012-05-26,15,주간,토,1,1,0,0,0,부산,기장군,차대차,추돌,진행중 추돌,운전자법규위반,안전운전 의무 불이행,단일로,기타단일로,승용차,대형,이륜차,사발이,1158734,1705135,129.2464525,35.32919741
2012,2012-05-25,30,야간,금,1,1,0,0,0,경남,창원시(통합),차대사람,차도통행중,차도통행중,운전자법규위반,안전운전 의무 불이행,단일로,기타단일로,승용차,소형,보행자,보행자,1104251,1694993,128.6458554,35.24493884
2012,2012-05-30,45,야간,수,1,5,4,0,0,충북,보은군,차량단독,공작물충돌,공작물충돌,운전자법규위반,안전운전 의무 불이행,단일로,기타단일로,화물차,소형,0,0,1022692,1823344,127.753084,36.40733388
2012,2012-05-29,10,주간,화,2,3,0,1,0,인천,중구,차대차,정면충돌,정면충돌,운전자법규위반,중앙선 침범,단일로,기타단일로,승용차,중형,승용차,소형,910405,1942937,126.4866342,37.48132838
2012,2012-05-29,50,야간,화,1,1,0,0,0,충남,당진시,차대차,추돌,진행중 추돌,운전자법규위반,안전운전 의무 불이행,단일로,기타단일로,승용차,소형,농기계,농기계,934565,1867035,126.7665074,36.79921593
2012,2012-06-05,5,야간,화,1,2,0,1,0,전북,남원시,차대차,측면직각충돌,측면직각충돌,운전자법규위반,신호위반,교차로,교차로내,승합차,대형,자전거,자전거,988949,1711741,127.3782982,35.40131835
2012,2012-06-03,50,주간,일,1,1,0,0,0,충북,청원군,차대차,기타,기타,운전자법규위반,신호위반,교차로,교차로내,이륜차,사발이,승용차,대형,998582,1862336,127.4841131,36.75911631
2012,2012-06-09,37,야간,토,1,1,0,0,0,경기,여주시,차량단독,전도전복,전도전복,운전자법규위반,안전운전 의무 불이행,단일로,기타단일로,화물차,소형,0,0,1014827,1914999,127.6671533,37.23372659
2012,2012-06-09,30,야간,토,1,3,1,1,0,경기,이천시,차대차,추돌,진행중 추돌,운전자법규위반,안전운전 의무 불이행,단일로,기타단일로,승용차,중형,화물차,소형,996739,1919997,127.4632149,37.27889101
2012,2012-06-13,42,주간,수,1,3,1,1,0,인천,부평구,차대사람,기타,기타,운전자법규위반,안전운전 의무 불이행,단일로,횡단보도상,승용차,중형,보행자,보행자,932594,1943353,126.7375415,37.48696371
2012,2012-04-26,55,야간,목,1,3,1,1,0,충남,예산군,차대차,측면직각충돌,측면직각충돌,운전자법규위반,신호위반,교차로,교차로내,승용차,중형,화물차,소형,940074,1855847,126.829135,36.69872997
2012,2012-04-26,8,야간,목,1,2,1,0,0,충남,예산군,차대차,측면직각충돌,측면직각충돌,운전자법규위반,중앙선 침범,단일로,기타단일로,승용차,중형,화물차,대형,940851,1855917,126.8378275,36.69940966
2012,2012-11-10,0,주간,토,1,1,0,0,0,경남,합천군,차대차,측면직각충돌,측면직각충돌,운전자법규위반,안전거리 미확보,단일로,기타단일로,화물차,소형,승용차,중형,1056862,1747678,128.1283425,35.72548181
2012,2012-01-01,50,야간,일,1,1,0,0,0,서울,서초구,차대사람,횡단중,횡단중,운전자법규위반,안전운전 의무 불이행,교차로,교차로부근,승용차,중형,보행자,보행자,958876,1942819,127.0348466,37.48369509
2012,2012-01-03,5,주간,화,1,2,0,1,0,서울,관악구,차대차,기타,기타,운전자법규위반,안전거리 미확보,단일로,기타단일로,승용차,중형,이륜차,중형,951186,1942649,126.9373092,37.46454058
2012,2012-01-03,10,야간,화,1,1,0,0,0,전남,여수시,차대사람,횡단중,횡단중,운전자법규위반,과속,교차로,교차로내,승용차,중형,보행자,보행자,1019917,1637435,127.7175552,34.73114274
2012,2012-01-08,30,주간,일,1,3,2,0,0,경남,창원시(통합),차량단독,공작물충돌,공작물충돌,운전자법규위반,안전운전 의무 불이행,단일로,기타단일로,승용차,소형,0,0,1095442,1684335,128.5478132,35.14972816
2012,2012-05-29,30,야간,화,1,1,0,0,0,경기,파주시,차대차,기타,기타,운전자법규위반,신호위반,교차로,교차로내,자전거,자전거,승합차,중형,934059,1970271,126.7516847,37.72967422
2012,2012-06-01,50,야간,금,1,1,0,0,0,충남,금산군,차대사람,횡단중,횡단중,운전자법규위반,안전운전 의무 불이행,단일로,기타단일로,승용차,대형,보행자,보행자,1004249,1785172,127.5471821,36.0634497
2012,2012-06-05,30,주간,화,1,1,0,0,0,경기,안산시,차대사람,차도통행중,차도통행중,운전자법규위반,안전운전 의무 불이행,교차로,교차로내,화물차,소형,보행자,보행자,938136,1925290,126.8017376,37.32454732
2012,2012-06-06,40,야간,수,1,1,0,0,0,강원,횡성군,차량단독,공작물충돌,공작물충돌,운전자법규위반,안전운전 의무 불이행,단일로,기타단일로,이륜차,소형,0,0,1044888,1947530,128.0080142,37.52598149
2012,2012-06-04,15,주간,월,1,2,0,1,0,전남,완도군,차대차,기타,기타,운전자법규위반,중앙선 침범,단일로,기타단일로,승용차,경형,원동기장치자전거,원동기장치자전거,914498,1574674,126.5723832,34.16183666
2012,2012-06-03,45,야간,일,1,1,0,0,0,충남,천안시,차대사람,횡단중,횡단중,운전자법규위반,안전운전 의무 불이행,교차로,교차로내,승용차,중형,보행자,보행자,967636,1868465,127.1371452,36.81381521
2012,2012-06-10,40,야간,일,1,1,0,0,0,대구,수성구,차대사람,보도통행중,보도통행중,운전자법규위반,과속,단일로,기타단일로,승용차,대형,보행자,보행자,1100860,1760075,128.6166565,35.83251
2012,2012-06-10,45,주간,일,1,1,0,0,0,경남,남해군,차대사람,횡단중,횡단중,운전자법규위반,안전운전 의무 불이행,교차로,교차로내,화물차,소형,보행자,보행자,1036013,1649669,127.8938945,34.84102252
2012,2012-06-10,37,주간,일,1,4,3,0,0,제주,제주시,차량단독,전도전복,전도전복,운전자법규위반,안전운전 의무 불이행,단일로,기타단일로,승용차,중형,0,0,904732,1489977,126.4760633,33.39722397
2012,2012-06-08,15,주간,금,1,1,0,0,0,대구,동구,차대차,정면충돌,정면충돌,운전자법규위반,안전운전 의무 불이행,단일로,기타단일로,화물차,소형,자전거,자전거,1107074,1765414,128.6861972,35.87946383
2012,2012-06-08,0,야간,금,1,1,0,0,0,충북,제천시,차대차,측면직각충돌,측면직각충돌,운전자법규위반,안전운전 의무 불이행,교차로,교차로내,승합차,대형,자전거,자전거,1062213,1901371,128.2002059,37.10893195
2012,2012-06-07,8,야간,목,1,1,0,0,0,경북,구미시,차량단독,공작물충돌,공작물충돌,운전자법규위반,안전운전 의무 불이행,단일로,기타단일로,승용차,경형,0,0,1080398,1790315,128.3932376,36.10649757
2012,2012-06-08,50,주간,금,1,1,0,0,0,경북,문경시,차량단독,도로이탈,도로이탈 추락,운전자법규위반,안전운전 의무 불이행,단일로,기타단일로,화물차,소형,0,0,1058529,1849559,128.1547463,36.64213489
2012,2012-04-25,8,주간,수,1,1,0,0,0,충북,청원군,차대사람,횡단중,횡단중,운전자법규위반,보행자 보호의무 위반,단일로,횡단보도상,화물차,대형,보행자,보행자,1002542,1857870,127.528465,36.71885375
2012,2012-04-23,0,야간,월,1,1,0,0,0,충남,당진시,차량단독,공작물충돌,공작물충돌,운전자법규위반,안전운전 의무 불이행,단일로,기타단일로,승용차,소형,0,0,917607,1888349,126.5741194,36.99000372
2012,2012-04-30,5,야간,월,1,1,0,0,0,경기,안성시,차대차,측면직각충돌,측면직각충돌,운전자법규위반,교차로 통행방법 위반,교차로,교차로내,승용차,중형,이륜차,소형,994348,1902324,127.4363775,37.119573
2012,2012-05-01,0,야간,화,1,1,0,0,0,경기,안양시,차대차,정면충돌,정면충돌,운전자법규위반,안전운전 의무 불이행,단일로,기타단일로,자전거,자전거,자전거,자전거,950022,1933141,126.9353589,37.39602747
2012,2012-04-29,20,주간,일,1,1,0,0,0,충남,아산시,차대사람,기타,기타,운전자법규위반,안전운전 의무 불이행,교차로,교차로내,승용차,중형,보행자,보행자,956695,1860362,127.0149422,36.74033362
2012,2012-05-03,20,주간,목,1,1,0,0,0,충남,천안시,차대사람,횡단중,횡단중,운전자법규위반,신호위반,단일로,횡단보도상,승용차,중형,보행자,보행자,967455,1868788,127.1350039,36.81616149
2012,2012-05-03,5,야간,목,1,1,0,0,0,경기,시흥시,차량단독,공작물충돌,공작물충돌,운전자법규위반,안전운전 의무 불이행,단일로,기타단일로,이륜차,소형,0,0,937077,1937106,126.7887804,37.43097566
2012,2012-05-08,10,야간,화,1,1,0,0,0,서울,성동구,차대사람,횡단중,횡단중,운전자법규위반,안전운전 의무 불이행,단일로,횡단보도부근,승용차,중형,보행자,보행자,960522,1948987,127.0531326,37.53936142
2012,2012-05-09,17,야간,수,1,1,0,0,0,경남,밀양시,차대사람,횡단중,횡단중,운전자법규위반,보행자 보호의무 위반,교차로,교차로내,승용차,소형,보행자,보행자,1113321,1721539,128.7464202,35.48190008
2012,2012-05-05,15,주간,토,1,1,0,0,0,전남,순천시,차대차,추돌,진행중 추돌,운전자법규위반,안전운전 의무 불이행,단일로,기타단일로,원동기장치자전거,원동기장치자전거,건설기계,건설기계,999942,1662497,127.4993647,34.95733793
2012,2012-05-11,15,주간,금,1,1,0,0,0,경기,의왕시,차량단독,전도전복,전도전복,운전자법규위반,안전운전 의무 불이행,교차로,교차로부근,원동기장치자전거,원동기장치자전거,0,0,954671,1932320,126.987499,37.38921622
2012,2012-05-10,30,야간,목,1,2,1,0,0,충북,청원군,차대차,추돌,진행중 추돌,운전자법규위반,안전운전 의무 불이행,교차로,교차로내,승용차,대형,승용차,대형,1003756,1858556,127.5420626,36.72503391
2012,2012-05-15,54,주간,화,1,1,0,0,0,경기,양주시,차대사람,횡단중,횡단중,운전자법규위반,안전운전 의무 불이행,교차로,교차로부근,승합차,소형,보행자,보행자,965330,1978162,127.1061678,37.8025147
2012,2012-05-21,10,주간,월,1,3,2,0,0,경남,산청군,차대차,정면충돌,정면충돌,운전자법규위반,중앙선 침범,단일로,횡단보도부근,승용차,소형,승용차,소형,1045508,1704409,128.0007277,35.33396934
2012,2012-05-21,25,주간,월,1,1,0,0,0,강원,원주시,차대사람,기타,기타,운전자법규위반,안전운전 의무 불이행,기타/불명,기타/불명,승용차,중형,보행자,보행자,1039184,1926524,127.9423462,37.33690391
2012,2012-05-18,20,야간,금,1,1,0,0,0,전남,나주시,차량단독,공작물충돌,공작물충돌,운전자법규위반,안전운전 의무 불이행,단일로,기타단일로,승용차,소형,0,0,941700,1657760,126.8617873,34.91294603
2012,2012-05-24,20,야간,목,1,1,0,0,0,강원,홍천군,차대사람,기타,기타,운전자법규위반,안전운전 의무 불이행,단일로,기타단일로,원동기장치자전거,원동기장치자전거,보행자,보행자,1033129,1965567,127.8757532,37.68905198
2012,2012-05-28,13,야간,월,1,1,0,0,0,광주,북구,차량단독,공작물충돌,공작물충돌,운전자법규위반,안전운전 의무 불이행,단일로,기타단일로,승용차,중형,0,0,948822,1688629,126.9378444,35.19167405
2012,2012-06-02,46,야간,토,1,1,0,0,0,인천,서구,차대사람,횡단중,횡단중,운전자법규위반,안전운전 의무 불이행,단일로,기타단일로,승용차,중형,보행자,보행자,927740,1944303,126.6825474,37.49515875
2012,2012-06-01,10,야간,금,1,1,0,0,0,전남,고흥군,차대차,측면직각충돌,측면직각충돌,운전자법규위반,과속,교차로,교차로내,화물차,소형,이륜차,사발이,977996,1638319,127.2596255,34.73907159
2012,2012-06-05,10,야간,화,1,5,1,1,2,부산,사하구,차대차,정면충돌,정면충돌,운전자법규위반,중앙선 침범,단일로,기타단일로,승용차,대형,승용차,대형,1132723,1679385,128.9562294,35.10145403
2012,2012-06-04,0,주간,월,1,1,0,0,0,경남,창녕군,차량단독,도로이탈,도로이탈 추락,운전자법규위반,안전운전 의무 불이행,단일로,기타단일로,원동기장치자전거,원동기장치자전거,0,0,1093656,1715814,128.5318039,35.43369647
2012,2012-06-11,18,주간,월,1,1,0,0,0,부산,영도구,차대차,기타,기타,운전자법규위반,안전거리 미확보,단일로,횡단보도부근,이륜차,중형,승용차,중형,1142337,1679112,129.0616103,35.09710378
2012,2012-06-08,40,주간,금,1,3,2,0,0,경남,밀양시,차대차,추돌,진행중 추돌,운전자법규위반,안전운전 의무 불이행,교차로,교차로부근,승용차,중형,농기계,농기계,1109259,1726792,128.7051464,35.53106905
2012,2012-04-26,55,주간,목,1,1,0,0,0,충북,충주시,차대차,추돌,진행중 추돌,운전자법규위반,안전운전 의무 불이행,단일로,기타단일로,승합차,소형,자전거,자전거,1039787,1885380,127.946965,36.96600943
2012,2012-04-26,16,주간,목,1,1,0,0,0,충북,진천군,차대사람,기타,기타,운전자법규위반,안전운전 의무 불이행,기타/불명,기타/불명,승용차,중형,보행자,보행자,994374,1888467,127.4367739,36.99466149
2012,2012-04-26,10,야간,목,1,1,0,0,0,충남,천안시,차대사람,횡단중,횡단중,운전자법규위반,보행자 보호의무 위반,단일로,횡단보도상,화물차,소형,보행자,보행자,968603,1865763,127.1480982,36.78949046
2012,2012-05-01,40,주간,화,1,1,0,0,0,경남,창원시(통합),차대차,기타,기타,운전자법규위반,안전운전 의무 불이행,교차로,교차로부근,승합차,대형,이륜차,중형,1092659,1684603,128.5172944,35.15240474
2012,2012-05-01,18,야간,화,1,2,1,0,0,경북,고령군,차대사람,횡단중,횡단중,운전자법규위반,안전운전 의무 불이행,단일로,기타단일로,승용차,중형,보행자,보행자,1069783,1748478,128.2717947,35.73118389
2012,2012-04-29,30,주간,일,1,1,0,0,0,경남,하동군,차대차,측면직각충돌,측면직각충돌,운전자법규위반,안전운전 의무 불이행,단일로,기타단일로,화물차,소형,이륜차,사발이,1034755,1686463,127.8816732,35.17284631
2012,2012-04-28,10,야간,토,1,6,0,4,1,전남,무안군,차대차,측면직각충돌,측면직각충돌,운전자법규위반,교차로 통행방법 위반,교차로,교차로내,승용차,소형,승합차,대형,894702,1675803,126.3449988,35.07185071
2012,2012-05-04,45,야간,금,1,1,0,0,0,서울,서대문구,차대사람,기타,기타,운전자법규위반,안전운전 의무 불이행,단일로,기타단일로,승용차,중형,보행자,보행자,951158,1954248,126.9467913,37.58633094
2012,2012-05-03,35,주간,목,1,1,0,0,0,경기,남양주시,차대사람,횡단중,횡단중,운전자법규위반,신호위반,교차로,교차로내,승합차,소형,보행자,보행자,971894,1968445,127.1811063,37.71515978
2012,2012-05-03,15,야간,목,1,1,0,0,0,광주,동구,차량단독,공작물충돌,공작물충돌,운전자법규위반,안전운전 의무 불이행,단일로,기타단일로,승용차,중형,0,0,950847,1677683,126.9607381,35.09307705
2012,2012-05-08,35,주간,화,4,8,3,1,0,강원,홍천군,차대차,기타,기타,운전자법규위반,중앙선 침범,단일로,기타단일로,승용차,경형,승합차,대형,1037872,1969833,127.9297696,37.72731816
2012,2012-06-09,14,야간,토,1,3,1,1,0,경기,남양주시,차대차,정면충돌,정면충돌,운전자법규위반,신호위반,교차로,교차로내,이륜차,소형,승용차,중형,970425,1956772,127.1649124,37.6099017
2012,2012-06-15,14,야간,금,1,1,0,0,0,인천,부평구,차대사람,횡단중,횡단중,운전자법규위반,안전운전 의무 불이행,교차로,교차로부근,승용차,중형,보행자,보행자,929589,1945519,126.7033462,37.50626118
2012,2012-04-27,28,주간,금,1,1,0,0,0,경기,부천시,차대차,측면직각충돌,측면직각충돌,운전자법규위반,안전거리 미확보,단일로,기타단일로,승용차,중형,이륜차,소형,936113,1944607,126.7827175,37.48117152
2012,2012-04-26,9,야간,목,1,1,0,0,0,제주,서귀포시,차량단독,공작물충돌,공작물충돌,운전자법규위반,안전운전 의무 불이행,교차로,교차로내,승용차,소형,0,0,909113,1473267,126.5243633,33.24689015
2012,2012-04-27,45,야간,금,1,2,0,1,0,충남,논산시,차대차,추돌,주정차중 추돌,운전자법규위반,안전운전 의무 불이행,단일로,기타단일로,원동기장치자전거,원동기장치자전거,농기계,농기계,959724,1801622,127.0519277,36.21092907
2012,2012-04-27,40,주간,금,1,1,0,0,0,충남,부여군,차대사람,기타,기타,운전자법규위반,보행자 보호의무 위반,단일로,기타단일로,화물차,소형,보행자,보행자,946905,1809511,126.9068938,36.27990629
2012,2012-04-24,45,야간,화,1,1,0,0,0,전북,전주시,차대사람,기타,기타,운전자법규위반,안전운전 의무 불이행,단일로,기타단일로,승용차,소형,보행자,보행자,963394,1757718,127.0947867,35.8152498
2012,2012-04-25,12,야간,수,1,1,0,0,0,광주,남구,차대사람,횡단중,횡단중,운전자법규위반,안전운전 의무 불이행,단일로,기타단일로,승용차,중형,보행자,보행자,945466,1682784,126.9013691,35.13879471
2012,2012-04-24,50,야간,화,1,1,0,0,0,경기,양주시,차량단독,전도전복,전도전복,운전자법규위반,안전운전 의무 불이행,단일로,기타단일로,원동기장치자전거,원동기장치자전거,0,0,953518,1982280,126.9691558,37.83832674
2012,2012-04-30,13,야간,월,1,1,0,0,0,대구,서구,차대사람,기타,기타,운전자법규위반,안전운전 의무 불이행,단일로,기타단일로,승합차,대형,보행자,보행자,1095735,1766318,128.5603434,35.8887459
2012,2012-04-30,57,주간,월,1,1,0,0,0,전남,광양시,차대차,기타,기타,운전자법규위반,과속,교차로,교차로내,승용차,대형,이륜차,사발이,1020082,1669830,127.7199268,35.0233358
2012,2012-04-27,28,주간,금,1,5,4,0,0,전남,광양시,차량단독,도로이탈,도로이탈 추락,운전자법규위반,안전운전 의무 불이행,단일로,기타단일로,화물차,소형,0,0,1022521,1666256,127.7467737,34.99098385
2012,2012-04-28,40,야간,토,1,1,0,0,0,경북,경주시,차량단독,공작물충돌,공작물충돌,운전자법규위반,안전운전 의무 불이행,단일로,기타단일로,승용차,중형,0,0,1159888,1756931,129.2709965,35.79395234
2012,2012-04-27,10,야간,금,1,1,0,0,0,경북,청도군,차량단독,도로이탈,도로이탈 추락,운전자법규위반,안전운전 의무 불이행,교차로,교차로부근,원동기장치자전거,원동기장치자전거,0,0,1125522,1745140,128.8881937,35.70044351
2012,2012-05-04,25,주간,금,1,1,0,0,0,경북,김천시,차대사람,기타,기타,운전자법규위반,안전운전 의무 불이행,단일로,기타단일로,화물차,경형,보행자,보행자,1053627,1792028,128.0959413,36.12378897
2012,2012-05-04,30,주간,금,1,7,0,3,3,경기,동두천시,차대차,측면직각충돌,측면직각충돌,운전자법규위반,안전운전 의무 불이행,단일로,기타단일로,승합차,중형,화물차,소형,961872,1990304,127.0662471,37.911811
2012,2012-05-02,12,주간,수,1,1,0,0,0,경기,의정부시,차대차,측면직각충돌,측면직각충돌,운전자법규위반,안전운전 의무 불이행,단일로,횡단보도상,화물차,소형,자전거,자전거,963394,1971725,127.0849834,37.74345065
2012,2012-05-02,47,주간,수,1,1,0,0,0,경기,이천시,차대차,기타,기타,운전자법규위반,안전운전 의무 불이행,기타/불명,기타/불명,화물차,소형,농기계,농기계,1009774,1900683,127.6100008,37.10474665
2012,2012-05-09,37,주간,수,1,1,0,0,0,경남,합천군,차량단독,도로이탈,도로이탈 기타,운전자법규위반,안전운전 의무 불이행,단일로,기타단일로,원동기장치자전거,원동기장치자전거,0,0,1045490,1720783,128.0014669,35.48186751
2012,2012-05-05,17,주간,토,1,1,0,0,0,경북,문경시,차대차,기타,기타,운전자법규위반,안전운전 의무 불이행,교차로,교차로내,승용차,중형,이륜차,소형,1048905,1851285,128.0472005,36.65823706
2012,2012-05-05,20,주간,토,1,1,0,0,0,충남,아산시,차량단독,기타,기타,운전자법규위반,안전운전 의무 불이행,단일로,기타단일로,농기계,농기계,0,0,963201,1867096,127.0874887,36.80131227
2012,2012-05-05,30,주간,토,1,1,0,0,0,충남,천안시,차량단독,전도전복,전도전복,운전자법규위반,안전운전 의무 불이행,단일로,기타단일로,이륜차,중형,0,0,980032,1878814,127.2758516,36.90744987
2012,2012-05-12,25,야간,토,1,1,0,0,0,전남,보성군,차대사람,보도통행중,보도통행중,운전자법규위반,안전운전 의무 불이행,교차로,교차로부근,승용차,중형,보행자,보행자,991459,1649342,127.4065847,34.83867562
2012,2012-05-11,0,야간,금,1,1,0,0,0,강원,동해시,차대차,측면직각충돌,측면직각충돌,운전자법규위반,안전운전 의무 불이행,교차로,교차로내,화물차,경형,자전거,자전거,1142182,1944499,129.1082789,37.48880518
2012,2012-05-16,40,야간,수,1,1,0,0,0,충남,서산시,차대사람,기타,기타,운전자법규위반,안전운전 의무 불이행,단일로,기타단일로,화물차,소형,보행자,보행자,899981,1860859,126.3797045,36.74052908
2012,2012-05-16,18,야간,수,1,1,0,0,0,경기,용인시,차량단독,공작물충돌,공작물충돌,운전자법규위반,안전운전 의무 불이행,단일로,기타단일로,승용차,대형,0,0,990082,1905000,127.3883214,37.14365954
2012,2012-05-19,55,주간,토,1,1,0,0,0,충남,서천군,차대사람,기타,기타,운전자법규위반,보행자 보호의무 위반,교차로,교차로부근,화물차,소형,보행자,보행자,927554,1779326,126.6961107,36.00805816
2012,2012-05-19,40,주간,토,1,1,0,0,0,경북,안동시,차량단독,기타,기타,운전자법규위반,안전운전 의무 불이행,단일로,기타단일로,농기계,농기계,0,0,1122929,1852961,128.8755763,36.66665819
2012,2012-05-23,17,주간,수,1,2,0,1,0,충남,천안시,차대차,정면충돌,정면충돌,운전자법규위반,교차로 통행방법 위반,교차로,교차로내,화물차,중형,화물차,소형,984421,1863310,127.3254375,36.76776971
2012,2012-05-22,46,야간,화,1,1,0,0,0,경기,연천군,차대사람,횡단중,횡단중,운전자법규위반,보행자 보호의무 위반,단일로,횡단보도상,승용차,중형,보행자,보행자,965488,2020173,127.1059423,38.18115323
2012,2012-05-23,55,주간,수,1,2,1,0,0,경남,의령군,차대차,측면직각충돌,측면직각충돌,운전자법규위반,중앙선 침범,교차로,교차로내,건설기계,건설기계,이륜차,소형,1067997,1703108,128.2480873,35.3212225
2012,2012-05-27,35,주간,일,1,1,0,0,0,전북,부안군,차대차,측면직각충돌,측면직각충돌,운전자법규위반,안전운전 의무 불이행,교차로,교차로내,원동기장치자전거,원동기장치자전거,승용차,중형,933236,1742206,126.7622609,35.67381136
2012,2012-05-27,52,야간,일,1,2,1,0,0,경기,안성시,차량단독,공작물충돌,공작물충돌,운전자법규위반,안전운전 의무 불이행,단일로,기타단일로,승용차,중형,0,0,974994,1901591,127.2185427,37.11264856
2012,2012-05-26,20,야간,토,1,1,0,0,0,경기,연천군,차대차,정면충돌,정면충돌,운전자법규위반,중앙선 침범,단일로,기타단일로,승용차,중형,승용차,소형,965368,2004248,127.1053451,38.03762428