발생년,발생년월일시분,발생분,주야,요일,사망자수,사상자수,중상자수,경상자수,부상신고자수,발생지시도,발생지시군구,사고유형_대분류,사고유형_중분류,사고유형,법규위반_대분류,법규위반,도로형태_대분류,도로형태,당사자종별_1당_대분류,당사자종별_1당,당사자종별_2당_대분류,당사자종별_2당,발생위치X_UTMK,발생위치Y_UTMK,경도,위도
2012,2012-04-26,40,주간,목,1,1,0,0,0,강원,강릉시,차대차,기타,기타,운전자법규위반,안전운전 의무 불이행,단일로,기타단일로,화물차,소형,이륜차,중형,1116170,1984798,128.8205463,37.85557886
2012,2012-04-30,5,야간,월,1,1,0,0,0,전남,해남군,차대차,추돌,진행중 추돌,운전자법규위반,안전운전 의무 불이행,단일로,기타단일로,승용차,중형,농기계,농기계,914992,1617731,126.5734792,34.55013143
2012,2012-04-29,35,야간,일,2,4,2,0,0,경기,이천시,차량단독,공작물충돌,공작물충돌,운전자법규위반,안전운전 의무 불이행,교차로,교차로부근,승용차,경형,0,0,997397,1924617,127.4699779,37.32031212
2012,2012-04-27,10,야간,금,1,1,0,0,0,충북,청주시,차대사람,횡단중,횡단중,운전자법규위반,안전운전 의무 불이행,교차로,교차로내,승용차,중형,보행자,보행자,996212,1849487,127.4576239,36.64327759
2012,2012-04-29,40,주간,일,2,8,2,4,0,경북,영덕군,차대차,정면충돌,정면충돌,운전자법규위반,중앙선 침범,단일로,기타단일로,승용차,대형,승용차,소형,1164305,1828316,129.333132,36.43834904
2012,2012-05-04,20,주간,금,1,1,0,0,0,전남,나주시,차대차,측면직각충돌,측면직각충돌,운전자법규위반,신호위반,단일로,횡단보도상,원동기장치자전거,원동기장치자전거,화물차,대형,928233,1667494,126.7132749,35.00085881
2012,2012-05-02,6,야간,수,1,2,1,0,0,경기,안양시,차대차,측면직각충돌,측면직각충돌,운전자법규위반,안전운전 의무 불이행,교차로,교차로부근,승합차,소형,승용차,중형,951947,1930252,126.957294,37.37008949
2012,2012-05-01,40,야간,화,1,2,1,0,0,인천,중구,차대사람,횡단중,횡단중,운전자법규위반,신호위반,단일로,횡단보도상,승용차,소형,보행자,보행자,923251,1941034,126.6321109,37.46533407
2012,2012-05-09,5,야간,수,1,1,0,0,0,경남,창원시(통합),차대차,추돌,진행중 추돌,운전자법규위반,안전운전 의무 불이행,교차로,교차로부근,승용차,중형,화물차,소형,1095587,1685387,128.5495267,35.1591989
2012,2012-05-07,0,주간,월,1,1,0,0,0,전북,진안군,차대차,측면직각충돌,측면직각충돌,운전자법규위반,과속,단일로,기타단일로,승용차,중형,자전거,자전거,1001845,1773564,127.5204603,35.95880036
2012,2012-05-12,4,주간,토,1,1,0,0,0,충남,아산시,차대사람,횡단중,횡단중,운전자법규위반,신호위반,교차로,교차로내,승합차,중형,보행자,보행자,963990,1870142,127.0959189,36.82896209
2012,2012-05-12,50,야간,토,1,1,0,0,0,전남,여수시,차량단독,공작물충돌,공작물충돌,운전자법규위반,안전운전 의무 불이행,단일로,기타단일로,화물차,소형,0,0,1023945,1635120,127.7614873,34.71018009
2012,2012-05-10,15,주간,목,1,37,7,29,0,제주,제주시,차대차,측면직각충돌,측면직각충돌,운전자법규위반,신호위반,교차로,교차로내,건설기계,건설기계,승합차,대형,882417,1488560,126.2358566,33.38222038
2012,2012-05-11,25,주간,금,1,1,0,0,0,강원,홍천군,차대사람,보도통행중,보도통행중,운전자법규위반,기타(운전자법규위반),단일로,기타단일로,화물차,소형,보행자,보행자,1033747,1965761,127.8827715,37.69077799
2012,2012-05-14,24,주간,월,1,3,2,0,0,전남,고흥군,차대차,정면충돌,정면충돌,운전자법규위반,중앙선 침범,단일로,기타단일로,승합차,소형,승용차,소형,981732,1623069,127.3015509,34.59773719
2012,2012-05-20,20,야간,일,1,1,0,0,0,충남,아산시,차대차,추돌,주정차중 추돌,운전자법규위반,안전운전 의무 불이행,기타/불명,기타/불명,이륜차,중형,화물차,중형,961928,1876643,127.0727404,36.88732254
2012,2012-05-23,30,야간,수,1,1,0,0,0,경기,이천시,차대사람,차도통행중,차도통행중,운전자법규위반,안전운전 의무 불이행,단일로,기타단일로,승용차,중형,보행자,보행자,996170,1920247,127.4567951,37.28114234
2012,2012-05-28,45,주간,월,1,1,0,0,0,경북,군위군,차대차,정면충돌,정면충돌,운전자법규위반,중앙선 침범,단일로,기타단일로,이륜차,소형,승용차,소형,1098346,1798687,128.5936608,36.18031109
2012,2012-05-28,30,주간,월,1,1,0,0,0,경남,창원시(통합),차대차,정면충돌,정면충돌,운전자법규위반,안전운전 의무 불이행,단일로,기타단일로,화물차,소형,자전거,자전거,1104495,1698382,128.648968,35.27546605
2012,2012-05-28,40,야간,월,1,6,2,3,0,전북,전주시,차대차,기타,기타,운전자법규위반,신호위반,교차로,교차로내,승용차,경형,승용차,중형,964402,1758148,127.1059255,35.81916378
2012,2012-05-29,58,야간,화,1,1,0,0,0,경기,남양주시,차대차,추돌,주정차중 추돌,운전자법규위반,안전운전 의무 불이행,교차로,교차로부근,원동기장치자전거,원동기장치자전거,화물차,중형,973040,1970233,127.1940425,37.73130983
2012,2012-07-05,20,야간,목,1,3,1,1,0,경북,문경시,차대차,추돌,진행중 추돌,운전자법규위반,안전운전 의무 불이행,단일로,기타단일로,화물차,중형,화물차,소형,1054894,1856282,128.1144877,36.70288359
2012,2012-07-22,55,주간,일,1,1,0,0,0,전북,익산시,차대사람,기타,기타,운전자법규위반,안전운전 의무 불이행,기타/불명,기타/불명,승합차,대형,보행자,보행자,964298,1783392,127.1036397,36.04675559
2012,2012-09-16,59,야간,일,1,2,1,0,0,경북,칠곡군,차량단독,도로이탈,도로이탈 기타,운전자법규위반,안전운전 의무 불이행,단일로,기타단일로,승용차,중형,0,0,1091845,1783000,128.5195475,36.03954166
2012,2012-10-28,15,주간,일,1,2,1,0,0,대구,달성군,차대차,추돌,진행중 추돌,운전자법규위반,안전운전 의무 불이행,단일로,기타단일로,승합차,대형,승용차,소형,1084632,1741872,128.4351235,35.66942876
2012,2012-10-16,5,주간,화,1,1,0,0,0,충남,금산군,차대차,추돌,진행중 추돌,운전자법규위반,안전운전 의무 불이행,단일로,기타단일로,승용차,소형,화물차,대형,1001426,1790012,127.5158435,36.10709449
2012,2012-12-16,36,야간,금,1,1,0,0,0,충남,보령시,차량단독,공작물충돌,공작물충돌,운전자법규위반,안전운전 의무 불이행,단일로,기타단일로,승용차,중형,0,0,917637,1809353,126.5829344,36.27795086
2012,2012-11-16,0,야간,화,1,4,0,3,0,경남,김해시,차대차,추돌,주정차중 추돌,운전자법규위반,안전거리 미확보,단일로,기타단일로,승합차,중형,승용차,중형,1115975,1693415,128.774468,35.22942487
2012,2012-12-22,25,야간,토,1,3,1,1,0,전북,완주군,차대차,기타,기타,운전자법규위반,안전운전 의무 불이행,단일로,기타단일로,화물차,중형,승용차,대형,971512,1763333,127.1844478,35.86614423
2012,2012-11-09,20,야간,금,1,3,0,2,0,경기,안성시,차대차,추돌,주정차중 추돌,운전자법규위반,안전운전 의무 불이행,단일로,기타단일로,화물차,소형,승용차,소형,969238,1888432,127.154295,36.99385942
2012,2012-12-16,45,야간,일,1,2,0,1,0,전남,함평군,차대차,추돌,진행중 추돌,운전자법규위반,안전거리 미확보,단일로,기타단일로,승용차,중형,화물차,소형,907157,1680083,126.4811936,35.11163628
2012,2012-10-17,10,야간,수,1,1,0,0,0,경기,안산시,차량단독,기타,기타,운전자법규위반,안전운전 의무 불이행,단일로,터널안,승용차,중형,0,0,946955,1921288,126.8764911,37.33134661
2012,2012-05-24,30,야간,목,1,1,0,0,0,경남,김해시,차량단독,공작물충돌,공작물충돌,운전자법규위반,안전운전 의무 불이행,단일로,기타단일로,이륜차,대형,0,0,1126212,1692337,128.9112736,35.22304724
2012,2012-05-23,45,주간,수,1,1,0,0,0,대전,서구,차대차,측면직각충돌,측면직각충돌,운전자법규위반,신호위반,교차로,교차로내,원동기장치자전거,원동기장치자전거,화물차,소형,989104,1813214,127.3786184,36.31621444
2012,2012-05-23,37,주간,수,1,1,0,0,0,광주,남구,차대사람,횡단중,횡단중,운전자법규위반,안전운전 의무 불이행,단일로,기타단일로,건설기계,건설기계,보행자,보행자,946341,1681713,126.9110432,35.12918482
2012,2012-05-22,30,야간,화,1,1,0,0,0,서울,동작구,차대차,측면직각충돌,측면직각충돌,운전자법규위반,교차로 통행방법 위반,교차로,교차로내,승용차,중형,이륜차,소형,951180,1945021,126.9476544,37.50316751
2012,2012-05-22,26,주간,화,1,1,0,0,0,부산,남구,차량단독,공작물충돌,공작물충돌,운전자법규위반,안전운전 의무 불이행,교차로,교차로내,이륜차,중형,0,0,1144416,1682613,129.0850229,35.12836526
2012,2012-05-30,3,주간,수,1,1,0,0,0,강원,고성군,차량단독,도로이탈,도로이탈 기타,운전자법규위반,안전운전 의무 불이행,단일로,기타단일로,승용차,소형,0,0,1085755,2042357,128.481783,38.37763582
2012,2012-05-28,5,주간,월,1,4,3,0,0,충남,공주시,차대차,측면직각충돌,측면직각충돌,운전자법규위반,안전운전 의무 불이행,교차로,교차로내,승용차,대형,승용차,경형,967051,1830363,127.132223,36.47031362
2012,2012-05-27,50,주간,일,1,1,0,0,0,충남,천안시,차량단독,공작물충돌,공작물충돌,운전자법규위반,안전운전 의무 불이행,단일로,기타단일로,원동기장치자전거,원동기장치자전거,0,0,968003,1882887,127.1406512,36.9438339
2012,2012-06-01,24,야간,금,1,1,0,0,0,경기,포천시,차대차,측면직각충돌,측면직각충돌,운전자법규위반,안전거리 미확보,단일로,기타단일로,화물차,소형,자전거,자전거,969916,1980219,127.1578779,37.82176607
2012,2012-06-06,28,주간,수,1,1,0,0,0,경남,산청군,차대사람,기타,기타,운전자법규위반,안전운전 의무 불이행,단일로,기타단일로,승용차,소형,보행자,보행자,1043922,1700317,127.9830808,35.29740563
2012,2012-06-06,33,주간,수,1,1,0,0,0,부산,동구,차대사람,횡단중,횡단중,운전자법규위반,안전운전 의무 불이행,단일로,횡단보도부근,승용차,중형,보행자,보행자,1141802,1683691,129.0564011,35.1381491
2012,2012-06-05,47,주간,화,1,1,0,0,0,대전,서구,차대사람,횡단중,횡단중,운전자법규위반,안전운전 의무 불이행,교차로,교차로내,승용차,대형,보행자,보행자,988486,1818054,127.3716623,36.35984184
2012,2012-06-05,40,주간,화,1,10,2,1,6,서울,영등포구,차대차,측면직각충돌,측면직각충돌,운전자법규위반,안전거리 미확보,단일로,기타단일로,승용차,중형,승합차,대형,946684,1946129,126.8967413,37.5131308
2012,2012-06-05,5,주간,화,1,1,0,0,0,경남,밀양시,차대차,측면직각충돌,측면직각충돌,운전자법규위반,교차로 통행방법 위반,교차로,교차로내,이륜차,소형,승용차,중형,1117439,1718244,128.7956051,35.45242264
2012,2012-06-04,30,주간,월,1,1,0,0,0,경기,평택시,차량단독,도로이탈,도로이탈 추락,운전자법규위반,안전운전 의무 불이행,교차로,교차로부근,화물차,중형,0,0,959325,1890097,127.0428051,37.00849126
2012,2012-06-09,20,주간,토,1,1,0,0,0,인천,강화군,차대사람,기타,기타,운전자법규위반,안전운전 의무 불이행,단일로,기타단일로,화물차,소형,보행자,보행자,911399,1968696,126.4947567,37.71356774
2012,2012-06-07,30,야간,목,1,5,3,1,0,경기,파주시,차대차,추돌,주정차중 추돌,운전자법규위반,안전운전 의무 불이행,단일로,기타단일로,승용차,중형,승합차,대형,931341,1975123,126.720384,37.77320278
2012,2012-06-08,2,야간,금,1,2,0,1,0,충남,천안시,차대차,정면충돌,정면충돌,운전자법규위반,안전운전 의무 불이행,단일로,터널안,승용차,대형,승용차,대형,971085,1871616,127.1756939,36.84233175
2012,2012-06-07,0,야간,목,1,1,0,0,0,경북,예천군,차량단독,공작물충돌,공작물충돌,운전자법규위반,안전운전 의무 불이행,교차로,교차로부근,승용차,중형,0,0,1086750,1849324,128.4703852,36.63786342
2012,2012-06-07,51,주간,목,1,1,0,0,0,서울,은평구,차대차,측면직각충돌,측면직각충돌,운전자법규위반,신호위반,교차로,교차로내,원동기장치자전거,원동기장치자전거,승용차,중형,948749,1959153,126.9191634,37.63040886
2012,2012-04-23,15,야간,월,1,1,0,0,0,경기,광명시,차대사람,횡단중,횡단중,운전자법규위반,안전운전 의무 불이행,교차로,교차로내,화물차,대형,보행자,보행자,942663,1941772,126.8515522,37.47339408
2012,2012-05-01,50,주간,화,3,7,4,0,0,경북,의성군,차대차,추돌,진행중 추돌,운전자법규위반,안전운전 의무 불이행,단일로,기타단일로,화물차,대형,승합차,중형,1072400,1815745,128.3067372,36.33637129
2012,2012-04-30,0,야간,월,1,1,0,0,0,경기,의정부시,차량단독,공작물충돌,공작물충돌,운전자법규위반,안전운전 의무 불이행,단일로,기타단일로,승용차,중형,0,0,959298,1968001,127.0382191,37.71068483
2012,2012-04-30,2,야간,월,1,2,0,1,0,충남,천안시,차대사람,횡단중,횡단중,운전자법규위반,보행자 보호의무 위반,교차로,교차로내,화물차,소형,보행자,보행자,983119,1861111,127.3108973,36.74792398
2012,2012-04-30,20,주간,월,1,1,0,0,0,광주,광산구,차대사람,보도통행중,보도통행중,운전자법규위반,안전운전 의무 불이행,단일로,기타단일로,승용차,중형,보행자,보행자,935941,1683354,126.7957346,35.14290666
2012,2012-04-29,40,주간,일,1,1,0,0,0,경기,화성시,차량단독,전도전복,전도전복,운전자법규위반,안전운전 의무 불이행,단일로,기타단일로,이륜차,대형,0,0,946762,1901175,126.900816,37.10771874
2012,2012-04-29,20,주간,일,1,1,0,0,0,충북,보은군,차량단독,전도전복,전도전복,운전자법규위반,안전운전 의무 불이행,단일로,기타단일로,이륜차,대형,0,0,1017531,1826452,127.6955939,36.4354614
2012,2012-04-28,11,야간,토,1,1,0,0,0,서울,양천구,차대사람,횡단중,횡단중,운전자법규위반,안전운전 의무 불이행,단일로,기타단일로,원동기장치자전거,원동기장치자전거,보행자,보행자,943783,1949158,126.8636532,37.54003367
2012,2012-05-03,48,야간,목,1,1,0,0,0,서울,금천구,차대차,기타,기타,운전자법규위반,안전운전 의무 불이행,단일로,기타단일로,자전거,자전거,승합차,대형,946030,1941806,126.8896265,37.47390336
2012,2012-05-03,0,야간,목,1,1,0,0,0,경기,양주시,차량단독,공작물충돌,공작물충돌,운전자법규위반,안전운전 의무 불이행,단일로,기타단일로,이륜차,사발이,0,0,954855,1989157,126.9935197,37.90676166
2012,2012-05-02,40,주간,수,1,1,0,0,0,전북,정읍시,차량단독,공작물충돌,공작물충돌,운전자법규위반,안전운전 의무 불이행,단일로,기타단일로,이륜차,중형,0,0,949258,1746484,126.9390244,35.71333627
2012,2012-05-07,20,주간,월,1,1,0,0,0,충북,제천시,차대사람,횡단중,횡단중,운전자법규위반,안전운전 의무 불이행,단일로,기타단일로,화물차,대형,보행자,보행자,1064759,1902298,128.2289391,37.11711481
2012,2012-05-12,4,야간,토,1,1,0,0,0,인천,계양구,차량단독,공작물충돌,공작물충돌,운전자법규위반,안전운전 의무 불이행,교차로,교차로부근,이륜차,중형,0,0,933866,1947633,126.7515435,37.52563083
2012,2012-05-12,5,주간,토,1,3,1,0,1,서울,송파구,차대차,측면직각충돌,측면직각충돌,운전자법규위반,신호위반,교차로,교차로내,승용차,중형,화물차,경형,962053,1945795,127.0706271,37.51065503
2012,2012-05-10,20,주간,목,1,4,2,1,0,경기,하남시,차대사람,보도통행중,보도통행중,운전자법규위반,보행자 보호의무 위반,단일로,기타단일로,이륜차,소형,보행자,보행자,974793,1950220,127.2146271,37.55097584
2012,2012-05-10,25,주간,목,1,1,0,0,0,대전,중구,차대차,측면직각충돌,측면직각충돌,운전자법규위반,중앙선 침범,단일로,기타단일로,이륜차,소형,승용차,대형,993489,1814087,127.42746,36.32412455
2012,2012-05-10,20,야간,목,1,3,1,1,0,충남,천안시,차량단독,전도전복,전도전복,운전자법규위반,안전운전 의무 불이행,단일로,기타단일로,승용차,중형,0,0,962311,1854195,127.0781492,36.68498021
2012,2012-05-17,50,야간,목,1,1,0,0,0,울산,울주군,차량단독,전도전복,전도전복,운전자법규위반,안전운전 의무 불이행,단일로,기타단일로,승용차,중형,0,0,1142150,1729775,129.0683562,35.55378555
2012,2012-05-16,6,야간,수,1,1,0,0,0,경기,김포시,차대사람,기타,기타,운전자법규위반,안전운전 의무 불이행,단일로,기타단일로,승용차,중형,보행자,보행자,918732,1966779,126.5781587,37.69697137
2012,2012-05-15,0,야간,화,1,3,1,1,0,충남,당진시,차량단독,전도전복,전도전복,운전자법규위반,안전운전 의무 불이행,단일로,기타단일로,승용차,중형,0,0,921121,1874733,126.6100017,36.87102893
2012,2012-05-13,40,주간,일,1,1,0,0,0,대전,유성구,차대사람,횡단중,횡단중,운전자법규위반,안전운전 의무 불이행,교차로,교차로내,건설기계,건설기계,보행자,보행자,981929,1823282,127.2984552,36.40687303
2012,2012-05-20,55,야간,일,1,1,0,0,0,서울,성동구,차대사람,횡단중,횡단중,운전자법규위반,안전운전 의무 불이행,단일로,기타단일로,승용차,대형,보행자,보행자,960665,1950176,127.0544166,37.54995716
2012,2012-05-19,26,주간,토,1,1,0,0,0,충남,연기군,차대차,정면충돌,정면충돌,운전자법규위반,중앙선 침범,단일로,기타단일로,승용차,중형,원동기장치자전거,원동기장치자전거,980635,1840754,127.2835857,36.56436044
2012,2012-05-18,20,야간,금,1,1,0,0,0,경남,창원시(통합),차대사람,기타,기타,운전자법규위반,안전운전 의무 불이행,단일로,기타단일로,화물차,소형,보행자,보행자,1106736,1697959,128.6735492,35.27141614
2012,2012-05-23,40,야간,수,1,1,0,0,0,경기,용인시,차대사람,기타,기타,운전자법규위반,안전운전 의무 불이행,교차로,교차로부근,승용차,소형,보행자,보행자,968319,1917763,127.1427268,37.25822037
2012,2012-05-22,20,주간,화,1,1,0,0,0,경기,안성시,차대사람,기타,기타,운전자법규위반,안전운전 의무 불이행,단일로,기타단일로,승용차,대형,보행자,보행자,984495,1896357,127.3255896,37.06567359
2012,2012-05-22,2,야간,화,1,3,2,0,0,경북,예천군,차대차,측면직각충돌,측면직각충돌,운전자법규위반,안전운전 의무 불이행,교차로,교차로내,이륜차,중형,승용차,중형,1071692,1834594,128.3005912,36.50633722
2012,2012-05-29,15,야간,화,2,10,5,3,0,경남,통영시,차대차,정면충돌,정면충돌,운전자법규위반,안전운전 의무 불이행,교차로,교차로내,승용차,중형,승용차,경형,1084340,1654512,128.4229184,34.8818295
2012,2012-05-27,50,야간,일,1,2,1,0,0,서울,강서구,차량단독,기타,기타,운전자법규위반,안전운전 의무 불이행,단일로,기타단일로,원동기장치자전거,원동기장치자전거,0,0,941899,1950935,126.8227018,37.55858085
2012,2012-05-26,35,야간,토,1,1,0,0,0,경기,화성시,차대사람,기타,기타,운전자법규위반,안전운전 의무 불이행,단일로,기타단일로,승용차,소형,보행자,보행자,922497,1908002,126.6288267,37.17047288
2012,2012-06-03,5,주간,일,2,4,0,1,1,전남,나주시,차대차,정면충돌,정면충돌,운전자법규위반,안전운전 의무 불이행,단일로,기타단일로,승용차,중형,농기계,농기계,927610,1663133,126.7070891,34.96048475
2012,2012-06-01,32,야간,금,1,1,0,0,0,경기,의정부시,차대사람,횡단중,횡단중,운전자법규위반,안전운전 의무 불이행,단일로,기타단일로,화물차,소형,보행자,보행자,960153,1967895,127.047925,37.70976703
2012,2012-06-01,45,주간,금,1,4,3,0,0,충남,부여군,차량단독,전도전복,전도전복,운전자법규위반,안전운전 의무 불이행,단일로,기타단일로,화물차,소형,0,0,945228,1796723,126.8910083,36.16605143
2012,2012-05-31,20,야간,목,1,2,1,0,0,경기,용인시,차량단독,기타,기타,운전자법규위반,안전운전 의무 불이행,단일로,기타단일로,승용차,중형,0,0,967675,1903990,127.1360609,37.13404912
2012,2012-05-30,15,야간,수,1,3,0,2,0,부산,수영구,차대차,추돌,진행중 추돌,운전자법규위반,안전운전 의무 불이행,단일로,기타단일로,화물차,소형,화물차,소형,1147523,1685832,129.1196863,35.15692939
2012,2012-06-05,10,야간,화,1,3,2,0,0,경남,창녕군,차대차,추돌,진행중 추돌,운전자법규위반,안전운전 의무 불이행,단일로,기타단일로,승용차,중형,농기계,농기계,1087564,1723952,128.4655741,35.50761908
2012,2012-06-04,0,야간,월,1,1,0,0,0,대전,동구,차대차,측면직각충돌,측면직각충돌,운전자법규위반,중앙선 침범,단일로,기타단일로,승용차,중형,이륜차,소형,995088,1816425,127.4452599,36.34521212
2012,2012-06-07,13,주간,목,1,1,0,0,0,경기,고양시,차대차,측면직각충돌,측면직각충돌,운전자법규위반,안전거리 미확보,단일로,기타단일로,원동기장치자전거,원동기장치자전거,승합차,대형,933048,1964422,126.7407504,37.67688636
2012,2012-04-26,15,주간,목,1,1,0,0,0,전남,나주시,차대차,측면직각충돌,측면직각충돌,운전자법규위반,안전운전 의무 불이행,단일로,기타단일로,화물차,소형,원동기장치자전거,원동기장치자전거,927969,1668207,126.710582,35.00626063
2012,2012-04-27,35,주간,금,1,3,2,0,0,경북,경주시,차대차,측면직각충돌,측면직각충돌,운전자법규위반,신호위반,교차로,교차로내,화물차,소형,화물차,소형,1161813,1754450,129.29017,35.77314146
2012,2012-04-25,25,야간,수,1,1,0,0,0,경북,울진군,차대차,정면충돌,정면충돌,운전자법규위반,중앙선 침범,단일로,기타단일로,이륜차,소형,화물차,소형,1172889,1853949,129.4214785,36.64430908
2012,2012-04-30,8,주간,월,1,1,0,0,0,인천,강화군,차대사람,횡단중,횡단중,운전자법규위반,보행자 보호의무 위반,교차로,교차로내,화물차,소형,보행자,보행자,911225,1971947,126.4914265,37.7416237
2012,2012-04-30,31,주간,월,1,1,0,0,0,경기,고양시,차대차,추돌,진행중 추돌,운전자법규위반,안전운전 의무 불이행,단일로,기타단일로,화물차,소형,자전거,자전거,938093,1960692,126.7982742,37.64362324
2012,2012-05-01,0,주간,화,1,4,3,0,0,전북,정읍시,차대차,측면직각충돌,측면직각충돌,운전자법규위반,신호위반,교차로,교차로내,승용차,중형,승용차,중형,947452,1742651,126.9193098,35.67868347
2012,2012-04-28,55,주간,토,1,1,0,0,0,충북,괴산군,차량단독,전도전복,전도전복,운전자법규위반,안전운전 의무 불이행,단일로,기타단일로,원동기장치자전거,원동기장치자전거,0,0,1036109,1875291,127.9051661,36.87521226
2012,2012-04-28,10,주간,토,1,1,0,0,0,경기,안산시,차량단독,공작물충돌,공작물충돌,운전자법규위반,안전운전 의무 불이행,단일로,기타단일로,승용차,중형,0,0,945840,1922300,126.8874319,37.29624088
2012,2012-05-02,35,주간,수,1,1,0,0,0,충북,단양군,차대사람,횡단중,횡단중,운전자법규위반,안전운전 의무 불이행,단일로,기타단일로,화물차,소형,보행자,보행자,1078135,1896937,128.3789287,37.06777368
2012,2012-05-09,10,야간,수,1,2,1,0,0,대구,달성군,차대차,기타,기타,운전자법규위반,안전운전 의무 불이행,교차로,교차로내,화물차,중형,이륜차,중형,1089996,1765172,128.4970029,35.87900153
2012,2012-05-06,5,주간,일,1,1,0,0,0,부산,사상구,차대차,기타,기타,운전자법규위반,안전거리 미확보,단일로,기타단일로,이륜차,소형,승용차,중형,1135555,1687090,128.9885349,35.16995444
2012,2012-05-06,45,야간,일,1,1,0,0,0,경북,안동시,차대사람,기타,기타,운전자법규위반,안전운전 의무 불이행,단일로,기타단일로,승용차,중형,보행자,보행자,1108332,1841018,128.7105871,36.56079049
2012,2012-05-05,25,주간,토,1,1,0,0,0,강원,인제군,차대사람,길가장자리구역통행중,길가장자리구역통행중,운전자법규위반,안전운전 의무 불이행,단일로,기타단일로,건설기계,건설기계,보행자,보행자,1072412,1994567,128.3241761,37.94814601
2012,2012-05-10,50,주간,목,1,1,0,0,0,전남,여수시,차대사람,기타,기타,운전자법규위반,안전운전 의무 불이행,단일로,기타단일로,화물차,소형,보행자,보행자,1027932,1603846,127.803998,34.4280514
2012,2012-05-16,50,야간,수,1,1,0,0,0,경기,평택시,차대차,정면충돌,정면충돌,운전자법규위반,중앙선 침범,단일로,기타단일로,자전거,자전거,승용차,대형,961975,1888575,127.0687594,36.99441783
2012,2012-05-17,23,주간,목,1,1,0,0,0,충남,홍성군,차대차,측면직각충돌,측면직각충돌,운전자법규위반,안전운전 의무 불이행,교차로,교차로내,이륜차,소형,승용차,소형,932048,1848413,126.7399507,36.63117866
2012,2012-05-14,50,야간,월,1,1,0,0,0,경남,양산시,차량단독,공작물충돌,공작물충돌,운전자법규위반,안전운전 의무 불이행,단일로,기타단일로,승용차,중형,0,0,1140420,1709615,129.0457938,35.3723211
2012,2012-05-20,38,야간,일,1,1,0,0,0,충남,아산시,차대사람,기타,기타,운전자법규위반,안전운전 의무 불이행,교차로,교차로부근,승용차,중형,보행자,보행자,958574,1877772,127.0337462,36.90151802
2012,2012-05-19,30,주간,토,1,1,0,0,0,서울,강남구,차대차,추돌,진행중 추돌,운전자법규위반,안전운전 의무 불이행,교차로,교차로부근,승용차,중형,이륜차,중형,961767,1944716,127.0674472,37.50091776
2012,2012-05-25,20,야간,금,1,1,0,0,0,충남,천안시,차대사람,기타,기타,운전자법규위반,보행자 보호의무 위반,교차로,교차로부근,승용차,중형,보행자,보행자,965122,1868335,127.1089656,36.81255399
2012,2012-05-25,10,주간,금,1,2,1,0,0,경기,남양주시,차대차,정면충돌,정면충돌,운전자법규위반,중앙선 침범,단일로,기타단일로,승용차,경형,승용차,경형,970191,1965363,127.1619103,37.68732725
2012,2012-05-23,0,주간,수,1,1,0,0,0,경기,시흥시,차대사람,횡단중,횡단중,운전자법규위반,안전운전 의무 불이행,단일로,기타단일로,화물차,소형,보행자,보행자,929864,1926434,126.6876358,37.33423875
2012,2012-05-29,45,주간,화,1,1,0,0,0,경북,성주군,차대차,측면직각충돌,측면직각충돌,운전자법규위반,안전운전 의무 불이행,단일로,기타단일로,이륜차,소형,화물차,소형,1078190,1765176,128.3662273,35.88005192
2012,2012-05-27,0,야간,일,1,1,0,0,0,전북,정읍시,차대차,측면직각충돌,측면직각충돌,운전자법규위반,안전운전 의무 불이행,교차로,교차로내,승용차,중형,자전거,자전거,940253,1723921,126.8411458,35.50940467
2012,2012-05-27,35,주간,일,1,1,0,0,0,경기,이천시,차대사람,횡단중,횡단중,운전자법규위반,안전운전 의무 불이행,교차로,교차로내,승용차,중형,보행자,보행자,995642,1919488,127.4508434,37.27429839
2012,2012-05-27,30,야간,일,2,3,1,0,0,서울,영등포구,차대차,정면충돌,정면충돌,운전자법규위반,중앙선 침범,고가도로위,고가도로위,승용차,대형,승용차,대형,948084,1946746,126.9125063,37.51854627
2012,2012-05-27,50,야간,일,1,1,0,0,0,강원,춘천시,차대사람,횡단중,횡단중,운전자법규위반,보행자 보호의무 위반,교차로,교차로내,승용차,대형,보행자,보행자,1019916,1984734,127.7264174,37.86218976
2012,2012-05-25,10,야간,금,1,2,1,0,0,경북,경산시,차대차,측면직각충돌,측면직각충돌,운전자법규위반,안전운전 의무 불이행,교차로,교차로내,이륜차,중형,승용차,중형,1118402,1768646,128.8121447,35.90729154
2012,2012-06-02,9,주간,토,1,1,0,0,0,충남,천안시,차량단독,도로이탈,도로이탈 추락,운전자법규위반,안전운전 의무 불이행,기타/불명,기타/불명,원동기장치자전거,원동기장치자전거,0,0,976342,1876234,127.2345109,36.88410712
2012,2012-06-04,0,야간,월,1,1,0,0,0,전남,광양시,차대차,추돌,주정차중 추돌,운전자법규위반,안전운전 의무 불이행,교차로,교차로부근,승용차,중형,화물차,대형,1023839,1660767,127.7610585,34.94145714
2012,2012-06-04,25,주간,월,1,1,0,0,0,경북,고령군,차대사람,보도통행중,보도통행중,운전자법규위반,안전운전 의무 불이행,교차로,교차로부근,승용차,중형,보행자,보행자,1069772,1748390,128.2715117,35.72935544