발생년,발생년월일시분,발생분,주야,요일,사망자수,사상자수,중상자수,경상자수,부상신고자수,발생지시도,발생지시군구,사고유형_대분류,사고유형_중분류,사고유형,법규위반_대분류,법규위반,도로형태_대분류,도로형태,당사자종별_1당_대분류,당사자종별_1당,당사자종별_2당_대분류,당사자종별_2당,발생위치X_UTMK,발생위치Y_UTMK,경도,위도
2012,2012-06-04,50,주간,월,1,1,0,0,0,전북,전주시,차대차,측면직각충돌,측면직각충돌,운전자법규위반,신호위반,교차로,교차로내,자전거,자전거,승용차,중형,970714,1759251,127.1757586,35.82931726
2012,2012-06-04,30,주간,월,1,3,0,2,0,서울,동대문구,차대차,측면직각충돌,측면직각충돌,운전자법규위반,교차로 통행방법 위반,교차로,교차로부근,이륜차,소형,승용차,대형,962244,1953362,127.0723989,37.57886686
2012,2012-06-03,5,주간,일,1,1,0,0,0,전남,나주시,차대사람,기타,기타,운전자법규위반,기타(운전자법규위반),기타/불명,기타/불명,농기계,농기계,보행자,보행자,917867,1670067,126.5996975,35.02226051
2012,2012-06-09,11,주간,토,1,1,0,0,0,서울,도봉구,차대차,측면직각충돌,측면직각충돌,운전자법규위반,안전운전 의무 불이행,교차로,교차로내,건설기계,건설기계,자전거,자전거,959564,1959215,127.0417242,37.63150738
2012,2012-06-11,35,주간,월,1,1,0,0,0,경기,남양주시,차량단독,공작물충돌,공작물충돌,운전자법규위반,안전운전 의무 불이행,단일로,터널안,승용차,경형,0,0,977133,1959586,127.1893356,37.61641315
2012,2012-06-08,18,야간,금,1,3,2,0,0,경기,양평군,차대사람,차도통행중,차도통행중,운전자법규위반,안전운전 의무 불이행,단일로,기타단일로,이륜차,소형,보행자,보행자,998955,1942866,127.4881798,37.4850338
2012,2012-06-07,30,주간,목,1,1,0,0,0,인천,남구,차량단독,기타,기타,운전자법규위반,안전운전 의무 불이행,단일로,기타단일로,자전거,자전거,0,0,927918,1940151,126.6819787,37.45705491
2012,2012-06-15,55,주간,금,1,2,1,0,0,경남,창녕군,차대차,기타,기타,운전자법규위반,앞지르기 금지위반,단일로,기타단일로,화물차,중형,농기계,농기계,1103845,1709170,128.6431906,35.37278926
2012,2012-06-15,30,야간,금,1,1,0,0,0,경남,통영시,차량단독,공작물충돌,공작물충돌,운전자법규위반,안전운전 의무 불이행,단일로,기타단일로,승용차,소형,0,0,1082537,1656231,128.4033603,34.897477
2012,2012-06-14,15,야간,목,1,2,1,0,0,경기,남양주시,차대차,추돌,주정차중 추돌,운전자법규위반,안전운전 의무 불이행,단일로,교량위,화물차,소형,화물차,소형,981318,1947922,127.2885558,37.53041815
2012,2012-04-27,40,야간,금,1,1,0,0,0,전남,영암군,차량단독,공작물충돌,공작물충돌,운전자법규위반,안전운전 의무 불이행,단일로,기타단일로,화물차,소형,0,0,904730,1642606,126.458845,34.77351587
2012,2012-04-24,1,야간,화,1,1,0,0,0,경기,동두천시,차대차,측면직각충돌,측면직각충돌,운전자법규위반,신호위반,교차로,교차로내,승용차,소형,이륜차,소형,960882,1988169,127.0551007,37.89252667
2012,2012-04-23,5,야간,월,1,1,0,0,0,충남,태안군,차대사람,기타,기타,운전자법규위반,안전운전 의무 불이행,단일로,기타단일로,화물차,소형,보행자,보행자,893897,1851435,126.3128784,36.65493011
2012,2012-05-01,30,야간,화,2,3,1,0,0,대전,유성구,차대차,정면충돌,정면충돌,운전자법규위반,중앙선 침범,단일로,기타단일로,승용차,대형,승용차,대형,981275,1808524,127.2915161,36.27381166
2012,2012-04-27,35,야간,금,1,2,1,0,0,경기,시흥시,차대차,측면직각충돌,측면직각충돌,운전자법규위반,교차로 통행방법 위반,교차로,교차로내,승용차,중형,승용차,경형,939176,1930225,126.8123712,37.36773127
2012,2012-05-04,55,주간,금,1,1,0,0,0,전남,담양군,차대차,추돌,진행중 추돌,운전자법규위반,안전운전 의무 불이행,단일로,기타단일로,화물차,소형,농기계,농기계,951015,1702526,126.9611033,35.31708803
2012,2012-05-03,20,주간,목,1,1,0,0,0,전북,정읍시,차대차,측면직각충돌,측면직각충돌,운전자법규위반,중앙선 침범,단일로,기타단일로,화물차,소형,승용차,대형,940612,1734065,126.84436,35.60088474
2012,2012-05-03,45,야간,목,1,1,0,0,0,부산,연제구,차대사람,기타,기타,운전자법규위반,과속,단일로,기타단일로,승용차,중형,보행자,보행자,1146341,1688248,129.107142,35.17887911
2012,2012-05-02,30,주간,수,1,1,0,0,0,서울,광진구,차대사람,횡단중,횡단중,운전자법규위반,안전운전 의무 불이행,교차로,교차로내,화물차,소형,보행자,보행자,963481,1948743,127.0866381,37.53728415
2012,2012-05-07,25,야간,월,1,1,0,0,0,전북,전주시,차대사람,횡단중,횡단중,운전자법규위반,안전운전 의무 불이행,단일로,기타단일로,승용차,중형,보행자,보행자,968316,1757349,127.1489825,35.81289574
2012,2012-05-07,50,주간,월,1,3,1,1,0,강원,춘천시,차대차,추돌,주정차중 추돌,운전자법규위반,안전거리 미확보,단일로,기타단일로,화물차,소형,화물차,중형,1007600,1981751,127.5788433,37.85328682
2012,2012-05-08,50,주간,화,1,1,0,0,0,전남,순천시,차대차,측면직각충돌,측면직각충돌,운전자법규위반,직진 및 우회전차의 통행방해,교차로,교차로내,승용차,중형,이륜차,소형,1001841,1661131,127.5201615,34.94501833
2012,2012-05-12,0,주간,토,1,1,0,0,0,전남,순천시,차량단독,기타,기타,운전자법규위반,안전운전 의무 불이행,교차로,교차로내,원동기장치자전거,원동기장치자전거,0,0,982465,1670810,127.3065646,35.02936846
2012,2012-05-11,50,야간,금,1,1,0,0,0,전북,익산시,차대사람,횡단중,횡단중,운전자법규위반,안전운전 의무 불이행,단일로,기타단일로,승용차,중형,보행자,보행자,951069,1772145,126.9574726,35.9447823
2012,2012-05-10,40,야간,목,1,1,0,0,0,충북,음성군,차량단독,전도전복,전도전복,운전자법규위반,안전운전 의무 불이행,단일로,기타단일로,화물차,중형,0,0,1012645,1873660,127.6418592,36.86111539
2012,2012-05-11,20,주간,금,1,1,0,0,0,경북,구미시,차대차,측면직각충돌,측면직각충돌,운전자법규위반,신호위반,교차로,교차로내,건설기계,건설기계,승용차,중형,1070704,1795064,128.2859718,36.15006384
2012,2012-05-17,0,야간,목,1,1,0,0,0,경기,안성시,차대사람,차도통행중,차도통행중,운전자법규위반,안전운전 의무 불이행,단일로,기타단일로,승용차,중형,보행자,보행자,979252,1890785,127.266767,37.01534458
2012,2012-05-14,45,주간,월,1,2,0,1,0,강원,속초시,차대차,추돌,진행중 추돌,운전자법규위반,안전운전 의무 불이행,교차로,교차로부근,화물차,중형,화물차,소형,1094394,2022389,128.5780079,38.19683712
2012,2012-05-14,20,주간,월,2,4,1,1,0,충북,제천시,차대차,정면충돌,정면충돌,운전자법규위반,중앙선 침범,단일로,기타단일로,승합차,소형,화물차,대형,1053951,1904099,128.1074188,37.13403408
2012,2012-05-21,55,야간,월,2,5,3,0,0,강원,원주시,차대차,측면직각충돌,측면직각충돌,운전자법규위반,중앙선 침범,단일로,기타단일로,승용차,대형,승용차,중형,1043448,1927247,127.9858473,37.34293478
2012,2012-05-19,20,주간,토,1,1,0,0,0,대전,동구,차대사람,횡단중,횡단중,운전자법규위반,안전운전 의무 불이행,단일로,기타단일로,승용차,중형,보행자,보행자,993876,1815120,127.4315849,36.33384563
2012,2012-05-18,55,야간,금,1,1,0,0,0,서울,서대문구,차대차,측면직각충돌,측면직각충돌,운전자법규위반,교차로 통행방법 위반,교차로,교차로부근,승용차,중형,원동기장치자전거,원동기장치자전거,952446,1951194,126.9615775,37.55887223
2012,2012-05-17,12,주간,목,2,25,6,12,5,광주,북구,차대차,추돌,주정차중 추돌,운전자법규위반,안전운전 의무 불이행,단일로,기타단일로,화물차,경형,승합차,대형,946457,1687291,126.9119546,35.17948635
2012,2012-05-19,20,야간,토,1,1,0,0,0,부산,금정구,차대사람,기타,기타,운전자법규위반,안전운전 의무 불이행,단일로,횡단보도상,승용차,중형,보행자,보행자,1144867,1698431,129.0927528,35.27087844
2012,2012-05-17,25,야간,목,1,1,0,0,0,광주,북구,차대사람,기타,기타,운전자법규위반,안전운전 의무 불이행,단일로,기타단일로,승용차,중형,보행자,보행자,947256,1686442,126.9210257,35.17181148
2012,2012-05-23,14,주간,수,1,6,1,4,0,경북,안동시,차대차,측면직각충돌,측면직각충돌,운전자법규위반,과속,교차로,교차로내,승용차,중형,승용차,중형,1114146,1842267,128.7757282,36.57137022
2012,2012-05-24,20,야간,목,1,2,1,0,0,경기,안산시,차대차,추돌,진행중 추돌,운전자법규위반,안전운전 의무 불이행,단일로,기타단일로,승용차,중형,이륜차,소형,942590,1920396,126.8533721,37.27878918
2012,2012-05-24,55,주간,목,1,3,2,0,0,전남,장성군,차대차,정면충돌,정면충돌,운전자법규위반,안전운전 의무 불이행,교차로,교차로내,승용차,중형,승용차,중형,933002,1700132,126.763146,35.29445768
2012,2012-05-29,10,야간,화,1,2,1,0,0,충북,충주시,차대차,기타,기타,운전자법규위반,안전운전 의무 불이행,단일로,기타단일로,승용차,중형,농기계,농기계,1038320,1896677,127.9310601,37.06790316
2012,2012-05-29,50,주간,화,1,1,0,0,0,경북,경주시,차량단독,기타,기타,운전자법규위반,안전운전 의무 불이행,단일로,기타단일로,승용차,소형,0,0,1162622,1742092,129.2942072,35.67207787
2012,2012-05-27,45,야간,일,1,3,0,2,0,전남,영암군,차대차,측면직각충돌,측면직각충돌,운전자법규위반,과속,단일로,기타단일로,특수차,소형,화물차,소형,908766,1638770,126.503362,34.73929802
2012,2012-05-29,50,주간,화,1,1,0,0,0,충남,부여군,차량단독,전도전복,전도전복,운전자법규위반,안전운전 의무 불이행,단일로,기타단일로,화물차,대형,0,0,938624,1806123,126.8168489,36.25039636
2012,2012-06-02,10,주간,토,1,1,0,0,0,경북,영덕군,차량단독,기타,기타,운전자법규위반,안전운전 의무 불이행,단일로,기타단일로,농기계,농기계,0,0,1161379,1827236,129.3002769,36.42911408
2012,2012-06-03,5,주간,일,1,2,1,0,0,대구,달성군,차량단독,공작물충돌,공작물충돌,운전자법규위반,안전운전 의무 불이행,단일로,기타단일로,승용차,중형,0,0,1086118,1738912,128.4512242,35.6426151
2012,2012-06-01,45,주간,금,1,1,0,0,0,경남,통영시,차대차,측면직각충돌,측면직각충돌,운전자법규위반,교차로 통행방법 위반,교차로,교차로내,화물차,소형,원동기장치자전거,원동기장치자전거,1082790,1656921,128.4061974,34.90367775
2012,2012-05-31,5,주간,목,1,2,1,0,0,경기,남양주시,차대차,정면충돌,정면충돌,운전자법규위반,중앙선 침범,단일로,기타단일로,화물차,소형,건설기계,건설기계,965757,1964526,127.1116608,37.67962833
2012,2012-06-10,43,야간,일,1,3,1,1,0,인천,부평구,차대사람,횡단중,횡단중,운전자법규위반,안전운전 의무 불이행,교차로,교차로내,승용차,중형,보행자,보행자,929690,1943957,126.7046382,37.4921909
2012,2012-06-08,10,주간,금,1,2,1,0,0,경기,포천시,차대사람,보도통행중,보도통행중,운전자법규위반,보행자 보호의무 위반,단일로,기타단일로,승용차,중형,보행자,보행자,974481,1988134,127.2097647,37.89269416
2012,2012-06-09,18,야간,토,1,1,0,0,0,대전,유성구,차량단독,기타,기타,운전자법규위반,안전운전 의무 불이행,교차로,교차로내,승용차,소형,0,0,983381,1815587,127.3148137,36.33752626
2012,2012-06-15,20,야간,금,1,1,0,0,0,대구,동구,차량단독,공작물충돌,공작물충돌,운전자법규위반,안전운전 의무 불이행,단일로,기타단일로,이륜차,중형,0,0,1101312,1776938,128.6238448,35.98395809
2012,2012-06-13,40,야간,수,1,1,0,0,0,강원,철원군,차량단독,전도전복,전도전복,운전자법규위반,안전운전 의무 불이행,단일로,기타단일로,원동기장치자전거,원동기장치자전거,0,0,982971,2016519,127.3056489,38.14872142
2012,2012-06-13,55,주간,수,1,1,0,0,0,경북,영천시,차대사람,기타,기타,운전자법규위반,과속,단일로,기타단일로,화물차,소형,보행자,보행자,1129561,1775772,128.9369389,35.97010477
2012,2012-06-14,30,주간,목,1,2,1,0,0,인천,연수구,차대차,기타,기타,운전자법규위반,안전운전 의무 불이행,지하도로내,지하도로내,화물차,소형,승용차,중형,928886,1935982,126.6963136,37.42025189
2012,2012-04-26,46,주간,목,1,1,0,0,0,경남,창원시(통합),차대차,정면충돌,정면충돌,운전자법규위반,신호위반,교차로,교차로내,원동기장치자전거,원동기장치자전거,승용차,중형,1100562,1696123,128.6055813,35.25519558
2012,2012-04-25,50,주간,수,1,1,0,0,0,경북,김천시,차량단독,기타,기타,운전자법규위반,안전운전 의무 불이행,단일로,교량위,화물차,소형,0,0,1060938,1792621,128.1772274,36.12870323
2012,2012-04-25,35,주간,수,1,1,0,0,0,경북,봉화군,차량단독,공작물충돌,공작물충돌,운전자법규위반,안전운전 의무 불이행,단일로,기타단일로,이륜차,소형,0,0,1109529,1879051,128.7294144,36.90343644
2012,2012-04-30,55,야간,월,1,1,0,0,0,경기,동두천시,차량단독,공작물충돌,공작물충돌,운전자법규위반,안전운전 의무 불이행,교차로,교차로부근,승용차,중형,0,0,961462,1994139,127.0613776,37.94635759
2012,2012-04-30,0,주간,월,1,1,0,0,0,전남,보성군,차대차,측면직각충돌,측면직각충돌,운전자법규위반,교차로 통행방법 위반,교차로,교차로내,승용차,중형,원동기장치자전거,원동기장치자전거,962395,1641252,127.0890702,34.76506458
2012,2012-04-28,50,주간,토,1,1,0,0,0,경남,진주시,차대사람,차도통행중,차도통행중,운전자법규위반,안전운전 의무 불이행,기타/불명,기타/불명,승용차,소형,보행자,보행자,1052122,1687984,128.0724836,35.1858097
2012,2012-05-04,30,주간,금,1,1,0,0,0,제주,서귀포시,차대사람,기타,기타,운전자법규위반,안전운전 의무 불이행,단일로,기타단일로,농기계,농기계,보행자,보행자,940018,1493960,126.8547185,33.4356867
2012,2012-05-07,33,야간,월,1,1,0,0,0,충남,보령시,차대차,추돌,진행중 추돌,운전자법규위반,안전거리 미확보,단일로,기타단일로,승합차,소형,화물차,소형,914030,1809130,126.542935,36.27567212
2012,2012-05-06,8,야간,일,1,5,3,1,0,충남,아산시,차대차,정면충돌,정면충돌,운전자법규위반,중앙선 침범,단일로,기타단일로,승용차,대형,승용차,중형,956773,1861095,127.0157743,36.74694481
2012,2012-05-05,54,야간,토,1,1,0,0,0,서울,금천구,차대사람,기타,기타,운전자법규위반,안전운전 의무 불이행,단일로,기타단일로,승용차,중형,보행자,보행자,948052,1940484,126.9125864,37.46210377
2012,2012-05-13,4,야간,일,1,7,4,0,2,경남,남해군,차대차,정면충돌,정면충돌,운전자법규위반,안전운전 의무 불이행,단일로,기타단일로,승용차,중형,승용차,중형,1035072,1661081,127.8840811,34.94396197
2012,2012-05-12,50,야간,토,1,1,0,0,0,충남,천안시,차대사람,기타,기타,운전자법규위반,안전운전 의무 불이행,단일로,기타단일로,승용차,중형,보행자,보행자,965038,1869529,127.107969,36.82331419
2012,2012-05-12,55,야간,토,1,1,0,0,0,부산,동래구,차대사람,횡단중,횡단중,운전자법규위반,안전운전 의무 불이행,기타/불명,기타/불명,화물차,소형,보행자,보행자,1144345,1690960,129.086012,35.20589009
2012,2012-05-10,50,주간,목,1,1,0,0,0,전남,고흥군,차대사람,기타,기타,운전자법규위반,안전운전 의무 불이행,단일로,기타단일로,승용차,중형,보행자,보행자,979466,1627863,127.2987052,34.63357905
2012,2012-05-16,35,주간,수,1,1,0,0,0,경북,상주시,차대사람,차도통행중,차도통행중,운전자법규위반,안전운전 의무 불이행,단일로,기타단일로,화물차,소형,보행자,보행자,1042519,1816986,127.9663493,36.33800399
2012,2012-05-14,10,야간,월,1,2,1,0,0,인천,강화군,차량단독,공작물충돌,공작물충돌,운전자법규위반,안전운전 의무 불이행,단일로,기타단일로,화물차,경형,0,0,906140,1967313,126.4352771,37.70058065
2012,2012-05-24,20,주간,목,1,1,0,0,0,경기,가평군,차대차,정면충돌,정면충돌,운전자법규위반,중앙선 침범,단일로,기타단일로,이륜차,소형,화물차,소형,997594,1960676,127.4727267,37.64556287
2012,2012-05-24,38,주간,목,1,1,0,0,0,인천,서구,차대차,측면직각충돌,측면직각충돌,운전자법규위반,안전운전 의무 불이행,기타/불명,기타/불명,승용차,대형,이륜차,소형,926498,1945688,126.66836,37.5075433
2012,2012-05-25,20,주간,금,1,1,0,0,0,대구,수성구,차대사람,차도통행중,차도통행중,운전자법규위반,안전운전 의무 불이행,단일로,기타단일로,승합차,소형,보행자,보행자,1102383,1763082,128.6339387,35.85894424
2012,2012-05-29,28,주간,화,1,1,0,0,0,충남,홍성군,차대차,측면직각충돌,측면직각충돌,운전자법규위반,교차로 통행방법 위반,교차로,교차로내,화물차,소형,원동기장치자전거,원동기장치자전거,925740,1845173,126.6697148,36.60150213
2012,2012-05-30,10,야간,수,1,1,0,0,0,전북,고창군,차대사람,기타,기타,운전자법규위반,안전운전 의무 불이행,단일로,기타단일로,화물차,대형,보행자,보행자,908575,1712884,126.4931003,35.40748882
2012,2012-05-27,30,주간,일,1,1,0,0,0,부산,기장군,차대차,정면충돌,정면충돌,운전자법규위반,신호위반,교차로,교차로내,승용차,대형,이륜차,소형,1156308,1694744,129.2177919,35.23592641
2012,2012-06-01,45,주간,금,1,1,0,0,0,부산,강서구,차대차,기타,기타,운전자법규위반,안전거리 미확보,단일로,기타단일로,원동기장치자전거,원동기장치자전거,특수차,중형,1127531,1687240,128.9004704,35.17235722
2012,2012-06-01,5,주간,금,1,1,0,0,0,대구,동구,차량단독,공작물충돌,공작물충돌,운전자법규위반,안전운전 의무 불이행,단일로,기타단일로,승용차,소형,0,0,1108075,1776517,128.6987945,35.97943708
2012,2012-06-01,15,주간,금,1,1,0,0,0,전북,남원시,차대차,기타,기타,운전자법규위반,직진 및 우회전차의 통행방해,교차로,교차로내,화물차,대형,원동기장치자전거,원동기장치자전거,985523,1707416,127.3406454,35.36227663
2012,2012-06-01,27,야간,금,1,1,0,0,0,광주,남구,차대사람,횡단중,횡단중,운전자법규위반,안전운전 의무 불이행,단일로,기타단일로,화물차,소형,보행자,보행자,945025,1682661,126.8965366,35.13766164
2012,2012-05-31,20,주간,목,1,2,1,0,0,전남,곡성군,차량단독,전도전복,전도전복,운전자법규위반,안전운전 의무 불이행,기타/불명,기타/불명,화물차,소형,0,0,988182,1700615,127.3700123,35.30098758
2012,2012-05-31,15,주간,목,1,1,0,0,0,경남,진주시,차대차,측면직각충돌,측면직각충돌,운전자법규위반,과속,단일로,기타단일로,승용차,중형,자전거,자전거,1056917,1687408,128.128063,35.18055685
2012,2012-06-07,10,주간,목,1,1,0,0,0,대전,동구,차대사람,보도통행중,보도통행중,운전자법규위반,기타(운전자법규위반),단일로,횡단보도부근,화물차,소형,보행자,보행자,995383,1812593,127.4485702,36.3106664
2012,2012-06-07,50,주간,목,1,1,0,0,0,경기,화성시,차대사람,횡단중,횡단중,운전자법규위반,안전운전 의무 불이행,단일로,기타단일로,화물차,소형,보행자,보행자,958905,1912652,127.0368479,37.21178302
2012,2012-06-04,25,야간,월,1,2,0,1,0,부산,사상구,차대사람,기타,기타,운전자법규위반,안전운전 의무 불이행,단일로,기타단일로,승용차,중형,보행자,보행자,1135830,1688535,128.9924822,35.1840612
2012,2012-06-09,20,주간,토,1,1,0,0,0,충북,청원군,차량단독,전도전복,전도전복,운전자법규위반,안전운전 의무 불이행,단일로,기타단일로,승용차,경형,0,0,992323,1855092,127.417264,36.6931901
2012,2012-06-09,30,야간,토,1,1,0,0,0,서울,서초구,차대차,측면직각충돌,측면직각충돌,운전자법규위반,신호위반,교차로,교차로내,이륜차,소형,승합차,대형,954214,1943028,126.9821036,37.48535951
2012,2012-06-11,45,주간,월,1,1,0,0,0,대구,수성구,차대사람,기타,기타,운전자법규위반,안전운전 의무 불이행,단일로,기타단일로,승용차,중형,보행자,보행자,1103172,1759099,128.6421608,35.82295716
2012,2012-03-14,40,주간,수,1,4,3,0,0,부산,강서구,차량단독,공작물충돌,공작물충돌,운전자법규위반,안전운전 의무 불이행,단일로,기타단일로,승용차,중형,0,0,1123539,1682239,128.8558955,35.12777364
2012,2012-03-11,40,야간,일,1,1,0,0,0,경기,용인시,차대차,추돌,주정차중 추돌,운전자법규위반,안전운전 의무 불이행,단일로,기타단일로,승용차,중형,화물차,대형,968603,1925819,127.1429752,37.32977373
2012,2012-03-16,55,주간,금,1,1,0,0,0,경기,남양주시,차량단독,공작물충돌,공작물충돌,운전자법규위반,안전운전 의무 불이행,단일로,기타단일로,승용차,대형,0,0,987901,1961999,127.2163813,37.58697111
2012,2012-03-16,40,주간,금,1,1,0,0,0,경기,용인시,차량단독,공작물충돌,공작물충돌,운전자법규위반,안전운전 의무 불이행,단일로,기타단일로,원동기장치자전거,원동기장치자전거,0,0,988573,1907207,127.3712961,37.16353659
2012,2012-03-15,9,야간,목,1,1,0,0,0,경남,창원시(통합),차대사람,차도통행중,차도통행중,운전자법규위반,안전운전 의무 불이행,단일로,기타단일로,화물차,소형,보행자,보행자,1109063,1685141,128.697431,35.15560914
2012,2012-03-22,10,주간,목,1,1,0,0,0,경북,안동시,차대차,측면직각충돌,측면직각충돌,운전자법규위반,직진 및 우회전차의 통행방해,교차로,교차로내,화물차,소형,이륜차,소형,1094954,1843355,128.5598813,36.58310347
2012,2012-03-20,15,야간,화,2,3,1,0,0,충남,공주시,차량단독,도로이탈,도로이탈 추락,운전자법규위반,안전운전 의무 불이행,단일로,기타단일로,승용차,중형,0,0,974181,1829087,127.2118497,36.45902904
2012,2012-03-20,55,야간,화,1,1,0,0,0,경기,수원시,차대사람,횡단중,횡단중,운전자법규위반,안전운전 의무 불이행,단일로,기타단일로,승합차,대형,보행자,보행자,955955,1919888,127.0031737,37.27687162
2012,2012-03-22,45,야간,목,1,1,0,0,0,충북,진천군,차대차,추돌,진행중 추돌,운전자법규위반,안전운전 의무 불이행,단일로,기타단일로,승용차,중형,이륜차,소형,994512,1878649,127.4383961,36.90615794
2012,2012-03-23,15,야간,금,1,3,0,2,0,광주,북구,차대차,추돌,진행중 추돌,운전자법규위반,중앙선 침범,교차로,교차로내,승용차,중형,승용차,중형,946748,1685419,126.9152712,35.16262253
2012,2012-03-27,43,주간,화,1,2,0,1,0,대구,남구,차량단독,기타,기타,운전자법규위반,안전운전 의무 불이행,단일로,기타단일로,원동기장치자전거,원동기장치자전거,0,0,1097514,1760338,128.5797008,35.8366343
2012,2012-04-02,20,주간,월,1,2,0,1,0,대구,수성구,차대사람,보도통행중,보도통행중,운전자법규위반,안전운전 의무 불이행,교차로,교차로부근,승용차,중형,보행자,보행자,1102355,1759277,128.6331406,35.82464732
2012,2012-04-02,35,주간,월,1,1,0,0,0,전북,남원시,차대사람,횡단중,횡단중,운전자법규위반,안전운전 의무 불이행,교차로,교차로내,화물차,중형,보행자,보행자,989383,1713052,127.3830606,35.41314412
2012,2012-04-01,45,주간,일,1,1,0,0,0,부산,동래구,차대사람,기타,기타,운전자법규위반,안전운전 의무 불이행,단일로,기타단일로,승용차,소형,보행자,보행자,1142589,1690242,129.0662957,35.19739226
2012,2012-04-01,50,야간,일,1,1,0,0,0,충남,아산시,차대사람,차도통행중,차도통행중,운전자법규위반,안전운전 의무 불이행,교차로,교차로부근,승용차,중형,보행자,보행자,942969,1875972,126.8600353,36.88031868
2012,2012-04-02,54,주간,월,1,1,0,0,0,전북,남원시,차대사람,횡단중,횡단중,운전자법규위반,과속,단일로,횡단보도상,화물차,소형,보행자,보행자,989833,1712424,127.3880249,35.40748626
2012,2012-04-06,21,주간,금,1,1,0,0,0,경기,성남시,차대사람,기타,기타,운전자법규위반,안전운전 의무 불이행,교차로,교차로부근,승용차,소형,보행자,보행자,968197,1937918,127.1404858,37.43988773
2012,2012-04-07,40,야간,토,1,1,0,0,0,부산,영도구,차대사람,횡단중,횡단중,운전자법규위반,안전운전 의무 불이행,단일로,횡단보도부근,승용차,중형,보행자,보행자,1142603,1678821,129.0644776,35.09444311
2012,2012-04-05,5,주간,목,1,1,0,0,0,경기,남양주시,차대차,측면직각충돌,측면직각충돌,운전자법규위반,안전운전 의무 불이행,단일로,기타단일로,화물차,대형,이륜차,중형,971037,1961485,127.1805972,37.65134388
2012,2012-04-11,15,야간,수,1,1,0,0,0,충남,청양군,차대사람,횡단중,횡단중,운전자법규위반,안전운전 의무 불이행,단일로,기타단일로,화물차,소형,보행자,보행자,937827,1828332,126.8062042,36.45055405
2012,2012-04-14,13,야간,토,1,1,0,0,0,경기,평택시,차대차,정면충돌,정면충돌,운전자법규위반,안전운전 의무 불이행,교차로,교차로내,승용차,중형,자전거,자전거,949852,1887134,126.9365281,36.98132487
2012,2012-04-16,27,주간,월,1,1,0,0,0,경남,창원시(통합),차대차,기타,기타,운전자법규위반,안전거리 미확보,교차로,교차로부근,이륜차,소형,승용차,대형,1099383,1691174,128.5918971,35.21100353
2012,2012-04-11,45,야간,수,1,1,0,0,0,울산,중구,차대사람,횡단중,횡단중,운전자법규위반,안전운전 의무 불이행,단일로,기타단일로,승용차,중형,보행자,보행자,1164390,1730736,129.3138252,35.5590055
2012,2012-04-19,40,야간,목,1,1,0,0,0,전남,무안군,차대사람,횡단중,횡단중,운전자법규위반,안전운전 의무 불이행,단일로,기타단일로,승용차,중형,보행자,보행자,902476,1656155,126.4326404,34.89546216
2012,2012-04-19,30,주간,목,1,1,0,0,0,인천,계양구,차대사람,기타,기타,운전자법규위반,안전운전 의무 불이행,교차로,교차로내,건설기계,건설기계,보행자,보행자,933174,1947831,126.7436945,37.52736549
2012,2012-04-16,30,야간,월,1,1,0,0,0,경남,김해시,차대사람,차도통행중,차도통행중,운전자법규위반,안전운전 의무 불이행,단일로,기타단일로,화물차,중형,보행자,보행자,1126869,1694180,128.8942717,35.23500141
2012,2012-04-18,8,주간,수,1,1,0,0,0,서울,종로구,차대사람,횡단중,횡단중,운전자법규위반,안전운전 의무 불이행,단일로,기타단일로,화물차,소형,보행자,보행자,954607,1953227,126.9859182,37.5773051
2012,2012-04-22,40,야간,일,1,1,0,0,0,경북,경주시,차량단독,도로이탈,도로이탈 추락,운전자법규위반,안전운전 의무 불이행,단일로,기타단일로,승용차,소형,0,0,1158253,1779195,129.2557184,35.99672026
2012,2012-03-04,46,야간,일,1,1,0,0,0,울산,울주군,차량단독,공작물충돌,공작물충돌,운전자법규위반,안전운전 의무 불이행,교차로,교차로내,화물차,소형,0,0,1157954,1726113,129.2419411,35.51838821
2012,2012-03-13,16,야간,화,1,1,0,0,0,서울,관악구,차대사람,횡단중,횡단중,운전자법규위반,안전운전 의무 불이행,단일로,기타단일로,승용차,대형,보행자,보행자,953035,1941911,126.9688394,37.47523243
2012,2012-03-09,55,주간,금,1,1,0,0,0,서울,중랑구,차대사람,횡단중,횡단중,운전자법규위반,안전운전 의무 불이행,단일로,기타단일로,자전거,자전거,보행자,보행자,964041,1954542,127.0926921,37.58957453
2012,2012-03-17,20,야간,토,1,1,0,0,0,경기,성남시,차량단독,기타,기타,운전자법규위반,안전운전 의무 불이행,단일로,기타단일로,승용차,대형,0,0,966894,1939938,127.1256657,37.45804939
2012,2012-03-17,5,야간,토,2,2,0,0,0,경기,과천시,차량단독,공작물충돌,공작물충돌,운전자법규위반,과속,단일로,기타단일로,승용차,중형,0,0,955716,1936444,126.9994881,37.4260886
2012,2012-03-14,45,주간,수,1,2,1,0,0,전남,광양시,차대차,측면직각충돌,측면직각충돌,운전자법규위반,부당한 회전,단일로,기타단일로,화물차,소형,특수차,대형,1023091,1659685,127.7528373,34.93171758
2012,2012-03-21,0,야간,수,1,1,0,0,0,전남,여수시,차대사람,횡단중,횡단중,운전자법규위반,안전운전 의무 불이행,단일로,기타단일로,화물차,소형,보행자,보행자,1010219,1649559,127.612143,34.84096832