발생년,발생년월일시분,발생분,주야,요일,사망자수,사상자수,중상자수,경상자수,부상신고자수,발생지시도,발생지시군구,사고유형_대분류,사고유형_중분류,사고유형,법규위반_대분류,법규위반,도로형태_대분류,도로형태,당사자종별_1당_대분류,당사자종별_1당,당사자종별_2당_대분류,당사자종별_2당,발생위치X_UTMK,발생위치Y_UTMK,경도,위도
2012,2012-03-08,40,주간,목,1,1,0,0,0,부산,사상구,차대차,측면직각충돌,측면직각충돌,운전자법규위반,신호위반,교차로,교차로내,승용차,중형,원동기장치자전거,원동기장치자전거,1136435,1685040,128.9978564,35.15135639
2012,2012-03-05,20,야간,월,1,1,0,0,0,경기,수원시,차대차,추돌,주정차중 추돌,운전자법규위반,안전운전 의무 불이행,교차로,교차로내,승용차,소형,승합차,대형,955315,1918216,126.9960552,37.26177025
2012,2012-03-05,10,야간,월,1,2,0,1,0,대구,동구,차대사람,횡단중,횡단중,운전자법규위반,중앙선 침범,교차로,교차로내,승용차,중형,보행자,보행자,1110485,1764166,128.7238046,35.8678352
2012,2012-03-12,30,야간,월,1,1,0,0,0,서울,중랑구,차대사람,횡단중,횡단중,운전자법규위반,안전운전 의무 불이행,단일로,횡단보도상,승용차,중형,보행자,보행자,964726,1955695,127.1003954,37.59999339
2012,2012-04-04,53,주간,수,1,1,0,0,0,전남,완도군,차대사람,기타,기타,운전자법규위반,안전운전 의무 불이행,단일로,기타단일로,승용차,중형,보행자,보행자,931455,1591143,126.7550284,34.31160337
2012,2012-03-31,10,주간,토,1,1,0,0,0,전남,곡성군,차량단독,전도전복,전도전복,운전자법규위반,안전운전 의무 불이행,단일로,기타단일로,건설기계,건설기계,0,0,986774,1702242,127.354455,35.31578474
2012,2012-03-31,13,주간,토,1,1,0,0,0,경기,수원시,차대사람,횡단중,횡단중,운전자법규위반,안전운전 의무 불이행,단일로,기타단일로,승용차,소형,보행자,보행자,957253,1922577,127.0176599,37.30116992
2012,2012-03-31,57,주간,토,1,2,0,1,0,경기,부천시,차대사람,기타,기타,운전자법규위반,안전운전 의무 불이행,단일로,횡단보도부근,승합차,중형,보행자,보행자,939578,1943471,126.8165254,37.48851065
2012,2012-04-08,10,주간,일,1,1,0,0,0,충남,아산시,차대차,측면직각충돌,측면직각충돌,운전자법규위반,안전운전 의무 불이행,단일로,기타단일로,승용차,중형,이륜차,대형,954205,1877921,126.9892322,36.8995321
2012,2012-04-08,0,주간,일,1,2,1,0,0,경기,가평군,차대차,정면충돌,정면충돌,운전자법규위반,중앙선 침범,단일로,기타단일로,이륜차,대형,이륜차,대형,996949,1954126,127.4654316,37.58590968
2012,2012-04-07,40,야간,토,1,1,0,0,0,경기,광주시,차대사람,기타,기타,운전자법규위반,안전운전 의무 불이행,단일로,기타단일로,원동기장치자전거,원동기장치자전거,보행자,보행자,977400,1935059,127.2446067,37.41438825
2012,2012-04-03,11,주간,화,1,1,0,0,0,전남,해남군,차량단독,기타,기타,운전자법규위반,안전운전 의무 불이행,단일로,기타단일로,화물차,중형,0,0,918409,1598206,126.6125829,34.37434845
2012,2012-04-04,45,주간,수,1,2,1,0,0,경북,경주시,차대차,측면직각충돌,측면직각충돌,운전자법규위반,안전운전 의무 불이행,교차로,교차로부근,화물차,중형,화물차,대형,1164011,1752767,129.3141315,35.7576103
2012,2012-04-12,5,주간,목,1,1,0,0,0,부산,동구,차대사람,횡단중,횡단중,운전자법규위반,안전운전 의무 불이행,교차로,교차로내,화물차,소형,보행자,보행자,1140054,1680960,129.0368838,35.11408169
2012,2012-04-07,21,야간,토,1,1,0,0,0,경기,화성시,차대사람,길가장자리구역통행중,길가장자리구역통행중,운전자법규위반,안전운전 의무 불이행,단일로,기타단일로,승용차,중형,보행자,보행자,933340,1893747,126.7477047,37.0624788
2012,2012-04-15,37,야간,일,1,1,0,0,0,경북,구미시,차대사람,보도통행중,보도통행중,운전자법규위반,신호위반,단일로,횡단보도상,승합차,대형,보행자,보행자,1075896,1792095,128.343396,36.12290634
2012,2012-04-14,35,야간,토,1,2,0,1,0,제주,서귀포시,차대사람,횡단중,횡단중,운전자법규위반,안전운전 의무 불이행,단일로,기타단일로,이륜차,중형,보행자,보행자,920729,1475937,126.6488102,33.27188652
2012,2012-04-14,12,야간,토,1,1,0,0,0,서울,용산구,차대사람,기타,기타,운전자법규위반,안전운전 의무 불이행,단일로,횡단보도상,승합차,대형,보행자,보행자,953370,1950318,126.9720617,37.55569275
2012,2012-04-14,40,주간,토,1,1,0,0,0,경기,화성시,차대차,측면직각충돌,측면직각충돌,운전자법규위반,중앙선 침범,기타/불명,기타/불명,농기계,농기계,이륜차,소형,938823,1896218,126.8118735,37.06255291
2012,2012-04-15,0,주간,일,1,2,1,0,0,충남,서천군,차대차,기타,기타,운전자법규위반,교차로 통행방법 위반,교차로,교차로내,이륜차,소형,승합차,중형,928126,1787344,126.7017279,36.08038281
2012,2012-04-13,44,주간,금,1,1,0,0,0,서울,금천구,차대사람,기타,기타,운전자법규위반,안전운전 의무 불이행,단일로,기타단일로,화물차,소형,보행자,보행자,947421,1939881,126.9054946,37.4566331
2012,2012-04-12,30,야간,목,1,3,0,2,0,경기,평택시,차대차,추돌,주정차중 추돌,운전자법규위반,안전운전 의무 불이행,단일로,기타단일로,화물차,소형,승합차,대형,961056,1894031,127.0620578,37.04402619
2012,2012-04-19,6,주간,목,1,1,0,0,0,인천,남구,차대사람,횡단중,횡단중,운전자법규위반,안전운전 의무 불이행,단일로,기타단일로,화물차,소형,보행자,보행자,927817,1940839,126.6837581,37.4639445
2012,2012-04-18,50,주간,수,1,1,0,0,0,경북,영덕군,차대차,측면직각충돌,측면직각충돌,운전자법규위반,중앙선 침범,교차로,교차로부근,이륜차,사발이,승용차,중형,1173734,1834942,129.4397647,36.49638835
2012,2012-04-18,40,주간,수,1,2,0,1,0,충북,증평군,차대차,측면직각충돌,측면직각충돌,운전자법규위반,안전운전 의무 불이행,교차로,교차로내,원동기장치자전거,원동기장치자전거,승용차,소형,1007509,1866416,127.584169,36.79586784
2012,2012-04-17,35,주간,화,1,11,2,7,1,서울,금천구,차대차,측면직각충돌,측면직각충돌,운전자법규위반,안전운전 의무 불이행,교차로,교차로부근,승용차,중형,승합차,대형,946734,1940970,126.8976484,37.46640918
2012,2012-04-22,40,주간,일,1,1,0,0,0,경북,김천시,차대차,측면직각충돌,측면직각충돌,운전자법규위반,안전거리 미확보,단일로,기타단일로,이륜차,소형,승용차,중형,1055513,1793575,128.1170079,36.13762942
2012,2012-04-23,5,야간,월,1,1,0,0,0,경기,안산시,차량단독,공작물충돌,공작물충돌,운전자법규위반,안전운전 의무 불이행,단일로,기타단일로,승용차,중형,0,0,941192,1927413,126.8360602,37.3438811
2012,2012-04-22,36,야간,일,1,2,0,1,0,전남,순천시,차대차,추돌,진행중 추돌,운전자법규위반,안전운전 의무 불이행,단일로,기타단일로,승용차,중형,농기계,농기계,978903,1673431,127.2686475,35.05571392
2012,2012-04-27,50,야간,금,1,1,0,0,0,충남,부여군,차대차,측면직각충돌,측면직각충돌,운전자법규위반,과속,교차로,교차로내,화물차,소형,자전거,자전거,929739,1813481,126.6929411,36.29516967
2012,2012-03-01,30,주간,목,1,1,0,0,0,부산,사상구,차대사람,기타,기타,운전자법규위반,안전운전 의무 불이행,단일로,기타단일로,승합차,중형,보행자,보행자,1136183,1683438,128.9948266,35.13694989
2012,2012-03-01,0,주간,목,1,2,1,0,0,강원,평창군,차량단독,공작물충돌,공작물충돌,운전자법규위반,안전운전 의무 불이행,단일로,기타단일로,승용차,경형,0,0,1098096,1974303,128.61371,37.76312812
2012,2012-03-07,45,주간,수,1,1,0,0,0,경기,성남시,차량단독,기타,기타,운전자법규위반,안전운전 의무 불이행,단일로,기타단일로,승용차,중형,0,0,966393,1938008,127.1200889,37.44063517
2012,2012-03-06,5,주간,화,1,3,1,1,0,충남,홍성군,차대차,측면직각충돌,측면직각충돌,운전자법규위반,교차로 통행방법 위반,교차로,교차로내,화물차,대형,승합차,중형,916845,1836053,126.5712575,36.51856096
2012,2012-03-13,50,주간,화,1,1,0,0,0,경기,수원시,차대사람,횡단중,횡단중,운전자법규위반,안전운전 의무 불이행,단일로,기타단일로,승용차,중형,보행자,보행자,957996,1919842,127.026198,37.27655137
2012,2012-03-10,15,야간,토,1,1,0,0,0,경남,진주시,차대사람,기타,기타,운전자법규위반,안전운전 의무 불이행,단일로,기타단일로,화물차,중형,보행자,보행자,1059091,1691048,128.1492435,35.21305047
2012,2012-03-10,32,야간,토,1,1,0,0,0,부산,북구,차대차,측면직각충돌,측면직각충돌,운전자법규위반,신호위반,교차로,교차로내,승용차,중형,이륜차,소형,1138865,1691703,129.0256481,35.21108377
2012,2012-03-10,30,주간,토,1,1,0,0,0,경남,사천시,차대차,기타,기타,운전자법규위반,앞지르기 금지위반,교차로,교차로내,승용차,소형,이륜차,사발이,1043337,1668336,127.9749679,35.00906163
2012,2012-03-15,25,야간,목,1,1,0,0,0,경기,안양시,차대사람,횡단중,횡단중,운전자법규위반,안전운전 의무 불이행,교차로,교차로내,승용차,중형,보행자,보행자,949398,1933790,126.928265,37.40184328
2012,2012-03-15,30,주간,목,1,1,0,0,0,서울,동대문구,차대사람,기타,기타,운전자법규위반,안전운전 의무 불이행,단일로,기타단일로,승합차,소형,보행자,보행자,959012,1953299,127.0357998,37.57816077
2012,2012-03-20,25,야간,화,1,1,0,0,0,경북,영주시,차대차,측면직각충돌,측면직각충돌,운전자법규위반,안전운전 의무 불이행,교차로,교차로내,화물차,중형,자전거,자전거,1094401,1881691,128.5599671,36.92886647
2012,2012-03-21,0,야간,수,1,1,0,0,0,경남,양산시,차대사람,길가장자리구역통행중,길가장자리구역통행중,운전자법규위반,안전운전 의무 불이행,기타/불명,기타/불명,승용차,중형,보행자,보행자,1139571,1705709,129.0351435,35.33827788
2012,2012-03-24,48,주간,토,1,1,0,0,0,충남,당진시,차대차,측면직각충돌,측면직각충돌,운전자법규위반,신호위반,교차로,교차로내,이륜차,소형,화물차,소형,936182,1883213,126.7832707,36.9451535
2012,2012-03-24,50,야간,토,1,1,0,0,0,충북,보은군,차대사람,보도통행중,보도통행중,운전자법규위반,안전운전 의무 불이행,단일로,교량위,화물차,소형,보행자,보행자,1019967,1831475,127.7229018,36.48069705
2012,2012-03-31,4,야간,토,1,3,1,1,0,경남,진주시,차대차,추돌,주정차중 추돌,운전자법규위반,안전운전 의무 불이행,단일로,기타단일로,승용차,소형,화물차,대형,1054966,1686294,128.1036066,35.17041984
2012,2012-03-29,13,주간,목,1,1,0,0,0,충남,서산시,차대차,측면직각충돌,측면직각충돌,운전자법규위반,안전운전 의무 불이행,단일로,기타단일로,원동기장치자전거,원동기장치자전거,화물차,중형,904690,1883197,126.4296381,36.94234846
2012,2012-03-28,20,야간,수,1,1,0,0,0,경기,양평군,차대사람,기타,기타,운전자법규위반,안전운전 의무 불이행,단일로,기타단일로,승용차,중형,보행자,보행자,1010088,1944956,127.6141363,37.50381784
2012,2012-03-28,10,야간,수,1,1,0,0,0,울산,울주군,차대사람,횡단중,횡단중,운전자법규위반,안전운전 의무 불이행,단일로,기타단일로,승용차,중형,보행자,보행자,1159047,1730450,129.2548412,35.55730034
2012,2012-03-28,48,야간,수,1,1,0,0,0,인천,중구,차대사람,길가장자리구역통행중,길가장자리구역통행중,운전자법규위반,안전운전 의무 불이행,단일로,횡단보도상,승용차,중형,보행자,보행자,910364,1944180,126.4860191,37.49252665
2012,2012-03-27,37,주간,화,1,1,0,0,0,경기,연천군,차량단독,기타,기타,운전자법규위반,안전운전 의무 불이행,단일로,기타단일로,자전거,자전거,0,0,962607,1998673,127.0666161,37.98265389
2012,2012-04-02,31,주간,월,2,5,2,1,0,서울,서초구,차대차,기타,기타,운전자법규위반,안전운전 의무 불이행,교차로,교차로내,승용차,중형,승용차,중형,956827,1944924,127.0115476,37.50257468
2012,2012-04-01,7,주간,일,1,1,0,0,0,경기,남양주시,차대사람,기타,기타,운전자법규위반,안전운전 의무 불이행,단일로,기타단일로,승용차,대형,보행자,보행자,965607,1960928,127.1101294,37.64719319
2012,2012-04-01,30,주간,일,1,1,0,0,0,부산,북구,차대사람,기타,기타,운전자법규위반,안전운전 의무 불이행,단일로,기타단일로,승용차,대형,보행자,보행자,1137044,1693785,129.0059945,35.23010131
2012,2012-03-31,30,주간,토,1,1,0,0,0,경남,창원시(통합),차량단독,공작물충돌,공작물충돌,운전자법규위반,안전운전 의무 불이행,단일로,기타단일로,이륜차,소형,0,0,1100386,1691197,128.6029178,35.21111101
2012,2012-04-05,50,주간,목,1,2,0,1,0,경남,합천군,차량단독,공작물충돌,공작물충돌,운전자법규위반,안전운전 의무 불이행,단일로,기타단일로,화물차,소형,0,0,1076814,1728571,128.3473509,35.55014483
2012,2012-04-04,59,야간,수,1,1,0,0,0,서울,영등포구,차대사람,차도통행중,차도통행중,운전자법규위반,안전운전 의무 불이행,단일로,기타단일로,승합차,대형,보행자,보행자,947697,1944391,126.9082947,37.49729838
2012,2012-04-11,0,야간,수,1,2,0,1,0,경북,경주시,차량단독,전도전복,전도전복,운전자법규위반,안전운전 의무 불이행,단일로,기타단일로,이륜차,소형,0,0,1174913,1754001,129.4349286,35.76685132
2012,2012-04-08,0,주간,일,1,1,0,0,0,경기,하남시,차량단독,기타,기타,운전자법규위반,안전운전 의무 불이행,단일로,기타단일로,자전거,자전거,0,0,972113,1946940,127.1844114,37.52133442
2012,2012-04-09,40,주간,월,1,1,0,0,0,서울,강서구,차대사람,차도통행중,차도통행중,운전자법규위반,안전운전 의무 불이행,교차로,교차로내,승용차,중형,보행자,보행자,941905,1948085,126.8439577,37.53226445
2012,2012-04-15,20,주간,일,1,2,0,1,0,경남,하동군,차대차,정면충돌,정면충돌,운전자법규위반,중앙선 침범,단일로,기타단일로,승용차,소형,승용차,중형,1036254,1665242,127.8387798,34.97946316
2012,2012-04-16,26,주간,월,1,3,0,2,0,경기,남양주시,차대차,추돌,진행중 추돌,운전자법규위반,안전운전 의무 불이행,단일로,기타단일로,승용차,경형,특수차,소형,968578,1964906,127.1436359,37.68315435
2012,2012-04-15,30,야간,일,1,1,0,0,0,충북,청주시,차대차,추돌,진행중 추돌,운전자법규위반,안전운전 의무 불이행,단일로,기타단일로,이륜차,소형,승용차,중형,998651,1847673,127.484912,36.62693099
2012,2012-04-16,30,주간,월,1,1,0,0,0,경남,창녕군,차대차,측면직각충돌,측면직각충돌,운전자법규위반,안전운전 의무 불이행,단일로,기타단일로,화물차,대형,자전거,자전거,1080812,1732071,128.3935179,35.58352326
2012,2012-04-16,20,주간,월,1,3,1,1,0,전북,익산시,차량단독,공작물충돌,공작물충돌,운전자법규위반,안전운전 의무 불이행,단일로,기타단일로,승용차,중형,0,0,950531,1779090,126.9550584,35.9960085
2012,2012-04-16,45,야간,월,1,1,0,0,0,대전,유성구,차량단독,기타,기타,운전자법규위반,안전운전 의무 불이행,단일로,기타단일로,화물차,소형,0,0,988923,1822998,127.3764627,36.40441885
2012,2012-04-14,55,야간,토,1,1,0,0,0,충남,논산시,차대사람,횡단중,횡단중,운전자법규위반,안전운전 의무 불이행,단일로,기타단일로,화물차,소형,보행자,보행자,968114,1801761,127.1452594,36.21249527
2012,2012-04-12,30,주간,목,1,2,0,1,0,인천,중구,차대차,측면직각충돌,측면직각충돌,운전자법규위반,신호위반,교차로,교차로내,승용차,소형,화물차,대형,920965,1939333,126.6064458,37.44981091
2012,2012-04-17,30,주간,화,1,3,1,1,0,경북,영주시,차대차,측면직각충돌,측면직각충돌,운전자법규위반,신호위반,교차로,교차로내,이륜차,중형,승용차,중형,1094463,1872219,128.5594828,36.84348859
2012,2012-04-15,47,야간,일,1,1,0,0,0,경북,구미시,차대차,측면직각충돌,측면직각충돌,운전자법규위반,안전운전 의무 불이행,교차로,교차로내,이륜차,중형,승용차,중형,1081976,1788740,128.4106036,36.09216752
2012,2012-04-24,30,주간,화,1,1,0,0,0,제주,서귀포시,차량단독,공작물충돌,공작물충돌,운전자법규위반,안전운전 의무 불이행,단일로,기타단일로,승용차,중형,0,0,888076,1471817,126.2987572,33.23183771
2012,2012-04-23,40,주간,월,1,1,0,0,0,부산,진구,차량단독,도로이탈,도로이탈 기타,운전자법규위반,안전운전 의무 불이행,단일로,기타단일로,이륜차,소형,0,0,1141377,1686742,129.0523865,35.16601524
2012,2012-04-20,20,주간,금,1,1,0,0,0,충남,예산군,차대차,정면충돌,정면충돌,운전자법규위반,중앙선 침범,단일로,기타단일로,승용차,대형,이륜차,대형,932105,1838076,126.7415005,36.53800224
2012,2012-03-08,17,야간,목,1,1,0,0,0,충남,부여군,차량단독,공작물충돌,공작물충돌,운전자법규위반,안전운전 의무 불이행,단일로,기타단일로,이륜차,소형,0,0,945263,1808924,126.8905447,36.27604665
2012,2012-03-09,40,야간,금,1,1,0,0,0,서울,양천구,차대사람,차도통행중,차도통행중,운전자법규위반,안전운전 의무 불이행,교차로,교차로내,화물차,소형,보행자,보행자,941538,1947075,126.8384083,37.52111988
2012,2012-03-05,41,야간,월,1,1,0,0,0,서울,종로구,차대사람,횡단중,횡단중,운전자법규위반,안전운전 의무 불이행,단일로,기타단일로,승용차,대형,보행자,보행자,952673,1952693,126.9640507,37.57239466
2012,2012-03-12,40,야간,월,1,1,0,0,0,충북,음성군,차대사람,기타,기타,운전자법규위반,안전운전 의무 불이행,단일로,기타단일로,승용차,대형,보행자,보행자,1008867,1891137,127.5996804,37.01870496
2012,2012-03-10,11,주간,토,2,3,0,1,0,충남,홍성군,차대차,추돌,진행중 추돌,운전자법규위반,부당한 회전,단일로,기타단일로,화물차,소형,승용차,경형,920177,1843539,126.6076923,36.58632381
2012,2012-03-10,18,야간,토,1,1,0,0,0,전남,진도군,차대사람,횡단중,횡단중,운전자법규위반,안전운전 의무 불이행,단일로,횡단보도부근,화물차,소형,보행자,보행자,889542,1605699,126.2977002,34.43922889
2012,2012-03-10,55,야간,토,1,1,0,0,0,서울,서초구,차대사람,횡단중,횡단중,운전자법규위반,안전운전 의무 불이행,단일로,횡단보도상,승용차,소형,보행자,보행자,957580,1945815,127.0200152,37.51064048
2012,2012-03-17,27,야간,토,2,4,2,0,0,대구,북구,차대차,정면충돌,정면충돌,운전자법규위반,중앙선 침범,단일로,기타단일로,특수차,소형,승용차,중형,1096722,1767970,128.5718442,35.90358266
2012,2012-03-15,30,주간,목,1,1,0,0,0,강원,홍천군,차량단독,전도전복,전도전복,운전자법규위반,안전운전 의무 불이행,단일로,기타단일로,농기계,농기계,0,0,1026520,1967691,127.8008716,37.70841111
2012,2012-03-16,30,야간,금,1,2,1,0,0,경남,창원시(통합),차대차,측면직각충돌,측면직각충돌,운전자법규위반,신호위반,단일로,기타단일로,승용차,중형,원동기장치자전거,원동기장치자전거,1104885,1694598,128.652752,35.22978878
2012,2012-03-15,30,야간,목,1,1,0,0,0,서울,영등포구,차대사람,보도통행중,보도통행중,운전자법규위반,기타(운전자법규위반),단일로,기타단일로,화물차,소형,보행자,보행자,948554,1947582,126.9177662,37.52610761
2012,2012-03-13,20,야간,화,1,2,0,1,0,전남,무안군,차대차,정면충돌,정면충돌,운전자법규위반,중앙선 침범,단일로,기타단일로,승용차,소형,원동기장치자전거,원동기장치자전거,899273,1671049,126.3957905,35.02943094
2012,2012-03-21,9,주간,수,1,1,0,0,0,강원,횡성군,차량단독,도로이탈,도로이탈 기타,운전자법규위반,안전운전 의무 불이행,단일로,기타단일로,원동기장치자전거,원동기장치자전거,0,0,1035809,1943299,127.9050603,37.48824294
2012,2012-03-21,40,주간,수,1,1,0,0,0,전남,여수시,차대사람,횡단중,횡단중,운전자법규위반,보행자 보호의무 위반,교차로,교차로내,화물차,소형,보행자,보행자,1020045,1645520,127.7191459,34.8040485
2012,2012-03-22,58,야간,목,1,1,0,0,0,강원,강릉시,차대사람,횡단중,횡단중,운전자법규위반,보행자 보호의무 위반,단일로,횡단보도상,화물차,소형,보행자,보행자,1121928,1975240,128.884373,37.76870389
2012,2012-03-19,5,주간,월,1,1,0,0,0,충남,아산시,차대차,기타,기타,운전자법규위반,안전운전 의무 불이행,단일로,기타단일로,승용차,중형,화물차,소형,963509,1872320,127.0906906,36.84841576
2012,2012-03-26,34,주간,월,1,1,0,0,0,충남,금산군,차량단독,공작물충돌,공작물충돌,운전자법규위반,안전운전 의무 불이행,단일로,기타단일로,원동기장치자전거,원동기장치자전거,0,0,998669,1790075,127.4852008,36.10758147
2012,2012-03-23,10,야간,금,1,1,0,0,0,서울,금천구,차대사람,기타,기타,운전자법규위반,보행자 보호의무 위반,교차로,교차로부근,승용차,중형,보행자,보행자,945390,1942785,126.8823161,37.48268965
2012,2012-03-29,50,야간,목,1,1,0,0,0,부산,사상구,차대사람,횡단중,횡단중,운전자법규위반,안전운전 의무 불이행,단일로,기타단일로,화물차,소형,보행자,보행자,1135275,1689906,128.9859232,35.19537597
2012,2012-03-31,0,주간,토,1,1,0,0,0,경기,안성시,차대사람,기타,기타,운전자법규위반,안전운전 의무 불이행,교차로,교차로부근,화물차,소형,보행자,보행자,977770,1890430,127.2501181,37.01211059
2012,2012-03-31,53,야간,토,1,1,0,0,0,울산,중구,차대사람,차도통행중,차도통행중,운전자법규위반,안전운전 의무 불이행,교차로,교차로부근,승용차,대형,보행자,보행자,1164112,1730062,129.3106225,35.55297745
2012,2012-04-07,20,주간,토,1,1,0,0,0,경북,포항시,차대차,측면직각충돌,측면직각충돌,운전자법규위반,안전운전 의무 불이행,교차로,교차로부근,이륜차,소형,특수차,소형,1172460,1779247,129.4132718,35.99477889
2012,2012-04-07,10,주간,토,1,3,0,2,0,전남,나주시,차대차,기타,기타,운전자법규위반,직진 및 우회전차의 통행방해,교차로,교차로내,승용차,소형,화물차,중형,917149,1663075,126.5925241,34.95915976
2012,2012-04-08,20,야간,일,1,2,1,0,0,대구,수성구,차량단독,기타,기타,운전자법규위반,안전운전 의무 불이행,단일로,기타단일로,이륜차,소형,0,0,1107639,1759705,128.6916848,35.82793975
2012,2012-04-05,0,주간,목,1,4,3,0,0,충남,당진시,차대차,측면직각충돌,측면직각충돌,운전자법규위반,교차로 통행방법 위반,교차로,교차로내,화물차,소형,승용차,중형,919144,1871717,126.5931659,36.84022589
2012,2012-04-11,30,주간,수,1,2,1,0,0,경북,경주시,차대차,기타,기타,운전자법규위반,안전운전 의무 불이행,교차로,교차로내,승합차,중형,이륜차,소형,1160069,1778169,129.2748926,35.9875406
2012,2012-04-11,0,야간,수,2,6,4,0,0,제주,제주시,차량단독,전도전복,전도전복,운전자법규위반,안전운전 의무 불이행,단일로,기타단일로,승용차,중형,0,0,911134,1499257,126.5434939,33.48145164
2012,2012-04-08,25,주간,일,1,1,0,0,0,경북,경주시,차량단독,기타,기타,운전자법규위반,안전운전 의무 불이행,단일로,기타단일로,원동기장치자전거,원동기장치자전거,0,0,1159032,1762969,129.2611112,35.85036832
2012,2012-04-14,15,야간,토,1,1,0,0,0,경기,성남시,차량단독,전도전복,전도전복,운전자법규위반,안전운전 의무 불이행,단일로,기타단일로,승합차,소형,0,0,967906,1933437,127.1373911,37.3994877
2012,2012-04-18,55,주간,수,1,2,1,0,0,경북,의성군,차대차,정면충돌,정면충돌,운전자법규위반,중앙선 침범,교차로,교차로내,승용차,중형,건설기계,건설기계,1100472,1810428,128.6188059,36.28592466
2012,2012-04-18,0,주간,수,1,1,0,0,0,전북,순창군,차대차,측면직각충돌,측면직각충돌,운전자법규위반,교차로 통행방법 위반,교차로,교차로부근,화물차,소형,자전거,자전거,967708,1708314,127.1445148,35.36995599
2012,2012-04-17,25,야간,화,1,1,0,0,0,경북,김천시,차대차,측면직각충돌,측면직각충돌,운전자법규위반,안전운전 의무 불이행,단일로,기타단일로,화물차,중형,특수차,대형,1069776,1785642,128.274822,36.0651922
2012,2012-04-17,45,주간,화,1,1,0,0,0,대구,달성군,차대차,기타,기타,운전자법규위반,안전운전 의무 불이행,교차로,교차로내,원동기장치자전거,원동기장치자전거,자전거,자전거,1084710,1763199,128.4382405,35.86168683
2012,2012-04-23,0,야간,월,1,5,0,3,1,경북,울릉군,차량단독,기타,기타,운전자법규위반,안전운전 의무 불이행,단일로,기타단일로,승용차,중형,0,0,1301128,1947627,130.9053219,37.47883645
2012,2012-04-22,8,야간,일,1,1,0,0,0,전북,익산시,차대사람,횡단중,횡단중,운전자법규위반,보행자 보호의무 위반,단일로,기타단일로,승합차,소형,보행자,보행자,951301,1770837,126.960125,35.93300145
2012,2012-04-24,8,주간,화,1,1,0,0,0,강원,횡성군,차량단독,전도전복,전도전복,운전자법규위반,안전운전 의무 불이행,단일로,기타단일로,특수차,대형,0,0,1056626,1945264,128.140676,37.50491175
2012,2012-04-22,40,주간,일,1,1,0,0,0,전북,익산시,차대차,측면직각충돌,측면직각충돌,운전자법규위반,신호위반,교차로,교차로내,승합차,소형,화물차,소형,952694,1779027,126.9750786,36.00690775
2012,2012-04-22,25,야간,일,1,2,1,0,0,경남,창원시(통합),차량단독,기타,기타,운전자법규위반,안전운전 의무 불이행,단일로,기타단일로,승용차,중형,0,0,1103057,1692282,128.6323943,35.22062182
2012,2012-04-22,40,야간,일,1,1,0,0,0,경기,양평군,차량단독,공작물충돌,공작물충돌,운전자법규위반,안전운전 의무 불이행,단일로,기타단일로,승용차,대형,0,0,1001578,1943665,127.5178508,37.49223498
2012,2012-04-22,20,야간,일,1,3,2,0,0,대구,동구,차대차,정면충돌,정면충돌,운전자법규위반,중앙선 침범,단일로,기타단일로,승용차,경형,화물차,중형,1101750,1765208,128.6272006,35.8781748
2012,2012-04-22,0,야간,일,1,1,0,0,0,경기,양주시,차대사람,기타,기타,운전자법규위반,안전운전 의무 불이행,단일로,기타단일로,화물차,소형,보행자,보행자,954958,1985948,126.9958383,37.87370298
2012,2012-04-21,0,야간,토,1,1,0,0,0,경북,구미시,차대차,측면직각충돌,측면직각충돌,운전자법규위반,안전운전 의무 불이행,단일로,기타단일로,이륜차,소형,승합차,대형,1074475,1793653,128.3277541,36.13706154
2012,2012-04-21,29,주간,토,1,1,0,0,0,전남,여수시,차대사람,횡단중,횡단중,운전자법규위반,안전운전 의무 불이행,단일로,기타단일로,승용차,중형,보행자,보행자,1016360,1641096,127.678773,34.76422
2012,2012-04-27,8,주간,금,1,1,0,0,0,강원,동해시,차대사람,기타,기타,운전자법규위반,안전운전 의무 불이행,단일로,기타단일로,승용차,중형,보행자,보행자,1142147,1950432,129.1090308,37.54226738
2012,2012-04-27,50,야간,금,1,1,0,0,0,강원,원주시,차대차,측면직각충돌,측면직각충돌,운전자법규위반,중앙선 침범,단일로,기타단일로,승용차,대형,이륜차,중형,1044036,1927337,127.9971667,37.34401448
2012,2012-04-26,25,야간,목,1,4,3,0,0,전남,무안군,차량단독,공작물충돌,공작물충돌,운전자법규위반,과속,단일로,기타단일로,승용차,중형,0,0,890145,1676550,126.2950162,35.07807275
2012,2012-03-07,5,야간,수,1,1,0,0,0,전남,여수시,차대사람,횡단중,횡단중,운전자법규위반,안전운전 의무 불이행,교차로,교차로부근,화물차,소형,보행자,보행자,1019212,1639986,127.7099126,34.75416056
2012,2012-03-11,55,주간,일,1,1,0,0,0,강원,춘천시,차대차,측면직각충돌,측면직각충돌,운전자법규위반,안전운전 의무 불이행,단일로,기타단일로,이륜차,소형,승용차,소형,1024878,1996343,127.7832288,37.96669878
2012,2012-03-13,25,야간,화,1,2,1,0,0,제주,서귀포시,차대사람,횡단중,횡단중,운전자법규위반,보행자 보호의무 위반,단일로,횡단보도상,승용차,소형,보행자,보행자,934806,1479689,126.7997991,33.30704931