발생년,발생년월일시분,발생분,주야,요일,사망자수,사상자수,중상자수,경상자수,부상신고자수,발생지시도,발생지시군구,사고유형_대분류,사고유형_중분류,사고유형,법규위반_대분류,법규위반,도로형태_대분류,도로형태,당사자종별_1당_대분류,당사자종별_1당,당사자종별_2당_대분류,당사자종별_2당,발생위치X_UTMK,발생위치Y_UTMK,경도,위도
2012,2012-03-20,16,야간,화,1,1,0,0,0,대구,달성군,차대사람,기타,기타,운전자법규위반,안전운전 의무 불이행,단일로,기타단일로,승용차,경형,보행자,보행자,1085670,1743337,128.4467473,35.68254641
2012,2012-03-18,28,야간,토,1,1,0,0,0,경기,안산시,차량단독,공작물충돌,공작물충돌,운전자법규위반,안전운전 의무 불이행,단일로,터널안,승용차,소형,0,0,944374,1921307,126.8724406,37.28904141
2012,2012-03-30,0,주간,금,1,1,0,0,0,충북,청주시,차대사람,기타,기타,운전자법규위반,안전운전 의무 불이행,단일로,기타단일로,화물차,소형,보행자,보행자,994124,1847779,127.4342787,36.62786941
2012,2012-03-30,48,야간,금,1,1,0,0,0,광주,광산구,차량단독,공작물충돌,공작물충돌,운전자법규위반,안전운전 의무 불이행,단일로,기타단일로,화물차,소형,0,0,938468,1691506,126.8239042,35.21703324
2012,2012-03-28,55,주간,수,1,1,0,0,0,대구,동구,차대차,추돌,진행중 추돌,운전자법규위반,안전운전 의무 불이행,단일로,기타단일로,화물차,대형,이륜차,소형,1109130,1764642,128.7088639,35.87227787
2012,2012-04-03,20,야간,화,1,1,0,0,0,충남,천안시,차대차,추돌,주정차중 추돌,운전자법규위반,안전운전 의무 불이행,교차로,교차로부근,승용차,대형,승용차,대형,967994,1869781,127.1411036,36.82569051
2012,2012-04-04,50,주간,수,1,1,0,0,0,경남,고성군,차량단독,전도전복,전도전복,운전자법규위반,안전운전 의무 불이행,단일로,기타단일로,이륜차,사발이,0,0,1077621,1669274,128.3507,35.01563013
2012,2012-04-05,10,야간,목,1,1,0,0,0,부산,연제구,차대사람,횡단중,횡단중,운전자법규위반,안전운전 의무 불이행,단일로,기타단일로,승합차,중형,보행자,보행자,1143514,1688201,129.0760977,35.17886339
2012,2012-03-05,0,야간,월,1,1,0,0,0,경기,수원시,차대사람,횡단중,횡단중,운전자법규위반,안전운전 의무 불이행,교차로,교차로부근,승용차,소형,보행자,보행자,956760,1919181,127.0122949,37.27053671
2012,2012-03-14,16,주간,화,1,1,0,0,0,전남,신안군,차대차,측면직각충돌,측면직각충돌,운전자법규위반,직진 및 우회전차의 통행방해,교차로,교차로내,화물차,대형,원동기장치자전거,원동기장치자전거,866963,1655464,126.0441718,34.88519937
2012,2012-03-12,45,야간,월,1,3,1,1,0,전남,영암군,차대차,추돌,진행중 추돌,운전자법규위반,안전운전 의무 불이행,단일로,기타단일로,화물차,소형,화물차,소형,914749,1647504,126.5678268,34.81856603
2012,2012-03-11,10,야간,일,1,1,0,0,0,강원,영월군,차대사람,길가장자리구역통행중,길가장자리구역통행중,운전자법규위반,기타(운전자법규위반),단일로,기타단일로,승용차,소형,보행자,보행자,1083829,1909805,128.444412,37.18326126
2012,2012-03-18,30,야간,일,1,1,0,0,0,경기,동두천시,차량단독,전도전복,전도전복,운전자법규위반,안전운전 의무 불이행,단일로,기타단일로,이륜차,중형,0,0,959312,1989845,127.0371507,37.90756322
2012,2012-03-16,15,야간,금,1,1,0,0,0,서울,은평구,차대사람,횡단중,횡단중,운전자법규위반,안전운전 의무 불이행,단일로,기타단일로,승용차,중형,보행자,보행자,948418,1956280,126.9156048,37.60290051
2012,2012-04-14,20,주간,토,1,1,0,0,0,전북,고창군,차대사람,기타,기타,운전자법규위반,안전운전 의무 불이행,단일로,기타단일로,화물차,소형,보행자,보행자,924317,1713165,126.6665054,35.41141575
2012,2012-04-13,35,야간,금,1,1,0,0,0,전남,여수시,차대사람,횡단중,횡단중,운전자법규위반,안전운전 의무 불이행,단일로,기타단일로,승용차,중형,보행자,보행자,1020847,1638553,127.7276305,34.74067418
2012,2012-04-13,22,주간,금,1,1,0,0,0,강원,강릉시,차대차,측면직각충돌,측면직각충돌,운전자법규위반,신호위반,교차로,교차로내,이륜차,중형,승합차,대형,1123471,1974147,128.9017016,37.75864826
2012,2012-04-13,20,주간,금,1,2,1,0,0,충남,홍성군,차대차,측면직각충돌,측면직각충돌,운전자법규위반,차로위반(진로변경 위반),교차로,교차로부근,원동기장치자전거,원동기장치자전거,승용차,중형,923590,1840095,126.6461827,36.55555882
2012,2012-04-20,55,야간,금,1,1,0,0,0,충북,음성군,차대차,추돌,진행중 추돌,운전자법규위반,교차로 통행방법 위반,교차로,교차로내,화물차,대형,승용차,중형,1005330,1885925,127.5598816,36.97174848
2012,2012-04-18,47,주간,수,1,1,0,0,0,충북,영동군,차대사람,기타,기타,운전자법규위반,안전운전 의무 불이행,단일로,기타단일로,화물차,소형,보행자,보행자,1045062,1802409,128.0013603,36.2178129
2012,2012-04-17,40,야간,화,1,1,0,0,0,전남,무안군,차대사람,횡단중,횡단중,운전자법규위반,안전운전 의무 불이행,교차로,교차로부근,화물차,소형,보행자,보행자,896743,1668288,126.3684034,35.0042832
2012,2012-04-16,15,야간,월,1,1,0,0,0,경남,창원시(통합),차대사람,기타,기타,운전자법규위반,보행자 보호의무 위반,단일로,횡단보도상,승용차,소형,보행자,보행자,1105940,1684752,128.6630993,35.15243618
2012,2012-04-17,5,주간,화,1,2,0,0,1,광주,북구,차대차,기타,기타,운전자법규위반,안전운전 의무 불이행,교차로,교차로내,승용차,소형,이륜차,중형,945616,1692072,126.9022485,35.22263016
2012,2012-04-18,0,주간,수,1,6,4,1,0,경기,부천시,차대차,기타,기타,운전자법규위반,중앙선 침범,고가도로위,고가도로위,승용차,중형,승합차,소형,936214,1944094,126.7784216,37.49389947
2012,2012-04-23,40,야간,월,1,2,1,0,0,경북,의성군,차대차,추돌,주정차중 추돌,운전자법규위반,안전운전 의무 불이행,단일로,기타단일로,화물차,소형,화물차,대형,1105684,1817897,128.677846,36.35268984
2012,2012-04-21,33,주간,토,1,1,0,0,0,광주,광산구,차량단독,도로이탈,도로이탈 추락,운전자법규위반,안전운전 의무 불이행,단일로,기타단일로,승용차,중형,0,0,935636,1677317,126.7938953,35.08891999
2012,2012-04-21,45,야간,토,1,1,0,0,0,경기,수원시,차대사람,횡단중,횡단중,운전자법규위반,안전운전 의무 불이행,단일로,기타단일로,승용차,중형,보행자,보행자,953766,1919951,126.9784788,37.27733328
2012,2012-03-08,30,주간,목,1,1,0,0,0,충남,태안군,차대사람,횡단중,횡단중,운전자법규위반,안전운전 의무 불이행,단일로,기타단일로,승합차,대형,보행자,보행자,892522,1862469,126.2959469,36.75422398
2012,2012-03-13,7,주간,화,1,1,0,0,0,대구,동구,차대사람,횡단중,횡단중,운전자법규위반,안전운전 의무 불이행,단일로,기타단일로,승용차,소형,보행자,보행자,1101753,1765069,128.627216,35.87692149
2012,2012-03-12,30,야간,월,1,7,0,6,0,전남,여수시,차대차,정면충돌,정면충돌,운전자법규위반,신호위반,교차로,교차로내,승용차,중형,승합차,대형,1016369,1639490,127.6788402,34.74973733
2012,2012-03-21,0,야간,수,1,1,0,0,0,충북,청원군,차대차,정면충돌,정면충돌,운전자법규위반,신호위반,교차로,교차로내,승용차,중형,이륜차,소형,1010386,1844567,127.6153596,36.59820836
2012,2012-03-21,50,야간,수,1,1,0,0,0,전남,여수시,차대사람,횡단중,횡단중,운전자법규위반,안전운전 의무 불이행,단일로,기타단일로,승용차,소형,보행자,보행자,1022474,1636919,127.7454715,34.72643649
2012,2012-03-25,20,야간,일,1,4,2,1,0,인천,서구,차량단독,공작물충돌,공작물충돌,운전자법규위반,안전운전 의무 불이행,단일로,기타단일로,승용차,중형,0,0,927101,1950187,126.6747354,37.54813922
2012,2012-03-25,52,주간,일,1,4,1,2,0,서울,서대문구,차대차,측면직각충돌,측면직각충돌,운전자법규위반,신호위반,교차로,교차로내,승용차,중형,승합차,대형,948511,1952259,126.9169513,37.5682596
2012,2012-03-27,40,주간,화,1,1,0,0,0,대구,수성구,차대사람,횡단중,횡단중,운전자법규위반,안전운전 의무 불이행,단일로,횡단보도부근,승용차,중형,보행자,보행자,1100918,1763420,128.6179864,35.86416052
2012,2012-03-22,0,야간,목,2,3,0,1,0,경기,안성시,차대사람,길가장자리구역통행중,길가장자리구역통행중,운전자법규위반,안전운전 의무 불이행,단일로,기타단일로,승용차,중형,보행자,보행자,993487,1896321,127.4267377,37.06545467
2012,2012-03-29,50,야간,목,1,1,0,0,0,전북,전주시,차대차,기타,기타,운전자법규위반,교차로 통행방법 위반,교차로,교차로내,승용차,중형,이륜차,중형,965951,1758010,127.1230786,35.81797456
2012,2012-03-28,0,야간,수,1,3,0,1,1,경기,이천시,차량단독,도로이탈,도로이탈 추락,운전자법규위반,안전운전 의무 불이행,단일로,기타단일로,승용차,중형,0,0,1009616,1901848,127.6082376,37.11524988
2012,2012-04-03,40,주간,화,1,1,0,0,0,전남,영암군,차량단독,도로이탈,도로이탈 기타,운전자법규위반,안전운전 의무 불이행,교차로,교차로부근,화물차,소형,0,0,913935,1637123,126.5599892,34.72489658
2012,2012-04-02,45,야간,월,1,1,0,0,0,부산,금정구,차대차,정면충돌,정면충돌,운전자법규위반,중앙선 침범,단일로,기타단일로,자전거,자전거,화물차,중형,1144659,1693520,129.0887006,35.22548256
2012,2012-04-02,30,야간,월,1,1,0,0,0,부산,금정구,차대사람,기타,기타,운전자법규위반,안전운전 의무 불이행,단일로,기타단일로,화물차,소형,보행자,보행자,1145003,1699840,129.0944965,35.28355881
2012,2012-04-07,35,야간,토,1,1,0,0,0,서울,종로구,차대사람,횡단중,횡단중,운전자법규위반,안전운전 의무 불이행,교차로,교차로내,승용차,대형,보행자,보행자,953799,1952417,126.9768189,37.56996423
2012,2012-04-06,20,주간,금,1,1,0,0,0,경기,고양시,차대차,정면충돌,정면충돌,운전자법규위반,신호위반,교차로,교차로내,이륜차,중형,승합차,중형,934575,1963809,126.7581206,37.67147181
2012,2012-04-09,33,야간,월,1,1,0,0,0,서울,금천구,차대사람,횡단중,횡단중,운전자법규위반,안전운전 의무 불이행,단일로,기타단일로,화물차,중형,보행자,보행자,946880,1941514,126.8992601,37.47132077
2012,2012-04-09,30,주간,월,1,1,0,0,0,경남,고성군,차대차,측면직각충돌,측면직각충돌,운전자법규위반,신호위반,교차로,교차로내,승용차,소형,원동기장치자전거,원동기장치자전거,1074803,1665479,128.3195496,34.98146219
2012,2012-04-09,50,야간,월,1,2,1,0,0,경북,구미시,차대사람,횡단중,횡단중,운전자법규위반,보행자 보호의무 위반,단일로,기타단일로,이륜차,소형,보행자,보행자,1074716,1793572,128.3304248,36.1363128
2012,2012-04-17,30,야간,화,1,1,0,0,0,경남,합천군,차량단독,도로이탈,도로이탈 추락,운전자법규위반,안전운전 의무 불이행,단일로,기타단일로,이륜차,소형,0,0,1054996,1727494,128.1067082,35.54189411
2012,2012-04-17,45,주간,화,1,1,0,0,0,전남,영암군,차대차,측면직각충돌,측면직각충돌,운전자법규위반,안전운전 의무 불이행,단일로,기타단일로,화물차,소형,농기계,농기계,926679,1647238,126.6982858,34.81709699
2012,2012-04-21,48,야간,토,1,1,0,0,0,충남,서산시,차대사람,기타,기타,운전자법규위반,안전운전 의무 불이행,단일로,기타단일로,승용차,중형,보행자,보행자,905189,1864228,126.4376103,36.77142952
2012,2012-04-21,40,주간,토,1,1,0,0,0,서울,동대문구,차대사람,기타,기타,운전자법규위반,안전운전 의무 불이행,단일로,횡단보도상,이륜차,중형,보행자,보행자,961713,1951414,127.066487,37.56128702
2012,2012-04-21,35,야간,토,1,1,0,0,0,광주,북구,차대차,측면직각충돌,측면직각충돌,운전자법규위반,안전운전 의무 불이행,단일로,기타단일로,승용차,중형,자전거,자전거,945540,1684975,126.9025529,35.1585479
2012,2012-04-20,5,주간,금,1,3,0,2,0,경남,김해시,차대차,추돌,진행중 추돌,운전자법규위반,안전운전 의무 불이행,단일로,기타단일로,화물차,소형,승합차,대형,1124758,1695233,128.871798,35.24473428
2012,2012-04-21,10,야간,토,1,1,0,0,0,경남,거제시,차대사람,기타,기타,운전자법규위반,안전운전 의무 불이행,단일로,기타단일로,승용차,경형,보행자,보행자,1103340,1655925,128.6309742,34.89281295
2012,2012-03-01,50,주간,목,1,2,1,0,0,경남,하동군,차대차,측면직각충돌,측면직각충돌,운전자법규위반,안전운전 의무 불이행,단일로,기타단일로,승합차,대형,승용차,경형,1012926,1686180,127.6419478,35.17081257
2012,2012-03-06,5,야간,화,1,4,1,2,0,서울,강남구,차대사람,차도통행중,차도통행중,운전자법규위반,안전운전 의무 불이행,단일로,기타단일로,승용차,중형,보행자,보행자,959476,1945207,127.0415014,37.50524558
2012,2012-06-01,18,야간,금,1,1,0,0,0,서울,중구,차대사람,횡단중,횡단중,운전자법규위반,안전운전 의무 불이행,단일로,기타단일로,승합차,대형,보행자,보행자,955211,1950838,126.9929043,37.55580213
2012,2012-06-01,26,주간,금,1,1,0,0,0,충남,천안시,차대사람,횡단중,횡단중,운전자법규위반,보행자 보호의무 위반,단일로,횡단보도상,승합차,소형,보행자,보행자,968821,1868332,127.1504363,36.81265607
2012,2012-06-02,40,주간,토,1,1,0,0,0,경북,경주시,차대사람,보도통행중,보도통행중,운전자법규위반,기타(운전자법규위반),교차로,교차로부근,승용차,중형,보행자,보행자,1151610,1762135,129.1787944,35.84402846
2012,2012-05-30,20,야간,수,1,2,0,1,0,경북,영천시,차대차,측면직각충돌,측면직각충돌,운전자법규위반,안전운전 의무 불이행,교차로,교차로내,승용차,중형,승용차,소형,1128895,1775301,128.9294804,35.96608298
2012,2012-05-30,55,주간,수,1,3,1,0,1,전남,영광군,차대차,추돌,주정차중 추돌,운전자법규위반,중앙선 침범,단일로,기타단일로,승용차,중형,화물차,소형,910452,1701072,126.5150636,35.30116739
2012,2012-06-06,50,주간,수,1,1,0,0,0,경남,창원시(통합),차대차,기타,기타,운전자법규위반,안전운전 의무 불이행,교차로,교차로내,승합차,소형,이륜차,소형,1106135,1695589,128.6666362,35.25011408
2012,2012-06-05,55,주간,화,1,2,1,0,0,전북,김제시,차대차,정면충돌,정면충돌,운전자법규위반,중앙선 침범,단일로,기타단일로,승용차,중형,화물차,중형,954554,1753151,127.0085077,35.77984619
2012,2012-06-04,30,주간,월,1,1,0,0,0,대구,수성구,차대차,측면직각충돌,측면직각충돌,운전자법규위반,안전운전 의무 불이행,교차로,교차로내,승용차,중형,자전거,자전거,1100331,1759742,128.6107958,35.82904821
2012,2012-06-04,25,주간,월,1,1,0,0,0,서울,영등포구,차대사람,횡단중,횡단중,운전자법규위반,안전운전 의무 불이행,교차로,교차로부근,화물차,소형,보행자,보행자,945031,1946616,126.8779694,37.51719767
2012,2012-06-03,40,주간,일,1,2,1,0,0,경기,고양시,차대차,정면충돌,정면충돌,운전자법규위반,중앙선 침범,단일로,기타단일로,승용차,중형,승용차,중형,945948,1960308,126.8797958,37.63135318
2012,2012-06-02,30,야간,토,1,1,0,0,0,경북,김천시,차량단독,기타,기타,운전자법규위반,안전운전 의무 불이행,단일로,기타단일로,원동기장치자전거,원동기장치자전거,0,0,1053698,1792237,128.0967445,36.12566923
2012,2012-06-10,46,주간,일,1,1,0,0,0,충남,공주시,차량단독,공작물충돌,공작물충돌,운전자법규위반,안전운전 의무 불이행,단일로,기타단일로,승용차,소형,0,0,949715,1831754,126.9408631,36.49517335
2012,2012-06-08,30,주간,금,1,4,3,0,0,충북,제천시,차대차,측면직각충돌,측면직각충돌,운전자법규위반,중앙선 침범,단일로,기타단일로,승용차,중형,화물차,중형,1062529,1901808,128.1650408,36.93941459
2012,2012-06-13,15,야간,수,1,2,0,1,0,경기,남양주시,차대차,기타,기타,운전자법규위반,신호위반,교차로,교차로내,원동기장치자전거,원동기장치자전거,원동기장치자전거,원동기장치자전거,977391,1961855,127.2436797,37.65591438
2012,2012-06-15,45,야간,금,1,2,1,0,0,경기,화성시,차량단독,전도전복,전도전복,운전자법규위반,안전운전 의무 불이행,단일로,기타단일로,승용차,중형,0,0,946665,1905867,126.9021876,37.13940123
2012,2012-06-08,30,야간,금,1,1,0,0,0,경기,김포시,차대사람,차도통행중,차도통행중,운전자법규위반,안전운전 의무 불이행,단일로,기타단일로,화물차,소형,보행자,보행자,936059,1956187,126.7756142,37.6028814
2012,2012-06-08,0,야간,금,1,1,0,0,0,전남,영광군,차량단독,전도전복,전도전복,운전자법규위반,안전운전 의무 불이행,단일로,기타단일로,화물차,소형,0,0,914179,1700466,126.5561152,35.29603072
2012,2012-06-08,8,야간,금,1,1,0,0,0,대구,남구,차대사람,기타,기타,운전자법규위반,안전운전 의무 불이행,교차로,교차로부근,승용차,중형,보행자,보행자,1099833,1760809,128.6051644,35.83889114
2012,2012-06-08,1,야간,금,1,2,0,1,0,부산,금정구,차대차,측면직각충돌,측면직각충돌,운전자법규위반,안전운전 의무 불이행,교차로,교차로내,원동기장치자전거,원동기장치자전거,승용차,중형,1144745,1695475,129.090891,35.24425198
2012,2012-04-30,30,주간,월,1,1,0,0,0,대전,서구,차대차,추돌,주정차중 추돌,운전자법규위반,안전운전 의무 불이행,단일로,기타단일로,승합차,소형,승합차,소형,986444,1811872,127.3496327,36.30427206
2012,2012-04-29,11,주간,일,1,1,0,0,0,대전,대덕구,차량단독,기타,기타,운전자법규위반,안전운전 의무 불이행,단일로,기타단일로,자전거,자전거,0,0,993303,1819674,127.4253397,36.37449237
2012,2012-04-29,40,주간,일,1,1,0,0,0,경북,영주시,차대차,기타,기타,운전자법규위반,안전운전 의무 불이행,교차로,교차로내,화물차,경형,자전거,자전거,1100152,1868587,128.6228005,36.8101678
2012,2012-04-28,0,주간,토,2,5,3,0,0,대전,중구,차대차,정면충돌,정면충돌,운전자법규위반,중앙선 침범,고가도로위,고가도로위,승용차,소형,승용차,중형,991880,1816045,127.4095135,36.34176454
2012,2012-05-04,30,주간,금,1,1,0,0,0,경남,밀양시,차량단독,공작물충돌,공작물충돌,운전자법규위반,안전운전 의무 불이행,단일로,기타단일로,이륜차,중형,0,0,1112507,1707863,128.7259209,35.37308716
2012,2012-05-07,35,야간,월,1,1,0,0,0,부산,사상구,차대사람,횡단중,횡단중,운전자법규위반,안전운전 의무 불이행,단일로,기타단일로,승합차,중형,보행자,보행자,1135228,1685698,128.9847171,35.15745079
2012,2012-05-07,38,주간,월,1,1,0,0,0,제주,서귀포시,차대차,측면직각충돌,측면직각충돌,운전자법규위반,안전거리 미확보,단일로,기타단일로,승용차,중형,원동기장치자전거,원동기장치자전거,911267,1474064,126.5474049,33.25425733
2012,2012-05-05,0,야간,토,1,3,0,2,0,충남,태안군,차대차,측면직각충돌,측면직각충돌,운전자법규위반,중앙선 침범,교차로,교차로부근,승용차,대형,이륜차,중형,897741,1833322,126.3582848,36.49209344
2012,2012-05-13,40,야간,일,1,1,0,0,0,경기,군포시,차대사람,차도통행중,차도통행중,운전자법규위반,안전운전 의무 불이행,단일로,기타단일로,승합차,대형,보행자,보행자,947953,1924429,126.9125972,37.31738871
2012,2012-05-12,30,주간,토,1,1,0,0,0,전북,완주군,차량단독,전도전복,전도전복,운전자법규위반,안전운전 의무 불이행,단일로,기타단일로,화물차,소형,0,0,965445,1772474,127.1117613,35.96176248
2012,2012-05-15,0,주간,화,1,1,0,0,0,전남,완도군,차대사람,기타,기타,운전자법규위반,안전운전 의무 불이행,단일로,기타단일로,승용차,중형,보행자,보행자,936811,1602844,126.8088078,34.41709726
2012,2012-05-15,30,주간,화,1,1,0,0,0,전북,김제시,차대차,측면직각충돌,측면직각충돌,운전자법규위반,신호위반,교차로,교차로내,원동기장치자전거,원동기장치자전거,화물차,소형,955367,1753514,127.0061684,35.77701454
2012,2012-05-15,5,주간,화,1,1,0,0,0,경기,고양시,차량단독,공작물충돌,공작물충돌,운전자법규위반,안전운전 의무 불이행,단일로,기타단일로,승용차,중형,0,0,936864,1959097,126.7844821,37.62916422
2012,2012-05-14,15,주간,월,1,1,0,0,0,전북,완주군,차대사람,차도통행중,차도통행중,운전자법규위반,과속,단일로,기타단일로,승용차,대형,보행자,보행자,968895,1764996,127.1558825,35.88119479
2012,2012-05-19,19,주간,토,1,1,0,0,0,경기,화성시,차대사람,횡단중,횡단중,운전자법규위반,안전운전 의무 불이행,단일로,기타단일로,화물차,소형,보행자,보행자,942199,1916810,126.8477434,37.24869704
2012,2012-05-18,37,주간,금,1,4,0,3,0,충남,청양군,차대차,정면충돌,정면충돌,운전자법규위반,중앙선 침범,단일로,기타단일로,화물차,소형,건설기계,건설기계,937162,1830514,126.7986067,36.47018049
2012,2012-05-18,40,주간,금,1,1,0,0,0,전남,영암군,차량단독,전도전복,전도전복,운전자법규위반,안전운전 의무 불이행,단일로,기타단일로,농기계,농기계,0,0,917865,1651731,126.6014807,34.85693532
2012,2012-05-23,15,야간,일,1,1,0,0,0,충남,아산시,차대사람,횡단중,횡단중,운전자법규위반,안전운전 의무 불이행,교차로,교차로내,화물차,소형,보행자,보행자,954233,1864868,126.9878366,36.78237275
2012,2012-05-24,30,주간,목,1,1,0,0,0,대전,동구,차대차,추돌,진행중 추돌,운전자법규위반,안전운전 의무 불이행,교차로,교차로부근,이륜차,중형,승합차,대형,996135,1813297,127.4569434,36.3170166
2012,2012-05-22,10,야간,화,1,1,0,0,0,서울,서초구,차대사람,차도통행중,차도통행중,운전자법규위반,안전운전 의무 불이행,단일로,기타단일로,승용차,대형,보행자,보행자,957955,1945220,127.0242923,37.50529471
2012,2012-05-29,45,주간,화,1,2,1,0,0,충남,논산시,차대차,측면직각충돌,측면직각충돌,운전자법규위반,교차로 통행방법 위반,교차로,교차로내,화물차,소형,건설기계,건설기계,962625,1804310,127.0840724,36.23527886
2012,2012-05-26,10,주간,토,1,4,1,2,0,전남,광양시,차대차,측면직각충돌,측면직각충돌,운전자법규위반,안전운전 의무 불이행,단일로,교량위,승용차,대형,화물차,소형,1007080,1658309,127.5775118,34.91954778
2012,2012-05-26,0,주간,토,1,4,3,0,0,강원,강릉시,차대차,측면직각충돌,측면직각충돌,운전자법규위반,중앙선 침범,단일로,기타단일로,승용차,경형,승용차,중형,1117940,1970533,128.8383406,37.72681315
2012,2012-05-26,55,주간,토,1,1,0,0,0,부산,연제구,차대차,기타,기타,운전자법규위반,안전운전 의무 불이행,단일로,횡단보도상,화물차,소형,자전거,자전거,1146351,1688412,129.1072808,35.18035588
2012,2012-06-06,25,주간,수,1,1,0,0,0,경북,포항시,차대차,추돌,주정차중 추돌,운전자법규위반,안전운전 의무 불이행,교차로,교차로부근,승용차,중형,건설기계,건설기계,1173965,1791047,129.4325578,36.10083817
2012,2012-06-06,23,야간,수,1,4,2,1,0,광주,북구,차대차,측면직각충돌,측면직각충돌,운전자법규위반,교차로 통행방법 위반,교차로,교차로내,승용차,소형,승용차,소형,942304,1690264,126.8652841,35.21411035
2012,2012-06-11,50,주간,월,1,1,0,0,0,부산,남구,차대사람,기타,기타,운전자법규위반,안전운전 의무 불이행,기타/불명,기타/불명,화물차,대형,보행자,보행자,1145395,1680888,129.0954609,35.11267555
2012,2012-06-09,5,야간,토,1,1,0,0,0,전북,군산시,차대사람,횡단중,횡단중,운전자법규위반,안전운전 의무 불이행,교차로,교차로내,승용차,중형,보행자,보행자,926087,1775882,126.6801551,35.9769002
2012,2012-06-09,8,야간,토,1,1,0,0,0,대전,대덕구,차대사람,횡단중,횡단중,운전자법규위반,안전운전 의무 불이행,단일로,기타단일로,승용차,중형,보행자,보행자,993613,1828372,127.4287241,36.45290967
2012,2012-06-12,15,주간,화,1,1,0,0,0,전북,전주시,차대차,측면직각충돌,측면직각충돌,운전자법규위반,안전운전 의무 불이행,단일로,기타단일로,승합차,소형,자전거,자전거,964875,1760234,127.1078962,35.81910711
2012,2012-06-09,55,주간,토,1,1,0,0,0,전남,해남군,차량단독,전도전복,전도전복,운전자법규위반,안전운전 의무 불이행,단일로,기타단일로,농기계,농기계,0,0,923801,1605438,126.6705795,34.43997326
2012,2012-04-26,0,야간,목,1,1,0,0,0,전남,완도군,차대사람,기타,기타,운전자법규위반,안전운전 의무 불이행,단일로,기타단일로,화물차,소형,보행자,보행자,907388,1577070,126.4950002,34.1828349
2012,2012-04-24,35,야간,화,1,2,0,1,0,부산,해운대구,차대차,측면직각충돌,측면직각충돌,운전자법규위반,중앙선 침범,단일로,횡단보도부근,승용차,중형,승용차,중형,1147883,1687720,129.1239758,35.1738941
2012,2012-04-29,15,주간,일,1,3,0,2,0,충남,당진시,차대차,기타,기타,운전자법규위반,안전운전 의무 불이행,단일로,기타단일로,승용차,경형,승용차,중형,915351,1876382,126.5501107,36.88194133
2012,2012-04-28,40,주간,토,1,1,0,0,0,인천,남동구,차대사람,보도통행중,보도통행중,운전자법규위반,보행자 보호의무 위반,단일로,횡단보도상,승용차,중형,보행자,보행자,932031,1939928,126.7314898,37.45605326
2012,2012-05-03,13,야간,목,2,3,1,0,0,울산,울주군,차량단독,전도전복,전도전복,운전자법규위반,안전운전 의무 불이행,단일로,기타단일로,승용차,대형,0,0,1158115,1731566,129.2410206,35.56916648
2012,2012-05-04,35,야간,금,1,1,0,0,0,서울,강서구,차대사람,횡단중,횡단중,운전자법규위반,기타(운전자법규위반),단일로,기타단일로,승용차,소형,보행자,보행자,942524,1950023,126.8498853,37.54826907
2012,2012-05-04,13,야간,금,1,2,1,0,0,대구,남구,차대사람,기타,기타,운전자법규위반,안전운전 의무 불이행,교차로,교차로내,승용차,대형,보행자,보행자,1096610,1761371,128.5698031,35.84410667
2012,2012-05-04,35,주간,금,1,1,0,0,0,서울,관악구,차대차,측면직각충돌,측면직각충돌,운전자법규위반,안전운전 의무 불이행,단일로,기타단일로,건설기계,건설기계,자전거,자전거,954291,1941507,126.983069,37.47165405
2012,2012-05-04,0,야간,금,1,2,0,1,0,충북,충주시,차대차,추돌,진행중 추돌,운전자법규위반,안전운전 의무 불이행,단일로,교량위,화물차,대형,화물차,중형,1034399,1896812,127.8869601,37.06927215
2012,2012-05-02,10,야간,수,1,1,0,0,0,경기,안양시,차대사람,차도통행중,차도통행중,운전자법규위반,안전운전 의무 불이행,교차로,교차로부근,승용차,대형,보행자,보행자,953697,1933704,126.9768414,37.40129301
2012,2012-05-05,5,야간,토,1,3,1,1,0,충북,괴산군,차량단독,전도전복,전도전복,운전자법규위반,안전운전 의무 불이행,단일로,기타단일로,승용차,중형,0,0,1042208,1862423,128.0049381,36.75553087
2012,2012-05-06,0,주간,일,1,2,1,0,0,경기,성남시,차량단독,전도전복,전도전복,운전자법규위반,안전운전 의무 불이행,단일로,기타단일로,특수차,중형,0,0,967247,1936650,127.1319665,37.42747666
2012,2012-05-07,50,주간,월,1,1,0,0,0,충북,청주시,차대차,기타,기타,운전자법규위반,안전운전 의무 불이행,단일로,횡단보도상,승합차,소형,자전거,자전거,994748,1847672,127.4412587,36.62690845
2012,2012-05-05,20,야간,토,1,2,1,0,0,경기,고양시,차대차,측면직각충돌,측면직각충돌,운전자법규위반,신호위반,교차로,교차로내,승용차,중형,승용차,중형,940025,1959006,126.8203107,37.62855585
2012,2012-05-12,45,야간,토,1,1,0,0,0,경남,고성군,차대사람,기타,기타,운전자법규위반,안전운전 의무 불이행,단일로,기타단일로,승용차,중형,보행자,보행자,1067111,1679465,128.2364126,35.10810831
2012,2012-05-13,35,주간,일,1,1,0,0,0,전북,완주군,차대차,측면직각충돌,측면직각충돌,운전자법규위반,안전거리 미확보,단일로,교량위,이륜차,소형,승용차,소형,969927,1769727,127.1666499,35.92374481