발생년,발생년월일시분,발생분,주야,요일,사망자수,사상자수,중상자수,경상자수,부상신고자수,발생지시도,발생지시군구,사고유형_대분류,사고유형_중분류,사고유형,법규위반_대분류,법규위반,도로형태_대분류,도로형태,당사자종별_1당_대분류,당사자종별_1당,당사자종별_2당_대분류,당사자종별_2당,발생위치X_UTMK,발생위치Y_UTMK,경도,위도
2012,2012-05-11,30,야간,금,1,1,0,0,0,경남,양산시,차대사람,횡단중,횡단중,운전자법규위반,과속,단일로,기타단일로,승용차,경형,보행자,보행자,1143222,1702570,129.0547314,35.32349396
2012,2012-05-10,25,야간,목,1,1,0,0,0,강원,철원군,차량단독,공작물충돌,공작물충돌,운전자법규위반,안전운전 의무 불이행,교차로,교차로내,승합차,소형,0,0,982591,2014786,127.3013543,38.13309527
2012,2012-05-11,47,주간,금,1,1,0,0,0,대구,북구,차대차,기타,기타,운전자법규위반,신호위반,교차로,교차로내,원동기장치자전거,원동기장치자전거,승용차,중형,1095181,1771713,128.5565665,35.93716587
2012,2012-05-17,50,야간,목,1,1,0,0,0,서울,중랑구,차대사람,횡단중,횡단중,운전자법규위반,기타(운전자법규위반),단일로,기타단일로,승용차,중형,보행자,보행자,962262,1957073,127.0724114,37.61231584
2012,2012-05-14,0,주간,월,1,10,0,9,0,경기,화성시,차대차,정면충돌,정면충돌,운전자법규위반,중앙선 침범,단일로,기타단일로,화물차,소형,승합차,중형,952062,1912439,126.959742,37.20953645
2012,2012-05-17,10,야간,목,1,2,1,0,0,강원,고성군,차대차,측면직각충돌,측면직각충돌,운전자법규위반,중앙선 침범,단일로,기타단일로,화물차,중형,승용차,대형,1085179,2024021,128.4729804,38.21246259
2012,2012-05-19,42,야간,토,1,2,1,0,0,서울,강동구,차대사람,횡단중,횡단중,운전자법규위반,과속,단일로,기타단일로,승용차,중형,보행자,보행자,966982,1948790,127.1262633,37.53783984
2012,2012-05-17,20,주간,목,1,1,0,0,0,충북,영동군,차대차,측면직각충돌,측면직각충돌,운전자법규위반,중앙선 침범,단일로,기타단일로,원동기장치자전거,원동기장치자전거,승용차,중형,1011859,1796502,127.6318562,36.16553508
2012,2012-05-25,0,주간,금,1,12,7,3,1,경남,하동군,차량단독,공작물충돌,공작물충돌,운전자법규위반,안전운전 의무 불이행,단일로,기타단일로,승합차,소형,0,0,1028157,1665575,127.8085064,34.98470182
2012,2012-05-25,58,야간,금,1,1,0,0,0,경기,수원시,차대사람,기타,기타,운전자법규위반,안전운전 의무 불이행,단일로,기타단일로,승용차,소형,보행자,보행자,957132,1920902,127.0163913,37.28606647
2012,2012-05-23,30,주간,수,1,2,0,0,1,서울,구로구,차량단독,전도전복,전도전복,운전자법규위반,안전운전 의무 불이행,단일로,기타단일로,원동기장치자전거,원동기장치자전거,0,0,943095,1943433,126.8563092,37.48839159
2012,2012-05-23,26,주간,수,1,1,0,0,0,강원,고성군,차량단독,기타,기타,운전자법규위반,안전운전 의무 불이행,단일로,기타단일로,이륜차,소형,0,0,1085154,2042962,128.4749765,38.3831449
2012,2012-05-21,22,주간,월,1,1,0,0,0,경남,양산시,차대사람,기타,기타,운전자법규위반,안전운전 의무 불이행,기타/불명,기타/불명,승용차,소형,보행자,보행자,1149768,1715748,129.1497891,35.42623841
2012,2012-05-22,35,야간,화,1,2,1,0,0,경남,의령군,차대차,정면충돌,정면충돌,운전자법규위반,중앙선 침범,단일로,기타단일로,화물차,소형,승용차,중형,1076902,1715865,128.3472506,35.43559241
2012,2012-05-29,25,주간,화,1,1,0,0,0,대구,달서구,차대차,측면직각충돌,측면직각충돌,운전자법규위반,신호위반,단일로,기타단일로,화물차,소형,원동기장치자전거,원동기장치자전거,1093671,1762487,128.5373943,35.85445237
2012,2012-05-26,5,야간,토,1,1,0,0,0,충남,논산시,차대사람,기타,기타,운전자법규위반,안전운전 의무 불이행,단일로,기타단일로,화물차,중형,보행자,보행자,964204,1797458,127.1035347,36.16936897
2012,2012-05-26,45,야간,토,1,1,0,0,0,경남,진주시,차대사람,횡단중,횡단중,운전자법규위반,안전운전 의무 불이행,교차로,교차로내,승용차,소형,보행자,보행자,1056286,1686401,128.1181086,35.17131153
2012,2012-05-26,30,야간,토,1,1,0,0,0,부산,동래구,차대사람,횡단중,횡단중,운전자법규위반,신호위반,단일로,횡단보도상,화물차,중형,보행자,보행자,1143326,1691192,129.074554,35.20585033
2012,2012-04-08,45,야간,일,1,1,0,0,0,인천,서구,차량단독,공작물충돌,공작물충돌,운전자법규위반,안전운전 의무 불이행,기타/불명,기타/불명,승용차,소형,0,0,925984,1954187,126.6620813,37.5924136
2012,2012-04-15,10,야간,일,1,1,0,0,0,경기,용인시,차량단독,공작물충돌,공작물충돌,운전자법규위반,안전운전 의무 불이행,단일로,기타단일로,승용차,중형,0,0,963715,1914857,127.1018507,37.2339595
2012,2012-04-19,20,주간,목,1,3,2,0,0,대구,달성군,차량단독,전도전복,전도전복,운전자법규위반,안전운전 의무 불이행,단일로,기타단일로,승용차,소형,0,0,1085571,1756398,128.4470469,35.80030123
2012,2012-04-18,38,야간,수,1,1,0,0,0,경기,의정부시,차량단독,공작물충돌,공작물충돌,운전자법규위반,안전운전 의무 불이행,고가도로위,고가도로위,승용차,중형,0,0,962060,1970913,127.0694024,37.73704945
2012,2012-04-16,10,주간,월,1,3,0,2,0,전남,순천시,차대차,측면직각충돌,측면직각충돌,운전자법규위반,안전운전 의무 불이행,교차로,교차로내,승용차,소형,화물차,소형,998655,1657237,127.4852767,34.90990478
2012,2012-04-16,0,주간,월,1,1,0,0,0,경북,영양군,차량단독,도로이탈,도로이탈 기타,운전자법규위반,안전운전 의무 불이행,단일로,기타단일로,승용차,대형,0,0,1139716,1853524,129.0634661,36.66941428
2012,2012-04-23,40,주간,월,1,2,1,0,0,전북,정읍시,차대차,추돌,진행중 추돌,운전자법규위반,안전운전 의무 불이행,단일로,기타단일로,화물차,중형,농기계,농기계,945285,1725824,126.8965044,35.52685271
2012,2012-04-21,52,야간,토,3,4,0,1,0,전북,완주군,차량단독,공작물충돌,공작물충돌,운전자법규위반,안전운전 의무 불이행,단일로,기타단일로,승용차,소형,0,0,969296,1768311,127.1596206,35.91119283
2012,2012-03-08,25,주간,목,1,3,2,0,0,경기,파주시,차대차,정면충돌,정면충돌,운전자법규위반,중앙선 침범,단일로,기타단일로,승용차,경형,승용차,대형,933762,1971351,126.7482161,37.73938631
2012,2012-03-06,30,주간,화,1,1,0,0,0,경기,광주시,차대사람,횡단중,횡단중,운전자법규위반,안전운전 의무 불이행,단일로,기타단일로,화물차,소형,보행자,보행자,977822,1932835,127.2494423,37.39435192
2012,2012-03-06,0,야간,화,1,2,1,0,0,전북,완주군,차대차,정면충돌,정면충돌,운전자법규위반,중앙선 침범,단일로,기타단일로,승용차,중형,화물차,중형,965577,1745216,127.1194882,35.70260946
2012,2012-03-06,47,야간,화,1,3,2,0,0,인천,남구,차대차,추돌,주정차중 추돌,운전자법규위반,안전운전 의무 불이행,단일로,기타단일로,승용차,중형,화물차,대형,926717,1939511,126.6714526,37.45188895
2012,2012-03-05,0,야간,월,1,2,1,0,0,충북,청주시,차대차,추돌,주정차중 추돌,운전자법규위반,안전운전 의무 불이행,교차로,교차로부근,승용차,경형,승용차,대형,995535,1845357,127.4500744,36.60604272
2012,2012-03-05,30,주간,월,1,1,0,0,0,전남,광양시,차대차,측면직각충돌,측면직각충돌,운전자법규위반,교차로 통행방법 위반,교차로,교차로내,화물차,소형,자전거,자전거,1008044,1663971,127.5881203,34.97059775
2012,2012-03-05,52,주간,월,1,1,0,0,0,경기,남양주시,차대사람,횡단중,횡단중,운전자법규위반,안전운전 의무 불이행,교차로,교차로내,건설기계,건설기계,보행자,보행자,966848,1966733,127.1239328,37.69956051
2012,2012-03-12,10,야간,월,1,1,0,0,0,전북,전주시,차대차,측면직각충돌,측면직각충돌,운전자법규위반,직진 및 우회전차의 통행방해,교차로,교차로내,화물차,소형,이륜차,소형,966312,1766413,127.1403862,35.87321525
2012,2012-03-13,13,주간,화,1,1,0,0,0,부산,금정구,차대차,추돌,진행중 추돌,운전자법규위반,안전운전 의무 불이행,단일로,기타단일로,화물차,중형,승합차,대형,1144971,1699769,129.0941322,35.28292349
2012,2012-03-10,56,주간,토,1,2,1,0,0,충북,음성군,차대차,추돌,진행중 추돌,운전자법규위반,안전운전 의무 불이행,단일로,기타단일로,이륜차,대형,이륜차,대형,1013322,1902209,127.6499586,37.1184586
2012,2012-03-10,50,야간,토,1,1,0,0,0,전남,완도군,차대차,추돌,진행중 추돌,운전자법규위반,안전운전 의무 불이행,단일로,기타단일로,승용차,중형,건설기계,건설기계,927970,1598829,126.7165108,34.38067618
2012,2012-03-16,16,야간,금,1,1,0,0,0,경기,성남시,차대사람,길가장자리구역통행중,길가장자리구역통행중,운전자법규위반,안전운전 의무 불이행,단일로,기타단일로,승용차,중형,보행자,보행자,967830,1937434,127.1363583,37.43551247
2012,2012-03-17,45,야간,토,2,3,1,0,0,경기,포천시,차량단독,도로이탈,도로이탈 추락,운전자법규위반,안전운전 의무 불이행,단일로,기타단일로,화물차,소형,0,0,971380,1985179,127.1746137,37.86596868
2012,2012-03-17,20,주간,토,1,1,0,0,0,전남,진도군,차량단독,공작물충돌,공작물충돌,운전자법규위반,안전운전 의무 불이행,단일로,기타단일로,승합차,소형,0,0,888388,1620950,126.2831446,34.57660982
2012,2012-03-22,15,야간,목,1,4,0,3,0,경남,밀양시,차대차,정면충돌,정면충돌,운전자법규위반,중앙선 침범,단일로,기타단일로,승용차,소형,승합차,대형,1109882,1726535,128.711982,35.52868343
2012,2012-03-19,31,야간,월,1,2,1,0,0,부산,금정구,차대사람,횡단중,횡단중,운전자법규위반,안전운전 의무 불이행,단일로,기타단일로,이륜차,소형,보행자,보행자,1144815,1693244,129.0912673,35.22413251
2012,2012-03-19,50,주간,월,1,5,1,2,1,부산,동구,차대차,정면충돌,정면충돌,운전자법규위반,중앙선 침범,교차로,교차로부근,승용차,소형,승용차,중형,1140858,1681396,129.0457779,35.11789962
2012,2012-03-18,34,야간,일,1,1,0,0,0,경기,안산시,차량단독,전도전복,전도전복,운전자법규위반,안전운전 의무 불이행,단일로,기타단일로,승용차,대형,0,0,946688,1922785,126.8985301,37.3024182
2012,2012-03-25,50,야간,일,1,2,1,0,0,대구,달서구,차대차,측면직각충돌,측면직각충돌,운전자법규위반,신호위반,교차로,교차로내,이륜차,중형,승용차,중형,1094360,1761278,128.5448807,35.84348752
2012,2012-03-25,5,야간,일,1,1,0,0,0,경기,수원시,차대사람,횡단중,횡단중,운전자법규위반,안전운전 의무 불이행,교차로,교차로부근,승합차,대형,보행자,보행자,953014,1919609,126.9700182,37.27421295
2012,2012-03-26,45,주간,월,1,1,0,0,0,경남,하동군,차대사람,횡단중,횡단중,운전자법규위반,안전운전 의무 불이행,단일로,기타단일로,승합차,소형,보행자,보행자,1035052,1693176,127.8852205,35.23336667
2012,2012-03-30,25,주간,금,1,1,0,0,0,충북,보은군,차대사람,기타,기타,운전자법규위반,안전운전 의무 불이행,단일로,기타단일로,화물차,중형,보행자,보행자,1014580,1842162,127.6629662,36.5771387
2012,2012-03-30,10,주간,금,1,1,0,0,0,서울,강북구,차대사람,길가장자리구역통행중,길가장자리구역통행중,운전자법규위반,안전운전 의무 불이행,교차로,교차로부근,승합차,대형,보행자,보행자,956983,1962741,127.0114283,37.66295059
2012,2012-04-03,40,주간,화,1,1,0,0,0,경기,수원시,차대사람,횡단중,횡단중,운전자법규위반,기타(운전자법규위반),교차로,교차로부근,승용차,중형,보행자,보행자,958375,1921358,127.030388,37.29023317
2012,2012-03-30,48,야간,금,1,1,0,0,0,전북,전주시,차대사람,기타,기타,운전자법규위반,안전운전 의무 불이행,단일로,기타단일로,승용차,중형,보행자,보행자,968429,1759222,127.1504727,35.8289759
2012,2012-04-07,59,주간,토,1,1,0,0,0,전북,진안군,차대사람,횡단중,횡단중,운전자법규위반,안전운전 의무 불이행,단일로,기타단일로,승용차,중형,보행자,보행자,1001377,1775116,127.5152731,35.97279396
2012,2012-04-05,40,야간,목,1,1,0,0,0,전남,광양시,차대차,추돌,진행중 추돌,운전자법규위반,안전운전 의무 불이행,단일로,기타단일로,승용차,중형,건설기계,건설기계,1011432,1662849,127.6251975,34.96030329
2012,2012-04-11,40,야간,수,1,1,0,0,0,광주,북구,차량단독,공작물충돌,공작물충돌,운전자법규위반,안전운전 의무 불이행,단일로,기타단일로,승용차,소형,0,0,941966,1686503,126.8448795,35.17598619
2012,2012-04-10,0,주간,화,1,1,0,0,0,대전,동구,차대차,측면직각충돌,측면직각충돌,운전자법규위반,신호위반,교차로,교차로내,원동기장치자전거,원동기장치자전거,화물차,소형,993687,1814757,127.4296605,36.33016622
2012,2012-04-08,15,주간,일,1,2,1,0,0,경북,김천시,차량단독,기타,기타,운전자법규위반,안전운전 의무 불이행,단일로,기타단일로,승용차,소형,0,0,1067385,1796092,128.2491676,36.15956765
2012,2012-04-19,55,야간,목,1,2,0,1,0,대구,달서구,차대차,추돌,진행중 추돌,운전자법규위반,안전운전 의무 불이행,단일로,기타단일로,승용차,중형,화물차,소형,1092527,1763014,128.5247876,35.85931184
2012,2012-04-17,45,야간,화,1,3,2,0,0,충남,당진시,차대사람,기타,기타,운전자법규위반,안전운전 의무 불이행,단일로,기타단일로,화물차,소형,보행자,보행자,935523,1867826,126.7771783,36.80641176
2012,2012-04-22,0,야간,일,2,3,0,1,0,전북,완주군,차대차,측면직각충돌,측면직각충돌,운전자법규위반,안전운전 의무 불이행,단일로,기타단일로,승용차,중형,화물차,소형,968638,1750278,127.1531261,35.74835163
2012,2012-04-23,25,야간,월,1,1,0,0,0,서울,금천구,차량단독,공작물충돌,공작물충돌,운전자법규위반,안전운전 의무 불이행,단일로,기타단일로,승용차,중형,0,0,945072,1941956,126.8787814,37.47519888
2012,2012-04-26,9,주간,목,1,1,0,0,0,경북,영주시,차대차,측면직각충돌,측면직각충돌,운전자법규위반,중앙선 침범,단일로,기타단일로,자전거,자전거,승용차,중형,1099936,1870261,128.6205993,36.82527836
2012,2012-04-26,10,야간,목,1,1,0,0,0,경기,부천시,차대사람,횡단중,횡단중,운전자법규위반,안전운전 의무 불이행,단일로,기타단일로,화물차,소형,보행자,보행자,935989,1947266,126.8048112,37.52096295
2012,2012-04-27,40,주간,금,1,2,0,1,0,부산,강서구,차대차,기타,기타,운전자법규위반,신호위반,교차로,교차로부근,이륜차,중형,화물차,중형,1129794,1680745,128.9242941,35.11351864
2012,2012-03-20,13,야간,화,1,1,0,0,0,충북,청원군,차대차,추돌,진행중 추돌,운전자법규위반,안전운전 의무 불이행,단일로,기타단일로,화물차,소형,자전거,자전거,988664,1850483,127.3737068,36.65254866
2012,2012-03-21,10,야간,수,1,1,0,0,0,전남,여수시,차대사람,기타,기타,운전자법규위반,안전운전 의무 불이행,교차로,교차로내,승용차,중형,보행자,보행자,1020940,1639151,127.728772,34.74659674
2012,2012-03-20,0,야간,화,1,1,0,0,0,경기,안산시,차대차,측면직각충돌,측면직각충돌,운전자법규위반,안전운전 의무 불이행,교차로,교차로내,자전거,자전거,화물차,중형,935395,1927042,126.7706493,37.34015182
2012,2012-03-19,35,주간,월,1,1,0,0,0,경기,김포시,차대차,측면직각충돌,측면직각충돌,운전자법규위반,신호위반,교차로,교차로내,건설기계,건설기계,이륜차,사발이,935707,1955865,126.771655,37.59995474
2012,2012-03-20,9,야간,화,1,2,1,0,0,전남,나주시,차대사람,기타,기타,운전자법규위반,안전운전 의무 불이행,단일로,기타단일로,화물차,중형,보행자,보행자,927981,1671295,126.7104459,35.0341046
2012,2012-03-24,48,주간,토,1,1,0,0,0,서울,중랑구,차대사람,길가장자리구역통행중,길가장자리구역통행중,운전자법규위반,안전운전 의무 불이행,단일로,기타단일로,건설기계,건설기계,보행자,보행자,962740,1957025,127.0778296,37.6119027
2012,2012-03-24,0,주간,토,1,3,0,2,0,인천,서구,차대차,측면직각충돌,측면직각충돌,운전자법규위반,중앙선 침범,단일로,횡단보도부근,승합차,중형,화물차,중형,926139,1950156,126.6638491,37.54778321
2012,2012-03-23,35,야간,금,1,1,0,0,0,인천,서구,차대사람,횡단중,횡단중,운전자법규위반,신호위반,단일로,횡단보도상,승합차,대형,보행자,보행자,927344,1951180,126.6773877,37.55710798
2012,2012-03-23,24,야간,금,1,1,0,0,0,경남,창원시(통합),차대사람,기타,기타,운전자법규위반,보행자 보호의무 위반,교차로,교차로부근,승합차,대형,보행자,보행자,1099032,1695231,128.5885298,35.247614
2012,2012-03-29,40,주간,목,1,1,0,0,0,전남,함평군,차대사람,길가장자리구역통행중,길가장자리구역통행중,운전자법규위반,안전운전 의무 불이행,단일로,기타단일로,화물차,소형,보행자,보행자,910994,1670724,126.5242979,35.02760184
2012,2012-03-29,45,주간,목,1,1,0,0,0,경기,평택시,차대사람,길가장자리구역통행중,길가장자리구역통행중,운전자법규위반,안전운전 의무 불이행,단일로,기타단일로,건설기계,건설기계,보행자,보행자,958138,1887182,127.0296253,36.98216292
2012,2012-03-28,10,주간,수,1,3,2,0,0,경북,경산시,차대차,기타,기타,운전자법규위반,중앙선 침범,단일로,기타단일로,승용차,중형,화물차,소형,1111617,1750503,128.7344333,35.74454671
2012,2012-03-28,13,주간,수,1,1,0,0,0,경북,칠곡군,차대차,추돌,진행중 추돌,운전자법규위반,안전운전 의무 불이행,단일로,기타단일로,승용차,중형,자전거,자전거,1076240,1783484,128.3463859,36.04525267
2012,2012-03-27,50,주간,화,1,1,0,0,0,경기,평택시,차대사람,횡단중,횡단중,운전자법규위반,안전운전 의무 불이행,교차로,교차로내,특수차,대형,보행자,보행자,949215,1887386,126.929354,36.98356221
2012,2012-03-27,50,주간,화,1,4,3,0,0,전북,부안군,차대차,측면직각충돌,측면직각충돌,운전자법규위반,과속,교차로,교차로내,승용차,중형,승용차,소형,925052,1734223,126.6733192,35.60005817
2012,2012-04-03,20,주간,화,1,1,0,0,0,경북,포항시,차대사람,기타,기타,운전자법규위반,안전운전 의무 불이행,단일로,기타단일로,승합차,중형,보행자,보행자,1165767,1789611,129.3412285,36.08933226
2012,2012-04-02,40,야간,월,1,1,0,0,0,경기,평택시,차대사람,기타,기타,운전자법규위반,안전운전 의무 불이행,단일로,기타단일로,승합차,소형,보행자,보행자,949493,1891741,126.9321857,37.02283307
2012,2012-04-02,58,야간,월,1,1,0,0,0,경기,평택시,차대사람,횡단중,횡단중,운전자법규위반,안전운전 의무 불이행,교차로,교차로내,승용차,중형,보행자,보행자,964757,1889121,127.1040503,37.00026493
2012,2012-04-06,50,야간,금,1,1,0,0,0,경남,양산시,차량단독,공작물충돌,공작물충돌,운전자법규위반,안전운전 의무 불이행,단일로,기타단일로,원동기장치자전거,원동기장치자전거,0,0,1138911,1702828,129.0265081,35.30736358
2012,2012-04-05,50,야간,목,1,1,0,0,0,부산,금정구,차대사람,횡단중,횡단중,운전자법규위반,안전운전 의무 불이행,단일로,기타단일로,승합차,대형,보행자,보행자,1144474,1693117,129.0874993,35.22303697
2012,2012-04-04,25,주간,수,1,3,2,0,0,경북,경주시,차대차,측면직각충돌,측면직각충돌,운전자법규위반,신호위반,교차로,교차로내,원동기장치자전거,원동기장치자전거,화물차,소형,1154807,1763236,129.2143947,35.85345111
2012,2012-04-05,18,야간,목,1,1,0,0,0,서울,양천구,차대사람,횡단중,횡단중,운전자법규위반,과속,단일로,기타단일로,승용차,중형,보행자,보행자,943782,1950141,126.8638742,37.54999472
2012,2012-04-05,57,야간,목,1,1,0,0,0,경기,고양시,차대사람,횡단중,횡단중,운전자법규위반,안전운전 의무 불이행,단일로,횡단보도부근,승용차,소형,보행자,보행자,941126,1960297,126.8326834,37.64026265
2012,2012-04-04,12,주간,수,1,1,0,0,0,충남,예산군,차량단독,기타,기타,운전자법규위반,안전운전 의무 불이행,단일로,기타단일로,이륜차,소형,0,0,941454,1849626,126.8450584,36.64273781
2012,2012-04-15,24,야간,일,1,1,0,0,0,인천,부평구,차대사람,횡단중,횡단중,운전자법규위반,안전운전 의무 불이행,교차로,교차로내,승용차,중형,보행자,보행자,932328,1943356,126.7345326,37.48697129
2012,2012-04-13,47,야간,금,1,1,0,0,0,인천,부평구,차대사람,횡단중,횡단중,운전자법규위반,보행자 보호의무 위반,단일로,횡단보도상,승용차,중형,보행자,보행자,931690,1944626,126.7277404,37.49849136
2012,2012-04-20,35,주간,금,1,1,0,0,0,대구,달서구,차대사람,기타,기타,운전자법규위반,안전운전 의무 불이행,교차로,교차로내,화물차,소형,보행자,보행자,1095403,1761082,128.5559261,35.84224597
2012,2012-04-19,15,야간,목,1,2,1,0,0,충남,홍성군,차대사람,횡단중,횡단중,운전자법규위반,과속,교차로,교차로내,화물차,소형,보행자,보행자,924442,1842913,126.6554256,36.58102835
2012,2012-04-16,27,주간,월,1,1,0,0,0,충남,태안군,차량단독,도로이탈,도로이탈 추락,운전자법규위반,안전운전 의무 불이행,단일로,기타단일로,이륜차,소형,0,0,881647,1855867,126.1751674,36.69342888
2012,2012-04-21,10,주간,토,1,1,0,0,0,전남,영암군,차량단독,공작물충돌,공작물충돌,운전자법규위반,안전운전 의무 불이행,단일로,기타단일로,승합차,소형,0,0,903253,1639403,126.4430742,34.74449769
2012,2012-04-21,30,야간,토,1,1,0,0,0,부산,강서구,차량단독,공작물충돌,공작물충돌,운전자법규위반,안전운전 의무 불이행,단일로,교량위,승용차,중형,0,0,1130206,1678591,128.928475,35.09404826
2012,2012-04-21,15,주간,토,1,1,0,0,0,서울,영등포구,차대차,측면직각충돌,측면직각충돌,운전자법규위반,중앙선 침범,단일로,교량위,원동기장치자전거,원동기장치자전거,승용차,중형,945252,1947353,126.8804152,37.52385347
2012,2012-03-05,35,야간,월,1,1,0,0,0,경북,경주시,차대사람,기타,기타,운전자법규위반,안전운전 의무 불이행,교차로,교차로부근,승용차,중형,보행자,보행자,1162258,1742863,129.2927495,35.66864684
2012,2012-03-12,5,야간,월,1,1,0,0,0,경기,화성시,차대차,정면충돌,정면충돌,운전자법규위반,안전운전 의무 불이행,단일로,기타단일로,원동기장치자전거,원동기장치자전거,원동기장치자전거,원동기장치자전거,958397,1912393,127.0311372,37.20942592
2012,2012-03-12,0,야간,월,1,1,0,0,0,경북,김천시,차량단독,기타,기타,운전자법규위반,안전운전 의무 불이행,단일로,기타단일로,승용차,중형,0,0,1055140,1792745,128.106287,36.13100362
2012,2012-03-12,0,야간,월,1,1,0,0,0,경기,안산시,차대사람,횡단중,횡단중,운전자법규위반,안전운전 의무 불이행,단일로,기타단일로,화물차,경형,보행자,보행자,943902,1922156,126.8670518,37.29666546
2012,2012-03-10,15,주간,토,1,4,1,2,0,경북,경주시,차대차,측면직각충돌,측면직각충돌,운전자법규위반,안전운전 의무 불이행,교차로,교차로내,승용차,대형,승용차,중형,1154267,1751520,129.206157,35.74794899
2012,2012-03-10,30,야간,토,1,2,0,1,0,경기,안산시,차대차,기타,기타,운전자법규위반,중앙선 침범,교차로,교차로내,승용차,대형,화물차,소형,942328,1924314,126.8491259,37.31602003
2012,2012-03-10,14,주간,토,1,1,0,0,0,인천,강화군,차대사람,차도통행중,차도통행중,운전자법규위반,안전운전 의무 불이행,단일로,기타단일로,화물차,경형,보행자,보행자,900987,1970449,126.3895409,37.71956356
2012,2012-03-15,50,주간,목,1,1,0,0,0,경기,광명시,차대차,측면직각충돌,측면직각충돌,운전자법규위반,안전운전 의무 불이행,단일로,기타단일로,승용차,중형,원동기장치자전거,원동기장치자전거,944410,1941812,126.8713056,37.47386138
2012,2012-03-22,40,주간,목,1,1,0,0,0,경기,수원시,차대사람,횡단중,횡단중,운전자법규위반,보행자 보호의무 위반,단일로,횡단보도상,승용차,중형,보행자,보행자,960697,1917788,127.0567727,37.25815515
2012,2012-03-21,17,야간,수,1,2,0,1,0,전남,해남군,차량단독,공작물충돌,공작물충돌,운전자법규위반,안전운전 의무 불이행,단일로,기타단일로,화물차,중형,0,0,909078,1611540,126.5096904,34.49380233
2012,2012-03-18,45,야간,일,1,1,0,0,0,강원,태백시,차대사람,보도통행중,보도통행중,운전자법규위반,안전운전 의무 불이행,단일로,기타단일로,화물차,중형,보행자,보행자,1131181,1910360,128.9778413,37.18281044
2012,2012-03-19,40,야간,월,1,1,0,0,0,충남,아산시,차대사람,횡단중,횡단중,운전자법규위반,안전운전 의무 불이행,교차로,교차로내,승용차,중형,보행자,보행자,960965,1863642,127.0546953,36.77503342
2012,2012-03-23,30,야간,금,1,3,2,0,0,충북,음성군,차량단독,공작물충돌,공작물충돌,운전자법규위반,안전운전 의무 불이행,단일로,기타단일로,승용차,중형,0,0,1013176,1901957,127.6483107,37.11618908
2012,2012-03-23,55,야간,금,1,1,0,0,0,경북,문경시,차대사람,횡단중,횡단중,운전자법규위반,안전운전 의무 불이행,교차로,교차로내,화물차,소형,보행자,보행자,1062548,1843905,128.1992423,36.59091224
2012,2012-03-27,30,야간,화,1,1,0,0,0,전남,광양시,차대사람,보도통행중,보도통행중,운전자법규위반,안전운전 의무 불이행,단일로,교량위,승용차,중형,보행자,보행자,1007565,1663386,127.5828677,34.96532622
2012,2012-03-26,10,주간,월,1,1,0,0,0,경기,평택시,차대사람,횡단중,횡단중,운전자법규위반,보행자 보호의무 위반,단일로,횡단보도상,승용차,경형,보행자,보행자,948607,1887491,126.9225154,36.98447565
2012,2012-04-04,30,야간,수,1,1,0,0,0,충북,청주시,차대사람,횡단중,횡단중,운전자법규위반,안전운전 의무 불이행,교차로,교차로내,승용차,중형,보행자,보행자,998509,1852612,127.4833142,36.67145568
2012,2012-04-02,30,주간,월,1,1,0,0,0,제주,서귀포시,차대차,측면직각충돌,측면직각충돌,운전자법규위반,안전운전 의무 불이행,단일로,기타단일로,화물차,소형,특수차,대형,891259,1477007,126.3322905,33.27896697
2012,2012-03-31,40,주간,토,1,1,0,0,0,전남,진도군,차량단독,도로이탈,도로이탈 추락,운전자법규위반,안전운전 의무 불이행,단일로,기타단일로,이륜차,소형,0,0,889081,1613757,126.2916363,34.51183207
2012,2012-04-07,36,주간,토,1,1,0,0,0,대구,북구,차대차,측면직각충돌,측면직각충돌,운전자법규위반,안전운전 의무 불이행,단일로,기타단일로,승용차,중형,자전거,자전거,1094053,1768727,128.5423611,35.91066704
2012,2012-04-07,19,야간,토,1,1,0,0,0,서울,양천구,차대차,정면충돌,정면충돌,운전자법규위반,중앙선 침범,단일로,기타단일로,승용차,소형,화물차,대형,940865,1946357,126.8308505,37.51460562
2012,2012-04-06,25,야간,금,1,1,0,0,0,충북,청주시,차대차,정면충돌,정면충돌,운전자법규위반,신호위반,교차로,교차로내,승용차,중형,이륜차,소형,997407,1846402,127.4710027,36.61547034
2012,2012-04-11,15,야간,수,1,1,0,0,0,경남,거제시,차량단독,도로이탈,도로이탈 추락,운전자법규위반,안전운전 의무 불이행,고가도로위,고가도로위,승용차,소형,0,0,1100277,1655533,128.5974106,34.88958595
2012,2012-04-13,25,야간,금,1,1,0,0,0,경북,경주시,차대사람,횡단중,횡단중,운전자법규위반,보행자 보호의무 위반,단일로,횡단보도상,승용차,중형,보행자,보행자,1159790,1764186,129.2706427,35.85823335
2012,2012-04-18,20,야간,수,1,1,0,0,0,서울,광진구,차대사람,기타,기타,운전자법규위반,안전운전 의무 불이행,단일로,기타단일로,승용차,중형,보행자,보행자,962164,1949929,127.07167,37.54792086
2012,2012-04-18,33,야간,수,1,15,10,4,0,경남,합천군,차량단독,전도전복,전도전복,운전자법규위반,안전운전 의무 불이행,교차로,교차로내,승합차,대형,0,0,1044775,1726468,127.9938327,35.53314018