발생년,발생년월일시분,발생분,주야,요일,사망자수,사상자수,중상자수,경상자수,부상신고자수,발생지시도,발생지시군구,사고유형_대분류,사고유형_중분류,사고유형,법규위반_대분류,법규위반,도로형태_대분류,도로형태,당사자종별_1당_대분류,당사자종별_1당,당사자종별_2당_대분류,당사자종별_2당,발생위치X_UTMK,발생위치Y_UTMK,경도,위도
2012,2012-02-29,55,야간,수,1,2,1,0,0,경기,김포시,차대차,정면충돌,정면충돌,운전자법규위반,중앙선 침범,단일로,기타단일로,승용차,중형,승합차,대형,916393,1962064,126.5521709,37.65426864
2012,2012-03-01,52,야간,목,1,1,0,0,0,경기,안산시,차대사람,횡단중,횡단중,운전자법규위반,안전운전 의무 불이행,단일로,기타단일로,화물차,소형,보행자,보행자,938400,1924980,126.8047429,37.32177075
2012,2012-01-17,49,주간,화,1,1,0,0,0,전남,해남군,차대사람,기타,기타,운전자법규위반,안전운전 의무 불이행,단일로,기타단일로,화물차,소형,보행자,보행자,893687,1634172,126.3392467,34.69638332
2012,2012-01-17,26,주간,화,1,1,0,0,0,부산,사상구,차대사람,횡단중,횡단중,운전자법규위반,신호위반,교차로,교차로부근,화물차,대형,보행자,보행자,1134811,1683896,128.9798459,35.14126322
2012,2012-01-17,0,야간,화,1,3,1,0,1,대구,북구,차대사람,횡단중,횡단중,운전자법규위반,안전운전 의무 불이행,단일로,기타단일로,원동기장치자전거,원동기장치자전거,보행자,보행자,1098108,1765282,128.5843279,35.87966038
2012,2012-01-16,0,야간,월,1,1,0,0,0,인천,남구,차대사람,횡단중,횡단중,운전자법규위반,안전운전 의무 불이행,단일로,기타단일로,승용차,중형,보행자,보행자,928321,1940362,126.6895032,37.45968461
2012,2012-01-15,54,야간,일,1,2,1,0,0,서울,구로구,차대차,측면직각충돌,측면직각충돌,운전자법규위반,과속,단일로,기타단일로,승용차,중형,승용차,소형,945321,1946361,126.8812699,37.51491656
2012,2012-01-22,0,주간,일,1,1,0,0,0,충남,연기군,차량단독,공작물충돌,공작물충돌,운전자법규위반,안전운전 의무 불이행,기타/불명,기타/불명,승용차,소형,0,0,985640,1837983,127.3568409,36.5342703
2012,2012-01-23,35,야간,월,1,1,0,0,0,전남,무안군,차량단독,공작물충돌,공작물충돌,운전자법규위반,안전운전 의무 불이행,교차로,교차로부근,화물차,소형,0,0,908608,1658582,126.4994778,34.91791523
2012,2012-01-23,36,주간,월,1,1,0,0,0,경기,광명시,차대차,기타,기타,운전자법규위반,안전운전 의무 불이행,교차로,교차로부근,승용차,중형,승용차,중형,942995,1941202,126.8553508,37.46827714
2012,2012-01-20,50,주간,금,1,4,3,0,0,충북,청원군,차량단독,도로이탈,도로이탈 추락,운전자법규위반,안전운전 의무 불이행,단일로,기타단일로,승용차,대형,0,0,1011875,1847070,127.6328073,36.62142189
2012,2012-01-20,25,야간,금,1,1,0,0,0,광주,광산구,차대사람,차도통행중,차도통행중,운전자법규위반,안전운전 의무 불이행,단일로,기타단일로,승합차,소형,보행자,보행자,936924,1684691,126.8074618,35.15548984
2012,2012-01-26,25,주간,목,1,1,0,0,0,강원,영월군,차대차,추돌,주정차중 추돌,운전자법규위반,안전운전 의무 불이행,단일로,터널안,특수차,대형,특수차,대형,1096302,1911193,128.5850895,37.19456737
2012,2012-01-27,0,야간,금,1,1,0,0,0,경기,광주시,차량단독,공작물충돌,공작물충돌,운전자법규위반,안전운전 의무 불이행,단일로,기타단일로,승용차,중형,0,0,982405,1933185,127.3012104,37.39760512
2012,2012-01-26,24,주간,목,1,1,0,0,0,서울,강서구,차대사람,기타,기타,운전자법규위반,보행자 보호의무 위반,교차로,교차로부근,건설기계,건설기계,보행자,보행자,940538,1951334,126.8267466,37.55953237
2012,2012-01-25,8,야간,수,1,1,0,0,0,인천,중구,차대차,측면직각충돌,측면직각충돌,운전자법규위반,안전운전 의무 불이행,교차로,교차로내,이륜차,소형,승합차,대형,909973,1940941,126.4819928,37.46329786
2012,2012-01-31,20,야간,화,1,1,0,0,0,부산,기장군,차대사람,횡단중,횡단중,운전자법규위반,안전운전 의무 불이행,단일로,횡단보도부근,승합차,중형,보행자,보행자,1155611,1694956,129.2101752,35.23794564
2012,2012-01-31,34,야간,화,1,1,0,0,0,경기,수원시,차대사람,기타,기타,운전자법규위반,신호위반,교차로,교차로내,승용차,중형,보행자,보행자,958505,1916547,127.032123,37.24687398
2012,2012-02-05,20,주간,일,1,1,0,0,0,부산,동래구,차대사람,차도통행중,차도통행중,운전자법규위반,안전운전 의무 불이행,단일로,기타단일로,승용차,중형,보행자,보행자,1143433,1691145,129.0757209,35.2054114
2012,2012-02-10,15,주간,금,1,2,1,0,0,경북,경주시,차대차,측면직각충돌,측면직각충돌,운전자법규위반,안전운전 의무 불이행,단일로,기타단일로,화물차,대형,승용차,중형,1158351,1778231,129.2566125,35.98801706
2012,2012-02-10,18,야간,금,1,1,0,0,0,부산,북구,차대사람,기타,기타,운전자법규위반,안전운전 의무 불이행,단일로,기타단일로,승용차,중형,보행자,보행자,1137934,1691612,129.0154076,35.21039194
2013,2013-12-09,20,주간,월,1,1,0,0,0,경기,용인시,차대사람,기타,기타,운전자법규위반,안전운전 의무 불이행,단일로,기타단일로,화물차,대형,보행자,보행자,984273,1916621,127.3226663,37.24833258
2013,2013-01-02,25,야간,수,1,3,0,2,0,제주,서귀포시,차량단독,전도전복,전도전복,운전자법규위반,안전운전 의무 불이행,교차로,교차로부근,승용차,소형,0,0,943715,1489891,126.8947432,33.39918786
2013,2013-12-15,50,주간,일,1,1,0,0,0,경기,고양시,차량단독,공작물충돌,공작물충돌,운전자법규위반,안전운전 의무 불이행,단일로,기타단일로,승용차,대형,0,0,942665,1963406,126.8498821,37.66838097
2013,2013-01-01,5,야간,화,1,8,3,4,0,대전,유성구,차대차,측면직각충돌,측면직각충돌,운전자법규위반,신호위반,교차로,교차로내,승합차,대형,승용차,중형,984496,1818843,127.3271733,36.36689891
2013,2013-01-07,17,야간,월,1,1,0,0,0,서울,마포구,차대차,정면충돌,정면충돌,운전자법규위반,신호위반,교차로,교차로내,이륜차,중형,승용차,대형,945452,1953957,126.8819155,37.58338525
2013,2013-01-10,4,주간,목,1,1,0,0,0,전남,영광군,차대사람,기타,기타,운전자법규위반,안전운전 의무 불이행,단일로,기타단일로,건설기계,건설기계,보행자,보행자,915230,1701149,126.5676024,35.30227816
2013,2013-01-08,5,야간,화,1,1,0,0,0,전북,익산시,차대사람,기타,기타,운전자법규위반,안전운전 의무 불이행,단일로,기타단일로,승용차,중형,보행자,보행자,943822,1770905,126.8794198,35.93304413
2013,2013-01-18,2,주간,금,1,1,0,0,0,경기,김포시,차대사람,보도통행중,보도통행중,운전자법규위반,안전운전 의무 불이행,단일로,기타단일로,승용차,소형,보행자,보행자,920553,1966140,126.5981422,37.69200098
2013,2013-01-15,55,야간,화,1,1,0,0,0,경남,김해시,차량단독,공작물충돌,공작물충돌,운전자법규위반,안전운전 의무 불이행,교차로,교차로부근,승용차,중형,0,0,1118341,1687389,128.7995966,35.17482509
2013,2013-01-15,20,야간,화,1,1,0,0,0,강원,강릉시,차대사람,횡단중,횡단중,운전자법규위반,안전운전 의무 불이행,단일로,횡단보도상,승용차,경형,보행자,보행자,1123006,1973067,128.8963707,37.74886078
2013,2013-01-13,40,주간,일,1,1,0,0,0,서울,영등포구,차대차,측면직각충돌,측면직각충돌,운전자법규위반,신호위반,교차로,교차로내,승합차,대형,자전거,자전거,947413,1946922,126.9049009,37.52009457
2013,2013-01-23,35,야간,수,2,4,2,0,0,충북,음성군,차량단독,공작물충돌,공작물충돌,운전자법규위반,안전운전 의무 불이행,단일로,기타단일로,화물차,중형,0,0,999142,1886269,127.491169,36.97562144
2013,2013-01-24,50,주간,목,1,1,0,0,0,경기,포천시,차량단독,공작물충돌,공작물충돌,운전자법규위반,앞지르기 금지위반,단일로,기타단일로,승용차,소형,0,0,984825,1996326,127.3272368,37.96675965
2013,2013-01-21,38,주간,월,1,1,0,0,0,충북,괴산군,차량단독,공작물충돌,공작물충돌,운전자법규위반,안전운전 의무 불이행,단일로,기타단일로,화물차,소형,0,0,1012105,1866171,127.635682,36.79361162
2013,2013-01-21,10,주간,월,1,1,0,0,0,전북,정읍시,차대차,추돌,주정차중 추돌,운전자법규위반,안전운전 의무 불이행,단일로,기타단일로,승용차,소형,이륜차,소형,940350,1730479,126.8419516,35.56871922
2013,2013-01-21,27,주간,월,1,1,0,0,0,경기,안양시,차대사람,횡단중,횡단중,운전자법규위반,안전운전 의무 불이행,단일로,기타단일로,승합차,소형,보행자,보행자,951602,1933500,126.9522945,37.39909067
2013,2013-01-21,25,주간,월,1,1,0,0,0,경기,용인시,차대차,기타,기타,운전자법규위반,안전운전 의무 불이행,교차로,교차로내,원동기장치자전거,원동기장치자전거,승합차,대형,967112,1923303,127.1288703,37.30811501
2013,2013-01-19,10,주간,토,1,1,0,0,0,경기,여주시,차대차,측면직각충돌,측면직각충돌,운전자법규위반,안전운전 의무 불이행,단일로,기타단일로,승용차,경형,화물차,중형,1004308,1911380,127.5485457,37.20121259
2013,2013-01-20,30,야간,일,1,1,0,0,0,울산,울주군,차량단독,공작물충돌,공작물충돌,운전자법규위반,안전운전 의무 불이행,단일로,기타단일로,승용차,중형,0,0,1147720,1724123,129.1392191,35.50896463
2013,2013-01-18,45,야간,금,1,1,0,0,0,경기,시흥시,차대사람,차도통행중,차도통행중,운전자법규위반,안전운전 의무 불이행,단일로,기타단일로,승용차,중형,보행자,보행자,932511,1927702,126.7380332,37.34589528
2013,2013-02-22,20,주간,금,1,1,0,0,0,경북,안동시,차량단독,기타,기타,운전자법규위반,기타(운전자법규위반),단일로,기타단일로,화물차,중형,0,0,1109091,1842411,128.7192644,36.57325924
2013,2013-01-20,20,야간,일,1,1,0,0,0,경기,고양시,차량단독,공작물충돌,공작물충돌,운전자법규위반,안전운전 의무 불이행,단일로,기타단일로,승용차,중형,0,0,943145,1953743,126.8560762,37.58131915
2013,2013-01-19,30,야간,토,1,1,0,0,0,서울,강동구,차대차,기타,기타,운전자법규위반,안전운전 의무 불이행,교차로,교차로부근,승합차,중형,자전거,자전거,971728,1951065,127.1798956,37.55850324
2013,2013-01-21,50,주간,월,1,3,2,0,0,경기,용인시,차대차,측면직각충돌,측면직각충돌,운전자법규위반,신호위반,교차로,교차로내,승용차,소형,화물차,중형,988514,1907931,127.3706204,37.17006211
2013,2013-01-28,8,주간,월,1,1,0,0,0,서울,종로구,차대사람,차도통행중,차도통행중,운전자법규위반,안전운전 의무 불이행,교차로,교차로부근,승용차,중형,보행자,보행자,954764,1952462,126.9877434,37.57041774
2013,2013-01-29,7,주간,화,1,1,0,0,0,강원,양양군,차대사람,보도통행중,보도통행중,운전자법규위반,안전운전 의무 불이행,단일로,기타단일로,승용차,소형,보행자,보행자,1098365,2008667,128.6214561,38.07276362
2013,2013-01-29,55,야간,화,1,1,0,0,0,충북,진천군,차대사람,차도통행중,차도통행중,운전자법규위반,안전운전 의무 불이행,교차로,교차로부근,승용차,중형,보행자,보행자,993559,1887429,127.4276237,36.98529927
2013,2013-01-30,0,야간,수,1,1,0,0,0,전남,보성군,차량단독,도로이탈,도로이탈 추락,운전자법규위반,안전운전 의무 불이행,단일로,기타단일로,농기계,농기계,0,0,966559,1654709,127.1340352,34.88655836
2013,2013-01-30,15,야간,수,1,4,0,3,0,강원,양양군,차대차,측면직각충돌,측면직각충돌,운전자법규위반,안전운전 의무 불이행,단일로,기타단일로,승용차,소형,화물차,대형,1101240,2011317,128.6546033,38.0963253
2013,2013-01-27,40,주간,일,1,2,0,1,0,전남,광양시,차량단독,전도전복,전도전복,운전자법규위반,안전운전 의무 불이행,단일로,기타단일로,화물차,소형,0,0,1014922,1666334,127.6635095,34.9918279
2013,2013-01-26,0,주간,토,1,2,1,0,0,경기,고양시,차량단독,전도전복,전도전복,운전자법규위반,안전운전 의무 불이행,단일로,기타단일로,승용차,중형,0,0,930186,1966673,126.7080818,37.69696015
2013,2013-01-25,55,주간,금,1,1,0,0,0,울산,중구,차대사람,횡단중,횡단중,운전자법규위반,안전운전 의무 불이행,단일로,횡단보도상,승용차,경형,보행자,보행자,1164996,1730038,129.3203663,35.55261433
2013,2013-01-24,45,야간,목,1,1,0,0,0,강원,인제군,차대사람,차도통행중,차도통행중,운전자법규위반,안전운전 의무 불이행,단일로,기타단일로,승용차,대형,보행자,보행자,1074756,1995225,128.3509207,37.95388599
2013,2013-01-13,38,주간,일,1,1,0,0,0,서울,종로구,차대사람,횡단중,횡단중,운전자법규위반,안전운전 의무 불이행,단일로,횡단보도상,승용차,소형,보행자,보행자,957507,1952830,127.018783,37.57386531
2013,2013-01-19,50,야간,토,1,1,0,0,0,전남,순천시,차대사람,기타,기타,운전자법규위반,안전운전 의무 불이행,단일로,기타단일로,승용차,중형,보행자,보행자,1002653,1662474,127.5290583,34.95712705
2013,2013-01-14,30,주간,월,1,1,0,0,0,경기,성남시,차대차,측면직각충돌,측면직각충돌,운전자법규위반,신호위반,교차로,교차로내,승용차,중형,이륜차,소형,966265,1929458,127.1190323,37.36356409
2013,2013-01-15,16,야간,화,1,1,0,0,0,서울,마포구,차대차,측면직각충돌,측면직각충돌,운전자법규위반,안전거리 미확보,단일로,기타단일로,이륜차,중형,승용차,중형,952429,1950307,126.9614425,37.55087666
2013,2013-01-16,5,주간,수,1,1,0,0,0,대구,북구,차대사람,횡단중,횡단중,운전자법규위반,안전운전 의무 불이행,단일로,기타단일로,승용차,경형,보행자,보행자,1095063,1773445,128.5541174,35.95309985
2013,2013-01-16,25,야간,수,1,1,0,0,0,경남,통영시,차대사람,기타,기타,운전자법규위반,안전운전 의무 불이행,교차로,교차로부근,승합차,소형,보행자,보행자,1084408,1652547,128.4234643,34.86410652
2013,2013-01-16,19,주간,수,1,1,0,0,0,서울,서대문구,차대사람,횡단중,횡단중,운전자법규위반,안전운전 의무 불이행,단일로,기타단일로,승용차,중형,보행자,보행자,952461,1952512,126.9624392,37.57020067
2013,2013-01-22,5,주간,화,1,1,0,0,0,경북,경산시,차대사람,기타,기타,운전자법규위반,안전운전 의무 불이행,단일로,기타단일로,승용차,소형,보행자,보행자,1111755,1761528,128.7374994,35.84391202
2013,2013-01-19,30,야간,토,1,1,0,0,0,서울,성북구,차대사람,횡단중,횡단중,운전자법규위반,안전운전 의무 불이행,단일로,기타단일로,이륜차,대형,보행자,보행자,957807,1955834,127.022044,37.60086212
2013,2013-01-19,0,주간,토,1,1,0,0,0,전북,익산시,차대사람,기타,기타,운전자법규위반,안전운전 의무 불이행,단일로,기타단일로,화물차,중형,보행자,보행자,954328,1772932,126.9935605,35.95203551
2013,2013-01-20,20,야간,일,1,2,0,1,0,경북,청송군,차량단독,도로이탈,도로이탈 기타,운전자법규위반,안전운전 의무 불이행,단일로,기타단일로,승용차,대형,0,0,1132120,1810959,128.9712198,36.28689435
2013,2013-01-20,15,야간,일,1,1,0,0,0,경기,화성시,차량단독,공작물충돌,공작물충돌,운전자법규위반,안전운전 의무 불이행,단일로,기타단일로,승용차,경형,0,0,953200,1903077,126.9731528,37.12520713
2013,2013-01-19,30,야간,토,1,1,0,0,0,전남,순천시,차량단독,기타,기타,운전자법규위반,안전운전 의무 불이행,단일로,기타단일로,원동기장치자전거,원동기장치자전거,0,0,982683,1657337,127.310434,34.91065959
2013,2013-02-20,25,주간,수,1,2,0,1,0,전북,군산시,차대차,측면직각충돌,측면직각충돌,운전자법규위반,안전운전 의무 불이행,교차로,교차로내,승용차,중형,화물차,소형,924174,1767322,126.6597553,35.8995844
2013,2013-01-21,10,주간,월,1,1,0,0,0,전북,전주시,차대사람,횡단중,횡단중,운전자법규위반,보행자 보호의무 위반,단일로,기타단일로,화물차,소형,보행자,보행자,968180,1758782,127.1477224,35.82500978
2013,2013-01-20,50,야간,일,1,2,1,0,0,제주,제주시,차량단독,기타,기타,운전자법규위반,안전운전 의무 불이행,단일로,기타단일로,승용차,중형,0,0,885372,1491318,126.2599727,33.41380458
2013,2013-01-29,18,야간,화,1,1,0,0,0,경기,광주시,차대사람,보도통행중,보도통행중,운전자법규위반,안전운전 의무 불이행,단일로,기타단일로,승합차,소형,보행자,보행자,977193,1936444,127.2422247,37.42686714
2013,2013-01-30,56,주간,수,1,1,0,0,0,서울,성북구,차대사람,차도통행중,차도통행중,운전자법규위반,안전운전 의무 불이행,단일로,기타단일로,승합차,대형,보행자,보행자,957803,1956438,127.021927,37.6063986
2013,2013-01-25,35,야간,금,1,1,0,0,0,경북,구미시,차대차,측면직각충돌,측면직각충돌,운전자법규위반,중앙선 침범,단일로,기타단일로,승용차,중형,원동기장치자전거,원동기장치자전거,1071729,1794190,128.2972853,36.14210954
2013,2013-01-26,15,야간,토,1,1,0,0,0,울산,울주군,차량단독,공작물충돌,공작물충돌,운전자법규위반,안전운전 의무 불이행,단일로,횡단보도부근,승용차,중형,0,0,1154861,1732048,129.2089795,35.57236573
2013,2013-01-25,55,주간,금,1,1,0,0,0,경남,함양군,차량단독,전도전복,전도전복,운전자법규위반,안전운전 의무 불이행,단일로,기타단일로,승용차,중형,0,0,1012420,1732257,127.6367606,35.58605435
2013,2013-01-25,52,주간,금,1,1,0,0,0,충북,청원군,차량단독,기타,기타,운전자법규위반,안전운전 의무 불이행,단일로,기타단일로,승용차,중형,0,0,1013344,1848115,127.6492544,36.63082308
2013,2013-01-24,42,야간,목,1,1,0,0,0,대전,유성구,차대사람,기타,기타,운전자법규위반,안전운전 의무 불이행,단일로,기타단일로,승용차,중형,보행자,보행자,989122,1824542,127.3786604,36.41834075
2013,2013-02-04,20,주간,월,1,1,0,0,0,경기,평택시,차량단독,공작물충돌,공작물충돌,운전자법규위반,안전운전 의무 불이행,교차로,교차로부근,승용차,중형,0,0,964419,1902879,127.1031224,37.12887745
2013,2013-02-04,55,주간,월,1,2,0,1,0,경기,평택시,차량단독,공작물충돌,공작물충돌,운전자법규위반,안전운전 의무 불이행,교차로,교차로부근,승용차,중형,0,0,951864,1889461,126.9589858,37.00240568
2013,2013-02-04,15,야간,월,1,2,1,0,0,부산,사상구,차량단독,공작물충돌,공작물충돌,운전자법규위반,안전운전 의무 불이행,단일로,기타단일로,승용차,중형,0,0,1136294,1684584,128.9962337,35.14726507
2013,2013-02-03,50,야간,일,1,1,0,0,0,경남,창원시(통합),차대사람,기타,기타,운전자법규위반,안전운전 의무 불이행,단일로,기타단일로,승합차,중형,보행자,보행자,1100687,1696499,128.6068735,35.25888052
2013,2013-02-01,26,주간,금,1,1,0,0,0,경기,파주시,차대차,정면충돌,정면충돌,운전자법규위반,교차로 통행방법 위반,교차로,교차로내,화물차,대형,화물차,소형,932882,1990273,126.7221051,37.9078404
2013,2013-02-02,25,주간,토,1,1,0,0,0,경남,함안군,차량단독,공작물충돌,공작물충돌,운전자법규위반,안전운전 의무 불이행,단일로,기타단일로,승용차,대형,0,0,1079842,1697319,128.3778268,35.26815278
2013,2013-02-02,15,야간,토,1,2,1,0,0,충남,서산시,차량단독,공작물충돌,공작물충돌,운전자법규위반,안전운전 의무 불이행,단일로,기타단일로,화물차,소형,0,0,916905,1856501,126.5697162,36.70288102
2013,2013-02-02,30,주간,토,1,2,1,0,0,전북,남원시,차량단독,공작물충돌,공작물충돌,운전자법규위반,안전운전 의무 불이행,단일로,기타단일로,화물차,소형,0,0,1004689,1717146,127.5516699,35.45010444
2013,2013-02-02,5,주간,토,2,5,2,1,0,경기,포천시,차량단독,공작물충돌,공작물충돌,운전자법규위반,안전운전 의무 불이행,단일로,기타단일로,승합차,중형,0,0,979931,2006498,127.2712355,38.05834293
2013,2013-08-07,40,주간,수,1,8,3,4,0,충북,청원군,차대차,추돌,주정차중 추돌,운전자법규위반,안전거리 미확보,단일로,기타단일로,화물차,대형,화물차,대형,995871,1859211,127.4537567,36.73093708
2013,2013-08-17,28,야간,토,1,1,0,0,0,충북,충주시,차대차,추돌,진행중 추돌,운전자법규위반,안전운전 의무 불이행,단일로,기타단일로,화물차,소형,화물차,중형,1031029,1885676,127.8485922,36.96900726
2013,2013-07-09,15,야간,화,1,2,1,0,0,충북,단양군,차량단독,공작물충돌,공작물충돌,운전자법규위반,안전운전 의무 불이행,단일로,기타단일로,승용차,대형,0,0,1070492,1885959,128.291934,36.96942895
2013,2013-07-16,30,주간,화,1,5,1,2,1,서울,송파구,차대차,추돌,진행중 추돌,운전자법규위반,안전운전 의무 불이행,단일로,기타단일로,화물차,소형,화물차,중형,967579,1942129,127.1333145,37.47782231
2013,2013-10-27,0,주간,일,1,6,4,0,1,경북,경산시,차량단독,공작물충돌,공작물충돌,운전자법규위반,안전운전 의무 불이행,단일로,기타단일로,승합차,소형,0,0,1119397,1765294,128.822666,35.87695664
2012,2012-02-15,50,야간,수,1,1,0,0,0,경기,시흥시,차대사람,기타,기타,운전자법규위반,안전운전 의무 불이행,단일로,기타단일로,건설기계,건설기계,보행자,보행자,932941,1928317,126.7449839,37.34629138
2012,2012-02-11,22,야간,금,1,1,0,0,0,서울,종로구,차대사람,횡단중,횡단중,운전자법규위반,안전운전 의무 불이행,단일로,횡단보도부근,승용차,중형,보행자,보행자,956189,1952527,127.0038758,37.57107252
2012,2012-02-11,30,주간,토,1,1,0,0,0,서울,동대문구,차대사람,차도통행중,차도통행중,운전자법규위반,안전운전 의무 불이행,단일로,기타단일로,승합차,대형,보행자,보행자,958120,1952876,127.0257222,37.57430801
2012,2012-02-19,55,야간,일,4,5,1,0,0,경북,안동시,차대차,추돌,진행중 추돌,운전자법규위반,안전운전 의무 불이행,단일로,기타단일로,승용차,중형,승용차,소형,1113807,1838464,128.7713786,36.53713472
2012,2012-02-20,20,주간,월,1,3,1,1,0,경기,파주시,차대차,기타,기타,운전자법규위반,중앙선 침범,단일로,기타단일로,승용차,소형,화물차,중형,930975,1978374,126.7159189,37.80247446
2012,2012-02-16,52,주간,목,1,2,1,0,0,경기,용인시,차대사람,기타,기타,운전자법규위반,신호위반,단일로,횡단보도상,승용차,소형,보행자,보행자,965354,1922074,127.1090897,37.29697323
2012,2012-02-21,50,주간,화,1,1,0,0,0,전남,함평군,차량단독,공작물충돌,공작물충돌,운전자법규위반,안전운전 의무 불이행,단일로,기타단일로,화물차,소형,0,0,918525,1688689,126.6050759,35.19021315
2012,2012-02-25,29,야간,토,1,1,0,0,0,경북,경주시,차량단독,기타,기타,운전자법규위반,안전운전 의무 불이행,단일로,기타단일로,승용차,대형,0,0,1167360,1761625,129.3265334,35.79452756
2012,2012-02-25,31,주간,토,1,1,0,0,0,서울,강서구,차대사람,횡단중,횡단중,운전자법규위반,신호위반,단일로,횡단보도상,승용차,대형,보행자,보행자,938664,1951952,126.8055243,37.56488057
2012,2012-01-18,5,주간,수,1,3,2,0,0,경북,영덕군,차량단독,도로이탈,도로이탈 추락,운전자법규위반,안전운전 의무 불이행,단일로,기타단일로,승용차,소형,0,0,1160076,1843380,129.2891877,36.57457571
2012,2012-01-18,40,주간,수,1,2,0,1,0,울산,동구,차대차,정면충돌,정면충돌,운전자법규위반,중앙선 침범,단일로,기타단일로,화물차,소형,승용차,대형,1173145,1723699,129.4088753,35.49409895
2012,2012-01-22,0,야간,일,1,2,1,0,0,전북,익산시,차대사람,보도통행중,보도통행중,운전자법규위반,보행자 보호의무 위반,교차로,교차로내,승용차,중형,보행자,보행자,950168,1771713,126.9475102,35.94084199
2012,2012-01-22,55,야간,일,1,1,0,0,0,강원,원주시,차대사람,횡단중,횡단중,운전자법규위반,안전운전 의무 불이행,단일로,기타단일로,승용차,대형,보행자,보행자,1028077,1923819,127.8168596,37.31292394
2012,2012-01-19,10,야간,목,1,1,0,0,0,경북,울진군,차량단독,공작물충돌,공작물충돌,운전자법규위반,안전운전 의무 불이행,단일로,교량위,승용차,중형,0,0,1167767,1882208,129.3835444,36.92332002
2012,2012-01-19,45,야간,목,1,1,0,0,0,인천,남동구,차대사람,횡단중,횡단중,운전자법규위반,안전운전 의무 불이행,단일로,기타단일로,화물차,소형,보행자,보행자,930312,1939220,126.7103456,37.44968553
2012,2012-01-19,30,주간,목,1,1,0,0,0,경기,용인시,차대차,측면직각충돌,측면직각충돌,운전자법규위반,안전운전 의무 불이행,단일로,터널안,승용차,소형,승용차,소형,961675,1924260,127.0763204,37.30968724
2012,2012-01-20,50,야간,금,1,1,0,0,0,경기,광명시,차대사람,횡단중,횡단중,운전자법규위반,안전운전 의무 불이행,교차로,교차로부근,승합차,대형,보행자,보행자,945295,1936176,126.8817322,37.42311571
2012,2012-02-02,38,주간,목,1,1,0,0,0,부산,금정구,차대사람,횡단중,횡단중,운전자법규위반,신호위반,단일로,횡단보도상,승용차,대형,보행자,보행자,1143758,1693424,129.0796881,35.22590707
2012,2012-02-02,55,야간,목,1,1,0,0,0,부산,북구,차대사람,횡단중,횡단중,운전자법규위반,안전운전 의무 불이행,단일로,기타단일로,화물차,소형,보행자,보행자,1137176,1691615,129.0070829,35.21052291
2012,2012-02-06,40,야간,월,1,1,0,0,0,경남,거제시,차량단독,공작물충돌,공작물충돌,운전자법규위반,안전운전 의무 불이행,단일로,교량위,승합차,경형,0,0,1089145,1655446,128.4755917,34.88984023
2012,2012-02-06,30,야간,월,1,1,0,0,0,전북,익산시,차대사람,횡단중,횡단중,운전자법규위반,안전운전 의무 불이행,단일로,기타단일로,승용차,중형,보행자,보행자,951100,1772737,126.9577798,35.9501211
2012,2012-02-03,0,야간,목,1,2,1,0,0,경기,화성시,차대차,측면직각충돌,측면직각충돌,운전자법규위반,안전운전 의무 불이행,교차로,교차로내,승용차,소형,화물차,중형,949901,1907942,126.9382909,37.16755751
2012,2012-02-10,42,야간,금,1,1,0,0,0,대전,대덕구,차대차,추돌,주정차중 추돌,운전자법규위반,안전운전 의무 불이행,단일로,기타단일로,승용차,중형,특수차,대형,993155,1823012,127.4236603,36.40458456
2012,2012-02-10,50,야간,금,1,1,0,0,0,경기,고양시,차대사람,기타,기타,운전자법규위반,안전운전 의무 불이행,단일로,기타단일로,승용차,중형,보행자,보행자,927699,1965436,126.6799965,37.68561892
2012,2012-02-13,0,야간,월,1,1,0,0,0,서울,성북구,차대사람,횡단중,횡단중,운전자법규위반,안전운전 의무 불이행,단일로,기타단일로,이륜차,소형,보행자,보행자,959069,1954786,127.0363622,37.59156599
2012,2012-02-14,20,주간,화,1,1,0,0,0,경기,광주시,차량단독,공작물충돌,공작물충돌,운전자법규위반,안전운전 의무 불이행,단일로,기타단일로,건설기계,건설기계,0,0,974309,1937308,127.1912718,37.4327482
2012,2012-02-13,55,주간,월,1,1,0,0,0,서울,구로구,차대사람,횡단중,횡단중,운전자법규위반,안전운전 의무 불이행,단일로,횡단보도상,건설기계,건설기계,보행자,보행자,945814,1942780,126.8871121,37.48266956
2012,2012-02-11,55,야간,토,1,1,0,0,0,경기,오산시,차대사람,기타,기타,운전자법규위반,안전운전 의무 불이행,교차로,교차로내,승용차,소형,보행자,보행자,961616,1905435,127.0658863,37.14572059
2012,2012-02-16,44,야간,목,1,1,0,0,0,경기,평택시,차대사람,기타,기타,운전자법규위반,안전운전 의무 불이행,단일로,기타단일로,승합차,소형,보행자,보행자,948811,1895698,126.9242496,37.05846419
2012,2012-02-24,25,야간,금,1,1,0,0,0,강원,원주시,차량단독,전도전복,전도전복,운전자법규위반,안전운전 의무 불이행,단일로,교량위,승용차,중형,0,0,1035836,1929099,127.850622,37.33164072
2012,2012-02-25,25,야간,토,1,1,0,0,0,제주,제주시,차대차,추돌,주정차중 추돌,운전자법규위반,기타(운전자법규위반),단일로,기타단일로,승용차,소형,이륜차,소형,939665,1503768,126.8502611,33.52412622