발생년,발생년월일시분,발생분,주야,요일,사망자수,사상자수,중상자수,경상자수,부상신고자수,발생지시도,발생지시군구,사고유형_대분류,사고유형_중분류,사고유형,법규위반_대분류,법규위반,도로형태_대분류,도로형태,당사자종별_1당_대분류,당사자종별_1당,당사자종별_2당_대분류,당사자종별_2당,발생위치X_UTMK,발생위치Y_UTMK,경도,위도
2012,2012-02-26,30,주간,일,1,2,1,0,0,전북,익산시,차대차,측면직각충돌,측면직각충돌,운전자법규위반,신호위반,단일로,횡단보도상,승용차,중형,자전거,자전거,950529,1771081,126.9515518,35.93516247
2012,2012-02-24,45,주간,금,1,2,0,1,0,충남,예산군,차대차,정면충돌,정면충돌,운전자법규위반,중앙선 침범,단일로,기타단일로,승용차,대형,화물차,중형,925775,1852099,126.6694363,36.66393609
2012,2012-02-24,55,야간,금,1,1,0,0,0,전북,전주시,차대사람,횡단중,횡단중,운전자법규위반,안전운전 의무 불이행,단일로,횡단보도상,화물차,중형,보행자,보행자,967303,1759167,127.1379976,35.8284521
2012,2012-02-26,15,주간,일,1,1,0,0,0,경북,영천시,차대차,정면충돌,정면충돌,운전자법규위반,중앙선 침범,단일로,기타단일로,이륜차,중형,승용차,대형,1117044,1781740,128.7987236,36.02502363
2012,2012-03-04,43,야간,일,1,1,0,0,0,경남,진주시,차량단독,기타,기타,운전자법규위반,안전운전 의무 불이행,단일로,기타단일로,승용차,중형,0,0,1052104,1688206,128.0722999,35.18781234
2012,2012-03-04,30,야간,일,1,1,0,0,0,대전,유성구,차대사람,차도통행중,차도통행중,운전자법규위반,안전운전 의무 불이행,단일로,기타단일로,승용차,대형,보행자,보행자,986224,1818246,127.3464462,36.36154305
2012,2012-03-01,30,주간,목,1,1,0,0,0,전남,강진군,차량단독,도로이탈,도로이탈 추락,운전자법규위반,안전운전 의무 불이행,단일로,교량위,승용차,소형,0,0,933831,1627604,126.7780233,34.64054488
2012,2012-03-01,35,주간,목,1,1,0,0,0,경기,하남시,차대사람,횡단중,횡단중,운전자법규위반,안전운전 의무 불이행,단일로,터널안,승용차,대형,보행자,보행자,974785,1950191,127.2145375,37.55071423
2012,2012-01-19,13,야간,목,1,1,0,0,0,부산,중구,차대사람,횡단중,횡단중,운전자법규위반,과속,단일로,기타단일로,승용차,중형,보행자,보행자,1139666,1679149,129.0323218,35.09781115
2012,2012-01-18,0,야간,수,1,1,0,0,0,경기,파주시,차대사람,횡단중,횡단중,운전자법규위반,보행자 보호의무 위반,단일로,기타단일로,화물차,경형,보행자,보행자,937828,1978712,126.79373,37.80601307
2012,2012-01-18,0,야간,수,1,1,0,0,0,대구,달성군,차대사람,기타,기타,운전자법규위반,안전운전 의무 불이행,단일로,기타단일로,승용차,중형,보행자,보행자,1085363,1751657,128.4431695,35.75594649
2012,2012-01-16,17,야간,월,1,1,0,0,0,울산,울주군,차대사람,기타,기타,운전자법규위반,안전운전 의무 불이행,단일로,기타단일로,화물차,대형,보행자,보행자,1165610,1716972,129.3244724,35.43475961
2012,2012-01-16,35,주간,월,1,1,0,0,0,충남,아산시,차대차,측면직각충돌,측면직각충돌,운전자법규위반,교차로 통행방법 위반,교차로,교차로내,승용차,중형,자전거,자전거,958843,1881104,127.0378778,36.92740571
2012,2012-01-16,21,주간,월,2,12,7,3,0,경북,경주시,차량단독,기타,기타,운전자법규위반,안전운전 의무 불이행,단일로,기타단일로,승합차,대형,0,0,1156250,1774371,129.2827074,36.00062206
2012,2012-01-20,0,주간,금,1,1,0,0,0,충남,논산시,차대사람,횡단중,횡단중,운전자법규위반,안전운전 의무 불이행,교차로,교차로내,승용차,중형,보행자,보행자,972070,1801318,127.1892861,36.20862377
2012,2012-01-26,20,야간,목,1,1,0,0,0,경기,수원시,차대사람,횡단중,횡단중,운전자법규위반,안전운전 의무 불이행,교차로,교차로내,화물차,소형,보행자,보행자,957921,1921996,127.02523,37.29596346
2012,2012-02-01,10,야간,수,1,1,0,0,0,경기,시흥시,차량단독,공작물충돌,공작물충돌,운전자법규위반,안전운전 의무 불이행,교차로,교차로내,승용차,대형,0,0,938576,1931434,126.8070321,37.37971535
2012,2012-01-28,9,야간,토,1,1,0,0,0,인천,남구,차대차,기타,기타,운전자법규위반,안전운전 의무 불이행,기타/불명,기타/불명,원동기장치자전거,원동기장치자전거,화물차,대형,927471,1939666,126.6798813,37.45549906
2012,2012-02-05,21,야간,일,1,1,0,0,0,경기,포천시,차대사람,기타,기타,운전자법규위반,안전운전 의무 불이행,단일로,기타단일로,승용차,경형,보행자,보행자,974494,1989593,127.2098609,37.9058444
2012,2012-04-05,20,주간,목,1,1,0,0,0,서울,은평구,차대차,측면직각충돌,측면직각충돌,운전자법규위반,안전운전 의무 불이행,교차로,교차로내,승용차,중형,이륜차,소형,949497,1958370,126.9276943,37.62339308
2012,2012-04-11,40,야간,수,1,2,1,0,0,경기,안산시,차대차,측면직각충돌,측면직각충돌,운전자법규위반,안전운전 의무 불이행,교차로,교차로내,자전거,자전거,이륜차,중형,941154,1923362,126.8359526,37.30736571
2012,2012-04-10,15,주간,화,1,1,0,0,0,부산,영도구,차대사람,횡단중,횡단중,운전자법규위반,안전운전 의무 불이행,단일로,기타단일로,건설기계,건설기계,보행자,보행자,1140771,1678520,129.0620467,35.08777545
2012,2012-04-08,5,주간,일,1,1,0,0,0,충남,서산시,차대차,추돌,진행중 추돌,운전자법규위반,안전운전 의무 불이행,단일로,기타단일로,승용차,중형,건설기계,건설기계,912842,1866127,126.5231358,36.78928091
2012,2012-04-15,5,야간,일,1,1,0,0,0,대구,달서구,차대사람,차도통행중,차도통행중,운전자법규위반,안전운전 의무 불이행,단일로,횡단보도상,승용차,중형,보행자,보행자,1093079,1757263,128.5302299,35.80741582
2012,2012-04-14,50,주간,토,1,1,0,0,0,인천,부평구,차대차,측면직각충돌,측면직각충돌,운전자법규위반,안전운전 의무 불이행,교차로,교차로내,승용차,중형,자전거,자전거,930033,1946919,126.7082361,37.51891286
2012,2012-04-20,55,야간,금,1,1,0,0,0,서울,양천구,차량단독,공작물충돌,공작물충돌,운전자법규위반,안전운전 의무 불이행,교차로,교차로부근,승용차,대형,0,0,943461,1947979,126.8600993,37.52938758
2012,2012-04-19,40,주간,목,1,1,0,0,0,부산,강서구,차대차,기타,기타,운전자법규위반,안전거리 미확보,단일로,기타단일로,이륜차,사발이,화물차,소형,1125046,1679689,128.8720458,35.10460007
2012,2012-04-23,15,주간,월,1,2,1,0,0,경기,김포시,차대차,추돌,진행중 추돌,운전자법규위반,안전운전 의무 불이행,단일로,기타단일로,화물차,경형,화물차,소형,936843,1956790,126.7844435,37.6083703
2012,2012-04-22,30,주간,일,1,1,0,0,0,전남,순천시,차대차,추돌,주정차중 추돌,운전자법규위반,안전운전 의무 불이행,단일로,기타단일로,승용차,경형,특수차,중형,1001841,1661121,127.5232326,34.92287071
2012,2012-04-21,15,야간,토,1,1,0,0,0,부산,해운대구,차대차,추돌,주정차중 추돌,운전자법규위반,안전운전 의무 불이행,단일로,기타단일로,승용차,중형,승합차,대형,1149904,1693903,129.1472865,35.22932445
2012,2012-04-21,40,주간,토,1,1,0,0,0,경기,김포시,차대차,기타,기타,운전자법규위반,안전거리 미확보,단일로,기타단일로,특수차,대형,이륜차,소형,917617,1961220,126.5661406,37.64677299
2012,2012-04-27,10,야간,금,1,1,0,0,0,대구,북구,차량단독,공작물충돌,공작물충돌,운전자법규위반,안전운전 의무 불이행,단일로,기타단일로,이륜차,소형,0,0,1099640,1766508,128.6039923,35.89011063
2012,2012-03-09,50,주간,금,1,2,0,1,0,전남,여수시,차대차,기타,기타,운전자법규위반,안전운전 의무 불이행,교차로,교차로내,화물차,소형,승합차,대형,1010866,1649879,127.6188514,34.84349592
2012,2012-03-06,25,야간,화,1,1,0,0,0,경북,포항시,차대사람,횡단중,횡단중,운전자법규위반,안전운전 의무 불이행,단일로,기타단일로,화물차,소형,보행자,보행자,1172110,1773662,129.4081789,35.94451447
2012,2012-03-05,10,야간,월,2,3,0,1,0,부산,기장군,차대차,측면직각충돌,측면직각충돌,운전자법규위반,신호위반,교차로,교차로내,승용차,소형,승합차,대형,1156309,1694733,129.2051424,35.19278454
2012,2012-03-14,10,주간,수,1,1,0,0,0,경북,청송군,차대사람,기타,기타,운전자법규위반,안전운전 의무 불이행,단일로,터널안,화물차,소형,보행자,보행자,1139147,1825729,129.0520844,36.41901487
2012,2012-03-14,10,주간,수,1,1,0,0,0,부산,금정구,차대사람,횡단중,횡단중,운전자법규위반,안전운전 의무 불이행,단일로,기타단일로,승합차,소형,보행자,보행자,1144771,1696751,129.0914015,35.25574955
2012,2012-03-14,10,주간,수,1,1,0,0,0,부산,사하구,차대차,추돌,주정차중 추돌,운전자법규위반,중앙선 침범,교차로,교차로부근,원동기장치자전거,원동기장치자전거,승합차,대형,1133763,1679992,128.9677136,35.10621136
2012,2012-03-12,0,주간,월,1,2,1,0,0,경남,거창군,차대차,측면직각충돌,측면직각충돌,운전자법규위반,중앙선 침범,단일로,기타단일로,화물차,소형,승합차,대형,1031797,1747444,127.8515727,35.72278583
2012,2012-03-12,56,야간,월,1,2,1,0,0,인천,남동구,차대차,기타,기타,운전자법규위반,교차로 통행방법 위반,교차로,교차로내,화물차,소형,승용차,소형,930248,1932563,126.7120275,37.38954023
2012,2012-03-10,25,주간,토,1,2,0,1,0,충북,제천시,차대차,측면직각충돌,측면직각충돌,운전자법규위반,부당한 회전,교차로,교차로내,승용차,중형,화물차,대형,1062670,1898304,128.2050928,37.08125675
2012,2012-03-17,10,주간,토,1,1,0,0,0,경북,상주시,차대차,측면직각충돌,측면직각충돌,운전자법규위반,교차로 통행방법 위반,교차로,교차로내,승용차,중형,이륜차,소형,1061196,1823981,128.1825506,36.41139417
2012,2012-03-15,35,야간,목,1,1,0,0,0,인천,부평구,차대사람,횡단중,횡단중,운전자법규위반,안전운전 의무 불이행,단일로,교량위,승용차,중형,보행자,보행자,933308,1943143,126.7456362,37.48512284
2012,2012-03-22,9,주간,목,1,2,1,0,0,강원,철원군,차대차,측면직각충돌,측면직각충돌,운전자법규위반,차로위반(진로변경 위반),단일로,기타단일로,화물차,소형,승용차,소형,993039,2027468,127.420447,38.24753415
2012,2012-03-21,0,주간,수,1,1,0,0,0,경기,평택시,차량단독,기타,기타,운전자법규위반,안전운전 의무 불이행,단일로,기타단일로,승용차,경형,0,0,965057,1894910,127.1070089,37.05210716
2012,2012-03-20,17,주간,화,1,1,0,0,0,제주,제주시,차량단독,기타,기타,운전자법규위반,과속,단일로,기타단일로,화물차,소형,0,0,905706,1496987,126.4853162,33.46051552
2012,2012-03-29,45,주간,목,2,4,1,1,0,강원,원주시,차대사람,보도통행중,보도통행중,운전자법규위반,중앙선 침범,단일로,기타단일로,승용차,경형,보행자,보행자,1044868,1929482,128.0066896,37.36330867
2012,2012-03-28,0,야간,수,1,1,0,0,0,부산,기장군,차량단독,전도전복,전도전복,운전자법규위반,안전운전 의무 불이행,단일로,기타단일로,승용차,대형,0,0,1159343,1703854,129.2529009,35.31755514
2012,2012-03-31,50,야간,토,2,2,0,0,0,전북,전주시,차대사람,횡단중,횡단중,운전자법규위반,과속,단일로,횡단보도상,승용차,중형,보행자,보행자,968914,1762440,127.1557059,35.85801392
2012,2012-03-31,15,야간,토,1,1,0,0,0,경기,의왕시,차대사람,차도통행중,차도통행중,운전자법규위반,안전운전 의무 불이행,단일로,기타단일로,승용차,중형,보행자,보행자,953951,1927249,126.9798631,37.34331179
2012,2012-04-04,10,야간,수,1,2,1,0,0,전북,남원시,차대차,정면충돌,정면충돌,운전자법규위반,중앙선 침범,단일로,기타단일로,승용차,경형,이륜차,소형,1011373,1718888,127.6253477,35.46575761
2012,2012-04-09,10,야간,월,1,1,0,0,0,경남,산청군,차량단독,공작물충돌,공작물충돌,운전자법규위반,안전운전 의무 불이행,단일로,기타단일로,원동기장치자전거,원동기장치자전거,0,0,1046188,1708655,128.0084734,35.37248382
2012,2012-04-08,26,야간,일,1,1,0,0,0,경기,오산시,차대차,측면직각충돌,측면직각충돌,운전자법규위반,신호위반,교차로,교차로내,승용차,중형,이륜차,소형,960472,1905360,127.0548937,37.14612151
2012,2012-02-16,50,주간,목,1,2,1,0,0,강원,홍천군,차대차,기타,기타,운전자법규위반,안전운전 의무 불이행,단일로,기타단일로,승용차,소형,농기계,농기계,1044358,1980466,128.0040202,37.82286099
2012,2012-02-16,5,주간,목,1,1,0,0,0,경기,수원시,차대차,기타,기타,운전자법규위반,부당한 회전,단일로,횡단보도부근,자전거,자전거,승용차,중형,957131,1920458,127.0164056,37.28206435
2012,2012-02-24,25,주간,금,1,1,0,0,0,대구,서구,차대사람,기타,기타,운전자법규위반,안전운전 의무 불이행,단일로,횡단보도부근,특수차,소형,보행자,보행자,1096899,1765276,128.5734775,35.87928002
2012,2012-02-21,52,야간,화,1,1,0,0,0,경북,봉화군,차량단독,공작물충돌,공작물충돌,운전자법규위반,안전운전 의무 불이행,단일로,기타단일로,승용차,경형,0,0,1121138,1880213,128.8598744,36.91248875
2012,2012-02-21,25,야간,화,1,1,0,0,0,부산,서구,차대사람,길가장자리구역통행중,길가장자리구역통행중,운전자법규위반,안전운전 의무 불이행,단일로,기타단일로,특수차,대형,보행자,보행자,1138420,1680521,129.0160258,35.10939451
2012,2012-02-28,40,야간,화,1,4,0,3,0,서울,용산구,차대사람,횡단중,횡단중,운전자법규위반,안전운전 의무 불이행,단일로,기타단일로,승합차,대형,보행자,보행자,953395,1950482,126.9723672,37.55250334
2012,2012-02-29,30,주간,수,1,1,0,0,0,경기,연천군,차대차,측면직각충돌,측면직각충돌,운전자법규위반,중앙선 침범,단일로,기타단일로,원동기장치자전거,원동기장치자전거,승용차,중형,963988,2015780,127.0773134,38.11065611
2012,2012-02-29,0,주간,수,1,1,0,0,0,전북,정읍시,차대사람,횡단중,횡단중,운전자법규위반,안전운전 의무 불이행,단일로,기타단일로,승용차,소형,보행자,보행자,940750,1730791,126.8461235,35.57137471
2012,2012-02-29,15,주간,수,1,1,0,0,0,전북,남원시,차량단독,공작물충돌,공작물충돌,운전자법규위반,안전운전 의무 불이행,단일로,기타단일로,화물차,소형,0,0,1002893,1716154,127.5318756,35.44116665
2012,2012-02-27,50,주간,월,1,2,0,1,0,부산,수영구,차대차,추돌,진행중 추돌,운전자법규위반,안전운전 의무 불이행,단일로,기타단일로,승합차,소형,승합차,대형,1146802,1687233,129.1111008,35.17026133
2012,2012-02-25,20,주간,토,1,1,0,0,0,충북,영동군,차대사람,기타,기타,운전자법규위반,안전운전 의무 불이행,교차로,교차로내,화물차,대형,보행자,보행자,1024060,1796520,127.7675145,36.16547113
2012,2012-02-25,30,야간,토,1,1,0,0,0,경기,안성시,차량단독,공작물충돌,공작물충돌,운전자법규위반,안전운전 의무 불이행,단일로,기타단일로,승용차,중형,0,0,976591,1890549,127.2368617,37.01315465
2012,2012-03-04,7,야간,일,1,2,1,0,0,경기,남양주시,차량단독,공작물충돌,공작물충돌,운전자법규위반,안전운전 의무 불이행,단일로,기타단일로,승용차,중형,0,0,972799,1969377,127.1913395,37.72358741
2012,2012-01-18,50,주간,수,1,1,0,0,0,전북,남원시,차대사람,기타,기타,운전자법규위반,안전운전 의무 불이행,단일로,기타단일로,승용차,중형,보행자,보행자,989931,1712514,127.3891031,35.40829877
2012,2012-01-16,40,주간,월,1,1,0,0,0,대구,달서구,차대사람,기타,기타,운전자법규위반,안전운전 의무 불이행,단일로,횡단보도상,승용차,중형,보행자,보행자,1095040,1757381,128.5519457,35.8082916
2012,2012-01-20,33,야간,금,1,1,0,0,0,경기,하남시,차대사람,횡단중,횡단중,운전자법규위반,안전운전 의무 불이행,단일로,기타단일로,승합차,대형,보행자,보행자,973981,1948738,127.205487,37.53759529
2012,2012-01-20,23,주간,금,1,2,1,0,0,충북,청주시,차대사람,횡단중,횡단중,운전자법규위반,신호위반,교차로,교차로부근,화물차,소형,보행자,보행자,996839,1848577,127.4646419,36.63507625
2012,2012-01-19,50,주간,목,1,1,0,0,0,충남,연기군,차량단독,도로이탈,도로이탈 추락,운전자법규위반,안전운전 의무 불이행,단일로,기타단일로,승용차,중형,0,0,970902,1854063,127.1743112,36.6840921
2012,2012-01-25,50,주간,수,1,1,0,0,0,인천,서구,차대차,기타,기타,운전자법규위반,안전운전 의무 불이행,단일로,기타단일로,승용차,중형,불명,불명,925852,1944783,126.6611428,37.49933513
2012,2012-02-02,0,주간,목,1,1,0,0,0,대구,달서구,차대사람,횡단중,횡단중,운전자법규위반,안전운전 의무 불이행,단일로,횡단보도상,화물차,소형,보행자,보행자,1091731,1762020,128.5158584,35.85042606
2012,2012-02-01,50,주간,수,1,1,0,0,0,부산,남구,차대사람,횡단중,횡단중,운전자법규위반,안전운전 의무 불이행,단일로,횡단보도상,승용차,중형,보행자,보행자,1143532,1682189,129.0752503,35.12466988
2012,2012-01-31,10,주간,화,1,2,1,0,0,충북,제천시,차량단독,전도전복,전도전복,운전자법규위반,안전운전 의무 불이행,단일로,기타단일로,승용차,중형,0,0,1068891,1909996,128.2764994,37.18576073
2012,2012-01-31,0,야간,화,1,1,0,0,0,경기,김포시,차대사람,차도통행중,차도통행중,운전자법규위반,안전운전 의무 불이행,단일로,기타단일로,승합차,대형,보행자,보행자,935321,1956232,126.7609062,37.60435852
2012,2012-01-31,10,야간,화,1,1,0,0,0,경남,창원시(통합),차대사람,길가장자리구역통행중,길가장자리구역통행중,운전자법규위반,안전운전 의무 불이행,단일로,기타단일로,승합차,중형,보행자,보행자,1089487,1680295,128.4820074,35.11385156
2012,2012-02-06,50,야간,월,1,1,0,0,0,대전,유성구,차량단독,공작물충돌,공작물충돌,운전자법규위반,안전운전 의무 불이행,단일로,기타단일로,승용차,중형,0,0,989340,1826880,127.38106,36.43942092
2012,2012-02-07,38,야간,화,1,2,0,1,0,경기,용인시,차대차,추돌,주정차중 추돌,운전자법규위반,안전운전 의무 불이행,교차로,교차로부근,승용차,경형,승합차,대형,964911,1918123,127.1042779,37.26134313
2012,2012-02-04,50,주간,토,1,1,0,0,0,서울,동작구,차대사람,기타,기타,운전자법규위반,안전운전 의무 불이행,단일로,기타단일로,승용차,중형,보행자,보행자,950469,1946427,126.9395159,37.51580222
2012,2012-02-02,22,주간,목,1,3,0,2,0,경북,경주시,차대차,추돌,주정차중 추돌,운전자법규위반,안전운전 의무 불이행,단일로,기타단일로,화물차,대형,화물차,대형,1150293,1765712,129.1648908,35.87646842
2012,2012-02-13,30,주간,월,1,1,0,0,0,경북,봉화군,차량단독,전도전복,전도전복,운전자법규위반,안전운전 의무 불이행,단일로,교량위,원동기장치자전거,원동기장치자전거,0,0,1108004,1889429,128.7137838,36.99714383
2012,2012-02-12,10,야간,일,1,1,0,0,0,서울,강북구,차대사람,차도통행중,차도통행중,운전자법규위반,안전운전 의무 불이행,단일로,기타단일로,승용차,중형,보행자,보행자,959120,1957115,127.0368098,37.61256004
2012,2012-02-10,25,주간,금,1,14,6,6,1,경북,안동시,차대차,정면충돌,정면충돌,운전자법규위반,안전운전 의무 불이행,단일로,터널안,화물차,소형,승합차,대형,1103584,1831614,128.6562772,36.47655613
2012,2012-02-12,35,야간,일,1,1,0,0,0,경기,안산시,차대차,기타,기타,운전자법규위반,과속,단일로,기타단일로,승용차,소형,승용차,중형,942905,1924569,126.8556178,37.31835408
2012,2012-02-20,30,주간,월,1,2,0,1,0,경기,파주시,차대사람,횡단중,횡단중,운전자법규위반,안전운전 의무 불이행,단일로,기타단일로,승용차,중형,보행자,보행자,935384,1975286,126.7662738,37.77496659
2012,2012-02-17,30,주간,금,1,1,0,0,0,충남,청양군,차대차,측면직각충돌,측면직각충돌,운전자법규위반,직진 및 우회전차의 통행방해,교차로,교차로내,화물차,소형,원동기장치자전거,원동기장치자전거,937269,1828149,126.7999926,36.44886803
2012,2012-02-17,45,야간,금,1,1,0,0,0,대구,수성구,차대사람,횡단중,횡단중,운전자법규위반,안전운전 의무 불이행,단일로,횡단보도부근,승용차,중형,보행자,보행자,1102005,1763949,128.6298638,35.86679916
2012,2012-02-17,48,주간,금,1,1,0,0,0,경북,경주시,차대차,측면직각충돌,측면직각충돌,운전자법규위반,안전운전 의무 불이행,단일로,기타단일로,승용차,소형,자전거,자전거,1154174,1761554,129.2070847,35.83840115
2012,2012-02-22,6,야간,수,1,1,0,0,0,대전,중구,차대사람,횡단중,횡단중,운전자법규위반,안전운전 의무 불이행,단일로,횡단보도상,승용차,중형,보행자,보행자,992952,1814981,127.4214691,36.33218058
2012,2012-02-22,10,야간,수,1,1,0,0,0,대전,대덕구,차대사람,횡단중,횡단중,운전자법규위반,안전운전 의무 불이행,단일로,기타단일로,승합차,대형,보행자,보행자,993672,1819096,127.4294581,36.36928398
2012,2012-02-21,0,주간,화,1,1,0,0,0,전남,영암군,차대차,측면직각충돌,측면직각충돌,운전자법규위반,안전운전 의무 불이행,교차로,교차로부근,이륜차,소형,승용차,소형,896903,1639957,126.3736465,34.74887086
2012,2012-02-21,14,주간,화,1,1,0,0,0,강원,춘천시,차량단독,도로이탈,도로이탈 추락,운전자법규위반,안전운전 의무 불이행,단일로,기타단일로,농기계,농기계,0,0,1009491,1999952,127.6081005,37.9995177
2012,2012-02-21,25,주간,화,1,1,0,0,0,경기,광명시,차대사람,횡단중,횡단중,운전자법규위반,안전운전 의무 불이행,단일로,기타단일로,승용차,중형,보행자,보행자,942620,1941660,126.8510747,37.47238194
2012,2012-02-24,40,주간,금,1,1,0,0,0,전북,남원시,차대사람,횡단중,횡단중,운전자법규위반,중앙선 침범,단일로,기타단일로,화물차,소형,보행자,보행자,1003120,1715888,127.5343757,35.4387675
2012,2012-02-24,0,주간,금,1,1,0,0,0,전남,함평군,차량단독,공작물충돌,공작물충돌,운전자법규위반,안전운전 의무 불이행,교차로,교차로부근,원동기장치자전거,원동기장치자전거,0,0,910402,1674369,126.5174157,35.06041298
2012,2012-02-25,13,야간,토,1,1,0,0,0,광주,동구,차대차,추돌,진행중 추돌,운전자법규위반,과속,교차로,교차로내,승용차,중형,승용차,중형,948013,1683933,126.9292544,35.14928987
2012,2012-02-26,30,주간,일,2,3,0,1,0,경북,봉화군,차량단독,공작물충돌,공작물충돌,운전자법규위반,안전운전 의무 불이행,단일로,기타단일로,승용차,소형,0,0,1131802,1889166,128.9809113,36.99174067
2012,2012-02-26,43,야간,일,1,1,0,0,0,경기,군포시,차량단독,도로이탈,도로이탈 추락,운전자법규위반,안전운전 의무 불이행,교차로,교차로내,승용차,중형,0,0,950371,1925243,126.9371237,37.32314157
2012,2012-03-02,50,야간,금,1,1,0,0,0,경기,화성시,차량단독,공작물충돌,공작물충돌,운전자법규위반,안전운전 의무 불이행,단일로,기타단일로,승용차,중형,0,0,941638,1892103,126.8447001,37.03450635
2012,2012-03-01,0,주간,목,1,1,0,0,0,경기,파주시,차량단독,공작물충돌,공작물충돌,운전자법규위반,안전운전 의무 불이행,단일로,기타단일로,이륜차,소형,0,0,939717,1987858,126.8144247,37.88856798
2012,2012-02-29,25,야간,수,1,2,1,0,0,경기,평택시,차대사람,횡단중,횡단중,운전자법규위반,안전운전 의무 불이행,교차로,교차로부근,화물차,대형,보행자,보행자,944990,1887324,126.8818867,36.98276567
2012,2012-01-18,25,야간,수,1,1,0,0,0,제주,서귀포시,차량단독,공작물충돌,공작물충돌,운전자법규위반,안전운전 의무 불이행,단일로,기타단일로,화물차,경형,0,0,892417,1474378,126.342073,33.25454416
2012,2012-01-18,15,주간,수,1,1,0,0,0,충남,보령시,차대사람,길가장자리구역통행중,길가장자리구역통행중,운전자법규위반,부당한 회전,교차로,교차로부근,화물차,소형,보행자,보행자,918416,1827843,126.5896678,36.44469073
2012,2012-01-16,55,주간,월,1,2,1,0,0,경기,안성시,차대차,추돌,주정차중 추돌,운전자법규위반,안전운전 의무 불이행,단일로,기타단일로,승용차,중형,승합차,대형,971417,1889577,127.1787389,37.00424957
2012,2012-01-16,20,주간,월,1,1,0,0,0,경기,동두천시,차대차,추돌,진행중 추돌,운전자법규위반,안전운전 의무 불이행,단일로,기타단일로,화물차,소형,자전거,자전거,961040,1991104,127.056739,37.91898594
2012,2012-01-21,20,야간,토,1,1,0,0,0,서울,용산구,차대사람,길가장자리구역통행중,길가장자리구역통행중,운전자법규위반,안전운전 의무 불이행,교차로,교차로내,승용차,중형,보행자,보행자,953501,1948446,126.9736962,37.53415778
2012,2012-02-02,30,주간,목,1,1,0,0,0,울산,울주군,차대차,정면충돌,정면충돌,운전자법규위반,안전운전 의무 불이행,교차로,교차로내,승용차,대형,원동기장치자전거,원동기장치자전거,1148377,1734996,129.1379928,35.59992875
2012,2012-02-05,20,주간,일,1,3,1,1,0,인천,중구,차량단독,공작물충돌,공작물충돌,운전자법규위반,안전운전 의무 불이행,단일로,기타단일로,승용차,중형,0,0,909367,1938514,126.4754397,37.44136579
2012,2012-02-06,50,주간,월,1,1,0,0,0,경남,고성군,차대차,측면직각충돌,측면직각충돌,운전자법규위반,안전운전 의무 불이행,단일로,기타단일로,승용차,중형,농기계,농기계,1079623,1674888,128.3732544,35.06592919
2012,2012-02-03,48,주간,금,1,1,0,0,0,대전,유성구,차대차,추돌,진행중 추돌,운전자법규위반,안전운전 의무 불이행,단일로,기타단일로,승용차,소형,화물차,중형,982566,1813594,127.313741,36.3200617
2012,2012-02-08,15,주간,수,1,1,0,0,0,경기,안양시,차대차,측면직각충돌,측면직각충돌,운전자법규위반,신호위반,교차로,교차로내,자전거,자전거,승용차,대형,948368,1935007,126.9158079,37.41135492
2012,2012-02-13,45,주간,월,1,1,0,0,0,서울,광진구,차대차,기타,기타,운전자법규위반,안전운전 의무 불이행,교차로,교차로내,이륜차,소형,화물차,소형,962345,1951224,127.0736526,37.55960054
2012,2012-02-13,50,야간,월,1,3,0,1,1,충남,천안시,차대차,정면충돌,정면충돌,운전자법규위반,중앙선 침범,단일로,기타단일로,승용차,중형,승용차,경형,967913,1865814,127.1403626,36.78992707
2012,2012-02-12,42,야간,일,1,2,0,0,1,광주,남구,차대차,측면직각충돌,측면직각충돌,운전자법규위반,안전운전 의무 불이행,단일로,기타단일로,승용차,중형,승용차,중형,945787,1682201,126.9049308,35.1335553
2012,2012-02-12,30,야간,일,1,1,0,0,0,서울,성동구,차대차,정면충돌,정면충돌,운전자법규위반,중앙선 침범,단일로,기타단일로,승용차,대형,원동기장치자전거,원동기장치자전거,959905,1950334,127.0461767,37.55153019
2012,2012-02-16,5,주간,목,1,1,0,0,0,대구,수성구,차대사람,기타,기타,운전자법규위반,안전운전 의무 불이행,단일로,기타단일로,승용차,중형,보행자,보행자,1101879,1760868,128.6280749,35.83903887
2012,2012-02-16,0,주간,목,1,1,0,0,0,경기,파주시,차량단독,도로이탈,도로이탈 추락,운전자법규위반,안전운전 의무 불이행,단일로,기타단일로,건설기계,건설기계,0,0,948091,1976462,126.910472,37.78637568
2012,2012-02-20,0,야간,월,1,1,0,0,0,강원,춘천시,차량단독,공작물충돌,공작물충돌,운전자법규위반,안전운전 의무 불이행,단일로,기타단일로,승용차,중형,0,0,1006399,1978886,127.5726963,37.80967611
2012,2012-02-21,0,주간,화,1,1,0,0,0,대구,수성구,차대차,기타,기타,운전자법규위반,안전운전 의무 불이행,단일로,기타단일로,승합차,중형,자전거,자전거,1101083,1763145,128.6195511,35.85964716
2012,2012-02-21,6,야간,화,1,1,0,0,0,경기,파주시,차대사람,횡단중,횡단중,운전자법규위반,안전운전 의무 불이행,교차로,교차로부근,승용차,대형,보행자,보행자,938949,1972019,126.8070269,37.74576751