발생년,발생년월일시분,발생분,주야,요일,사망자수,사상자수,중상자수,경상자수,부상신고자수,발생지시도,발생지시군구,사고유형_대분류,사고유형_중분류,사고유형,법규위반_대분류,법규위반,도로형태_대분류,도로형태,당사자종별_1당_대분류,당사자종별_1당,당사자종별_2당_대분류,당사자종별_2당,발생위치X_UTMK,발생위치Y_UTMK,경도,위도
2013,2013-01-13,58,야간,일,1,3,0,2,0,광주,광산구,차대차,측면직각충돌,측면직각충돌,운전자법규위반,신호위반,교차로,교차로내,승용차,중형,승용차,중형,938296,1689865,126.8193893,35.20256284
2013,2013-01-23,0,야간,수,1,1,0,0,0,경남,창원시(통합),차대사람,기타,기타,운전자법규위반,안전운전 의무 불이행,단일로,기타단일로,승용차,중형,보행자,보행자,1098126,1693601,128.5783784,35.23300793
2013,2013-01-22,45,야간,화,1,1,0,0,0,충남,서산시,차대사람,횡단중,횡단중,운전자법규위반,안전운전 의무 불이행,단일로,기타단일로,승합차,대형,보행자,보행자,902739,1886239,126.4073397,36.96956609
2013,2013-01-23,18,야간,수,1,1,0,0,0,전북,임실군,차대차,추돌,주정차중 추돌,운전자법규위반,안전운전 의무 불이행,교차로,교차로부근,화물차,소형,화물차,대형,983084,1731157,127.3133042,35.57630356
2013,2013-01-23,18,주간,수,1,1,0,0,0,전북,남원시,차대사람,횡단중,횡단중,운전자법규위반,안전운전 의무 불이행,교차로,교차로내,화물차,대형,보행자,보행자,991583,1714903,127.4072731,35.42985525
2013,2013-01-23,50,야간,수,1,1,0,0,0,경기,포천시,차대차,추돌,주정차중 추돌,운전자법규위반,안전운전 의무 불이행,단일로,기타단일로,승합차,소형,특수차,대형,968347,1979054,127.1403997,37.8106639
2013,2013-01-19,8,야간,토,1,3,0,2,0,대전,중구,차대차,기타,기타,운전자법규위반,안전운전 의무 불이행,교차로,교차로내,승용차,중형,승용차,중형,992727,1815033,127.4189616,36.3326477
2013,2013-01-20,50,주간,일,1,1,0,0,0,부산,진구,차대차,측면직각충돌,측면직각충돌,운전자법규위반,안전운전 의무 불이행,단일로,기타단일로,승용차,중형,자전거,자전거,1141358,1686766,129.052182,35.16623425
2013,2013-01-21,20,주간,월,1,1,0,0,0,부산,진구,차대사람,횡단중,횡단중,운전자법규위반,안전운전 의무 불이행,단일로,기타단일로,승용차,경형,보행자,보행자,1142289,1686152,129.0622956,35.16056835
2013,2013-01-21,30,주간,월,1,1,0,0,0,부산,영도구,차대사람,기타,기타,운전자법규위반,안전운전 의무 불이행,단일로,횡단보도부근,화물차,소형,보행자,보행자,1140085,1678397,129.0367901,35.09097441
2013,2013-01-30,25,야간,수,1,1,0,0,0,전남,광양시,차량단독,도로이탈,도로이탈 추락,운전자법규위반,안전운전 의무 불이행,단일로,기타단일로,승용차,대형,0,0,1019212,1666520,127.7105217,34.99343272
2013,2013-01-31,30,주간,목,1,1,0,0,0,부산,남구,차대차,기타,기타,운전자법규위반,기타(운전자법규위반),단일로,기타단일로,화물차,대형,화물차,대형,1144032,1680629,129.0804643,35.11053688
2013,2013-01-28,1,주간,월,1,1,0,0,0,충북,보은군,차량단독,공작물충돌,공작물충돌,운전자법규위반,안전운전 의무 불이행,단일로,기타단일로,화물차,중형,0,0,1024555,1824432,127.7738962,36.4170966
2013,2013-01-28,20,주간,월,1,1,0,0,0,전북,김제시,차대차,측면직각충돌,측면직각충돌,운전자법규위반,직진 및 우회전차의 통행방해,교차로,교차로내,원동기장치자전거,원동기장치자전거,승합차,대형,946759,1756129,126.9090065,35.80194764
2013,2013-01-29,57,주간,화,1,1,0,0,0,부산,사하구,차대사람,횡단중,횡단중,운전자법규위반,보행자 보호의무 위반,교차로,교차로부근,화물차,중형,보행자,보행자,1136704,1678185,128.9996756,35.08952777
2013,2013-01-28,18,주간,월,1,1,0,0,0,경기,화성시,차대사람,차도통행중,차도통행중,운전자법규위반,안전운전 의무 불이행,교차로,교차로내,건설기계,건설기계,보행자,보행자,947699,1904284,126.9117978,37.1358901
2013,2013-02-05,55,야간,화,1,1,0,0,0,제주,제주시,차대사람,횡단중,횡단중,운전자법규위반,안전운전 의무 불이행,교차로,교차로내,화물차,소형,보행자,보행자,911183,1501389,126.5438099,33.50068295
2013,2013-02-04,50,야간,월,1,1,0,0,0,경기,남양주시,차대사람,기타,기타,운전자법규위반,안전운전 의무 불이행,단일로,기타단일로,승합차,중형,보행자,보행자,975430,1959651,127.221522,37.63599859
2013,2013-02-04,0,야간,월,1,1,0,0,0,경기,남양주시,차대사람,길가장자리구역통행중,길가장자리구역통행중,운전자법규위반,안전운전 의무 불이행,교차로,교차로내,승용차,중형,보행자,보행자,972773,1958698,127.1914433,37.62733396
2013,2013-02-05,49,야간,화,2,2,0,0,0,강원,인제군,차량단독,도로이탈,도로이탈 추락,운전자법규위반,안전운전 의무 불이행,단일로,기타단일로,승용차,중형,0,0,1062187,2013752,128.2094724,38.12180184
2013,2013-01-31,0,주간,목,1,1,0,0,0,경기,평택시,차대사람,횡단중,횡단중,운전자법규위반,보행자 보호의무 위반,교차로,교차로내,승합차,대형,보행자,보행자,963393,1888365,127.0886132,36.993046
2013,2013-02-01,45,야간,금,1,2,0,1,0,제주,제주시,차대차,측면직각충돌,측면직각충돌,운전자법규위반,중앙선 침범,교차로,교차로부근,화물차,소형,승합차,대형,917365,1497685,126.6106986,33.46777384
2013,2013-02-02,0,야간,토,1,1,0,0,0,경기,포천시,차량단독,공작물충돌,공작물충돌,운전자법규위반,안전운전 의무 불이행,단일로,기타단일로,승용차,중형,0,0,973852,1988574,127.202595,37.896642
2013,2013-02-01,55,야간,금,1,1,0,0,0,경기,남양주시,차대사람,횡단중,횡단중,운전자법규위반,안전운전 의무 불이행,교차로,교차로부근,승합차,소형,보행자,보행자,972769,1958705,127.1913977,37.62739693
2013,2013-02-12,10,야간,화,1,1,0,0,0,전남,곡성군,차량단독,도로이탈,도로이탈 기타,운전자법규위반,안전운전 의무 불이행,단일로,기타단일로,승용차,중형,0,0,987124,1694789,127.3584666,35.24844145
2013,2013-01-08,39,야간,화,1,1,0,0,0,경기,안산시,차대사람,기타,기타,운전자법규위반,안전운전 의무 불이행,교차로,교차로내,승용차,중형,보행자,보행자,943200,1924398,126.8689092,37.30797871
2013,2013-01-11,18,야간,금,1,1,0,0,0,경기,부천시,차대사람,횡단중,횡단중,운전자법규위반,안전운전 의무 불이행,단일로,횡단보도상,승용차,경형,보행자,보행자,936327,1942903,126.7798029,37.48317282
2013,2013-01-11,55,야간,금,1,1,0,0,0,인천,서구,차대사람,기타,기타,운전자법규위반,안전운전 의무 불이행,교차로,교차로부근,승합차,대형,보행자,보행자,927108,1955248,126.6741085,37.59364847
2013,2013-01-17,55,야간,목,1,1,0,0,0,서울,동대문구,차대사람,횡단중,횡단중,운전자법규위반,안전운전 의무 불이행,교차로,교차로내,승용차,중형,보행자,보행자,959659,1954253,127.0430745,37.58678799
2013,2013-01-19,45,야간,토,2,5,2,1,0,경북,칠곡군,차량단독,공작물충돌,공작물충돌,운전자법규위반,안전운전 의무 불이행,단일로,기타단일로,승용차,중형,0,0,1080269,1778204,128.3905737,35.99733034
2013,2013-01-14,55,주간,월,1,1,0,0,0,경기,화성시,차대사람,횡단중,횡단중,운전자법규위반,안전운전 의무 불이행,단일로,기타단일로,화물차,소형,보행자,보행자,947649,1903893,126.9104095,37.13107887
2013,2013-01-14,16,야간,월,1,1,0,0,0,경기,용인시,차대사람,차도통행중,차도통행중,운전자법규위반,안전운전 의무 불이행,단일로,기타단일로,화물차,소형,보행자,보행자,975792,1919993,127.2269278,37.27854571
2013,2013-01-14,16,주간,월,1,1,0,0,0,경기,고양시,차량단독,공작물충돌,공작물충돌,운전자법규위반,안전운전 의무 불이행,단일로,기타단일로,승용차,소형,0,0,940033,1956921,126.821616,37.61037628
2013,2013-01-13,30,주간,일,1,1,0,0,0,경북,봉화군,차량단독,공작물충돌,공작물충돌,운전자법규위반,안전운전 의무 불이행,단일로,기타단일로,화물차,소형,0,0,1102428,1878412,128.6496375,36.89847527
2013,2013-01-13,40,야간,일,1,1,0,0,0,경북,영천시,차량단독,기타,기타,운전자법규위반,안전운전 의무 불이행,기타/불명,기타/불명,농기계,농기계,0,0,1134464,1764903,128.9894628,35.871479
2013,2013-01-13,20,주간,일,1,5,0,4,0,충북,청원군,차대차,기타,기타,운전자법규위반,안전운전 의무 불이행,단일로,기타단일로,화물차,소형,승용차,소형,1004987,1857623,127.5547237,36.71841186
2013,2013-01-13,40,주간,일,1,1,0,0,0,충북,청원군,차량단독,전도전복,전도전복,운전자법규위반,안전운전 의무 불이행,단일로,기타단일로,농기계,농기계,0,0,986370,1849732,127.3462172,36.6474878
2013,2013-01-14,30,주간,월,1,1,0,0,0,충북,증평군,차대사람,횡단중,횡단중,운전자법규위반,안전운전 의무 불이행,단일로,기타단일로,승합차,소형,보행자,보행자,1007351,1865211,127.5823863,36.78500632
2013,2013-01-13,15,야간,일,1,1,0,0,0,전북,완주군,차대사람,기타,기타,운전자법규위반,안전운전 의무 불이행,단일로,기타단일로,화물차,소형,보행자,보행자,979362,1760741,127.271466,35.84297144
2013,2013-01-13,56,주간,일,1,1,0,0,0,전북,완주군,차대사람,기타,기타,운전자법규위반,안전운전 의무 불이행,단일로,기타단일로,화물차,소형,보행자,보행자,968260,1768894,127.1486457,35.91685934
2013,2013-01-13,28,주간,일,1,1,0,0,0,전북,완주군,차량단독,기타,기타,운전자법규위반,안전운전 의무 불이행,단일로,기타단일로,원동기장치자전거,원동기장치자전거,0,0,970800,1768831,127.1763596,35.91569303
2013,2013-01-25,40,주간,금,1,1,0,0,0,대전,서구,차대차,측면직각충돌,측면직각충돌,운전자법규위반,부당한 회전,교차로,교차로내,자전거,자전거,승용차,소형,989691,1816142,127.3851188,36.34261808
2013,2013-01-21,33,야간,월,1,2,1,0,0,경기,안산시,차대차,추돌,주정차중 추돌,운전자법규위반,과속,단일로,기타단일로,승용차,소형,승합차,대형,938672,1926596,126.807679,37.33635419
2013,2013-07-11,0,주간,목,1,2,0,1,0,경기,고양시,차대사람,기타,기타,운전자법규위반,안전운전 의무 불이행,단일로,기타단일로,화물차,소형,보행자,보행자,940328,1962715,126.8044209,37.63163169
2013,2013-08-14,23,야간,수,1,1,0,0,0,경기,용인시,차대차,기타,기타,운전자법규위반,안전운전 의무 불이행,단일로,기타단일로,화물차,대형,불명,불명,965791,1921476,127.1140478,37.29159917
2013,2013-10-15,55,주간,화,1,11,3,5,2,경기,오산시,차대차,추돌,주정차중 추돌,운전자법규위반,안전운전 의무 불이행,단일로,기타단일로,승합차,대형,화물차,대형,959410,1909062,127.0427344,37.17944544
2013,2013-01-03,25,주간,목,1,3,2,0,0,대구,동구,차대차,기타,기타,운전자법규위반,안전운전 의무 불이행,단일로,기타단일로,특수차,대형,승합차,소형,1106496,1767098,128.6800204,35.8947068
2013,2013-04-07,50,주간,일,1,1,0,0,0,경기,안성시,차대차,기타,기타,운전자법규위반,안전운전 의무 불이행,단일로,기타단일로,화물차,중형,화물차,소형,982798,1886359,127.3067292,36.97551855
2013,2013-06-10,5,주간,월,1,1,0,0,0,경기,용인시,차대사람,기타,기타,운전자법규위반,안전운전 의무 불이행,단일로,기타단일로,화물차,대형,보행자,보행자,960866,1922079,127.0584857,37.29698456
2013,2013-03-24,0,야간,일,1,1,0,0,0,경기,의정부시,차량단독,공작물충돌,공작물충돌,운전자법규위반,안전운전 의무 불이행,단일로,터널안,승용차,중형,0,0,957351,1968929,127.0160759,37.71896032
2013,2013-05-29,15,야간,수,1,1,0,0,0,경기,의정부시,차대차,추돌,주정차중 추돌,운전자법규위반,안전운전 의무 불이행,단일로,기타단일로,승용차,중형,화물차,소형,960168,1966500,127.0481715,37.69719445
2013,2013-02-06,56,주간,수,1,1,0,0,0,충북,청주시,차대사람,횡단중,횡단중,운전자법규위반,신호위반,단일로,기타단일로,승용차,중형,보행자,보행자,996563,1848125,127.4614649,36.63090132
2012,2012-03-20,10,주간,화,1,1,0,0,0,강원,정선군,차량단독,기타,기타,운전자법규위반,안전운전 의무 불이행,단일로,기타단일로,농기계,농기계,0,0,1101540,1932213,128.6469708,37.38344823
2013,2013-02-03,45,야간,일,1,3,2,0,0,부산,사상구,차대차,정면충돌,정면충돌,운전자법규위반,중앙선 침범,단일로,기타단일로,승용차,중형,승용차,대형,1134615,1683718,128.977666,35.13968494
2013,2013-02-03,58,야간,일,1,2,1,0,0,충남,천안시,차량단독,전도전복,전도전복,운전자법규위반,안전운전 의무 불이행,단일로,교량위,승용차,중형,0,0,969874,1870076,127.1621727,36.82841156
2013,2013-02-03,53,주간,일,1,1,0,0,0,경남,창원시(통합),차대사람,횡단중,횡단중,운전자법규위반,안전운전 의무 불이행,단일로,교량위,승합차,대형,보행자,보행자,1116863,1681862,128.782587,35.1251725
2013,2013-02-02,43,주간,토,1,1,0,0,0,경기,평택시,차대사람,횡단중,횡단중,운전자법규위반,안전운전 의무 불이행,교차로,교차로부근,승용차,소형,보행자,보행자,961182,1901641,127.0630813,37.11262831
2013,2013-02-11,48,주간,월,1,1,0,0,0,서울,노원구,차량단독,주/정차차량 충돌,주/정차차량 충돌,운전자법규위반,안전운전 의무 불이행,단일로,기타단일로,승용차,대형,화물차,대형,963184,1959494,127.0827358,37.63417428
2013,2013-02-10,35,주간,일,1,9,0,8,0,경기,평택시,차대차,측면직각충돌,측면직각충돌,운전자법규위반,신호위반,교차로,교차로내,승합차,중형,승용차,중형,959553,1881764,127.0498637,36.94276792
2013,2013-02-13,45,야간,수,1,1,0,0,0,충북,진천군,차대사람,기타,기타,운전자법규위반,안전운전 의무 불이행,단일로,기타단일로,승용차,중형,보행자,보행자,992833,1873943,127.4195935,36.86372399
2013,2013-02-13,0,주간,수,1,1,0,0,0,경기,여주시,차대사람,차도통행중,차도통행중,운전자법규위반,안전운전 의무 불이행,단일로,기타단일로,화물차,대형,보행자,보행자,1004334,1922023,127.5489007,37.29714897
2013,2013-02-08,28,주간,금,1,1,0,0,0,강원,화천군,차량단독,공작물충돌,공작물충돌,운전자법규위반,안전운전 의무 불이행,단일로,기타단일로,승용차,중형,0,0,1026843,2002437,127.8058275,38.02156668
2013,2013-01-07,10,야간,월,1,2,0,1,0,전남,함평군,차대차,추돌,진행중 추돌,운전자법규위반,기타(운전자법규위반),단일로,기타단일로,화물차,대형,화물차,중형,907646,1670430,126.4876342,35.02465052
2013,2013-03-10,0,주간,일,1,2,1,0,0,전남,함평군,차대차,추돌,진행중 추돌,운전자법규위반,안전운전 의무 불이행,단일로,기타단일로,승합차,경형,승용차,중형,907336,1684501,126.4826622,35.15148467
2013,2013-02-13,48,야간,수,1,2,1,0,0,전남,무안군,차대차,추돌,진행중 추돌,운전자법규위반,안전운전 의무 불이행,단일로,기타단일로,화물차,소형,화물차,소형,908534,1657684,126.4988536,34.90982176
2013,2013-10-23,0,주간,수,1,1,0,0,0,서울,송파구,차량단독,공작물충돌,공작물충돌,운전자법규위반,안전운전 의무 불이행,단일로,기타단일로,승용차,중형,0,0,967599,1942136,127.133325,37.47799361
2013,2013-11-19,50,야간,화,1,1,0,0,0,충북,영동군,차대차,추돌,진행중 추돌,운전자법규위반,안전운전 의무 불이행,단일로,기타단일로,화물차,소형,화물차,대형,1041830,1801744,127.9653666,36.21196296
2013,2013-11-30,25,주간,토,2,3,1,0,0,경북,고령군,차대차,정면충돌,정면충돌,운전자법규위반,중앙선 침범,단일로,기타단일로,화물차,중형,화물차,소형,1074433,1749686,128.3231668,35.74069793
2013,2013-12-28,45,주간,토,1,2,1,0,0,경북,고령군,차대차,정면충돌,정면충돌,운전자법규위반,중앙선 침범,단일로,터널안,화물차,경형,화물차,중형,1071677,1747003,128.2937693,35.71589391
2013,2013-11-12,10,야간,화,1,2,0,1,0,경북,문경시,차대차,추돌,주정차중 추돌,운전자법규위반,안전운전 의무 불이행,단일로,기타단일로,화물차,대형,화물차,중형,1057849,1848299,128.1470448,36.6308183
2013,2013-01-06,35,야간,일,1,1,0,0,0,경기,안성시,차대사람,기타,기타,운전자법규위반,기타(운전자법규위반),단일로,기타단일로,승용차,소형,보행자,보행자,978762,1898297,127.2610467,37.08304887
2013,2013-01-03,32,주간,목,1,5,1,3,0,경남,창원시(통합),차대차,추돌,진행중 추돌,운전자법규위반,안전거리 미확보,단일로,기타단일로,화물차,소형,승용차,중형,1096077,1686347,128.5550177,35.16780721
2013,2013-01-10,0,주간,목,1,1,0,0,0,부산,서구,차대사람,기타,기타,운전자법규위반,안전운전 의무 불이행,교차로,교차로내,승용차,대형,보행자,보행자,1138185,1681319,129.0164408,35.11757602
2013,2013-01-08,5,야간,화,1,1,0,0,0,강원,동해시,차대사람,횡단중,횡단중,운전자법규위반,보행자 보호의무 위반,단일로,횡단보도상,승용차,중형,보행자,보행자,1141609,1949840,129.1027948,37.53711854
2013,2013-06-25,38,주간,화,1,1,0,0,0,전남,광양시,차량단독,전도전복,전도전복,운전자법규위반,안전운전 의무 불이행,단일로,기타단일로,승용차,소형,0,0,937393,1707859,127.6938908,34.98777853
2013,2013-01-14,40,야간,월,1,2,1,0,0,충북,음성군,차대차,추돌,진행중 추돌,운전자법규위반,안전운전 의무 불이행,단일로,기타단일로,승용차,소형,화물차,중형,997261,1886580,127.4729719,36.941287
2012,2012-01-29,0,야간,일,1,2,1,0,0,경기,평택시,차대차,추돌,주정차중 추돌,운전자법규위반,안전운전 의무 불이행,단일로,기타단일로,승용차,중형,승합차,중형,965682,1888956,127.1143094,36.99845977
2012,2012-02-06,25,주간,월,1,5,4,0,0,경기,양주시,차대차,측면직각충돌,측면직각충돌,운전자법규위반,중앙선 침범,단일로,기타단일로,승용차,소형,승용차,소형,953978,1970246,126.9777217,37.73066707
2012,2012-02-06,0,주간,월,1,1,0,0,0,전남,보성군,차량단독,도로이탈,도로이탈 기타,운전자법규위반,안전운전 의무 불이행,단일로,기타단일로,승용차,중형,0,0,986800,1648314,127.3556442,34.82935566
2012,2012-02-03,25,야간,금,1,1,0,0,0,서울,관악구,차대사람,기타,기타,운전자법규위반,안전운전 의무 불이행,단일로,횡단보도상,승용차,대형,보행자,보행자,949597,1943415,126.9298554,37.48860717
2012,2012-02-10,5,주간,금,1,1,0,0,0,인천,계양구,차대사람,횡단중,횡단중,운전자법규위반,안전운전 의무 불이행,단일로,기타단일로,승합차,중형,보행자,보행자,932984,1948802,126.7414557,37.53610315
2013,2013-02-23,20,야간,토,2,2,0,0,0,강원,강릉시,차대차,정면충돌,정면충돌,운전자법규위반,중앙선 침범,단일로,기타단일로,승용차,중형,승용차,중형,1136896,1958515,129.0511229,37.615892
2013,2013-01-22,35,야간,화,1,1,0,0,0,서울,노원구,차대사람,길가장자리구역통행중,길가장자리구역통행중,운전자법규위반,안전운전 의무 불이행,단일로,기타단일로,승용차,중형,보행자,보행자,964241,1958613,127.0947585,37.62627537
2013,2013-01-21,20,야간,월,1,1,0,0,0,서울,강동구,차대사람,횡단중,횡단중,운전자법규위반,과속,단일로,기타단일로,승용차,대형,보행자,보행자,968206,1946650,127.1401763,37.51861022
2013,2013-01-29,0,야간,화,1,1,0,0,0,충북,청주시,차대사람,기타,기타,운전자법규위반,안전운전 의무 불이행,단일로,기타단일로,승용차,중형,보행자,보행자,999537,1847239,127.4944136,36.62339342
2013,2013-01-28,50,야간,월,1,1,0,0,0,울산,울주군,차대사람,기타,기타,운전자법규위반,안전운전 의무 불이행,단일로,기타단일로,화물차,중형,보행자,보행자,1145034,1731660,129.1057322,35.57143256
2013,2013-01-29,36,야간,화,1,1,0,0,0,울산,동구,차대사람,기타,기타,운전자법규위반,안전운전 의무 불이행,교차로,교차로내,승용차,중형,보행자,보행자,1174970,1724665,129.4291934,35.50248419
2013,2013-01-30,15,야간,수,1,1,0,0,0,울산,울주군,차량단독,공작물충돌,공작물충돌,운전자법규위반,안전운전 의무 불이행,단일로,기타단일로,화물차,소형,0,0,1139213,1736980,129.0372035,35.61914357
2013,2013-01-28,40,주간,월,1,3,0,2,0,강원,홍천군,차대차,기타,기타,운전자법규위반,안전운전 의무 불이행,단일로,기타단일로,승용차,중형,건설기계,건설기계,1042853,1977275,127.9867313,37.79417286
2013,2013-02-06,10,주간,수,1,1,0,0,0,충남,공주시,차대차,정면충돌,정면충돌,운전자법규위반,안전운전 의무 불이행,단일로,기타단일로,원동기장치자전거,원동기장치자전거,승합차,대형,967906,1817991,127.1422782,36.35880732
2013,2013-02-03,24,야간,일,1,1,0,0,0,충북,청주시,차대사람,차도통행중,차도통행중,운전자법규위반,과속,교차로,교차로부근,승용차,중형,보행자,보행자,997027,1850125,127.4667388,36.64903203
2013,2013-02-05,12,야간,화,1,1,0,0,0,부산,진구,차량단독,공작물충돌,공작물충돌,운전자법규위반,안전운전 의무 불이행,교차로,교차로부근,승용차,중형,0,0,1140850,1685675,129.0464195,35.15647141
2013,2013-02-03,30,야간,일,1,2,1,0,0,경기,평택시,차대사람,기타,기타,운전자법규위반,안전운전 의무 불이행,교차로,교차로부근,승용차,소형,보행자,보행자,944123,1890148,126.871936,37.00816978
2013,2013-02-02,10,야간,토,1,1,0,0,0,경기,이천시,차대사람,횡단중,횡단중,운전자법규위반,안전운전 의무 불이행,단일로,기타단일로,승합차,소형,보행자,보행자,1002426,1913445,127.5268151,37.22023927
2013,2013-02-09,4,야간,토,1,1,0,0,0,대전,유성구,차량단독,공작물충돌,공작물충돌,운전자법규위반,안전운전 의무 불이행,단일로,기타단일로,승용차,중형,0,0,977927,1809272,127.2542187,36.28048442
2013,2013-02-11,40,주간,월,1,3,2,0,0,대구,수성구,차대차,추돌,주정차중 추돌,운전자법규위반,안전운전 의무 불이행,단일로,기타단일로,승용차,중형,승용차,중형,1101492,1760955,128.6238016,35.83986327
2013,2013-02-06,32,야간,수,1,1,0,0,0,대전,대덕구,차대사람,기타,기타,운전자법규위반,안전운전 의무 불이행,교차로,교차로부근,승용차,중형,보행자,보행자,992214,1817992,127.413216,36.3593203
2013,2013-02-07,0,주간,목,1,1,0,0,0,부산,금정구,차대사람,횡단중,횡단중,운전자법규위반,안전운전 의무 불이행,단일로,기타단일로,화물차,소형,보행자,보행자,1145930,1692136,129.1033185,35.21398382
2013,2013-02-06,50,야간,수,1,2,1,0,0,충남,아산시,차대차,정면충돌,정면충돌,운전자법규위반,신호위반,교차로,교차로내,승용차,대형,승용차,경형,964891,1866632,127.1063882,36.79719621
2013,2013-02-16,50,주간,토,1,1,0,0,0,경기,양주시,차량단독,전도전복,전도전복,운전자법규위반,안전운전 의무 불이행,단일로,기타단일로,승용차,경형,0,0,957601,1988363,127.0177748,37.8941282
2013,2013-02-18,45,야간,월,1,1,0,0,0,대구,달서구,차량단독,공작물충돌,공작물충돌,운전자법규위반,안전운전 의무 불이행,단일로,기타단일로,승용차,경형,0,0,1094431,1761748,128.5494331,35.83939078
2013,2013-02-18,19,주간,월,1,1,0,0,0,경북,구미시,차대사람,횡단중,횡단중,운전자법규위반,보행자 보호의무 위반,교차로,교차로부근,승용차,중형,보행자,보행자,1071538,1804787,128.2973414,36.23760921
2013,2013-02-14,16,야간,목,1,1,0,0,0,제주,제주시,차대차,추돌,진행중 추돌,운전자법규위반,안전운전 의무 불이행,단일로,기타단일로,승용차,중형,농기계,농기계,877368,1483915,126.1822182,33.3397696
2013,2013-02-14,25,야간,목,1,1,0,0,0,경남,거제시,차대사람,기타,기타,운전자법규위반,안전운전 의무 불이행,기타/불명,기타/불명,승합차,대형,보행자,보행자,1112514,1654097,128.7311107,34.87535706
2013,2013-02-13,45,야간,수,1,1,0,0,0,충남,예산군,차대차,추돌,진행중 추돌,운전자법규위반,안전운전 의무 불이행,단일로,기타단일로,승용차,중형,자전거,자전거,929716,1861752,126.7126443,36.75124779
2013,2013-01-07,0,야간,월,1,3,2,0,0,강원,동해시,차량단독,공작물충돌,공작물충돌,운전자법규위반,안전운전 의무 불이행,교차로,교차로부근,승용차,소형,0,0,1141846,1950380,129.10569,37.54171262
2013,2013-01-05,0,야간,토,1,2,0,1,0,경북,경산시,차대사람,횡단중,횡단중,운전자법규위반,안전운전 의무 불이행,교차로,교차로부근,승용차,중형,보행자,보행자,1120258,1774101,128.8332125,35.95632164
2013,2013-01-11,10,야간,금,1,1,0,0,0,대구,북구,차대사람,기타,기타,운전자법규위반,안전운전 의무 불이행,단일로,기타단일로,승용차,중형,보행자,보행자,1096789,1767528,128.5547809,35.89203149
2013,2013-01-11,39,야간,금,1,1,0,0,0,대전,대덕구,차대사람,차도통행중,차도통행중,운전자법규위반,안전운전 의무 불이행,교차로,교차로부근,승합차,대형,보행자,보행자,992417,1817925,127.4154793,36.35871789
2013,2013-01-17,56,야간,목,1,1,0,0,0,인천,서구,차대사람,횡단중,횡단중,운전자법규위반,안전운전 의무 불이행,교차로,교차로부근,승용차,대형,보행자,보행자,927844,1944436,126.6839995,37.49624139
2013,2013-01-15,40,주간,화,1,1,0,0,0,경기,광주시,차량단독,공작물충돌,공작물충돌,운전자법규위반,안전운전 의무 불이행,단일로,기타단일로,승용차,경형,0,0,989605,1925729,127.382661,37.33050659
2013,2013-01-16,5,야간,수,1,1,0,0,0,울산,중구,차대사람,기타,기타,운전자법규위반,안전운전 의무 불이행,단일로,기타단일로,승용차,중형,보행자,보행자,1167283,1732661,129.3461289,35.57586905
2013,2013-01-23,50,야간,수,1,1,0,0,0,경기,고양시,차대사람,횡단중,횡단중,운전자법규위반,신호위반,교차로,교차로부근,건설기계,건설기계,보행자,보행자,941366,1958670,126.8355341,37.62561409
2013,2013-01-21,5,주간,월,1,1,0,0,0,강원,춘천시,차대차,기타,기타,운전자법규위반,안전운전 의무 불이행,단일로,기타단일로,승용차,중형,건설기계,건설기계,1017382,1998258,127.697936,37.98413296
2013,2013-01-29,20,주간,화,1,1,0,0,0,경기,이천시,차대사람,기타,기타,운전자법규위반,안전운전 의무 불이행,교차로,교차로부근,승용차,중형,보행자,보행자,994631,1909199,127.4395138,37.18154726
2013,2013-01-30,0,주간,수,1,1,0,0,0,경기,의정부시,차대차,측면직각충돌,측면직각충돌,운전자법규위반,안전운전 의무 불이행,단일로,기타단일로,원동기장치자전거,원동기장치자전거,승용차,대형,959335,1971057,127.0478492,37.73531031
2013,2013-01-30,39,야간,수,1,1,0,0,0,서울,종로구,차대사람,횡단중,횡단중,운전자법규위반,안전운전 의무 불이행,단일로,횡단보도상,승합차,소형,보행자,보행자,954910,1952457,126.989397,37.57037984
2013,2013-01-31,49,주간,목,1,1,0,0,0,광주,북구,차대사람,횡단중,횡단중,운전자법규위반,안전운전 의무 불이행,단일로,기타단일로,승용차,중형,보행자,보행자,944486,1686528,126.8905945,35.17228889
2013,2013-01-30,30,주간,수,1,1,0,0,0,경북,안동시,차대사람,횡단중,횡단중,운전자법규위반,안전운전 의무 불이행,교차로,교차로내,화물차,중형,보행자,보행자,1109971,1841311,128.7288086,36.56316417
2013,2013-01-31,20,야간,목,1,1,0,0,0,경북,구미시,차대차,측면직각충돌,측면직각충돌,운전자법규위반,교차로 통행방법 위반,교차로,교차로내,특수차,대형,승용차,중형,1082365,1796469,128.4157332,36.16180844
2013,2013-02-05,25,야간,화,1,7,5,1,0,경북,김천시,차대차,측면직각충돌,측면직각충돌,운전자법규위반,중앙선 침범,단일로,교량위,승용차,중형,승용차,중형,1060876,1792589,128.1767216,36.12803893
2013,2013-02-05,35,야간,화,1,1,0,0,0,울산,북구,차대차,추돌,주정차중 추돌,운전자법규위반,안전운전 의무 불이행,교차로,교차로부근,화물차,소형,화물차,대형,1167643,1738137,129.3512365,35.62515691