발생년,발생년월일시분,발생분,주야,요일,사망자수,사상자수,중상자수,경상자수,부상신고자수,발생지시도,발생지시군구,사고유형_대분류,사고유형_중분류,사고유형,법규위반_대분류,법규위반,도로형태_대분류,도로형태,당사자종별_1당_대분류,당사자종별_1당,당사자종별_2당_대분류,당사자종별_2당,발생위치X_UTMK,발생위치Y_UTMK,경도,위도
2013,2013-08-18,25,주간,일,1,3,2,0,0,강원,횡성군,차대차,추돌,주정차중 추돌,운전자법규위반,안전운전 의무 불이행,단일로,기타단일로,승용차,중형,승용차,소형,1042367,1948561,127.9795435,37.53539348
2013,2013-01-15,30,주간,화,1,1,0,0,0,대전,서구,차대사람,길가장자리구역통행중,길가장자리구역통행중,운전자법규위반,안전운전 의무 불이행,단일로,기타단일로,화물차,소형,보행자,보행자,988270,1817263,127.3691572,36.35280982
2013,2013-01-15,18,주간,화,1,1,0,0,0,경기,평택시,차대차,측면직각충돌,측면직각충돌,운전자법규위반,안전운전 의무 불이행,단일로,기타단일로,승용차,대형,이륜차,중형,966460,1892162,127.1229102,37.02738743
2013,2013-01-13,10,야간,일,1,1,0,0,0,경기,성남시,차대사람,횡단중,횡단중,운전자법규위반,안전운전 의무 불이행,단일로,기타단일로,승용차,중형,보행자,보행자,967586,1936710,127.133632,37.42897812
2013,2013-01-25,45,야간,금,1,1,0,0,0,경남,진주시,차대사람,횡단중,횡단중,운전자법규위반,안전운전 의무 불이행,단일로,기타단일로,승용차,중형,보행자,보행자,1053625,1687717,128.0889737,35.18332309
2013,2013-01-25,30,야간,금,1,2,1,0,0,충북,제천시,차대차,추돌,주정차중 추돌,운전자법규위반,안전운전 의무 불이행,단일로,기타단일로,승용차,중형,화물차,대형,1066705,1899943,128.2506705,37.09585206
2013,2013-01-23,50,주간,수,1,1,0,0,0,강원,동해시,차대차,정면충돌,정면충돌,운전자법규위반,안전운전 의무 불이행,교차로,교차로내,승용차,대형,자전거,자전거,1142916,1948161,129.1172903,37.52168672
2013,2013-01-21,34,야간,월,1,3,2,0,0,인천,남동구,차량단독,기타,기타,운전자법규위반,안전운전 의무 불이행,단일로,기타단일로,승용차,중형,0,0,929915,1936212,126.7078574,37.42264359
2013,2013-01-19,17,야간,토,1,3,2,0,0,대전,중구,차대차,측면직각충돌,측면직각충돌,운전자법규위반,신호위반,교차로,교차로내,이륜차,소형,화물차,소형,991522,1813685,127.4055498,36.32048503
2013,2013-01-20,40,야간,일,1,1,0,0,0,강원,춘천시,차대사람,횡단중,횡단중,운전자법규위반,안전운전 의무 불이행,교차로,교차로부근,승합차,대형,보행자,보행자,1019426,1985091,127.7208564,37.865418
2013,2013-01-30,45,주간,수,1,1,0,0,0,충남,당진시,차량단독,도로이탈,도로이탈 추락,운전자법규위반,안전운전 의무 불이행,단일로,기타단일로,승용차,대형,0,0,915702,1874735,126.554232,36.86712769
2013,2013-01-30,21,야간,수,1,1,0,0,0,전북,남원시,차량단독,도로이탈,도로이탈 추락,운전자법규위반,안전운전 의무 불이행,단일로,기타단일로,화물차,소형,0,0,1007549,1725472,127.5832627,35.52515992
2013,2013-01-28,41,야간,월,1,1,0,0,0,전남,진도군,차량단독,공작물충돌,공작물충돌,운전자법규위반,안전운전 의무 불이행,단일로,기타단일로,승용차,경형,0,0,876123,1605264,126.1591401,34.43012305
2013,2013-02-04,50,야간,월,1,1,0,0,0,전남,보성군,차량단독,도로이탈,도로이탈 추락,운전자법규위반,안전운전 의무 불이행,교차로,교차로부근,이륜차,소형,0,0,977320,1645950,127.252035,34.80787081
2013,2013-02-04,5,주간,월,1,5,1,2,1,경기,포천시,차대차,정면충돌,정면충돌,운전자법규위반,중앙선 침범,단일로,기타단일로,승용차,소형,승합차,대형,981816,2002072,127.2928347,38.01849221
2013,2013-02-03,13,야간,일,1,1,0,0,0,대전,서구,차대사람,횡단중,횡단중,운전자법규위반,안전운전 의무 불이행,단일로,기타단일로,승용차,중형,보행자,보행자,986185,1812690,127.3450777,36.31524709
2013,2013-02-14,3,야간,목,1,1,0,0,0,경북,구미시,차대사람,기타,기타,운전자법규위반,안전운전 의무 불이행,교차로,교차로부근,승용차,중형,보행자,보행자,1076161,1794007,128.3465257,36.14012179
2013,2013-02-13,5,야간,수,1,1,0,0,0,광주,북구,차대차,추돌,진행중 추돌,운전자법규위반,안전운전 의무 불이행,교차로,교차로부근,승용차,중형,승용차,경형,942663,1686450,126.8703469,35.17169391
2013,2013-02-09,0,야간,토,1,1,0,0,0,강원,정선군,차대사람,횡단중,횡단중,운전자법규위반,안전운전 의무 불이행,교차로,교차로내,화물차,소형,보행자,보행자,1102619,1931717,128.6590878,37.37885945
2013,2013-02-18,35,야간,월,1,1,0,0,0,경기,시흥시,차량단독,전도전복,전도전복,운전자법규위반,안전운전 의무 불이행,고가도로위,고가도로위,승용차,중형,0,0,936023,1938419,126.7760751,37.44315969
2013,2013-02-19,30,주간,화,1,1,0,0,0,경기,안양시,차대차,측면직각충돌,측면직각충돌,운전자법규위반,안전운전 의무 불이행,교차로,교차로내,자전거,자전거,승합차,대형,953064,1932259,126.9697814,37.38823673
2013,2013-02-19,10,주간,화,1,1,0,0,0,대구,동구,차대차,측면직각충돌,측면직각충돌,운전자법규위반,부당한 회전,교차로,교차로내,이륜차,소형,화물차,중형,1102297,1765996,128.6333604,35.88522109
2013,2013-02-19,10,주간,화,1,1,0,0,0,강원,원주시,차대사람,횡단중,횡단중,운전자법규위반,안전운전 의무 불이행,교차로,교차로부근,화물차,소형,보행자,보행자,1038429,1927667,127.9338826,37.34723807
2013,2013-02-19,55,야간,화,1,1,0,0,0,울산,중구,차대사람,횡단중,횡단중,운전자법규위반,안전운전 의무 불이행,단일로,기타단일로,승용차,중형,보행자,보행자,1161165,1730252,129.2781607,35.55517357
2013,2013-02-18,3,야간,월,1,1,0,0,0,경남,함안군,차대사람,횡단중,횡단중,운전자법규위반,안전운전 의무 불이행,단일로,기타단일로,승용차,경형,보행자,보행자,1090583,1702309,128.4964555,35.31222647
2013,2013-03-04,45,야간,월,1,2,0,0,1,경북,칠곡군,차대차,추돌,진행중 추돌,운전자법규위반,안전운전 의무 불이행,단일로,기타단일로,특수차,대형,화물차,중형,1083908,1776263,128.4307376,35.97952616
2013,2013-10-01,10,주간,화,1,3,0,2,0,경기,광주시,차대차,추돌,진행중 추돌,운전자법규위반,안전거리 미확보,단일로,기타단일로,화물차,대형,화물차,중형,981517,1933748,127.3001757,37.41965201
2013,2013-09-10,15,주간,화,1,5,4,0,0,경기,군포시,차대차,추돌,진행중 추돌,운전자법규위반,안전운전 의무 불이행,단일로,기타단일로,화물차,소형,화물차,대형,950050,1930973,126.9377249,37.37693326
2013,2013-07-16,5,주간,화,1,1,0,0,0,대전,동구,차대차,기타,기타,운전자법규위반,안전운전 의무 불이행,단일로,기타단일로,화물차,소형,승용차,중형,997658,1805714,127.4739326,36.24865684
2013,2013-09-23,10,야간,월,1,1,0,0,0,경남,함안군,차대차,측면직각충돌,측면직각충돌,운전자법규위반,안전운전 의무 불이행,단일로,기타단일로,승용차,대형,화물차,소형,1088636,1697776,128.4745504,35.2715329
2013,2013-10-20,50,야간,일,1,1,0,0,0,강원,원주시,차량단독,공작물충돌,공작물충돌,운전자법규위반,안전운전 의무 불이행,단일로,기타단일로,승용차,중형,0,0,1038056,1925177,127.9295435,37.32480942
2013,2013-01-17,25,야간,목,1,1,0,0,0,경기,성남시,차량단독,기타,기타,운전자법규위반,안전운전 의무 불이행,단일로,터널안,승용차,대형,0,0,961772,1931660,127.0681806,37.38323774
2013,2013-04-06,0,야간,토,1,2,1,0,0,충북,청원군,차대차,추돌,진행중 추돌,운전자법규위반,안전운전 의무 불이행,단일로,기타단일로,화물차,대형,화물차,대형,985155,1857982,127.3337655,36.71975074
2013,2013-06-05,10,야간,수,1,3,2,0,0,충남,천안시,차대차,추돌,진행중 추돌,운전자법규위반,안전운전 의무 불이행,단일로,기타단일로,화물차,소형,화물차,대형,979482,1859343,127.2701797,36.7322567
2013,2013-05-23,45,주간,목,1,6,0,4,1,충북,충주시,차대차,기타,기타,운전자법규위반,안전운전 의무 불이행,교차로,교차로부근,승용차,소형,화물차,소형,1039651,1887738,127.945382,36.98737948
2013,2013-05-20,25,주간,월,1,2,1,0,0,서울,송파구,차대사람,기타,기타,운전자법규위반,기타(운전자법규위반),단일로,기타단일로,승용차,중형,보행자,보행자,965528,1945189,127.1099745,37.50532927
2013,2013-05-23,45,주간,목,2,2,0,0,0,충남,예산군,차대차,측면직각충돌,측면직각충돌,운전자법규위반,신호위반,교차로,교차로내,화물차,중형,이륜차,소형,920296,1849928,126.6083595,36.6439237
2013,2013-05-22,28,야간,수,1,1,0,0,0,충남,아산시,차대사람,길가장자리구역통행중,길가장자리구역통행중,운전자법규위반,안전운전 의무 불이행,단일로,기타단일로,승용차,소형,보행자,보행자,947877,1866075,126.9157858,36.79138887
2012,2012-03-29,20,주간,목,1,1,0,0,0,강원,춘천시,차대차,측면직각충돌,측면직각충돌,운전자법규위반,신호위반,단일로,횡단보도상,승용차,대형,자전거,자전거,1019942,1988248,127.7268101,37.89386094
2012,2012-04-02,45,야간,월,1,4,2,1,0,전남,광양시,차량단독,공작물충돌,공작물충돌,운전자법규위반,안전운전 의무 불이행,단일로,기타단일로,승합차,소형,0,0,1014229,1663016,127.6560124,34.96183666
2012,2012-04-16,20,주간,월,1,1,0,0,0,서울,영등포구,차대사람,횡단중,횡단중,운전자법규위반,안전운전 의무 불이행,교차로,교차로부근,승합차,중형,보행자,보행자,948731,1944522,126.9199827,37.49853712
2012,2012-03-24,25,야간,토,1,1,0,0,0,경기,용인시,차량단독,기타,기타,운전자법규위반,안전운전 의무 불이행,기타/불명,기타/불명,승용차,대형,0,0,982467,1907777,127.2945278,37.19221051
2012,2012-02-19,30,야간,일,1,1,0,0,0,경기,이천시,차량단독,공작물충돌,공작물충돌,운전자법규위반,안전운전 의무 불이행,단일로,기타단일로,화물차,소형,0,0,1003312,1899155,127.5377969,37.09111699
2012,2012-11-04,0,야간,일,1,1,0,0,0,충북,청원군,차대사람,횡단중,횡단중,운전자법규위반,신호위반,단일로,기타단일로,승용차,중형,보행자,보행자,995736,1841400,127.4530135,36.57189489
2012,2012-12-24,40,주간,월,1,1,0,0,0,경남,밀양시,차량단독,공작물충돌,공작물충돌,운전자법규위반,안전운전 의무 불이행,단일로,기타단일로,승용차,소형,0,0,1107203,1722631,128.6819228,35.49378312
2012,2012-08-23,30,야간,목,1,2,1,0,0,제주,제주시,차량단독,공작물충돌,공작물충돌,운전자법규위반,안전운전 의무 불이행,단일로,기타단일로,승용차,소형,0,0,896679,1498755,126.3959371,33.47947635
2012,2012-09-15,1,야간,토,1,1,0,0,0,경남,김해시,차대사람,횡단중,횡단중,운전자법규위반,안전운전 의무 불이행,교차로,교차로내,승용차,중형,보행자,보행자,1115173,1699697,128.7665374,35.28614862
2012,2012-09-05,24,주간,수,1,1,0,0,0,전북,김제시,차대사람,길가장자리구역통행중,길가장자리구역통행중,운전자법규위반,안전운전 의무 불이행,단일로,기타단일로,화물차,대형,보행자,보행자,954449,1765509,126.9953275,35.8851175
2012,2012-04-08,46,주간,일,1,1,0,0,0,강원,삼척시,차대차,측면직각충돌,측면직각충돌,운전자법규위반,안전운전 의무 불이행,단일로,기타단일로,자전거,자전거,건설기계,건설기계,1148898,1938840,129.1830734,37.43676017
2012,2012-04-05,25,주간,목,1,3,1,1,0,강원,홍천군,차대차,기타,기타,운전자법규위반,중앙선 침범,단일로,기타단일로,승용차,중형,승용차,중형,1029015,1954324,127.8286458,37.58785482
2012,2012-10-28,25,주간,일,1,1,0,0,0,서울,성북구,차량단독,공작물충돌,공작물충돌,운전자법규위반,안전운전 의무 불이행,단일로,기타단일로,원동기장치자전거,원동기장치자전거,0,0,957055,1955700,127.0134961,37.59971224
2012,2012-10-03,50,주간,수,1,1,0,0,0,강원,강릉시,차대사람,기타,기타,운전자법규위반,안전운전 의무 불이행,교차로,교차로내,승용차,중형,보행자,보행자,1122013,1975361,128.8853582,37.76978284
2012,2012-10-13,30,야간,토,1,1,0,0,0,경남,거창군,차대차,추돌,주정차중 추돌,운전자법규위반,안전운전 의무 불이행,단일로,기타단일로,이륜차,중형,농기계,농기계,1040953,1731251,127.951983,35.57644834
2012,2012-07-06,35,야간,금,1,2,0,1,0,서울,종로구,차대차,정면충돌,정면충돌,운전자법규위반,중앙선 침범,단일로,기타단일로,이륜차,중형,승용차,중형,953073,1952199,126.968612,37.56796264
2012,2012-06-22,10,야간,금,1,1,0,0,0,강원,원주시,차대차,측면직각충돌,측면직각충돌,운전자법규위반,교차로 통행방법 위반,교차로,교차로내,승용차,중형,승용차,소형,1040967,1924224,127.9623468,37.31609558
2013,2013-04-18,0,야간,목,1,1,0,0,0,대구,북구,차대사람,기타,기타,운전자법규위반,안전운전 의무 불이행,단일로,횡단보도부근,승용차,소형,보행자,보행자,1101026,1766986,128.6160499,35.89744603
2012,2012-11-21,29,주간,수,1,1,0,0,0,부산,강서구,차대차,기타,기타,운전자법규위반,안전운전 의무 불이행,단일로,기타단일로,화물차,중형,자전거,자전거,1122473,1680576,128.8439523,35.11291238
2012,2012-11-21,50,주간,수,1,4,1,2,0,전북,남원시,차량단독,전도전복,전도전복,운전자법규위반,안전운전 의무 불이행,단일로,기타단일로,승용차,중형,0,0,1008011,1718133,127.588286,35.45898276
2012,2012-11-18,25,주간,일,1,1,0,0,0,대전,서구,차대사람,기타,기타,운전자법규위반,안전운전 의무 불이행,단일로,기타단일로,승용차,중형,보행자,보행자,989099,1814115,127.3779283,36.32297533
2012,2012-11-17,15,주간,토,1,1,0,0,0,전북,익산시,차량단독,도로이탈,도로이탈 추락,운전자법규위반,안전운전 의무 불이행,기타/불명,기타/불명,건설기계,건설기계,0,0,965713,1782553,127.119385,36.03924234
2012,2012-11-15,23,야간,목,1,2,1,0,0,경남,창원시(통합),차대차,측면직각충돌,측면직각충돌,운전자법규위반,신호위반,교차로,교차로내,승용차,중형,이륜차,중형,1108688,1691942,128.6940482,35.21722162
2012,2012-10-30,47,야간,화,1,2,1,0,0,광주,광산구,차대사람,횡단중,횡단중,운전자법규위반,신호위반,교차로,교차로내,승용차,중형,보행자,보행자,937180,1688623,126.8099729,35.19095886
2012,2012-10-31,10,야간,수,1,4,3,0,0,경기,가평군,차대차,정면충돌,정면충돌,운전자법규위반,중앙선 침범,단일로,기타단일로,승용차,소형,승용차,대형,1003991,1987938,127.54539,37.89127664
2012,2012-11-01,50,야간,목,1,2,0,1,0,전북,전주시,차대차,측면직각충돌,측면직각충돌,운전자법규위반,교차로 통행방법 위반,교차로,교차로내,승용차,중형,승용차,중형,964405,1757777,127.1059752,35.81581895
2012,2012-11-04,15,야간,일,1,1,0,0,0,부산,사하구,차대차,기타,기타,운전자법규위반,안전운전 의무 불이행,교차로,교차로내,승용차,소형,원동기장치자전거,원동기장치자전거,1133215,1678942,128.9615335,35.09681894
2012,2012-11-01,35,주간,목,1,1,0,0,0,경북,예천군,차량단독,공작물충돌,공작물충돌,운전자법규위반,안전운전 의무 불이행,단일로,기타단일로,승용차,대형,0,0,1071005,1837086,128.2931493,36.52885209
2012,2012-05-05,55,야간,토,1,1,0,0,0,충남,아산시,차대사람,기타,기타,운전자법규위반,안전운전 의무 불이행,단일로,기타단일로,화물차,소형,보행자,보행자,963022,1864654,127.0856008,36.77929185
2012,2012-05-06,39,야간,일,1,3,2,0,0,경기,안양시,차대차,측면직각충돌,측면직각충돌,운전자법규위반,신호위반,교차로,교차로부근,승용차,중형,원동기장치자전거,원동기장치자전거,952327,1929362,126.9616428,37.36208712
2012,2012-05-17,20,주간,목,1,1,0,0,0,경북,의성군,차대사람,길가장자리구역통행중,길가장자리구역통행중,운전자법규위반,안전운전 의무 불이행,단일로,기타단일로,승합차,소형,보행자,보행자,1107425,1817380,128.6971743,36.34783707
2012,2012-07-06,20,야간,금,1,2,1,0,0,경기,용인시,차량단독,공작물충돌,공작물충돌,운전자법규위반,과속,단일로,기타단일로,승용차,중형,0,0,961315,1928990,127.0631581,37.35915246
2012,2012-04-30,40,주간,월,1,1,0,0,0,경남,진주시,차대차,측면직각충돌,측면직각충돌,운전자법규위반,안전운전 의무 불이행,교차로,교차로부근,승용차,소형,원동기장치자전거,원동기장치자전거,1055081,1687557,128.1049537,35.18180161
2012,2012-11-08,30,주간,목,1,2,1,0,0,충남,청양군,차량단독,전도전복,전도전복,운전자법규위반,안전운전 의무 불이행,단일로,기타단일로,농기계,농기계,0,0,950424,1818907,126.947371,36.36632281
2012,2012-11-20,20,주간,화,1,1,0,0,0,경남,창원시(통합),차대사람,기타,기타,운전자법규위반,안전운전 의무 불이행,교차로,교차로내,특수차,대형,보행자,보행자,1092889,1695861,128.5210889,35.25388232
2012,2012-11-19,15,야간,월,1,1,0,0,0,울산,북구,차대사람,횡단중,횡단중,운전자법규위반,안전운전 의무 불이행,교차로,교차로부근,승용차,중형,보행자,보행자,1166994,1739761,129.3444094,35.63990199
2012,2012-11-20,52,야간,화,1,1,0,0,0,경북,안동시,차대차,정면충돌,정면충돌,운전자법규위반,과속,단일로,기타단일로,승용차,소형,원동기장치자전거,원동기장치자전거,1130415,1829044,128.9552723,36.45011708
2012,2012-11-16,12,주간,금,1,6,2,3,0,경기,의왕시,차대차,정면충돌,정면충돌,운전자법규위반,중앙선 침범,교차로,교차로부근,승용차,중형,화물차,소형,952782,1929990,126.9667407,37.36777086
2012,2012-11-20,45,야간,화,1,1,0,0,0,서울,노원구,차대차,측면직각충돌,측면직각충돌,운전자법규위반,신호위반,교차로,교차로내,이륜차,중형,승합차,중형,961236,1961722,127.0605399,37.6541755
2012,2012-10-29,50,야간,월,1,2,0,1,0,경기,평택시,차대차,추돌,진행중 추돌,운전자법규위반,안전거리 미확보,단일로,기타단일로,승용차,중형,건설기계,건설기계,952596,1889908,126.965893,37.00632213
2012,2012-11-03,23,주간,토,1,1,0,0,0,서울,도봉구,차대차,추돌,진행중 추돌,운전자법규위반,안전운전 의무 불이행,단일로,횡단보도부근,화물차,소형,자전거,자전거,959362,1962684,127.0392418,37.66276508
2012,2012-11-04,40,주간,일,1,1,0,0,0,부산,사상구,차대사람,횡단중,횡단중,운전자법규위반,안전운전 의무 불이행,교차로,교차로부근,승용차,중형,보행자,보행자,1135487,1689113,128.9881208,35.18819919
2012,2012-12-28,30,야간,금,1,1,0,0,0,울산,울주군,차대차,기타,기타,운전자법규위반,중앙선 침범,단일로,기타단일로,승용차,중형,화물차,대형,1164306,1721102,129.3109472,35.47219638
2012,2012-12-28,0,야간,금,1,1,0,0,0,경기,성남시,차대사람,횡단중,횡단중,운전자법규위반,안전운전 의무 불이행,단일로,기타단일로,승합차,대형,보행자,보행자,967187,1936935,127.1291123,37.43099211
2012,2012-12-28,20,야간,금,1,1,0,0,0,경기,평택시,차대사람,횡단중,횡단중,운전자법규위반,안전운전 의무 불이행,교차로,교차로부근,승용차,중형,보행자,보행자,960724,1896905,127.0607491,37.06817959
2012,2012-12-27,10,주간,목,1,1,0,0,0,경남,고성군,차량단독,공작물충돌,공작물충돌,운전자법규위반,안전운전 의무 불이행,단일로,기타단일로,원동기장치자전거,원동기장치자전거,0,0,1076748,1662835,128.3406136,34.95747683
2012,2012-12-12,10,야간,수,1,1,0,0,0,경기,용인시,차대사람,횡단중,횡단중,운전자법규위반,안전운전 의무 불이행,단일로,기타단일로,승용차,중형,보행자,보행자,968110,1918164,127.1403527,37.26182779
2012,2012-12-13,15,주간,목,1,1,0,0,0,광주,광산구,차대사람,차도통행중,차도통행중,운전자법규위반,안전운전 의무 불이행,단일로,기타단일로,승용차,중형,보행자,보행자,935636,1683039,126.7935603,35.14045942
2012,2012-12-14,35,주간,금,1,1,0,0,0,경북,포항시,차대사람,기타,기타,운전자법규위반,신호위반,교차로,교차로내,승용차,중형,보행자,보행자,1173482,1778881,129.4196296,35.99255891
2012,2012-12-10,30,주간,월,1,1,0,0,0,전북,완주군,차대사람,기타,기타,운전자법규위반,안전운전 의무 불이행,단일로,기타단일로,승용차,중형,보행자,보행자,971387,1767986,127.182896,35.90809192
2012,2012-12-23,53,주간,일,1,1,0,0,0,제주,제주시,차대사람,기타,기타,운전자법규위반,안전운전 의무 불이행,단일로,기타단일로,화물차,소형,보행자,보행자,886373,1493144,126.2779939,33.42322785
2012,2012-12-19,10,주간,수,1,1,0,0,0,경북,안동시,차대사람,차도통행중,차도통행중,운전자법규위반,안전운전 의무 불이행,단일로,기타단일로,승용차,중형,보행자,보행자,1112085,1840808,128.7524866,36.55846461
2012,2012-12-26,53,주간,수,1,1,0,0,0,서울,영등포구,차대사람,기타,기타,운전자법규위반,안전운전 의무 불이행,교차로,교차로부근,승용차,경형,보행자,보행자,947934,1947264,126.9040511,37.52877029
2012,2012-12-25,19,야간,화,1,1,0,0,0,경기,양주시,차대사람,횡단중,횡단중,운전자법규위반,안전운전 의무 불이행,교차로,교차로내,승용차,중형,보행자,보행자,960780,1983064,127.054218,37.8465118
2012,2012-12-04,40,야간,화,1,1,0,0,0,경기,안성시,차량단독,공작물충돌,공작물충돌,운전자법규위반,안전운전 의무 불이행,단일로,기타단일로,화물차,소형,0,0,993646,1897597,127.4888947,37.08518207
2012,2012-12-04,5,야간,화,1,1,0,0,0,충남,천안시,차대사람,횡단중,횡단중,운전자법규위반,안전운전 의무 불이행,단일로,기타단일로,화물차,소형,보행자,보행자,965858,1857451,127.1177044,36.71446606
2012,2012-12-05,40,주간,수,1,1,0,0,0,경남,밀양시,차대사람,횡단중,횡단중,운전자법규위반,안전운전 의무 불이행,단일로,기타단일로,승용차,소형,보행자,보행자,1115611,1728069,128.7753773,35.54186006
2012,2012-12-03,30,야간,월,1,1,0,0,0,대전,동구,차대사람,횡단중,횡단중,운전자법규위반,안전운전 의무 불이행,단일로,기타단일로,승용차,중형,보행자,보행자,993906,1815736,127.432093,36.33899374
2012,2012-12-04,5,주간,화,1,1,0,0,0,경기,안양시,차대차,측면직각충돌,측면직각충돌,운전자법규위반,신호위반,교차로,교차로내,원동기장치자전거,원동기장치자전거,승용차,소형,947397,1936358,126.9054745,37.42487799
2012,2012-12-01,0,야간,토,1,1,0,0,0,경기,파주시,차대차,기타,기타,운전자법규위반,안전운전 의무 불이행,단일로,기타단일로,화물차,소형,화물차,중형,938249,1972547,126.8005467,37.75169591
2012,2012-12-01,11,야간,토,1,1,0,0,0,경북,경주시,차대사람,기타,기타,운전자법규위반,안전운전 의무 불이행,단일로,횡단보도상,승용차,대형,보행자,보행자,1149231,1759542,129.1458507,35.84329432
2012,2012-12-02,10,주간,일,2,6,3,1,0,강원,홍천군,차대차,기타,기타,운전자법규위반,안전운전 의무 불이행,단일로,기타단일로,승합차,중형,승합차,중형,1046619,1982676,128.0298524,37.84266649
2012,2012-09-07,55,주간,금,1,5,2,2,0,충북,괴산군,차대차,측면직각충돌,측면직각충돌,운전자법규위반,안전운전 의무 불이행,단일로,터널안,승용차,중형,승용차,소형,1042444,1867131,127.975791,36.80139146
2012,2012-08-10,0,주간,금,1,5,0,4,0,인천,서구,차대차,기타,기타,운전자법규위반,신호위반,교차로,교차로내,화물차,소형,승합차,소형,926150,1950686,126.6639203,37.55256079
2012,2012-08-09,30,주간,목,1,3,1,1,0,대전,서구,차대사람,기타,기타,운전자법규위반,안전운전 의무 불이행,단일로,기타단일로,승용차,소형,보행자,보행자,989440,1815068,127.3823363,36.3329328
2012,2012-08-16,0,주간,목,1,2,1,0,0,경기,안산시,차대차,추돌,주정차중 추돌,운전자법규위반,안전운전 의무 불이행,단일로,기타단일로,화물차,소형,화물차,소형,944154,1927721,126.869476,37.34684016
2012,2012-08-14,55,야간,화,1,2,1,0,0,경남,통영시,차대차,정면충돌,정면충돌,운전자법규위반,중앙선 침범,단일로,기타단일로,승용차,중형,승용차,중형,1083156,1649258,128.409442,34.83455441
2012,2012-08-14,50,주간,화,1,1,0,0,0,충북,음성군,차대사람,기타,기타,운전자법규위반,안전운전 의무 불이행,단일로,기타단일로,승합차,소형,보행자,보행자,999697,1891154,127.4965938,37.01890002
2012,2012-08-19,50,주간,토,2,2,0,0,0,경기,오산시,차대차,기타,기타,운전자법규위반,신호위반,교차로,교차로내,승용차,중형,이륜차,소형,962598,1906777,127.0787622,37.15898177
2012,2012-08-17,10,주간,금,1,1,0,0,0,전북,익산시,차대사람,횡단중,횡단중,운전자법규위반,안전운전 의무 불이행,단일로,기타단일로,승용차,소형,보행자,보행자,950119,1773366,126.9468631,35.95574227
2012,2012-08-24,48,야간,금,1,1,0,0,0,경기,의정부시,차대사람,횡단중,횡단중,운전자법규위반,안전운전 의무 불이행,교차로,교차로부근,승용차,중형,보행자,보행자,961275,1969417,127.05521,37.70572975
2012,2012-08-23,34,야간,목,1,1,0,0,0,경북,김천시,차대차,측면직각충돌,측면직각충돌,운전자법규위반,안전운전 의무 불이행,단일로,기타단일로,화물차,중형,화물차,중형,1067128,1788130,128.2456315,36.08780813
2012,2012-08-22,15,야간,수,1,1,0,0,0,대구,동구,차대사람,기타,기타,운전자법규위반,안전운전 의무 불이행,단일로,기타단일로,승용차,중형,보행자,보행자,1108571,1764001,128.7032728,35.86659112
2012,2012-08-29,10,야간,수,1,1,0,0,0,충남,홍성군,차대사람,횡단중,횡단중,운전자법규위반,과속,교차로,교차로내,특수차,소형,보행자,보행자,924238,1844981,126.6529419,36.59965326
2012,2012-08-27,20,야간,월,1,1,0,0,0,전북,고창군,차량단독,기타,기타,운전자법규위반,안전운전 의무 불이행,교차로,교차로부근,화물차,소형,0,0,926640,1714520,126.6918902,35.42373352
2012,2012-09-01,30,야간,토,1,1,0,0,0,울산,울주군,차량단독,공작물충돌,공작물충돌,운전자법규위반,안전운전 의무 불이행,단일로,기타단일로,승용차,대형,0,0,1147677,1732183,129.129754,35.57468022
2012,2012-09-01,40,주간,토,1,3,0,2,0,전남,화순군,차대차,추돌,주정차중 추돌,운전자법규위반,안전운전 의무 불이행,단일로,기타단일로,승용차,소형,화물차,대형,949880,1669029,126.9519917,35.0261662
2012,2012-08-30,55,주간,목,1,2,0,1,0,전북,진안군,차량단독,공작물충돌,공작물충돌,운전자법규위반,안전운전 의무 불이행,단일로,기타단일로,승용차,중형,0,0,998046,1762477,127.4783581,35.85883886
2012,2012-09-05,50,주간,수,1,1,0,0,0,충남,보령시,차대사람,차도통행중,차도통행중,운전자법규위반,안전운전 의무 불이행,단일로,기타단일로,화물차,소형,보행자,보행자,925386,1823079,126.6678912,36.40231409
2012,2012-09-06,32,야간,목,1,1,0,0,0,충남,금산군,차량단독,도로이탈,도로이탈 기타,운전자법규위반,안전운전 의무 불이행,단일로,기타단일로,이륜차,소형,0,0,1002002,1789068,127.5222407,36.09858257
2012,2012-09-04,45,주간,화,1,2,1,0,0,전남,순천시,차량단독,전도전복,전도전복,운전자법규위반,안전운전 의무 불이행,단일로,기타단일로,화물차,소형,0,0,977390,1668291,127.2652865,35.01539986
2012,2012-09-09,0,야간,일,1,3,2,0,0,인천,남구,차량단독,기타,기타,운전자법규위반,안전운전 의무 불이행,교차로,교차로부근,승용차,중형,0,0,923538,1940099,126.6354531,37.45693099
2012,2012-09-08,7,야간,토,1,4,0,3,0,전남,순천시,차대차,추돌,주정차중 추돌,운전자법규위반,안전운전 의무 불이행,교차로,교차로내,승용차,중형,승용차,중형,1002057,1661118,127.5227898,34.94492769
2012,2012-09-13,32,야간,목,1,1,0,0,0,강원,원주시,차대사람,기타,기타,운전자법규위반,안전운전 의무 불이행,단일로,교량위,승용차,중형,보행자,보행자,1043296,1927845,127.9888421,37.34862819