발생년,발생년월일시분,발생분,주야,요일,사망자수,사상자수,중상자수,경상자수,부상신고자수,발생지시도,발생지시군구,사고유형_대분류,사고유형_중분류,사고유형,법규위반_대분류,법규위반,도로형태_대분류,도로형태,당사자종별_1당_대분류,당사자종별_1당,당사자종별_2당_대분류,당사자종별_2당,발생위치X_UTMK,발생위치Y_UTMK,경도,위도
2013,2013-05-13,25,야간,월,1,2,1,0,0,서울,노원구,차대사람,횡단중,횡단중,운전자법규위반,안전운전 의무 불이행,단일로,기타단일로,화물차,중형,보행자,보행자,961418,1961023,127.0626401,37.64788296
2013,2013-05-15,58,야간,수,1,1,0,0,0,경기,남양주시,차대사람,횡단중,횡단중,운전자법규위반,안전운전 의무 불이행,교차로,교차로부근,승용차,대형,보행자,보행자,974118,1959343,127.2066628,37.63318644
2013,2013-05-15,40,야간,수,1,7,6,0,0,경기,수원시,차대차,측면직각충돌,측면직각충돌,운전자법규위반,신호위반,교차로,교차로내,승용차,대형,승용차,경형,958651,1918764,127.033646,37.26686393
2013,2013-05-14,0,주간,화,1,1,0,0,0,경기,부천시,차대사람,기타,기타,운전자법규위반,보행자 보호의무 위반,교차로,교차로부근,건설기계,건설기계,보행자,보행자,936668,1947817,126.7832363,37.52748591
2012,2012-11-21,40,주간,수,1,1,0,0,0,충북,보은군,차대차,추돌,진행중 추돌,운전자법규위반,안전운전 의무 불이행,단일로,기타단일로,승용차,중형,농기계,농기계,1026658,1835420,127.7977322,36.5160986
2012,2012-11-16,55,야간,금,1,1,0,0,0,대전,동구,차대사람,기타,기타,운전자법규위반,안전운전 의무 불이행,단일로,기타단일로,승용차,중형,보행자,보행자,994068,1816327,127.4338937,36.34432286
2012,2012-11-04,30,주간,일,1,1,0,0,0,경북,구미시,차대사람,기타,기타,운전자법규위반,안전운전 의무 불이행,단일로,기타단일로,화물차,소형,보행자,보행자,1072450,1805055,128.3056119,36.23779722
2012,2012-11-02,15,주간,금,1,1,0,0,0,제주,제주시,차대차,측면직각충돌,측면직각충돌,운전자법규위반,교차로 통행방법 위반,교차로,교차로내,승합차,대형,승용차,소형,908520,1499225,126.5192517,33.48083827
2012,2012-11-06,0,야간,화,1,1,0,0,0,서울,구로구,차대차,기타,기타,운전자법규위반,안전운전 의무 불이행,교차로,교차로부근,승합차,대형,자전거,자전거,945473,1945800,126.8830314,37.5098692
2012,2012-11-06,55,야간,화,1,1,0,0,0,경기,남양주시,차대차,추돌,주정차중 추돌,운전자법규위반,안전운전 의무 불이행,기타/불명,기타/불명,승용차,경형,승용차,중형,974765,1966120,127.2137612,37.6942876
2012,2012-11-03,30,주간,토,1,1,0,0,0,경남,밀양시,차대사람,기타,기타,운전자법규위반,안전운전 의무 불이행,단일로,기타단일로,건설기계,건설기계,보행자,보행자,1108304,1710137,128.692397,35.38103236
2012,2012-11-03,40,주간,토,1,1,0,0,0,경북,성주군,차량단독,공작물충돌,공작물충돌,운전자법규위반,안전운전 의무 불이행,단일로,기타단일로,화물차,대형,0,0,1061291,1759147,128.178562,35.82690146
2012,2012-11-03,57,주간,토,1,1,0,0,0,경북,영천시,차대사람,길가장자리구역통행중,길가장자리구역통행중,운전자법규위반,안전운전 의무 불이행,단일로,기타단일로,승용차,중형,보행자,보행자,1131053,1770866,128.9527837,35.92573989
2012,2012-12-31,10,주간,월,1,1,0,0,0,충남,당진시,차량단독,공작물충돌,공작물충돌,운전자법규위반,안전운전 의무 불이행,단일로,기타단일로,특수차,대형,0,0,913820,1890218,126.5313552,37.00650975
2012,2012-12-31,53,야간,월,1,1,0,0,0,충북,청원군,차대차,추돌,진행중 추돌,운전자법규위반,안전운전 의무 불이행,단일로,기타단일로,승합차,소형,자전거,자전거,996863,1860544,127.4648613,36.74295764
2012,2012-12-30,40,야간,일,1,1,0,0,0,서울,관악구,차대차,측면직각충돌,측면직각충돌,운전자법규위반,안전운전 의무 불이행,단일로,기타단일로,승용차,소형,승용차,소형,952715,1941778,126.965229,37.47401734
2012,2012-12-29,13,야간,토,1,1,0,0,0,광주,동구,차대사람,기타,기타,운전자법규위반,안전운전 의무 불이행,교차로,교차로내,승용차,중형,보행자,보행자,948425,1684840,126.9337208,35.15748931
2012,2012-12-15,0,야간,토,1,2,0,1,0,부산,강서구,차대차,추돌,주정차중 추돌,운전자법규위반,안전운전 의무 불이행,단일로,기타단일로,승용차,소형,특수차,대형,1124282,1683006,128.8641636,35.13459641
2012,2012-12-16,22,야간,일,1,1,0,0,0,경기,안양시,차대사람,횡단중,횡단중,운전자법규위반,안전운전 의무 불이행,단일로,기타단일로,승용차,중형,보행자,보행자,948809,1934671,126.9215493,37.40975167
2012,2012-12-12,5,야간,수,1,1,0,0,0,충남,천안시,차대차,추돌,진행중 추돌,운전자법규위반,안전운전 의무 불이행,단일로,기타단일로,승용차,소형,승용차,중형,974027,1879416,127.2084233,36.91273028
2012,2012-12-13,50,주간,목,1,1,0,0,0,충남,천안시,차대사람,기타,기타,운전자법규위반,안전운전 의무 불이행,단일로,횡단보도부근,승용차,소형,보행자,보행자,974223,1879425,127.2210104,36.91510428
2012,2012-12-16,13,야간,일,1,1,0,0,0,경기,시흥시,차대차,측면직각충돌,측면직각충돌,운전자법규위반,교차로 통행방법 위반,교차로,교차로내,승용차,중형,이륜차,소형,933733,1927479,126.7518487,37.3439734
2012,2012-12-16,59,야간,일,1,7,0,6,0,충북,청주시,차대차,기타,기타,운전자법규위반,안전운전 의무 불이행,교차로,교차로부근,승용차,대형,승용차,대형,1000980,1847430,127.5109606,36.62474079
2012,2012-12-16,0,야간,일,1,2,1,0,0,경남,창원시(통합),차대차,정면충돌,정면충돌,운전자법규위반,중앙선 침범,단일로,기타단일로,승용차,소형,승용차,대형,1109508,1699893,128.7042792,35.28855175
2012,2012-12-14,40,주간,금,1,2,1,0,0,경북,의성군,차량단독,전도전복,전도전복,운전자법규위반,안전운전 의무 불이행,단일로,기타단일로,승용차,중형,0,0,1072323,1816005,128.3059034,36.33872086
2012,2012-12-19,15,주간,수,1,1,0,0,0,경기,부천시,차대차,측면직각충돌,측면직각충돌,운전자법규위반,안전운전 의무 불이행,교차로,교차로부근,이륜차,소형,승용차,중형,938569,1947077,126.8048114,37.52094493
2012,2012-12-23,5,야간,일,1,2,1,0,0,경기,가평군,차대차,기타,기타,운전자법규위반,중앙선 침범,단일로,기타단일로,이륜차,소형,승용차,중형,980781,1983342,127.2819847,37.85035339
2012,2012-12-25,0,야간,화,1,1,0,0,0,충남,당진시,차대차,기타,기타,운전자법규위반,안전운전 의무 불이행,단일로,기타단일로,승합차,대형,승용차,소형,919728,1876710,126.5991868,36.88528019
2012,2012-12-26,55,야간,수,1,1,0,0,0,경기,수원시,차대사람,횡단중,횡단중,운전자법규위반,안전운전 의무 불이행,단일로,기타단일로,승용차,소형,보행자,보행자,960644,1919329,127.0560935,37.2720431
2012,2012-12-22,37,야간,토,1,2,1,0,0,경기,용인시,차량단독,기타,기타,운전자법규위반,안전운전 의무 불이행,고가도로위,고가도로위,화물차,소형,0,0,962655,1918787,127.0788028,37.26724052
2012,2012-12-22,10,주간,토,1,1,0,0,0,서울,도봉구,차대사람,차도통행중,차도통행중,운전자법규위반,안전운전 의무 불이행,단일로,기타단일로,승용차,중형,보행자,보행자,959462,1962681,127.0403757,37.66274246
2012,2012-12-03,0,야간,월,1,1,0,0,0,충북,청원군,차대사람,횡단중,횡단중,운전자법규위반,안전운전 의무 불이행,단일로,기타단일로,승용차,중형,보행자,보행자,996956,1843086,127.4659723,36.58557515
2012,2012-11-30,10,주간,금,1,1,0,0,0,전북,전주시,차대차,추돌,주정차중 추돌,운전자법규위반,안전운전 의무 불이행,교차로,교차로부근,이륜차,소형,특수차,중형,961832,1766086,127.1281194,35.83137022
2012,2012-12-04,50,주간,화,1,2,0,1,0,전남,광양시,차대차,측면직각충돌,측면직각충돌,운전자법규위반,신호위반,교차로,교차로내,승용차,대형,화물차,대형,1015488,1657461,127.6695466,34.91180734
2012,2012-12-05,20,야간,수,1,1,0,0,0,충남,보령시,차량단독,도로이탈,도로이탈 추락,운전자법규위반,안전운전 의무 불이행,단일로,기타단일로,승용차,소형,0,0,916065,1801356,126.5662909,36.20572739
2012,2012-12-01,20,주간,토,1,1,0,0,0,충남,서천군,차대사람,기타,기타,운전자법규위반,안전운전 의무 불이행,단일로,기타단일로,화물차,중형,보행자,보행자,923996,1789322,126.6556715,36.09789986
2012,2012-12-01,10,주간,토,1,1,0,0,0,경기,남양주시,차대차,기타,기타,운전자법규위반,안전운전 의무 불이행,교차로,교차로부근,화물차,소형,화물차,대형,974131,1959349,127.20681,37.63324089
2012,2012-12-01,35,야간,토,1,1,0,0,0,경기,파주시,차대차,추돌,주정차중 추돌,운전자법규위반,안전운전 의무 불이행,단일로,기타단일로,화물차,소형,화물차,소형,935628,1984697,126.7682074,37.85979992
2012,2012-12-01,0,주간,토,1,1,0,0,0,인천,옹진군,차량단독,공작물충돌,공작물충돌,운전자법규위반,안전운전 의무 불이행,단일로,기타단일로,화물차,소형,0,0,749673,2000195,124.6501314,37.96707453
2012,2012-12-01,37,주간,토,1,1,0,0,0,전남,무안군,차대차,기타,기타,운전자법규위반,안전운전 의무 불이행,교차로,교차로내,원동기장치자전거,원동기장치자전거,건설기계,건설기계,907417,1650998,126.4872803,34.84942832
2013,2013-02-16,20,주간,토,1,1,0,0,0,경북,청도군,차대사람,차도통행중,차도통행중,운전자법규위반,안전운전 의무 불이행,단일로,기타단일로,승용차,소형,보행자,보행자,1113158,1740239,128.7563267,35.57650079
2013,2013-02-18,13,주간,월,1,2,1,0,0,대전,유성구,차대차,측면직각충돌,측면직각충돌,운전자법규위반,안전운전 의무 불이행,교차로,교차로내,승용차,소형,화물차,중형,990603,1826265,127.3951595,36.43388973
2013,2013-02-17,4,주간,일,1,1,0,0,0,전북,김제시,차량단독,기타,기타,운전자법규위반,안전운전 의무 불이행,단일로,기타단일로,원동기장치자전거,원동기장치자전거,0,0,943082,1755429,126.8701142,35.79364472
2013,2013-02-14,23,야간,목,1,1,0,0,0,경기,양평군,차대사람,기타,기타,운전자법규위반,안전운전 의무 불이행,단일로,기타단일로,화물차,소형,보행자,보행자,1017320,1949297,127.6943815,37.5414656
2013,2013-02-25,15,야간,월,1,1,0,0,0,경기,용인시,차대사람,횡단중,횡단중,운전자법규위반,안전운전 의무 불이행,단일로,기타단일로,승용차,소형,보행자,보행자,966615,1919418,127.1234365,37.27307871
2013,2013-12-03,37,야간,화,1,1,0,0,0,경기,평택시,차대차,추돌,주정차중 추돌,운전자법규위반,안전운전 의무 불이행,단일로,기타단일로,특수차,대형,화물차,소형,953706,1892147,126.9795005,37.02665575
2013,2013-01-17,20,야간,목,1,1,0,0,0,대구,동구,차대사람,횡단중,횡단중,운전자법규위반,안전운전 의무 불이행,단일로,기타단일로,승용차,중형,보행자,보행자,1101643,1765528,128.6260562,35.88107051
2013,2013-01-18,10,주간,금,1,1,0,0,0,전남,영암군,차량단독,공작물충돌,공작물충돌,운전자법규위반,안전운전 의무 불이행,단일로,기타단일로,승용차,중형,0,0,921515,1634644,126.6430008,34.70315447
2013,2013-01-18,10,야간,금,1,2,0,1,0,전남,순천시,차대차,기타,기타,운전자법규위반,중앙선 침범,단일로,기타단일로,원동기장치자전거,원동기장치자전거,승용차,소형,1002825,1662136,127.5320355,34.95195025
2013,2013-01-23,6,주간,수,1,1,0,0,0,제주,제주시,차량단독,공작물충돌,공작물충돌,운전자법규위반,안전운전 의무 불이행,교차로,교차로내,이륜차,소형,0,0,911579,1502604,126.5479527,33.51167313
2013,2013-01-24,40,야간,목,2,4,1,1,0,경북,김천시,차대차,측면직각충돌,측면직각충돌,운전자법규위반,중앙선 침범,단일로,기타단일로,승용차,대형,화물차,중형,1056853,1792462,128.1318203,36.12751787
2013,2013-01-24,50,주간,목,1,5,3,1,0,경북,울진군,차대차,정면충돌,정면충돌,운전자법규위반,중앙선 침범,단일로,기타단일로,승용차,소형,승용차,중형,1170328,1860002,129.4073093,36.72279179
2013,2013-01-26,30,야간,토,1,1,0,0,0,경기,남양주시,차대사람,차도통행중,차도통행중,운전자법규위반,안전운전 의무 불이행,교차로,교차로부근,승합차,경형,보행자,보행자,966848,1966718,127.1239335,37.69942531
2013,2013-02-02,6,야간,토,1,1,0,0,0,경북,경주시,차대사람,횡단중,횡단중,운전자법규위반,안전운전 의무 불이행,교차로,교차로내,승용차,중형,보행자,보행자,1164092,1754613,129.3154051,35.7742325
2013,2013-02-06,30,주간,수,1,3,1,1,0,강원,양양군,차대차,추돌,주정차중 추돌,운전자법규위반,안전운전 의무 불이행,교차로,교차로부근,승용차,중형,승용차,중형,1097892,2009292,128.61615,38.07844687
2013,2013-02-07,25,야간,목,1,1,0,0,0,서울,성동구,차대사람,기타,기타,운전자법규위반,안전운전 의무 불이행,단일로,기타단일로,승용차,중형,보행자,보행자,958023,1950783,127.0247436,37.55543884
2013,2013-02-07,0,야간,목,1,3,2,0,0,인천,중구,차대차,정면충돌,정면충돌,운전자법규위반,중앙선 침범,단일로,기타단일로,승용차,중형,승용차,중형,904517,1944732,126.4198154,37.49691514
2013,2013-02-15,0,야간,금,1,1,0,0,0,제주,제주시,차량단독,공작물충돌,공작물충돌,운전자법규위반,안전운전 의무 불이행,단일로,기타단일로,승용차,중형,0,0,884078,1489520,126.2535868,33.39105793
2013,2013-08-14,28,주간,수,2,5,2,1,0,강원,횡성군,차대차,추돌,진행중 추돌,운전자법규위반,안전운전 의무 불이행,기타/불명,기타/불명,승합차,중형,건설기계,건설기계,1054565,1941609,128.1170877,37.47209281
2013,2013-10-08,25,주간,화,1,3,0,2,0,전남,광양시,차량단독,전도전복,전도전복,운전자법규위반,안전운전 의무 불이행,기타/불명,기타/불명,화물차,소형,0,0,1015125,1664517,127.6800303,34.96532926
2012,2012-11-13,15,야간,화,1,2,0,1,0,경북,김천시,차대차,측면직각충돌,측면직각충돌,운전자법규위반,안전거리 미확보,단일로,기타단일로,승용차,중형,승합차,대형,1061492,1793297,128.1840711,36.13486703
2013,2013-05-02,0,주간,목,1,1,0,0,0,울산,울주군,차량단독,공작물충돌,공작물충돌,운전자법규위반,안전운전 의무 불이행,단일로,기타단일로,원동기장치자전거,원동기장치자전거,0,0,1143566,1734927,129.0848885,35.60001696
2013,2013-04-28,50,주간,일,1,1,0,0,0,경기,평택시,차대사람,기타,기타,운전자법규위반,안전운전 의무 불이행,교차로,교차로부근,승용차,중형,보행자,보행자,963082,1889666,127.0839815,37.00512263
2013,2013-04-30,10,주간,화,1,1,0,0,0,경기,화성시,차대사람,횡단중,횡단중,운전자법규위반,안전운전 의무 불이행,단일로,기타단일로,화물차,중형,보행자,보행자,951132,1913622,126.9483721,37.21986032
2013,2013-04-28,10,야간,일,1,1,0,0,0,경남,산청군,차대사람,차도통행중,차도통행중,운전자법규위반,안전운전 의무 불이행,단일로,기타단일로,화물차,소형,보행자,보행자,1045350,1710152,127.9993315,35.38602003
2013,2013-05-07,50,주간,화,1,1,0,0,0,전남,영암군,차대차,기타,기타,운전자법규위반,중앙선 침범,교차로,교차로부근,화물차,소형,원동기장치자전거,원동기장치자전거,918593,1651861,126.6094312,34.85816605
2013,2013-05-06,50,야간,월,1,1,0,0,0,경기,광명시,차대차,정면충돌,정면충돌,운전자법규위반,중앙선 침범,단일로,기타단일로,원동기장치자전거,원동기장치자전거,승합차,대형,942238,1937151,126.8471081,37.43171783
2013,2013-05-06,15,주간,월,1,2,0,1,0,경기,안산시,차대차,추돌,진행중 추돌,운전자법규위반,안전운전 의무 불이행,단일로,기타단일로,화물차,소형,화물차,소형,944384,1928368,126.8720241,37.35268561
2013,2013-05-06,45,주간,월,1,2,1,0,0,서울,강남구,차대사람,횡단중,횡단중,운전자법규위반,안전운전 의무 불이행,교차로,교차로내,승합차,대형,보행자,보행자,961531,1942312,127.064903,37.47923969
2013,2013-05-07,40,야간,화,1,1,0,0,0,경북,안동시,차대사람,횡단중,횡단중,운전자법규위반,안전운전 의무 불이행,단일로,기타단일로,승용차,중형,보행자,보행자,1108558,1841467,128.7131754,36.56481169
2013,2013-05-06,40,야간,월,1,1,0,0,0,광주,남구,차대차,측면직각충돌,측면직각충돌,운전자법규위반,신호위반,교차로,교차로내,승용차,중형,승용차,중형,947608,1681975,126.9249325,35.131614
2012,2012-07-14,30,주간,토,1,4,3,0,0,대구,수성구,차대차,기타,기타,운전자법규위반,신호위반,교차로,교차로내,승용차,소형,승용차,중형,1100875,1762549,128.6166136,35.85472493
2013,2013-05-05,40,야간,일,1,1,0,0,0,충북,음성군,차대차,기타,기타,운전자법규위반,중앙선 침범,단일로,기타단일로,원동기장치자전거,원동기장치자전거,승용차,중형,1000457,1884120,127.5051332,36.95549232
2013,2013-05-11,55,야간,토,1,1,0,0,0,전북,완주군,차대사람,횡단중,횡단중,운전자법규위반,안전운전 의무 불이행,단일로,기타단일로,승용차,중형,보행자,보행자,967885,1773232,127.1438736,35.95528043
2013,2013-05-11,15,야간,토,1,2,1,0,0,경북,칠곡군,차대차,추돌,진행중 추돌,운전자법규위반,안전운전 의무 불이행,단일로,기타단일로,화물차,소형,자전거,자전거,1078462,1781970,128.3709008,36.03142753
2013,2013-05-08,15,야간,수,1,1,0,0,0,서울,서초구,차대사람,횡단중,횡단중,운전자법규위반,안전운전 의무 불이행,교차로,교차로부근,승합차,대형,보행자,보행자,954216,1943116,126.9821208,37.48615278
2013,2013-05-10,52,야간,금,1,1,0,0,0,부산,연제구,차대사람,횡단중,횡단중,운전자법규위반,안전운전 의무 불이행,단일로,기타단일로,승용차,중형,보행자,보행자,1143935,1689304,129.0809122,35.18874528
2012,2012-05-02,0,주간,수,1,1,0,0,0,경기,파주시,차량단독,공작물충돌,공작물충돌,운전자법규위반,안전운전 의무 불이행,교차로,교차로부근,승용차,중형,0,0,934189,1975097,126.7649878,37.76837003
2012,2012-04-13,0,주간,금,1,10,0,3,6,경기,광주시,차대차,정면충돌,정면충돌,운전자법규위반,중앙선 침범,단일로,기타단일로,승용차,대형,승합차,대형,973073,1927472,127.2076313,37.34163316
2012,2012-03-08,53,야간,목,1,1,0,0,0,경남,창원시(통합),차대사람,횡단중,횡단중,운전자법규위반,안전운전 의무 불이행,교차로,교차로내,승용차,대형,보행자,보행자,1097891,1691224,128.5755134,35.21160102
2012,2012-12-03,30,주간,월,1,1,0,0,0,전남,담양군,차량단독,공작물충돌,공작물충돌,운전자법규위반,안전운전 의무 불이행,단일로,기타단일로,화물차,소형,0,0,960008,1705966,127.0598666,35.34850585
2012,2012-01-03,50,주간,화,1,1,0,0,0,경북,경주시,차대사람,횡단중,횡단중,운전자법규위반,안전운전 의무 불이행,단일로,기타단일로,승용차,중형,보행자,보행자,1158250,1762199,129.2523023,35.84355572
2012,2012-05-14,20,야간,월,1,1,0,0,0,경기,용인시,차대차,기타,기타,운전자법규위반,신호위반,교차로,교차로내,승용차,중형,자전거,자전거,964915,1917683,127.1043438,37.25737721
2012,2012-11-12,45,야간,월,1,1,0,0,0,인천,중구,차량단독,전도전복,전도전복,운전자법규위반,안전운전 의무 불이행,단일로,기타단일로,승합차,소형,0,0,916402,1946943,126.5543492,37.51806036
2012,2012-11-16,30,야간,금,1,26,15,10,0,경기,안산시,차량단독,전도전복,전도전복,운전자법규위반,과속,단일로,기타단일로,승합차,대형,0,0,945603,1922696,126.8862034,37.3016338
2012,2012-11-21,10,야간,수,1,1,0,0,0,광주,남구,차량단독,공작물충돌,공작물충돌,운전자법규위반,안전운전 의무 불이행,교차로,교차로내,승용차,소형,0,0,945452,1682184,126.9014542,35.13316848
2012,2012-11-21,40,야간,수,1,1,0,0,0,경기,광명시,차량단독,공작물충돌,공작물충돌,운전자법규위반,안전운전 의무 불이행,단일로,기타단일로,이륜차,소형,0,0,945111,1938247,126.8794987,37.44177124
2012,2012-11-18,0,주간,일,1,1,0,0,0,전남,강진군,차대차,추돌,진행중 추돌,운전자법규위반,안전운전 의무 불이행,단일로,기타단일로,승용차,소형,농기계,농기계,935417,1634262,126.7948185,34.70068292
2012,2012-11-18,26,야간,일,1,1,0,0,0,전북,완주군,차대사람,횡단중,횡단중,운전자법규위반,안전운전 의무 불이행,단일로,횡단보도부근,승용차,중형,보행자,보행자,966170,1767828,127.1250863,35.90650081
2012,2012-11-03,25,주간,토,1,1,0,0,0,대전,중구,차대사람,횡단중,횡단중,운전자법규위반,신호위반,단일로,횡단보도상,승용차,중형,보행자,보행자,991551,1814607,127.4058629,36.32879753
2013,2013-06-12,25,주간,수,1,3,1,1,0,강원,원주시,차대차,추돌,진행중 추돌,운전자법규위반,안전거리 미확보,단일로,기타단일로,승합차,소형,승용차,소형,1037906,1925339,127.9278587,37.32627577
2013,2013-06-21,5,야간,금,1,7,4,2,0,전북,군산시,차대차,기타,기타,운전자법규위반,안전운전 의무 불이행,단일로,기타단일로,화물차,중형,승용차,중형,940154,1774895,126.8362506,35.96896668
2013,2013-02-13,50,주간,수,1,1,0,0,0,경남,창원시(통합),차량단독,기타,기타,운전자법규위반,안전운전 의무 불이행,기타/불명,기타/불명,자전거,자전거,0,0,1113532,1705176,128.7492548,35.33572846
2013,2013-02-15,0,야간,금,1,1,0,0,0,충남,논산시,차량단독,공작물충돌,공작물충돌,운전자법규위반,안전운전 의무 불이행,교차로,교차로내,승용차,중형,0,0,961070,1798155,127.0669914,36.17974196
2013,2013-02-25,27,야간,월,1,1,0,0,0,부산,금정구,차량단독,공작물충돌,공작물충돌,운전자법규위반,안전운전 의무 불이행,단일로,기타단일로,화물차,중형,0,0,1147178,1692230,129.1170421,35.21464875
2013,2013-02-25,31,주간,월,1,1,0,0,0,부산,영도구,차대사람,보도통행중,보도통행중,운전자법규위반,기타(운전자법규위반),기타/불명,기타/불명,승용차,소형,보행자,보행자,1143231,1676330,129.0709344,35.07190036
2013,2013-02-25,15,주간,월,1,4,1,2,0,인천,서구,차대차,기타,기타,운전자법규위반,안전운전 의무 불이행,단일로,기타단일로,승용차,경형,건설기계,건설기계,927198,1948045,126.6760459,37.52884174
2013,2013-02-23,45,야간,토,2,5,1,2,0,강원,동해시,차대차,정면충돌,정면충돌,운전자법규위반,중앙선 침범,단일로,기타단일로,승용차,중형,승용차,중형,1141744,1947282,129.1038627,37.51394769
2013,2013-02-22,36,야간,금,1,1,0,0,0,충남,부여군,차대차,기타,기타,운전자법규위반,안전운전 의무 불이행,단일로,기타단일로,화물차,소형,승용차,중형,957379,1807199,127.0255366,36.26110676
2013,2013-02-21,48,야간,목,1,1,0,0,0,강원,고성군,차대사람,횡단중,횡단중,운전자법규위반,안전운전 의무 불이행,교차로,교차로부근,화물차,대형,보행자,보행자,1091692,2030825,128.5480991,38.27294186
2013,2013-01-03,24,주간,목,1,1,0,0,0,충남,천안시,차대사람,횡단중,횡단중,운전자법규위반,보행자 보호의무 위반,교차로,교차로부근,승합차,대형,보행자,보행자,969155,1869029,127.1541526,36.81895016
2013,2013-01-03,20,야간,목,1,1,0,0,0,서울,송파구,차량단독,공작물충돌,공작물충돌,운전자법규위반,안전운전 의무 불이행,단일로,기타단일로,승용차,중형,0,0,962234,1946621,127.0726326,37.51810752
2013,2013-01-03,30,주간,목,1,1,0,0,0,경기,군포시,차대사람,기타,기타,운전자법규위반,안전운전 의무 불이행,단일로,기타단일로,승용차,중형,보행자,보행자,949266,1930015,126.9270326,37.36781051
2013,2013-04-19,28,야간,금,1,3,2,0,0,인천,서구,차대차,기타,기타,운전자법규위반,신호위반,교차로,교차로내,승용차,경형,승합차,대형,926801,1944770,126.6718794,37.49929371
2013,2013-04-24,35,주간,수,1,1,0,0,0,제주,서귀포시,차대차,기타,기타,운전자법규위반,안전운전 의무 불이행,단일로,기타단일로,이륜차,사발이,화물차,중형,882769,1471945,126.2417941,33.232429
2013,2013-04-23,43,야간,화,1,2,1,0,0,서울,강남구,차량단독,기타,기타,운전자법규위반,안전운전 의무 불이행,단일로,기타단일로,이륜차,소형,0,0,960693,1941745,127.0554555,37.4740938
2013,2013-04-23,22,야간,화,1,1,0,0,0,경기,광주시,차대사람,횡단중,횡단중,운전자법규위반,안전운전 의무 불이행,교차로,교차로부근,화물차,소형,보행자,보행자,985504,1925031,127.3363827,37.32415993
2013,2013-04-24,0,야간,수,1,1,0,0,0,대구,달서구,차대사람,횡단중,횡단중,운전자법규위반,신호위반,교차로,교차로내,승용차,소형,보행자,보행자,1089589,1760611,128.4919822,35.83792236
2013,2013-04-30,10,야간,화,1,1,0,0,0,경기,성남시,차대사람,차도통행중,차도통행중,운전자법규위반,안전운전 의무 불이행,교차로,교차로부근,승용차,중형,보행자,보행자,964708,1928387,127.1018296,37.35379521
2013,2013-04-29,33,야간,월,1,1,0,0,0,전남,여수시,차대사람,횡단중,횡단중,운전자법규위반,안전운전 의무 불이행,단일로,횡단보도상,승용차,중형,보행자,보행자,1013826,1642584,127.6511074,34.77767591
2013,2013-05-04,15,야간,토,1,1,0,0,0,경북,포항시,차대사람,기타,기타,운전자법규위반,안전운전 의무 불이행,단일로,기타단일로,승용차,대형,보행자,보행자,1182841,1764396,129.5249597,35.85907378
2013,2013-05-20,20,주간,월,1,6,0,5,0,울산,동구,차대차,기타,기타,운전자법규위반,중앙선 침범,단일로,기타단일로,화물차,대형,승용차,중형,1176946,1730316,129.4522028,35.55305737
2013,2013-05-21,20,주간,화,1,1,0,0,0,경북,포항시,차대차,측면직각충돌,측면직각충돌,운전자법규위반,안전운전 의무 불이행,단일로,기타단일로,승합차,대형,자전거,자전거,1166352,1779430,129.3455802,35.99748941
2013,2013-05-20,25,야간,월,1,4,3,0,0,경남,김해시,차량단독,기타,기타,운전자법규위반,안전운전 의무 불이행,교차로,교차로내,승합차,소형,0,0,1115428,1688425,128.7677587,35.18450356
2013,2013-05-23,25,주간,목,1,2,1,0,0,경남,함안군,차대차,추돌,주정차중 추돌,운전자법규위반,안전운전 의무 불이행,단일로,기타단일로,화물차,중형,화물차,소형,1083598,1696581,128.4190426,35.26119241
2013,2013-05-23,14,야간,목,1,2,0,1,0,충북,음성군,차대차,기타,기타,운전자법규위반,안전운전 의무 불이행,단일로,기타단일로,승용차,대형,승용차,중형,1019270,1901552,127.7168947,37.11243269
2013,2013-05-22,0,야간,수,1,1,0,0,0,경북,경주시,차대사람,기타,기타,운전자법규위반,안전운전 의무 불이행,교차로,교차로부근,승용차,중형,보행자,보행자,1154919,1763339,129.2156545,35.85436165
2013,2013-05-09,48,주간,목,1,1,0,0,0,서울,영등포구,차량단독,전도전복,전도전복,운전자법규위반,안전운전 의무 불이행,단일로,기타단일로,자전거,자전거,0,0,948206,1945243,126.9139928,37.50500632
2013,2013-05-08,30,야간,수,1,1,0,0,0,전남,영암군,차량단독,도로이탈,도로이탈 추락,운전자법규위반,안전운전 의무 불이행,단일로,기타단일로,승용차,중형,0,0,925929,1652169,126.6896502,34.86150441
2012,2012-05-16,0,주간,수,1,2,1,0,0,충북,청원군,차대차,추돌,진행중 추돌,운전자법규위반,안전운전 의무 불이행,단일로,기타단일로,화물차,중형,농기계,농기계,1008884,1842926,127.5993088,36.58409623
2012,2012-05-17,13,야간,목,1,1,0,0,0,대구,북구,차대차,측면직각충돌,측면직각충돌,운전자법규위반,안전운전 의무 불이행,단일로,기타단일로,화물차,소형,자전거,자전거,1097608,1767580,128.5816132,35.89997898
2012,2012-02-13,25,야간,월,1,1,0,0,0,충남,아산시,차대사람,횡단중,횡단중,운전자법규위반,신호위반,교차로,교차로내,화물차,소형,보행자,보행자,956320,1870645,127.0101523,36.83301175
2012,2012-12-20,35,주간,목,1,2,1,0,0,전남,해남군,차대차,정면충돌,정면충돌,운전자법규위반,중앙선 침범,단일로,기타단일로,화물차,중형,승용차,소형,910686,1594027,126.5271232,34.33916029