발생년,발생년월일시분,발생분,주야,요일,사망자수,사상자수,중상자수,경상자수,부상신고자수,발생지시도,발생지시군구,사고유형_대분류,사고유형_중분류,사고유형,법규위반_대분류,법규위반,도로형태_대분류,도로형태,당사자종별_1당_대분류,당사자종별_1당,당사자종별_2당_대분류,당사자종별_2당,발생위치X_UTMK,발생위치Y_UTMK,경도,위도
2013,2013-01-12,15,야간,토,2,6,3,1,0,제주,제주시,차대차,기타,기타,운전자법규위반,과속,단일로,기타단일로,승용차,중형,승합차,소형,889654,1495784,126.3095897,33.45187274
2013,2013-01-18,55,야간,금,1,1,0,0,0,경기,평택시,차대차,측면직각충돌,측면직각충돌,운전자법규위반,신호위반,교차로,교차로내,자전거,자전거,건설기계,건설기계,961126,1898030,127.0626381,37.08007636
2013,2013-01-17,40,주간,목,1,1,0,0,0,광주,북구,차대차,측면직각충돌,측면직각충돌,운전자법규위반,중앙선 침범,교차로,교차로부근,이륜차,소형,승용차,중형,944842,1689745,126.8940542,35.20152581
2013,2013-01-23,40,야간,수,1,1,0,0,0,전남,나주시,차대사람,차도통행중,차도통행중,운전자법규위반,안전운전 의무 불이행,단일로,기타단일로,화물차,경형,보행자,보행자,939996,1671688,126.8400257,35.03711486
2013,2013-01-22,10,야간,화,1,1,0,0,0,인천,남구,차대사람,기타,기타,운전자법규위반,안전운전 의무 불이행,교차로,교차로부근,승용차,중형,보행자,보행자,928045,1940816,126.6863383,37.46375499
2013,2013-01-30,35,주간,수,2,3,0,1,0,충남,보령시,차량단독,전도전복,전도전복,운전자법규위반,안전운전 의무 불이행,단일로,기타단일로,승용차,중형,0,0,916466,1815650,126.5768782,36.33174263
2012,2012-01-15,40,야간,일,1,3,2,0,0,경북,성주군,차대차,기타,기타,운전자법규위반,안전운전 의무 불이행,단일로,기타단일로,승용차,중형,승용차,중형,1061597,1764265,128.1823447,35.87302376
2012,2012-01-22,10,야간,일,1,1,0,0,0,제주,제주시,차대사람,횡단중,횡단중,운전자법규위반,보행자 보호의무 위반,단일로,횡단보도상,승합차,대형,보행자,보행자,908570,1502776,126.5155407,33.51297107
2012,2012-01-26,50,야간,목,2,2,0,0,0,충북,청주시,차대사람,보도통행중,보도통행중,운전자법규위반,안전운전 의무 불이행,교차로,교차로부근,승용차,중형,보행자,보행자,997747,1849861,127.4747947,36.64665406
2012,2012-01-18,0,야간,수,1,1,0,0,0,경기,안양시,차대사람,횡단중,횡단중,운전자법규위반,안전운전 의무 불이행,단일로,횡단보도상,승용차,대형,보행자,보행자,951768,1933863,126.9550369,37.4026277
2012,2012-12-30,30,주간,일,1,2,0,1,0,울산,북구,차대차,추돌,주정차중 추돌,운전자법규위반,안전운전 의무 불이행,교차로,교차로부근,화물차,대형,화물차,대형,1167303,1738660,129.3475922,35.62992771
2012,2012-12-03,20,야간,월,1,1,0,0,0,충남,공주시,차대사람,기타,기타,운전자법규위반,안전운전 의무 불이행,단일로,기타단일로,화물차,중형,보행자,보행자,967832,1817755,127.1414632,36.35667725
2012,2012-11-15,50,야간,목,1,1,0,0,0,경기,이천시,차량단독,공작물충돌,공작물충돌,운전자법규위반,안전운전 의무 불이행,단일로,기타단일로,승용차,소형,0,0,1001678,1918840,127.5360175,37.30153438
2012,2012-01-06,25,주간,금,1,1,0,0,0,전북,군산시,차대차,추돌,진행중 추돌,운전자법규위반,안전운전 의무 불이행,단일로,기타단일로,화물차,대형,원동기장치자전거,원동기장치자전거,923844,1772795,126.6554275,35.94916772
2012,2012-05-15,10,주간,화,1,1,0,0,0,전북,완주군,차대차,측면직각충돌,측면직각충돌,운전자법규위반,신호위반,교차로,교차로내,이륜차,소형,승용차,중형,969850,1771639,127.1657239,35.94098083
2012,2012-11-08,40,야간,목,1,1,0,0,0,충남,아산시,차대사람,차도통행중,차도통행중,운전자법규위반,안전운전 의무 불이행,단일로,기타단일로,승합차,대형,보행자,보행자,957880,1865249,127.027945,36.78444077
2012,2012-10-28,13,주간,일,1,1,0,0,0,서울,도봉구,차대사람,횡단중,횡단중,운전자법규위반,안전운전 의무 불이행,단일로,횡단보도상,승합차,대형,보행자,보행자,959694,1963024,127.0429871,37.66584418
2012,2012-10-19,0,야간,금,1,1,0,0,0,경남,사천시,차대차,추돌,진행중 추돌,운전자법규위반,안전운전 의무 불이행,교차로,교차로부근,승용차,소형,화물차,대형,1053154,1676293,128.0830661,35.08034048
2012,2012-11-06,30,야간,화,1,1,0,0,0,충북,충주시,차대차,기타,기타,운전자법규위반,안전운전 의무 불이행,단일로,기타단일로,승용차,중형,자전거,자전거,1023105,1894164,127.7598321,37.04574884
2012,2012-10-27,0,야간,토,1,1,0,0,0,서울,금천구,차대차,추돌,주정차중 추돌,운전자법규위반,안전운전 의무 불이행,단일로,기타단일로,승용차,중형,승합차,대형,944633,1943078,126.8737323,37.48528543
2012,2012-06-19,0,야간,화,1,1,0,0,0,서울,강동구,차대사람,기타,기타,운전자법규위반,안전운전 의무 불이행,단일로,기타단일로,원동기장치자전거,원동기장치자전거,보행자,보행자,966976,1949770,127.1261513,37.54667277
2013,2013-04-19,47,야간,금,1,1,0,0,0,전남,담양군,차대사람,횡단중,횡단중,운전자법규위반,안전운전 의무 불이행,교차로,교차로부근,승용차,중형,보행자,보행자,952819,1701579,126.9810034,35.30863613
2013,2013-04-26,22,야간,금,1,2,1,0,0,서울,강서구,차대차,기타,기타,운전자법규위반,중앙선 침범,단일로,기타단일로,승용차,중형,승용차,중형,938049,1953972,126.7983448,37.58305416
2013,2013-04-25,20,야간,목,1,1,0,0,0,서울,영등포구,차대사람,기타,기타,운전자법규위반,안전운전 의무 불이행,단일로,기타단일로,승용차,중형,보행자,보행자,946729,1944761,126.8973175,37.5005779
2013,2013-04-25,15,야간,목,1,3,2,0,0,경남,거창군,차대차,추돌,진행중 추돌,운전자법규위반,안전운전 의무 불이행,교차로,교차로내,화물차,소형,화물차,소형,1038318,1742828,127.9234523,35.68093506
2013,2013-04-22,56,주간,월,1,1,0,0,0,부산,남구,차대사람,횡단중,횡단중,운전자법규위반,신호위반,단일로,횡단보도상,특수차,대형,보행자,보행자,1143595,1682183,129.0759405,35.12460681
2013,2013-04-22,20,야간,월,1,2,1,0,0,울산,울주군,차대차,기타,기타,운전자법규위반,안전거리 미확보,교차로,교차로내,승용차,소형,원동기장치자전거,원동기장치자전거,1166372,1716267,129.3236621,35.43204022
2013,2013-04-30,20,야간,화,1,2,0,1,0,경북,고령군,차대차,정면충돌,정면충돌,운전자법규위반,중앙선 침범,단일로,기타단일로,승용차,경형,화물차,중형,1067901,1744846,128.2505249,35.69753503
2012,2012-11-06,23,야간,화,1,1,0,0,0,충남,당진시,차대사람,길가장자리구역통행중,길가장자리구역통행중,운전자법규위반,안전운전 의무 불이행,단일로,기타단일로,화물차,중형,보행자,보행자,922467,1871000,126.6303014,36.83410316
2012,2012-05-24,40,야간,목,1,2,1,0,0,경북,김천시,차대차,추돌,진행중 추돌,운전자법규위반,안전운전 의무 불이행,단일로,기타단일로,화물차,대형,화물차,중형,1046291,1797692,128.0147552,36.17522975
2012,2012-10-06,27,주간,토,2,4,2,0,0,울산,울주군,차량단독,공작물충돌,공작물충돌,운전자법규위반,안전운전 의무 불이행,단일로,기타단일로,승용차,중형,0,0,1147643,1731024,129.1291887,35.56420295
2012,2012-11-16,30,주간,금,1,2,1,0,0,경북,칠곡군,차대차,추돌,진행중 추돌,운전자법규위반,신호위반,교차로,교차로내,이륜차,중형,승용차,중형,1081296,1780621,128.4022151,36.01903401
2012,2012-11-19,10,주간,월,1,2,0,1,0,경기,파주시,차대사람,횡단중,횡단중,운전자법규위반,신호위반,단일로,횡단보도상,건설기계,건설기계,보행자,보행자,933018,1969654,126.7398134,37.72423546
2012,2012-11-20,15,주간,화,1,1,0,0,0,경기,용인시,차대차,측면직각충돌,측면직각충돌,운전자법규위반,안전운전 의무 불이행,단일로,기타단일로,승용차,경형,화물차,대형,977191,1924518,127.2425697,37.31936888
2012,2012-11-21,21,주간,수,1,1,0,0,0,경남,거제시,차량단독,전도전복,전도전복,운전자법규위반,안전운전 의무 불이행,기타/불명,기타/불명,이륜차,소형,0,0,1100158,1655567,128.5961126,34.88990424
2012,2012-11-21,40,야간,수,1,1,0,0,0,경남,거제시,차대차,기타,기타,운전자법규위반,안전운전 의무 불이행,기타/불명,기타/불명,자전거,자전거,승용차,소형,1111454,1652083,128.7192467,34.85731654
2012,2012-11-06,10,야간,화,1,3,2,0,0,충남,서산시,차대차,추돌,진행중 추돌,운전자법규위반,안전운전 의무 불이행,단일로,기타단일로,화물차,소형,화물차,소형,898790,1865685,126.3657262,36.7838996
2012,2012-11-02,0,주간,금,1,3,1,1,0,경기,광주시,차대차,추돌,진행중 추돌,운전자법규위반,안전운전 의무 불이행,단일로,기타단일로,승용차,중형,화물차,중형,972806,1927646,127.192965,37.347446
2012,2012-10-30,15,야간,화,1,1,0,0,0,대전,동구,차량단독,공작물충돌,공작물충돌,운전자법규위반,안전운전 의무 불이행,단일로,기타단일로,승용차,중형,0,0,994548,1801718,127.4394227,36.21257295
2012,2012-11-02,40,주간,금,1,1,0,0,0,충남,태안군,차대차,기타,기타,운전자법규위반,안전운전 의무 불이행,교차로,교차로내,원동기장치자전거,원동기장치자전거,화물차,소형,892748,1862048,126.2985374,36.75045517
2012,2012-10-31,13,야간,수,1,1,0,0,0,경기,평택시,차대사람,기타,기타,운전자법규위반,안전운전 의무 불이행,단일로,기타단일로,승용차,중형,보행자,보행자,956567,1887991,127.011927,36.9893841
2012,2012-11-03,27,주간,토,1,1,0,0,0,제주,제주시,차대차,측면직각충돌,측면직각충돌,운전자법규위반,안전운전 의무 불이행,교차로,교차로부근,이륜차,소형,화물차,소형,911523,1502610,126.5473492,33.5117226
2012,2012-11-04,20,주간,일,1,2,0,1,0,경남,창원시(통합),차대차,추돌,진행중 추돌,운전자법규위반,중앙선 침범,단일로,기타단일로,승용차,경형,승합차,대형,1100093,1701584,128.600965,35.30478314
2012,2012-11-03,5,주간,토,1,2,1,0,0,충북,옥천군,차량단독,기타,기타,운전자법규위반,안전운전 의무 불이행,교차로,교차로내,승용차,경형,0,0,1009423,1820902,127.6050655,36.38554037
2012,2012-10-31,0,주간,수,1,1,0,0,0,서울,송파구,차대사람,기타,기타,운전자법규위반,안전운전 의무 불이행,교차로,교차로부근,승용차,대형,보행자,보행자,965478,1943995,127.1094649,37.49456533
2012,2012-11-05,40,주간,월,1,1,0,0,0,경남,김해시,차량단독,전도전복,전도전복,운전자법규위반,안전운전 의무 불이행,교차로,교차로부근,이륜차,소형,0,0,1115179,1699683,128.7672882,35.28493257
2012,2012-11-05,5,주간,월,1,1,0,0,0,전남,완도군,차대차,추돌,진행중 추돌,운전자법규위반,안전거리 미확보,단일로,기타단일로,승용차,중형,농기계,농기계,929779,1592996,126.7356003,34.3291322
2012,2012-10-31,45,야간,수,1,2,0,1,0,충남,예산군,차대차,정면충돌,정면충돌,운전자법규위반,안전운전 의무 불이행,교차로,교차로부근,승용차,중형,화물차,중형,941266,1857598,126.842344,36.71458841
2012,2012-12-29,25,주간,토,1,2,0,1,0,전남,광양시,차대사람,기타,기타,운전자법규위반,안전운전 의무 불이행,단일로,교량위,승용차,중형,보행자,보행자,1007170,1660738,127.5783208,34.94137873
2012,2012-12-29,10,야간,토,1,1,0,0,0,부산,영도구,차대사람,횡단중,횡단중,운전자법규위반,보행자 보호의무 위반,단일로,횡단보도상,승용차,중형,보행자,보행자,1140741,1677189,129.0437792,35.07999405
2012,2012-12-29,40,야간,토,1,1,0,0,0,경북,경주시,차대사람,차도통행중,차도통행중,운전자법규위반,안전운전 의무 불이행,단일로,기타단일로,승합차,대형,보행자,보행자,1155092,1762073,129.2173235,35.84292495
2012,2012-12-30,53,야간,일,1,1,0,0,0,부산,진구,차대사람,기타,기타,운전자법규위반,안전운전 의무 불이행,단일로,횡단보도상,승용차,대형,보행자,보행자,1141521,1688003,129.0541835,35.17736145
2012,2012-12-13,13,야간,목,1,1,0,0,0,인천,강화군,차량단독,도로이탈,도로이탈 기타,운전자법규위반,안전운전 의무 불이행,단일로,기타단일로,승용차,중형,0,0,889571,1978016,126.2457339,37.79517998
2012,2012-12-10,47,야간,월,1,1,0,0,0,전남,장흥군,차대사람,기타,기타,운전자법규위반,안전운전 의무 불이행,단일로,기타단일로,승용차,중형,보행자,보행자,945008,1637104,126.8993518,34.72687129
2012,2012-12-14,0,주간,금,1,1,0,0,0,경북,김천시,차대차,측면직각충돌,측면직각충돌,운전자법규위반,안전운전 의무 불이행,단일로,기타단일로,화물차,소형,승용차,중형,1070965,1785399,128.2880022,36.06291549
2013,2013-03-31,5,야간,일,1,57,45,10,1,전북,무주군,차대차,기타,기타,운전자법규위반,안전운전 의무 불이행,단일로,기타단일로,승합차,대형,승합차,대형,1007192,1780399,127.5798185,36.02039963
2013,2013-05-25,40,야간,토,1,3,0,2,0,전북,무주군,차량단독,공작물충돌,공작물충돌,운전자법규위반,안전운전 의무 불이행,단일로,기타단일로,승용차,중형,0,0,1012625,1776388,127.6400511,35.98418151
2013,2013-11-09,35,야간,토,1,3,1,1,0,경북,영천시,차대차,추돌,주정차중 추돌,운전자법규위반,안전운전 의무 불이행,단일로,기타단일로,승용차,대형,승용차,대형,1126276,1782156,128.9015334,36.02807602
2013,2013-01-06,53,야간,일,1,1,0,0,0,충남,천안시,차대사람,차도통행중,차도통행중,운전자법규위반,과속,고가도로위,고가도로위,승용차,중형,보행자,보행자,966623,1866549,127.1258721,36.79650817
2013,2013-01-03,20,주간,목,1,1,0,0,0,충북,제천시,차대차,추돌,진행중 추돌,운전자법규위반,안전운전 의무 불이행,단일로,기타단일로,승용차,중형,자전거,자전거,1066056,1904065,128.243693,37.13295097
2013,2013-01-18,35,주간,금,1,2,1,0,0,강원,춘천시,차대차,측면직각충돌,측면직각충돌,운전자법규위반,안전운전 의무 불이행,단일로,기타단일로,승용차,중형,특수차,대형,1006650,1982047,127.5755768,37.83816492
2013,2013-01-24,20,주간,목,1,1,0,0,0,경북,상주시,차대차,추돌,진행중 추돌,운전자법규위반,안전운전 의무 불이행,단일로,기타단일로,화물차,소형,이륜차,소형,1059055,1827820,128.1589648,36.4461357
2013,2013-02-02,0,야간,토,1,2,1,0,0,경기,양평군,차량단독,전도전복,전도전복,운전자법규위반,앞지르기 금지위반,단일로,기타단일로,화물차,소형,0,0,1001666,1943655,127.5188463,37.49214469
2013,2013-02-02,37,야간,토,1,2,0,1,0,경북,김천시,차대사람,기타,기타,운전자법규위반,안전운전 의무 불이행,단일로,기타단일로,화물차,소형,보행자,보행자,1058585,1799813,128.1516155,36.19368493
2013,2013-02-01,10,야간,금,1,1,0,0,0,경남,창원시(통합),차대차,추돌,주정차중 추돌,운전자법규위반,안전운전 의무 불이행,단일로,기타단일로,승용차,중형,화물차,중형,1094995,1694068,128.5440287,35.23751985
2013,2013-02-12,0,주간,화,1,1,0,0,0,경기,파주시,차량단독,공작물충돌,공작물충돌,운전자법규위반,안전운전 의무 불이행,단일로,기타단일로,승용차,소형,0,0,932879,1982768,126.7371379,37.84221678
2013,2013-02-07,2,야간,목,1,1,0,0,0,경기,광주시,차대사람,기타,기타,운전자법규위반,안전운전 의무 불이행,단일로,기타단일로,승용차,중형,보행자,보행자,983709,1928489,127.3160464,37.35530012
2013,2013-02-07,50,야간,목,1,1,0,0,0,충남,공주시,차량단독,도로이탈,도로이탈 추락,운전자법규위반,안전운전 의무 불이행,교차로,교차로부근,승용차,소형,0,0,962048,1813256,127.0772168,36.31590708
2013,2013-02-07,57,야간,목,1,1,0,0,0,전남,보성군,차대사람,길가장자리구역통행중,길가장자리구역통행중,운전자법규위반,안전운전 의무 불이행,단일로,기타단일로,화물차,소형,보행자,보행자,986776,1648338,127.3554019,34.83031125
2013,2013-02-19,15,야간,화,1,1,0,0,0,경북,포항시,차량단독,전도전복,전도전복,운전자법규위반,안전운전 의무 불이행,단일로,기타단일로,화물차,소형,0,0,1172528,1788798,129.4161102,36.08082936
2013,2013-02-18,35,야간,월,1,1,0,0,0,경남,합천군,차대사람,기타,기타,운전자법규위반,안전운전 의무 불이행,단일로,기타단일로,승용차,대형,보행자,보행자,1050520,1727275,128.0573181,35.54015787
2013,2013-02-18,25,야간,월,1,2,0,1,0,강원,춘천시,차대차,기타,기타,운전자법규위반,안전운전 의무 불이행,단일로,기타단일로,승용차,중형,자전거,자전거,1021013,1984833,127.7388916,37.86305741
2013,2013-02-17,55,야간,일,1,1,0,0,0,서울,은평구,차대사람,기타,기타,운전자법규위반,안전운전 의무 불이행,교차로,교차로내,승합차,소형,보행자,보행자,946621,1953814,126.8954372,37.58216726
2013,2013-02-14,24,주간,목,1,1,0,0,0,대구,서구,차대사람,횡단중,횡단중,운전자법규위반,안전운전 의무 불이행,단일로,횡단보도상,승용차,중형,보행자,보행자,1096685,1763909,128.5709412,35.86697829
2013,2013-02-14,55,야간,목,1,1,0,0,0,충남,논산시,차대사람,기타,기타,운전자법규위반,안전운전 의무 불이행,단일로,기타단일로,승합차,소형,보행자,보행자,965661,1799016,127.1180898,36.18766388
2013,2013-02-14,36,주간,목,2,3,1,0,0,전북,익산시,차량단독,공작물충돌,공작물충돌,운전자법규위반,안전운전 의무 불이행,단일로,기타단일로,승용차,중형,0,0,960293,1775853,127.0949034,35.97935993
2012,2012-11-18,15,야간,일,1,1,0,0,0,인천,중구,차대사람,횡단중,횡단중,운전자법규위반,과속,단일로,기타단일로,승용차,중형,보행자,보행자,922134,1939502,126.619643,37.45143323
2012,2012-11-17,30,야간,토,1,13,6,6,0,인천,중구,차대차,측면직각충돌,측면직각충돌,운전자법규위반,안전거리 미확보,단일로,기타단일로,승용차,중형,승용차,중형,924126,1941397,126.6419672,37.46867794
2012,2012-11-19,50,주간,월,1,1,0,0,0,강원,횡성군,차대사람,횡단중,횡단중,운전자법규위반,안전운전 의무 불이행,단일로,기타단일로,화물차,소형,보행자,보행자,1034161,1947110,127.8865961,37.52265565
2012,2012-11-14,23,야간,수,1,1,0,0,0,경북,경산시,차대사람,차도통행중,차도통행중,운전자법규위반,안전운전 의무 불이행,단일로,기타단일로,화물차,중형,보행자,보행자,1117971,1765190,128.8188125,35.87168896
2012,2012-11-15,45,주간,목,1,1,0,0,0,경기,용인시,차대차,측면직각충돌,측면직각충돌,운전자법규위반,안전운전 의무 불이행,교차로,교차로부근,화물차,소형,자전거,자전거,971478,1901039,127.1789896,37.10757222
2012,2012-11-20,40,주간,화,1,1,0,0,0,전북,남원시,차대차,정면충돌,정면충돌,운전자법규위반,중앙선 침범,단일로,기타단일로,원동기장치자전거,원동기장치자전거,화물차,소형,982366,1708829,127.320448,35.45109104
2012,2012-11-16,43,주간,금,1,1,0,0,0,전북,군산시,차대차,기타,기타,운전자법규위반,안전운전 의무 불이행,단일로,기타단일로,화물차,소형,이륜차,소형,936190,1772945,126.7924458,35.95113559
2013,2013-04-29,30,야간,월,1,1,0,0,0,전남,나주시,차대사람,횡단중,횡단중,운전자법규위반,안전운전 의무 불이행,단일로,기타단일로,승용차,중형,보행자,보행자,928910,1671478,126.7206141,35.03582047
2013,2013-04-29,2,야간,월,1,1,0,0,0,전남,순천시,차대사람,기타,기타,운전자법규위반,과속,단일로,기타단일로,승용차,중형,보행자,보행자,1002323,1662313,127.5254434,34.95567605
2013,2013-04-29,29,주간,월,1,1,0,0,0,대전,유성구,차대차,측면직각충돌,측면직각충돌,운전자법규위반,신호위반,교차로,교차로내,승합차,대형,승용차,중형,986205,1817243,127.3462522,36.35250036
2013,2013-04-30,20,야간,화,1,1,0,0,0,경기,동두천시,차대차,기타,기타,운전자법규위반,안전운전 의무 불이행,단일로,기타단일로,승용차,중형,승합차,대형,961159,1988608,127.0582274,37.89649515
2013,2013-04-28,24,주간,일,1,1,0,0,0,경기,성남시,차대사람,기타,기타,운전자법규위반,안전운전 의무 불이행,단일로,기타단일로,승합차,대형,보행자,보행자,969831,1937613,127.1589694,37.43719332
2013,2013-05-06,15,주간,월,1,1,0,0,0,경북,김천시,차대사람,기타,기타,운전자법규위반,안전운전 의무 불이행,단일로,기타단일로,화물차,소형,보행자,보행자,1056530,1791568,128.1274401,36.11991009
2013,2013-05-07,54,주간,화,1,1,0,0,0,강원,삼척시,차량단독,공작물충돌,공작물충돌,운전자법규위반,안전운전 의무 불이행,단일로,기타단일로,승용차,중형,0,0,1161341,1920214,129.31974,37.26677147
2013,2013-05-07,30,주간,화,1,2,1,0,0,경남,거제시,차대사람,횡단중,횡단중,운전자법규위반,신호위반,교차로,교차로내,화물차,소형,보행자,보행자,1108803,1652896,128.6903574,34.86493357
2013,2013-05-07,52,주간,화,1,6,0,4,1,서울,구로구,차대차,추돌,주정차중 추돌,운전자법규위반,안전운전 의무 불이행,단일로,기타단일로,화물차,소형,이륜차,소형,942292,1944477,126.8471445,37.49775142
2013,2013-05-04,15,주간,토,1,2,1,0,0,인천,남동구,차량단독,공작물충돌,공작물충돌,운전자법규위반,안전운전 의무 불이행,단일로,기타단일로,승용차,중형,0,0,932753,1933873,126.7402044,37.40153247
2013,2013-05-12,0,야간,일,1,1,0,0,0,전남,신안군,차량단독,전도전복,전도전복,운전자법규위반,안전운전 의무 불이행,단일로,기타단일로,화물차,소형,0,0,886205,1665873,126.2532705,34.98137981
2013,2013-05-12,36,야간,일,1,1,0,0,0,경기,수원시,차대사람,횡단중,횡단중,운전자법규위반,안전운전 의무 불이행,단일로,기타단일로,승용차,중형,보행자,보행자,955863,1919523,127.0021576,37.27357727
2013,2013-05-13,20,주간,월,1,1,0,0,0,경기,수원시,차대차,추돌,주정차중 추돌,운전자법규위반,안전운전 의무 불이행,교차로,교차로부근,승용차,중형,화물차,대형,952550,1922619,126.9645925,37.30132033
2013,2013-05-11,30,야간,토,1,1,0,0,0,경기,안산시,차량단독,도로이탈,도로이탈 기타,운전자법규위반,안전운전 의무 불이행,단일로,기타단일로,이륜차,중형,0,0,948197,1922421,126.9156463,37.2981773
2013,2013-05-11,33,주간,토,1,1,0,0,0,경기,파주시,차대차,기타,기타,운전자법규위반,안전운전 의무 불이행,단일로,기타단일로,이륜차,중형,화물차,소형,937679,1979864,126.7932227,37.81784484
2013,2013-05-09,45,야간,목,1,1,0,0,0,경북,구미시,차대사람,횡단중,횡단중,운전자법규위반,안전운전 의무 불이행,교차로,교차로부근,승용차,소형,보행자,보행자,1076552,1788283,128.3503147,36.08849042
2013,2013-05-10,0,야간,금,2,3,1,0,0,광주,서구,차대차,정면충돌,정면충돌,운전자법규위반,중앙선 침범,단일로,기타단일로,승용차,중형,승용차,중형,943952,1681713,126.8848231,35.12905457
2013,2013-05-10,25,주간,금,1,5,2,2,0,충남,부여군,차대차,측면직각충돌,측면직각충돌,운전자법규위반,직진 및 우회전차의 통행방해,교차로,교차로내,승용차,소형,화물차,소형,946524,1808531,126.9046112,36.27257446
2013,2013-05-10,20,주간,금,2,5,3,0,0,전북,장수군,차량단독,공작물충돌,공작물충돌,운전자법규위반,안전운전 의무 불이행,기타/불명,기타/불명,화물차,소형,0,0,1001744,1744807,127.5192222,35.69953068
2013,2013-05-10,50,주간,금,1,1,0,0,0,전남,여수시,차량단독,공작물충돌,공작물충돌,운전자법규위반,안전운전 의무 불이행,단일로,기타단일로,승용차,중형,0,0,1008396,1651743,127.5918535,34.86032822
2012,2012-12-07,43,주간,금,1,1,0,0,0,경기,화성시,차량단독,전도전복,전도전복,운전자법규위반,안전운전 의무 불이행,기타/불명,기타/불명,건설기계,건설기계,0,0,941531,1904663,126.8416732,37.13884622
2012,2012-11-01,28,야간,목,1,1,0,0,0,전북,고창군,차대사람,횡단중,횡단중,운전자법규위반,안전운전 의무 불이행,교차로,교차로부근,화물차,소형,보행자,보행자,926710,1716053,126.6925233,35.43756006
2012,2012-05-22,37,주간,화,1,1,0,0,0,서울,서대문구,차대사람,기타,기타,운전자법규위반,안전운전 의무 불이행,단일로,기타단일로,승용차,소형,보행자,보행자,950258,1950875,126.9368269,37.55588147
2012,2012-11-10,10,야간,토,1,1,0,0,0,경기,이천시,차대사람,횡단중,횡단중,운전자법규위반,안전운전 의무 불이행,단일로,기타단일로,승용차,대형,보행자,보행자,994529,1906232,127.4383864,37.15480163
2012,2012-11-14,17,야간,수,1,1,0,0,0,서울,금천구,차대사람,횡단중,횡단중,운전자법규위반,안전운전 의무 불이행,단일로,기타단일로,승용차,소형,보행자,보행자,946820,1941868,126.898556,37.47450799
2012,2012-11-17,0,야간,토,1,1,0,0,0,충남,천안시,차량단독,기타,기타,운전자법규위반,안전운전 의무 불이행,교차로,교차로내,승용차,중형,0,0,965876,1870880,127.1173047,36.83552337
2012,2012-11-18,35,야간,일,1,1,0,0,0,경기,가평군,차대사람,횡단중,횡단중,운전자법규위반,안전운전 의무 불이행,단일로,횡단보도상,승용차,경형,보행자,보행자,992823,1970967,127.4185435,37.73829449
2012,2012-11-18,35,야간,일,1,1,0,0,0,전북,전주시,차대사람,횡단중,횡단중,운전자법규위반,안전운전 의무 불이행,교차로,교차로내,승용차,중형,보행자,보행자,966007,1759955,127.1236158,35.83551264
2012,2012-11-14,48,야간,수,1,1,0,0,0,서울,강남구,차대사람,기타,기타,운전자법규위반,안전운전 의무 불이행,단일로,기타단일로,승합차,대형,보행자,보행자,958683,1943241,127.03264,37.48749013
2012,2012-11-18,25,야간,일,1,1,0,0,0,서울,구로구,차대사람,횡단중,횡단중,운전자법규위반,신호위반,교차로,교차로내,승합차,대형,보행자,보행자,940910,1943790,126.831566,37.49147202
2012,2012-11-05,30,주간,월,1,1,0,0,0,대전,동구,차대사람,횡단중,횡단중,운전자법규위반,안전운전 의무 불이행,단일로,기타단일로,승용차,중형,보행자,보행자,993388,1815910,127.4263193,36.340559
2013,2013-11-04,30,야간,월,1,2,0,1,0,경기,용인시,차대차,추돌,주정차중 추돌,운전자법규위반,안전운전 의무 불이행,단일로,기타단일로,화물차,대형,화물차,대형,981583,1915010,127.2923746,37.23376171
2013,2013-11-03,0,주간,일,1,6,2,3,0,경북,포항시,차대차,기타,기타,운전자법규위반,안전운전 의무 불이행,교차로,교차로내,화물차,소형,승용차,중형,1154000,1786973,129.210068,36.06749582
2013,2013-11-02,10,주간,토,1,1,0,0,0,충남,부여군,차량단독,전도전복,전도전복,운전자법규위반,안전운전 의무 불이행,단일로,기타단일로,원동기장치자전거,원동기장치자전거,0,0,947871,1809462,126.922361,36.28579692
2013,2013-11-11,16,주간,월,1,1,0,0,0,경북,봉화군,차량단독,공작물충돌,공작물충돌,운전자법규위반,안전운전 의무 불이행,단일로,기타단일로,승용차,소형,0,0,1111779,1879134,128.7546765,36.90392047
2013,2013-11-08,2,야간,금,1,1,0,0,0,강원,속초시,차대사람,횡단중,횡단중,운전자법규위반,안전운전 의무 불이행,교차로,교차로내,승용차,중형,보행자,보행자,1095888,2021636,128.5949654,38.18989399
2013,2013-11-07,25,주간,목,1,1,0,0,0,전북,전주시,차대차,기타,기타,운전자법규위반,신호위반,교차로,교차로내,이륜차,소형,승용차,중형,968751,1759054,127.1540332,35.8274805
2013,2013-11-14,35,주간,목,1,2,1,0,0,전남,보성군,차량단독,도로이탈,도로이탈 기타,운전자법규위반,안전운전 의무 불이행,단일로,기타단일로,화물차,소형,0,0,965205,1654096,127.1192433,34.88098518
2013,2013-11-14,20,주간,목,1,1,0,0,0,강원,홍천군,차대사람,기타,기타,운전자법규위반,과속,단일로,횡단보도상,화물차,소형,보행자,보행자,1032295,1964649,127.8662534,37.68080762
2013,2013-11-13,15,주간,수,1,1,0,0,0,경기,여주시,차대차,정면충돌,정면충돌,운전자법규위반,중앙선 침범,단일로,기타단일로,화물차,소형,화물차,대형,1009073,1918763,127.6023311,37.26772921