발생년,발생년월일시분,발생분,주야,요일,사망자수,사상자수,중상자수,경상자수,부상신고자수,발생지시도,발생지시군구,사고유형_대분류,사고유형_중분류,사고유형,법규위반_대분류,법규위반,도로형태_대분류,도로형태,당사자종별_1당_대분류,당사자종별_1당,당사자종별_2당_대분류,당사자종별_2당,발생위치X_UTMK,발생위치Y_UTMK,경도,위도
2012,2012-08-13,40,야간,월,1,1,0,0,0,부산,해운대구,차대사람,횡단중,횡단중,운전자법규위반,과속,단일로,기타단일로,승용차,중형,보행자,보행자,1149356,1687352,129.140079,35.17035922
2012,2012-08-13,10,야간,월,1,1,0,0,0,경기,하남시,차대차,측면직각충돌,측면직각충돌,운전자법규위반,교차로 통행방법 위반,교차로,교차로내,승합차,대형,이륜차,소형,973925,1949737,127.2077729,37.54933664
2012,2012-08-12,40,주간,일,1,5,1,3,0,충북,음성군,차대차,기타,기타,운전자법규위반,안전운전 의무 불이행,단일로,기타단일로,승용차,중형,승용차,경형,1000921,1891880,127.5103546,37.02544407
2012,2012-08-12,30,야간,일,1,1,0,0,0,전남,나주시,차량단독,도로이탈,도로이탈 기타,운전자법규위반,안전운전 의무 불이행,단일로,기타단일로,승용차,중형,0,0,937306,1671951,126.8126205,35.0406417
2012,2012-08-17,30,주간,금,1,1,0,0,0,경북,구미시,차대차,측면직각충돌,측면직각충돌,운전자법규위반,안전운전 의무 불이행,단일로,기타단일로,이륜차,중형,승용차,소형,1078467,1792344,128.3719882,36.12494646
2012,2012-08-24,0,주간,금,1,1,0,0,0,전북,전주시,차대사람,보도통행중,보도통행중,운전자법규위반,보행자 보호의무 위반,교차로,교차로내,승용차,중형,보행자,보행자,968532,1758230,127.1523815,35.82033494
2012,2012-08-22,43,주간,수,1,1,0,0,0,강원,평창군,차량단독,전도전복,전도전복,운전자법규위반,안전운전 의무 불이행,단일로,기타단일로,농기계,농기계,0,0,1084350,1941857,128.4539262,37.47208883
2012,2012-08-21,5,주간,화,1,1,0,0,0,서울,동대문구,차대차,기타,기타,운전자법규위반,중앙선 침범,교차로,교차로부근,이륜차,소형,승용차,중형,959229,1953281,127.0366491,37.57817312
2012,2012-08-27,10,야간,월,1,2,1,0,0,경기,안산시,차대차,기타,기타,운전자법규위반,중앙선 침범,단일로,기타단일로,승용차,중형,화물차,경형,937834,1924692,126.7983792,37.31913722
2012,2012-08-25,4,야간,토,1,1,0,0,0,서울,광진구,차대차,추돌,주정차중 추돌,운전자법규위반,안전운전 의무 불이행,단일로,기타단일로,이륜차,중형,화물차,대형,962370,1948352,127.0740829,37.53371524
2012,2012-09-01,0,야간,토,1,1,0,0,0,충남,태안군,차대차,측면직각충돌,측면직각충돌,운전자법규위반,안전운전 의무 불이행,단일로,기타단일로,승합차,소형,이륜차,소형,882016,1856075,126.1805414,36.69794159
2012,2012-09-01,55,주간,토,1,1,0,0,0,경기,화성시,차대차,측면직각충돌,측면직각충돌,운전자법규위반,기타(운전자법규위반),단일로,기타단일로,건설기계,건설기계,승합차,대형,959181,1912369,127.0399739,37.20924423
2012,2012-08-29,55,야간,수,1,2,1,0,0,서울,노원구,차대사람,기타,기타,운전자법규위반,안전운전 의무 불이행,단일로,기타단일로,승용차,대형,보행자,보행자,962467,1957953,127.0746889,37.62025589
2012,2012-08-29,10,주간,수,1,1,0,0,0,전남,나주시,차대차,측면직각충돌,측면직각충돌,운전자법규위반,교차로 통행방법 위반,교차로,교차로내,승용차,중형,원동기장치자전거,원동기장치자전거,928777,1671273,126.7191737,35.0339627
2012,2012-09-07,30,야간,금,1,1,0,0,0,경기,파주시,차대차,측면직각충돌,측면직각충돌,운전자법규위반,안전운전 의무 불이행,단일로,기타단일로,원동기장치자전거,원동기장치자전거,화물차,대형,935257,1972993,126.7650363,37.7542919
2013,2013-05-28,43,야간,화,1,3,0,2,0,경기,평택시,차대차,추돌,주정차중 추돌,운전자법규위반,안전운전 의무 불이행,단일로,기타단일로,승용차,중형,승용차,중형,946183,1895081,126.8947367,37.05275551
2013,2013-01-20,18,야간,일,1,2,1,0,0,전북,무주군,차대차,기타,기타,운전자법규위반,과속,단일로,기타단일로,승용차,대형,화물차,소형,1007926,1778448,127.5877896,36.0026958
2013,2013-03-14,0,주간,목,1,1,0,0,0,전북,장수군,차대차,기타,기타,운전자법규위반,안전운전 의무 불이행,단일로,기타단일로,화물차,경형,건설기계,건설기계,1010965,1746045,127.6212195,35.71062445
2013,2013-01-02,50,야간,수,1,1,0,0,0,전북,익산시,차대사람,횡단중,횡단중,운전자법규위반,안전운전 의무 불이행,단일로,기타단일로,화물차,대형,보행자,보행자,964750,1776072,127.1089838,35.98077706
2013,2013-11-26,0,주간,화,1,1,0,0,0,경북,경주시,차량단독,공작물충돌,공작물충돌,운전자법규위반,안전운전 의무 불이행,단일로,기타단일로,화물차,대형,0,0,1153191,1752516,129.1944517,35.75709347
2013,2013-11-10,30,주간,일,1,43,14,28,0,충남,천안시,차대차,추돌,진행중 추돌,운전자법규위반,안전운전 의무 불이행,단일로,기타단일로,승합차,대형,승합차,대형,970483,1866208,127.1691519,36.79356242
2013,2013-01-16,40,야간,수,1,1,0,0,0,경기,시흥시,차대사람,기타,기타,운전자법규위반,안전운전 의무 불이행,단일로,교량위,승용차,중형,보행자,보행자,944164,1930636,126.8658255,37.36059391
2012,2012-11-29,45,주간,목,1,1,0,0,0,강원,강릉시,차대사람,횡단중,횡단중,운전자법규위반,안전운전 의무 불이행,단일로,기타단일로,승용차,소형,보행자,보행자,1123488,1974751,128.9019973,37.76408834
2012,2012-11-23,0,야간,금,1,1,0,0,0,부산,영도구,차대사람,횡단중,횡단중,운전자법규위반,안전운전 의무 불이행,단일로,횡단보도상,승용차,중형,보행자,보행자,1140525,1677811,129.0407786,35.08607307
2012,2012-11-28,30,야간,수,1,2,0,1,0,서울,종로구,차대사람,횡단중,횡단중,운전자법규위반,안전운전 의무 불이행,단일로,기타단일로,승용차,대형,보행자,보행자,954102,1952439,126.9802486,37.57017767
2012,2012-11-29,30,주간,목,1,2,0,1,0,충북,증평군,차대차,측면직각충돌,측면직각충돌,운전자법규위반,신호위반,교차로,교차로내,승용차,경형,화물차,중형,1010227,1870221,127.6146864,36.8301433
2012,2012-11-24,0,야간,토,1,1,0,0,0,경북,구미시,차대차,측면직각충돌,측면직각충돌,운전자법규위반,신호위반,교차로,교차로내,이륜차,소형,화물차,소형,1073541,1795246,128.3175231,36.15149341
2012,2012-11-26,0,주간,월,1,1,0,0,0,충북,청원군,차량단독,기타,기타,운전자법규위반,안전운전 의무 불이행,단일로,기타단일로,자전거,자전거,0,0,983579,1844945,127.3163969,36.60219756
2012,2012-11-08,18,주간,목,1,1,0,0,0,충북,청원군,차량단독,전도전복,전도전복,운전자법규위반,안전운전 의무 불이행,단일로,기타단일로,승용차,소형,0,0,1002582,1856718,127.5326271,36.7104959
2012,2012-11-08,37,야간,목,2,2,0,0,0,제주,제주시,차량단독,공작물충돌,공작물충돌,운전자법규위반,안전운전 의무 불이행,교차로,교차로내,승용차,소형,0,0,913404,1498720,126.567976,33.47679487
2012,2012-11-11,0,야간,일,1,1,0,0,0,경기,용인시,차량단독,전도전복,전도전복,운전자법규위반,안전운전 의무 불이행,단일로,교량위,농기계,농기계,0,0,986867,1907413,127.3520776,37.16537108
2012,2012-11-12,50,야간,월,1,1,0,0,0,경기,포천시,차대사람,보도통행중,보도통행중,운전자법규위반,안전운전 의무 불이행,교차로,교차로부근,승용차,중형,보행자,보행자,970389,1983384,127.1634206,37.84975874
2012,2012-11-11,0,주간,일,1,1,0,0,0,경기,의정부시,차대사람,기타,기타,운전자법규위반,안전운전 의무 불이행,단일로,기타단일로,승용차,중형,보행자,보행자,959768,1970593,127.0433602,37.73444576
2012,2012-11-09,50,야간,금,1,1,0,0,0,전북,완주군,차대차,기타,기타,운전자법규위반,과속,단일로,기타단일로,승용차,중형,농기계,농기계,975305,1761849,127.2265071,35.85286741
2012,2012-11-09,5,야간,금,1,1,0,0,0,경북,포항시,차대차,추돌,주정차중 추돌,운전자법규위반,안전운전 의무 불이행,단일로,기타단일로,승용차,중형,특수차,대형,1172246,1776476,129.4102967,35.9698474
2012,2012-11-08,30,야간,목,1,1,0,0,0,제주,서귀포시,차량단독,공작물충돌,공작물충돌,운전자법규위반,안전운전 의무 불이행,교차로,교차로부근,승용차,중형,0,0,884364,1471446,126.2589728,33.22810101
2012,2012-11-09,30,주간,금,1,1,0,0,0,경북,고령군,차대사람,길가장자리구역통행중,길가장자리구역통행중,운전자법규위반,안전운전 의무 불이행,단일로,기타단일로,특수차,대형,보행자,보행자,1062280,1752998,128.1890317,35.77140227
2012,2012-11-09,42,주간,금,1,1,0,0,0,전남,고흥군,차대차,측면직각충돌,측면직각충돌,운전자법규위반,중앙선 침범,단일로,기타단일로,화물차,소형,원동기장치자전거,원동기장치자전거,968993,1615198,127.3355285,34.57769552
2012,2012-11-08,27,야간,목,1,1,0,0,0,전북,완주군,차대사람,차도통행중,차도통행중,운전자법규위반,안전운전 의무 불이행,단일로,기타단일로,승용차,경형,보행자,보행자,975708,1762091,127.2309628,35.85505937
2012,2012-09-24,30,주간,월,1,1,0,0,0,경기,수원시,차대차,기타,기타,운전자법규위반,안전운전 의무 불이행,단일로,횡단보도상,건설기계,건설기계,자전거,자전거,953036,1921453,126.9701498,37.29083516
2012,2012-09-25,51,야간,화,1,1,0,0,0,대구,달서구,차량단독,공작물충돌,공작물충돌,운전자법규위반,안전운전 의무 불이행,교차로,교차로내,승용차,중형,0,0,1088050,1761048,128.4749919,35.84200131
2012,2012-10-28,30,야간,일,1,2,0,1,0,경기,안성시,차량단독,도로이탈,도로이탈 추락,운전자법규위반,안전운전 의무 불이행,단일로,기타단일로,승용차,중형,0,0,978709,1881095,127.2609364,36.92798295
2012,2012-10-24,5,주간,수,1,1,0,0,0,경북,경주시,차대차,측면직각충돌,측면직각충돌,운전자법규위반,안전운전 의무 불이행,단일로,기타단일로,농기계,농기계,원동기장치자전거,원동기장치자전거,1155138,1781086,129.226889,35.99020657
2012,2012-10-24,2,야간,수,1,1,0,0,0,인천,남동구,차대사람,횡단중,횡단중,운전자법규위반,안전운전 의무 불이행,단일로,기타단일로,승합차,대형,보행자,보행자,930967,1940005,126.7194532,37.45666842
2012,2012-10-28,9,주간,일,1,1,0,0,0,전남,영광군,차대차,정면충돌,정면충돌,운전자법규위반,중앙선 침범,단일로,기타단일로,이륜차,소형,승용차,중형,904009,1708132,126.4433795,35.36421834
2012,2012-10-29,59,야간,월,1,1,0,0,0,서울,성북구,차대사람,차도통행중,차도통행중,운전자법규위반,신호위반,교차로,교차로내,승용차,중형,보행자,보행자,956632,1954406,127.008781,37.58802932
2012,2012-10-29,30,주간,월,1,1,0,0,0,울산,북구,차량단독,전도전복,전도전복,운전자법규위반,안전운전 의무 불이행,단일로,기타단일로,이륜차,중형,0,0,1170095,1731060,129.3768107,35.56096205
2012,2012-10-25,50,야간,목,1,2,1,0,0,경기,화성시,차대차,추돌,진행중 추돌,운전자법규위반,안전운전 의무 불이행,단일로,기타단일로,화물차,중형,화물차,대형,946005,1905601,126.8917977,37.14752414
2012,2012-10-22,10,야간,월,1,2,1,0,0,경북,포항시,차량단독,공작물충돌,공작물충돌,운전자법규위반,안전운전 의무 불이행,기타/불명,기타/불명,화물차,소형,0,0,1169090,1785582,129.3772573,36.05245432
2012,2012-10-26,0,주간,금,1,1,0,0,0,경북,김천시,차대차,측면직각충돌,측면직각충돌,운전자법규위반,안전운전 의무 불이행,단일로,기타단일로,화물차,소형,자전거,자전거,1053446,1792434,128.0939575,36.12745916
2012,2012-10-22,35,주간,월,1,1,0,0,0,대구,동구,차량단독,도로이탈,도로이탈 추락,운전자법규위반,안전운전 의무 불이행,단일로,기타단일로,승용차,중형,0,0,1105433,1777486,128.6696232,35.98846093
2012,2012-10-12,2,야간,금,1,3,2,0,0,경기,용인시,차대차,추돌,진행중 추돌,운전자법규위반,안전운전 의무 불이행,단일로,기타단일로,승용차,중형,이륜차,소형,972157,1915378,127.1860973,37.23684487
2012,2012-10-12,20,야간,금,1,1,0,0,0,인천,부평구,차대사람,기타,기타,운전자법규위반,안전운전 의무 불이행,단일로,기타단일로,승용차,중형,보행자,보행자,929684,1946684,126.704349,37.51730939
2012,2012-10-09,30,주간,화,2,3,0,0,1,충북,괴산군,차대차,측면직각충돌,측면직각충돌,운전자법규위반,안전운전 의무 불이행,단일로,기타단일로,승용차,대형,농기계,농기계,1027130,1877588,127.8537076,36.87260006
2012,2012-10-05,15,야간,금,1,1,0,0,0,경북,안동시,차대사람,횡단중,횡단중,운전자법규위반,안전운전 의무 불이행,단일로,기타단일로,승용차,대형,보행자,보행자,1129475,1847244,128.9176209,36.56806344
2012,2012-10-10,15,주간,수,1,1,0,0,0,충남,아산시,차대차,측면직각충돌,측면직각충돌,운전자법규위반,기타(운전자법규위반),교차로,교차로내,승용차,소형,원동기장치자전거,원동기장치자전거,962419,1863472,127.0789016,36.76861295
2012,2012-10-10,0,주간,수,1,1,0,0,0,인천,남동구,차대차,추돌,진행중 추돌,운전자법규위반,안전운전 의무 불이행,단일로,기타단일로,승용차,중형,자전거,자전거,932527,1935875,126.7374683,37.41956007
2012,2012-10-15,10,주간,월,1,1,0,0,0,충남,청양군,차대차,추돌,진행중 추돌,운전자법규위반,안전운전 의무 불이행,단일로,기타단일로,승용차,대형,이륜차,소형,940296,1833630,126.8473025,36.5290814
2012,2012-10-15,55,주간,월,1,1,0,0,0,서울,은평구,차대사람,횡단중,횡단중,운전자법규위반,안전운전 의무 불이행,단일로,기타단일로,승합차,대형,보행자,보행자,949487,1957216,126.9276607,37.61299149
2012,2012-10-15,25,주간,월,1,2,1,0,0,경기,부천시,차대차,측면직각충돌,측면직각충돌,운전자법규위반,신호위반,교차로,교차로내,이륜차,소형,승용차,중형,937224,1948311,126.7894862,37.53197632
2012,2012-10-15,35,야간,월,1,3,2,0,0,경북,영덕군,차대차,정면충돌,정면충돌,운전자법규위반,중앙선 침범,단일로,기타단일로,화물차,중형,화물차,중형,1163222,1827271,129.3208359,36.42917179
2012,2012-08-30,56,주간,목,1,1,0,0,0,경기,남양주시,차대차,기타,기타,운전자법규위반,안전운전 의무 불이행,교차로,교차로부근,원동기장치자전거,원동기장치자전거,승합차,대형,968289,1960871,127.1405338,37.64677599
2012,2012-08-31,10,주간,금,1,1,0,0,0,경기,성남시,차대차,추돌,진행중 추돌,운전자법규위반,차로위반(진로변경 위반),단일로,기타단일로,자전거,자전거,화물차,소형,966393,1938036,127.1200877,37.44088755
2012,2012-08-31,20,야간,금,2,5,2,1,0,경기,시흥시,차량단독,공작물충돌,공작물충돌,운전자법규위반,안전운전 의무 불이행,단일로,기타단일로,승용차,중형,0,0,928138,1926448,126.688787,37.33426468
2012,2012-09-07,25,야간,금,1,1,0,0,0,전북,군산시,차대사람,기타,기타,운전자법규위반,안전운전 의무 불이행,교차로,교차로내,승용차,중형,보행자,보행자,928192,1776154,126.7032431,35.97962522
2012,2012-11-30,55,야간,금,1,1,0,0,0,경남,거제시,차대사람,기타,기타,운전자법규위반,안전운전 의무 불이행,교차로,교차로내,화물차,소형,보행자,보행자,1099213,1651164,128.5852505,34.85029955
2012,2012-12-04,30,주간,화,1,1,0,0,0,전남,나주시,차량단독,전도전복,전도전복,운전자법규위반,안전운전 의무 불이행,단일로,교량위,승용차,중형,0,0,927537,1666351,126.7060096,34.98949498
2012,2012-12-01,0,주간,토,1,3,2,0,0,경남,통영시,차량단독,도로이탈,도로이탈 추락,운전자법규위반,안전운전 의무 불이행,단일로,기타단일로,승용차,중형,0,0,1069616,1628040,128.2596203,34.64424793
2012,2012-12-01,15,주간,토,1,1,0,0,0,경남,진주시,차대사람,횡단중,횡단중,운전자법규위반,안전운전 의무 불이행,단일로,기타단일로,승합차,대형,보행자,보행자,1054622,1687539,128.0999116,35.18166438
2012,2012-12-01,5,야간,토,1,13,1,11,0,충남,예산군,차대차,추돌,주정차중 추돌,운전자법규위반,안전거리 미확보,교차로,교차로부근,화물차,소형,화물차,소형,936584,1854842,126.7901507,36.68944414
2013,2013-08-05,21,주간,월,1,1,0,0,0,경남,김해시,차량단독,기타,기타,운전자법규위반,안전운전 의무 불이행,단일로,기타단일로,화물차,소형,0,0,1121722,1687626,128.8370213,35.17623001
2013,2013-06-23,44,주간,일,1,1,0,0,0,울산,울주군,차량단독,전도전복,전도전복,운전자법규위반,안전운전 의무 불이행,단일로,기타단일로,화물차,중형,0,0,1147368,1730285,129.1259994,35.55761968
2013,2013-09-24,33,야간,화,1,1,0,0,0,경북,구미시,차량단독,공작물충돌,공작물충돌,운전자법규위반,안전운전 의무 불이행,단일로,기타단일로,화물차,대형,0,0,1078602,1786218,128.3728773,36.06971119
2013,2013-08-27,40,야간,화,2,2,0,0,0,경북,문경시,차대차,추돌,진행중 추돌,운전자법규위반,안전운전 의무 불이행,단일로,기타단일로,화물차,소형,화물차,중형,1057746,1849454,128.1459797,36.6412362
2013,2013-06-23,39,주간,일,1,5,4,0,0,경남,양산시,차대차,기타,기타,운전자법규위반,안전운전 의무 불이행,단일로,기타단일로,승용차,소형,특수차,중형,1139994,1705508,129.0404025,35.33536196
2013,2013-06-29,45,주간,토,2,4,2,0,0,경남,김해시,차대차,기타,기타,운전자법규위반,안전운전 의무 불이행,단일로,기타단일로,화물차,중형,승용차,소형,1110806,1698828,128.7184068,35.27880786
2012,2012-12-14,50,주간,금,1,1,0,0,0,서울,양천구,차대사람,횡단중,횡단중,운전자법규위반,안전운전 의무 불이행,단일로,기타단일로,승합차,대형,보행자,보행자,943805,1949182,126.8639004,37.54025132
2012,2012-12-28,5,주간,금,1,2,0,1,0,충북,진천군,차대차,정면충돌,정면충돌,운전자법규위반,중앙선 침범,단일로,기타단일로,승용차,소형,승합차,대형,984728,1876979,127.3286028,36.89099595
2012,2012-09-07,9,주간,금,1,1,0,0,0,서울,강남구,차대사람,기타,기타,운전자법규위반,안전운전 의무 불이행,교차로,교차로내,승용차,중형,보행자,보행자,958998,1947513,127.035466,37.52613347
2012,2012-08-18,20,야간,토,1,2,1,0,0,대전,중구,차량단독,기타,기타,운전자법규위반,안전운전 의무 불이행,교차로,교차로부근,원동기장치자전거,원동기장치자전거,0,0,990784,1812446,127.3967751,36.30887488
2012,2012-05-12,45,주간,토,1,1,0,0,0,울산,남구,차대차,측면직각충돌,측면직각충돌,운전자법규위반,안전운전 의무 불이행,단일로,기타단일로,이륜차,중형,승용차,대형,1160314,1727583,129.2682472,35.53125777
2012,2012-11-23,20,야간,금,1,1,0,0,0,경북,의성군,차대사람,기타,기타,운전자법규위반,안전운전 의무 불이행,교차로,교차로내,화물차,소형,보행자,보행자,1119409,1821812,128.8313769,36.38637002
2012,2012-11-07,20,주간,수,1,1,0,0,0,강원,홍천군,차량단독,공작물충돌,공작물충돌,운전자법규위반,안전운전 의무 불이행,기타/불명,기타/불명,승합차,경형,0,0,1037049,1974146,127.9206505,37.7662251
2012,2012-09-27,40,야간,목,2,2,0,0,0,경기,김포시,차대사람,횡단중,횡단중,운전자법규위반,신호위반,단일로,횡단보도상,화물차,중형,보행자,보행자,926759,1962002,126.6696814,37.65459554
2012,2012-09-28,14,야간,금,1,1,0,0,0,인천,중구,차대차,측면직각충돌,측면직각충돌,운전자법규위반,교차로 통행방법 위반,교차로,교차로내,승합차,대형,화물차,소형,922681,1938845,126.6258956,37.4455578
2012,2012-11-11,35,주간,일,1,1,0,0,0,서울,관악구,차량단독,전도전복,전도전복,운전자법규위반,안전운전 의무 불이행,단일로,기타단일로,화물차,소형,0,0,952774,1942019,126.9668684,37.47567424
2012,2012-07-20,37,야간,금,1,1,0,0,0,전북,김제시,차량단독,공작물충돌,공작물충돌,운전자법규위반,안전운전 의무 불이행,단일로,기타단일로,승용차,소형,0,0,954053,1757777,126.9913856,35.81538872
2013,2013-04-26,0,주간,금,1,2,0,1,0,전남,해남군,차대차,측면직각충돌,측면직각충돌,운전자법규위반,직진 및 우회전차의 통행방해,교차로,교차로내,건설기계,건설기계,승용차,중형,924497,1620242,126.6721683,34.58100482
2013,2013-04-28,56,야간,일,1,1,0,0,0,광주,서구,차대사람,기타,기타,운전자법규위반,안전운전 의무 불이행,교차로,교차로부근,승용차,중형,보행자,보행자,942595,1684212,126.8697559,35.15151075
2013,2013-04-26,50,야간,금,1,3,1,1,0,인천,서구,차대차,정면충돌,정면충돌,운전자법규위반,중앙선 침범,교차로,교차로부근,승용차,중형,화물차,소형,923749,1958019,126.635977,37.61845392
2013,2013-04-23,50,야간,화,1,1,0,0,0,경북,영천시,차대차,측면직각충돌,측면직각충돌,운전자법규위반,교차로 통행방법 위반,교차로,교차로내,승용차,대형,이륜차,소형,1129516,1775029,128.9363187,35.96341397
2013,2013-04-23,25,야간,화,1,1,0,0,0,경북,청도군,차대차,기타,기타,운전자법규위반,안전운전 의무 불이행,단일로,기타단일로,화물차,중형,자전거,자전거,1113422,1738956,128.7527291,35.6402351
2013,2013-04-27,10,야간,토,1,1,0,0,0,경기,수원시,차대사람,차도통행중,차도통행중,운전자법규위반,안전운전 의무 불이행,교차로,교차로내,승용차,경형,보행자,보행자,953873,1919828,126.9850351,37.27378616
2013,2013-04-29,0,야간,월,1,1,0,0,0,경북,경주시,차대사람,기타,기타,운전자법규위반,안전운전 의무 불이행,단일로,기타단일로,승용차,중형,보행자,보행자,1161041,1761196,129.2829914,35.83406232
2013,2013-05-05,0,주간,일,1,2,1,0,0,경기,화성시,차량단독,전도전복,전도전복,운전자법규위반,안전운전 의무 불이행,교차로,교차로내,승용차,중형,0,0,958086,1913682,127.0275599,37.22103078
2013,2013-05-05,50,야간,일,1,1,0,0,0,부산,연제구,차대차,기타,기타,운전자법규위반,부당한 회전,단일로,횡단보도상,원동기장치자전거,원동기장치자전거,승용차,중형,1142657,1689652,129.0669402,35.19206448
2013,2013-05-11,59,야간,토,1,1,0,0,0,서울,양천구,차량단독,공작물충돌,공작물충돌,운전자법규위반,안전운전 의무 불이행,단일로,기타단일로,이륜차,소형,0,0,944782,1946706,126.8751451,37.51799398
2013,2013-05-17,10,주간,금,1,1,0,0,0,경기,광주시,차량단독,전도전복,전도전복,운전자법규위반,안전운전 의무 불이행,교차로,교차로내,농기계,농기계,0,0,984118,1920170,127.3208428,37.28032057
2013,2013-05-17,50,주간,금,1,1,0,0,0,경기,김포시,차대차,측면직각충돌,측면직각충돌,운전자법규위반,안전거리 미확보,단일로,기타단일로,이륜차,중형,승합차,대형,933361,1956705,126.7444361,37.60757373
2013,2013-05-16,40,야간,목,1,2,0,1,0,경기,수원시,차대차,측면직각충돌,측면직각충돌,운전자법규위반,신호위반,교차로,교차로내,이륜차,소형,승용차,대형,959455,1917883,127.0427617,37.25895819
2013,2013-05-15,45,야간,수,1,1,0,0,0,전남,고흥군,차량단독,도로이탈,도로이탈 추락,운전자법규위반,안전운전 의무 불이행,단일로,기타단일로,화물차,소형,0,0,972032,1620397,127.1950672,34.5773082
2013,2013-05-16,35,주간,목,1,2,0,1,0,전남,영광군,차대사람,차도통행중,차도통행중,운전자법규위반,안전운전 의무 불이행,단일로,기타단일로,이륜차,소형,보행자,보행자,909102,1698448,126.5005079,35.27738854
2013,2013-05-17,42,주간,금,1,1,0,0,0,충북,청주시,차대사람,기타,기타,운전자법규위반,안전운전 의무 불이행,교차로,교차로내,화물차,중형,보행자,보행자,997537,1846572,127.4724559,36.61700324
2013,2013-05-14,43,야간,화,1,1,0,0,0,충남,홍성군,차대차,정면충돌,정면충돌,운전자법규위반,중앙선 침범,단일로,기타단일로,화물차,소형,승용차,소형,920993,1833471,126.6178447,36.49563824
2012,2012-05-28,5,주간,월,1,1,0,0,0,경북,안동시,차대차,추돌,주정차중 추돌,운전자법규위반,안전운전 의무 불이행,단일로,기타단일로,이륜차,중형,화물차,소형,1109386,1841325,128.7224065,36.56343733
2012,2012-04-24,40,주간,화,1,4,2,1,0,강원,화천군,차량단독,도로이탈,도로이탈 기타,운전자법규위반,안전운전 의무 불이행,교차로,교차로부근,승용차,소형,0,0,1014420,2020506,127.6646557,38.18470017
2012,2012-02-20,59,야간,월,1,1,0,0,0,울산,중구,차대사람,횡단중,횡단중,운전자법규위반,안전운전 의무 불이행,단일로,기타단일로,승용차,대형,보행자,보행자,1166535,1729932,129.3373162,35.55140156
2012,2012-12-23,40,주간,일,1,1,0,0,0,대전,서구,차대사람,횡단중,횡단중,운전자법규위반,안전운전 의무 불이행,단일로,기타단일로,승용차,소형,보행자,보행자,987639,1818182,127.3622194,36.3609853
2012,2012-03-23,30,야간,금,1,1,0,0,0,경기,남양주시,차대사람,보도통행중,보도통행중,운전자법규위반,신호위반,단일로,기타단일로,승용차,중형,보행자,보행자,975853,1973982,127.225841,37.76517878
2012,2012-11-24,0,주간,금,1,1,0,0,0,경북,영덕군,차대차,측면직각충돌,측면직각충돌,운전자법규위반,부당한 회전,단일로,횡단보도상,원동기장치자전거,원동기장치자전거,승용차,중형,1168710,1819452,129.3803289,36.35771559
2012,2012-11-25,9,야간,일,1,1,0,0,0,경남,양산시,차대사람,횡단중,횡단중,운전자법규위반,안전운전 의무 불이행,단일로,기타단일로,화물차,소형,보행자,보행자,1143921,1722042,129.0866465,35.48370286
2012,2012-10-20,20,주간,토,1,1,0,0,0,부산,진구,차대사람,기타,기타,운전자법규위반,안전운전 의무 불이행,기타/불명,기타/불명,승합차,대형,보행자,보행자,1140045,1687398,129.0378765,35.1721149
2012,2012-09-27,20,주간,목,1,7,0,6,0,경북,울진군,차대차,추돌,주정차중 추돌,운전자법규위반,안전운전 의무 불이행,단일로,교량위,화물차,경형,화물차,중형,1165061,1905127,129.3582031,37.13028993
2012,2012-06-22,5,주간,금,1,1,0,0,0,전북,남원시,차대차,측면직각충돌,측면직각충돌,운전자법규위반,안전운전 의무 불이행,교차로,교차로내,화물차,중형,이륜차,소형,988832,1713429,127.3769866,35.41653743
2012,2012-06-20,10,야간,수,1,1,0,0,0,경북,의성군,차량단독,공작물충돌,공작물충돌,운전자법규위반,안전운전 의무 불이행,단일로,기타단일로,화물차,소형,0,0,1107763,1810611,128.6998946,36.28687827
2013,2013-04-19,25,야간,금,1,1,0,0,0,전북,군산시,차대사람,보도통행중,보도통행중,운전자법규위반,보행자 보호의무 위반,단일로,횡단보도상,승용차,경형,보행자,보행자,932326,1771878,126.7344948,35.9434862
2013,2013-04-22,50,주간,월,1,1,0,0,0,전남,신안군,차대사람,기타,기타,운전자법규위반,안전운전 의무 불이행,단일로,기타단일로,화물차,소형,보행자,보행자,860916,1644467,125.9798431,34.78525657
2013,2013-04-28,30,주간,일,1,3,1,1,0,경북,경주시,차대차,기타,기타,운전자법규위반,안전운전 의무 불이행,교차로,교차로내,승용차,중형,이륜차,중형,1161111,1762566,129.2840426,35.84639699
2013,2013-05-07,50,주간,화,1,1,0,0,0,대전,중구,차대사람,기타,기타,운전자법규위반,안전운전 의무 불이행,교차로,교차로부근,승용차,소형,보행자,보행자,990020,1813386,127.3888204,36.31777502
2012,2012-02-02,50,주간,목,1,1,0,0,0,경북,울진군,차량단독,도로이탈,도로이탈 추락,운전자법규위반,안전운전 의무 불이행,단일로,기타단일로,화물차,소형,0,0,1162594,1900489,129.3294377,37.08893519
2012,2012-01-29,55,주간,일,1,1,0,0,0,인천,남동구,차대차,측면직각충돌,측면직각충돌,운전자법규위반,신호위반,단일로,기타단일로,승용차,중형,이륜차,소형,932685,1934556,126.7393739,37.40768342
2012,2012-01-30,0,주간,월,1,1,0,0,0,인천,중구,차대사람,길가장자리구역통행중,길가장자리구역통행중,운전자법규위반,안전운전 의무 불이행,단일로,기타단일로,화물차,소형,보행자,보행자,923701,1940668,126.637237,37.46207269