발생년,발생년월일시분,발생분,주야,요일,사망자수,사상자수,중상자수,경상자수,부상신고자수,발생지시도,발생지시군구,사고유형_대분류,사고유형_중분류,사고유형,법규위반_대분류,법규위반,도로형태_대분류,도로형태,당사자종별_1당_대분류,당사자종별_1당,당사자종별_2당_대분류,당사자종별_2당,발생위치X_UTMK,발생위치Y_UTMK,경도,위도
2012,2012-02-05,35,야간,일,1,1,0,0,0,강원,원주시,차대사람,차도통행중,차도통행중,운전자법규위반,안전운전 의무 불이행,단일로,기타단일로,승용차,중형,보행자,보행자,1040723,1925169,127.959645,37.3246242
2012,2012-02-07,50,야간,화,1,1,0,0,0,부산,진구,차량단독,공작물충돌,공작물충돌,운전자법규위반,안전운전 의무 불이행,교차로,교차로부근,승용차,중형,0,0,1142649,1684949,129.0660392,35.14967368
2012,2012-02-04,30,주간,토,1,1,0,0,0,경기,광주시,차대사람,기타,기타,운전자법규위반,안전운전 의무 불이행,단일로,기타단일로,화물차,중형,보행자,보행자,977045,1932873,127.240663,37.39467552
2012,2012-02-03,15,주간,금,1,1,0,0,0,서울,영등포구,차량단독,공작물충돌,공작물충돌,운전자법규위반,안전운전 의무 불이행,단일로,기타단일로,승용차,소형,0,0,946758,1943326,126.8977494,37.48764566
2012,2012-02-09,47,야간,목,1,1,0,0,0,서울,성북구,차대사람,횡단중,횡단중,운전자법규위반,안전운전 의무 불이행,단일로,횡단보도상,승용차,중형,보행자,보행자,957798,1953542,127.0220374,37.58029612
2012,2012-02-07,10,주간,화,4,10,6,0,0,경남,의령군,차량단독,도로이탈,도로이탈 추락,운전자법규위반,앞지르기 금지위반,단일로,교량위,승합차,중형,0,0,1072170,1702127,128.2939074,35.31208495
2012,2012-02-12,0,야간,토,1,5,4,0,0,충남,서산시,차량단독,공작물충돌,공작물충돌,운전자법규위반,안전운전 의무 불이행,교차로,교차로부근,승용차,중형,0,0,912415,1865870,126.5183802,36.78692506
2012,2012-02-17,30,야간,금,1,1,0,0,0,경기,하남시,차대사람,차도통행중,차도통행중,운전자법규위반,안전운전 의무 불이행,단일로,기타단일로,승용차,소형,보행자,보행자,979908,1947610,127.2726059,37.52757627
2013,2013-02-03,0,야간,일,1,1,0,0,0,전북,완주군,차량단독,기타,기타,운전자법규위반,안전운전 의무 불이행,단일로,기타단일로,승용차,소형,0,0,971205,1772175,127.1770864,35.94412245
2013,2013-02-04,25,주간,월,1,1,0,0,0,전북,무주군,차량단독,공작물충돌,공작물충돌,운전자법규위반,안전운전 의무 불이행,단일로,기타단일로,승용차,중형,0,0,1016101,1779224,127.6786685,36.00969941
2013,2013-02-05,52,주간,화,1,1,0,0,0,전남,보성군,차량단독,전도전복,전도전복,운전자법규위반,안전운전 의무 불이행,단일로,기타단일로,이륜차,소형,0,0,965795,1638791,127.126323,34.74299195
2013,2013-02-05,4,야간,화,1,1,0,0,0,경남,진주시,차대사람,보도통행중,보도통행중,운전자법규위반,보행자 보호의무 위반,단일로,횡단보도상,원동기장치자전거,원동기장치자전거,보행자,보행자,1051746,1689472,128.0684474,35.19924601
2013,2013-02-03,53,주간,일,2,7,3,2,0,경남,고성군,차대차,기타,기타,운전자법규위반,안전운전 의무 불이행,단일로,기타단일로,승용차,대형,승용차,중형,1077291,1668627,128.3470982,35.00965897
2013,2013-01-18,50,주간,금,1,3,1,1,0,경남,창녕군,차대차,추돌,진행중 추돌,운전자법규위반,안전운전 의무 불이행,단일로,기타단일로,화물차,대형,화물차,소형,1088611,1727276,128.4774813,35.53749314
2013,2013-09-12,15,야간,목,2,25,3,4,16,경기,의정부시,차대차,추돌,주정차중 추돌,운전자법규위반,안전운전 의무 불이행,단일로,기타단일로,승합차,대형,승용차,중형,959901,1966857,127.0451232,37.70040047
2013,2013-07-24,50,야간,수,1,1,0,0,0,경북,상주시,차대사람,기타,기타,운전자법규위반,안전운전 의무 불이행,단일로,기타단일로,불명,불명,보행자,보행자,1065610,1817296,128.2312143,36.35083983
2013,2013-07-17,25,야간,수,1,1,0,0,0,경남,밀양시,차대차,추돌,진행중 추돌,운전자법규위반,안전운전 의무 불이행,단일로,기타단일로,화물차,대형,화물차,대형,1117473,1725849,128.7954592,35.52162167
2013,2013-06-21,40,야간,금,1,1,0,0,0,대구,수성구,차대차,추돌,주정차중 추돌,운전자법규위반,안전운전 의무 불이행,단일로,기타단일로,화물차,중형,화물차,대형,1107273,1762403,128.6879961,35.85230028
2013,2013-07-01,10,주간,월,1,4,2,1,0,대구,달성군,차량단독,공작물충돌,공작물충돌,운전자법규위반,안전운전 의무 불이행,단일로,기타단일로,승용차,중형,0,0,1087057,1748286,128.4626094,35.7270407
2012,2012-01-18,28,야간,수,1,1,0,0,0,경북,영천시,차대사람,보도통행중,보도통행중,운전자법규위반,보행자 보호의무 위반,단일로,횡단보도상,화물차,소형,보행자,보행자,1129739,1775255,128.938828,35.96542132
2013,2013-04-27,30,야간,토,1,1,0,0,0,경기,고양시,차량단독,공작물충돌,공작물충돌,운전자법규위반,안전운전 의무 불이행,단일로,기타단일로,승용차,경형,0,0,937081,1958537,126.7869894,37.62413196
2013,2013-04-24,8,야간,수,1,1,0,0,0,제주,서귀포시,차대사람,횡단중,횡단중,운전자법규위반,보행자 보호의무 위반,단일로,기타단일로,화물차,소형,보행자,보행자,911879,1475156,126.553868,33.26415598
2013,2013-04-23,15,야간,화,1,4,3,0,0,경북,포항시,차대차,측면직각충돌,측면직각충돌,운전자법규위반,교차로 통행방법 위반,교차로,교차로내,화물차,대형,승용차,소형,1171728,1776856,129.404637,35.97336288
2013,2013-04-30,8,주간,화,1,4,2,1,0,경기,광명시,차대차,측면직각충돌,측면직각충돌,운전자법규위반,신호위반,교차로,교차로부근,승용차,중형,승용차,중형,943107,1943083,126.856472,37.48523774
2013,2013-04-27,30,야간,토,1,2,1,0,0,충북,청주시,차대차,측면직각충돌,측면직각충돌,운전자법규위반,안전운전 의무 불이행,교차로,교차로부근,원동기장치자전거,원동기장치자전거,자전거,자전거,1000701,1846568,127.5078394,36.6169701
2013,2013-05-07,10,주간,화,1,1,0,0,0,세종,세종,차량단독,전도전복,전도전복,운전자법규위반,안전운전 의무 불이행,단일로,횡단보도부근,승용차,중형,0,0,983133,1831377,127.311707,36.47987319
2013,2013-05-07,0,주간,화,1,1,0,0,0,충남,부여군,차대사람,기타,기타,운전자법규위반,안전운전 의무 불이행,단일로,기타단일로,농기계,농기계,보행자,보행자,936007,1801798,126.7880756,36.21123704
2013,2013-05-07,0,야간,화,1,1,0,0,0,전북,부안군,차량단독,전도전복,전도전복,운전자법규위반,안전운전 의무 불이행,단일로,기타단일로,원동기장치자전거,원동기장치자전거,0,0,925865,1736909,126.6813062,35.62552944
2013,2013-05-07,35,주간,화,1,1,0,0,0,경기,이천시,차대차,정면충돌,정면충돌,운전자법규위반,중앙선 침범,교차로,교차로부근,이륜차,대형,화물차,대형,1002742,1895261,127.5308399,37.05591809
2013,2013-05-07,45,야간,화,1,1,0,0,0,경남,김해시,차대사람,기타,기타,운전자법규위반,안전운전 의무 불이행,단일로,기타단일로,승용차,소형,보행자,보행자,1114339,1694259,128.7566109,35.2372214
2013,2013-05-06,30,주간,월,2,8,6,0,0,충북,제천시,차대차,기타,기타,운전자법규위반,신호위반,교차로,교차로내,승용차,소형,승용차,대형,1061042,1897307,128.1866966,37.0723776
2013,2013-05-06,25,주간,월,1,2,1,0,0,전남,담양군,차대차,측면직각충돌,측면직각충돌,운전자법규위반,안전운전 의무 불이행,교차로,교차로내,승용차,중형,이륜차,소형,957124,1694602,127.028722,35.24592042
2013,2013-05-04,0,야간,토,1,4,2,1,0,경남,양산시,차대차,기타,기타,운전자법규위반,신호위반,교차로,교차로내,원동기장치자전거,원동기장치자전거,승용차,중형,1137534,1704295,129.013139,35.32477007
2013,2013-05-04,46,야간,토,1,1,0,0,0,충남,예산군,차대사람,기타,기타,운전자법규위반,안전운전 의무 불이행,단일로,기타단일로,화물차,소형,보행자,보행자,936051,1856174,126.7840737,36.70141532
2013,2013-05-11,30,야간,토,1,1,0,0,0,충북,청주시,차대사람,보도통행중,보도통행중,운전자법규위반,보행자 보호의무 위반,단일로,기타단일로,승용차,소형,보행자,보행자,1000642,1845827,127.507179,36.61029002
2013,2013-05-20,30,야간,월,1,1,0,0,0,부산,남구,차대사람,기타,기타,운전자법규위반,안전운전 의무 불이행,교차로,교차로내,화물차,소형,보행자,보행자,1144441,1681034,129.0850214,35.11412888
2013,2013-05-21,24,야간,화,1,2,0,1,0,울산,울주군,차대사람,차도통행중,차도통행중,운전자법규위반,안전운전 의무 불이행,단일로,횡단보도상,화물차,소형,보행자,보행자,1155660,1720665,129.2156083,35.46964994
2013,2013-05-21,30,야간,화,1,1,0,0,0,경남,김해시,차대사람,기타,기타,운전자법규위반,안전운전 의무 불이행,단일로,기타단일로,화물차,중형,보행자,보행자,1109986,1701327,128.7097272,35.3014268
2013,2013-05-21,40,주간,화,1,1,0,0,0,충북,청주시,차대사람,횡단중,횡단중,운전자법규위반,안전운전 의무 불이행,교차로,교차로내,건설기계,건설기계,보행자,보행자,999097,1849247,127.4899544,36.64114545
2013,2013-05-22,30,야간,수,1,1,0,0,0,충북,영동군,차대차,기타,기타,운전자법규위반,안전운전 의무 불이행,교차로,교차로부근,승용차,중형,자전거,자전거,1023272,1799718,127.7588479,36.19432221
2012,2012-04-30,6,야간,월,1,1,0,0,0,울산,북구,차대차,측면직각충돌,측면직각충돌,운전자법규위반,신호위반,교차로,교차로내,원동기장치자전거,원동기장치자전거,화물차,소형,1167616,1738164,129.3509441,35.62540481
2012,2012-04-12,10,야간,목,1,1,0,0,0,강원,양구군,차량단독,전도전복,전도전복,운전자법규위반,안전운전 의무 불이행,단일로,기타단일로,이륜차,사발이,0,0,1050447,2023374,128.0762235,38.20924959
2012,2012-01-29,43,야간,일,1,1,0,0,0,경북,경산시,차대차,추돌,진행중 추돌,운전자법규위반,안전운전 의무 불이행,단일로,기타단일로,승용차,중형,화물차,대형,1118862,1774584,128.8177031,35.96111508
2012,2012-06-03,5,주간,일,1,1,0,0,0,경남,김해시,차대차,측면직각충돌,측면직각충돌,운전자법규위반,안전운전 의무 불이행,교차로,교차로내,승용차,중형,원동기장치자전거,원동기장치자전거,1119548,1686887,128.8127758,35.17015673
2012,2012-11-08,40,주간,목,1,3,1,1,0,제주,제주시,차대사람,기타,기타,운전자법규위반,중앙선 침범,단일로,기타단일로,승용차,소형,보행자,보행자,907351,1501291,126.5025707,33.49947394
2012,2012-11-11,35,야간,일,1,1,0,0,0,울산,북구,차대사람,길가장자리구역통행중,길가장자리구역통행중,운전자법규위반,안전운전 의무 불이행,단일로,기타단일로,화물차,소형,보행자,보행자,1167070,1739168,129.3451255,35.63454514
2012,2012-11-11,45,야간,일,1,1,0,0,0,경북,포항시,차대차,추돌,진행중 추돌,운전자법규위반,안전운전 의무 불이행,교차로,교차로부근,승용차,중형,화물차,대형,1168127,1774665,129.3642532,35.95424653
2012,2012-11-16,30,주간,금,1,1,0,0,0,전남,영암군,차량단독,전도전복,전도전복,운전자법규위반,안전운전 의무 불이행,단일로,기타단일로,농기계,농기계,0,0,931947,1649780,126.7556771,34.84038392
2012,2012-11-21,19,야간,수,1,1,0,0,0,전남,고흥군,차대사람,횡단중,횡단중,운전자법규위반,안전운전 의무 불이행,단일로,기타단일로,화물차,소형,보행자,보행자,969985,1609874,127.1731203,34.48235407
2012,2012-11-17,15,주간,토,1,1,0,0,0,경남,밀양시,차대사람,기타,기타,운전자법규위반,안전운전 의무 불이행,단일로,기타단일로,화물차,소형,보행자,보행자,1115321,1729104,128.7723262,35.55122375
2012,2012-11-13,50,야간,화,1,1,0,0,0,충북,청원군,차대사람,횡단중,횡단중,운전자법규위반,안전운전 의무 불이행,단일로,기타단일로,승용차,대형,보행자,보행자,1000710,1843398,127.5079818,36.58849161
2012,2012-11-13,10,야간,화,1,1,0,0,0,경기,부천시,차대차,기타,기타,운전자법규위반,안전운전 의무 불이행,단일로,기타단일로,승용차,중형,승용차,중형,933568,1945400,126.7483731,37.50548369
2012,2012-11-01,40,주간,목,1,1,0,0,0,전남,영암군,차대차,측면직각충돌,측면직각충돌,운전자법규위반,직진 및 우회전차의 통행방해,교차로,교차로내,승용차,경형,이륜차,중형,904015,1641518,126.4511564,34.7636391
2012,2012-11-05,0,야간,월,1,1,0,0,0,광주,북구,차대사람,횡단중,횡단중,운전자법규위반,안전운전 의무 불이행,단일로,기타단일로,승용차,소형,보행자,보행자,945569,1684974,126.9028054,35.15855816
2013,2013-05-04,32,주간,토,1,1,0,0,0,인천,연수구,차대사람,횡단중,횡단중,운전자법규위반,안전운전 의무 불이행,교차로,교차로부근,승합차,대형,보행자,보행자,926718,1933429,126.6720677,37.39707295
2013,2013-05-05,0,주간,일,1,6,1,3,1,대구,북구,차대차,추돌,진행중 추돌,운전자법규위반,안전운전 의무 불이행,교차로,교차로부근,승용차,중형,승용차,대형,1095318,1771692,128.5602438,35.93858495
2013,2013-05-12,40,주간,일,1,1,0,0,0,전북,군산시,차량단독,기타,기타,운전자법규위반,기타(운전자법규위반),단일로,기타단일로,승용차,중형,0,0,929622,1776031,126.7193489,35.97850496
2013,2013-05-12,1,주간,일,1,1,0,0,0,전북,전주시,차대사람,기타,기타,운전자법규위반,부당한 회전,단일로,기타단일로,승용차,대형,보행자,보행자,968450,1757305,127.1507698,35.8117018
2013,2013-05-16,48,주간,목,1,1,0,0,0,서울,양천구,차대차,측면직각충돌,측면직각충돌,운전자법규위반,안전운전 의무 불이행,단일로,횡단보도부근,자전거,자전거,승합차,대형,942757,1947108,126.8521999,37.52149378
2013,2013-05-16,30,야간,목,1,1,0,0,0,경기,화성시,차대사람,길가장자리구역통행중,길가장자리구역통행중,운전자법규위반,안전운전 의무 불이행,단일로,기타단일로,승용차,중형,보행자,보행자,951424,1907955,126.9528437,37.16908588
2013,2013-05-16,30,주간,목,1,1,0,0,0,경기,고양시,차대차,측면직각충돌,측면직각충돌,운전자법규위반,안전거리 미확보,단일로,횡단보도상,자전거,자전거,승합차,대형,946637,1961738,126.89504,37.65358707
2013,2013-05-17,0,주간,금,1,1,0,0,0,경북,문경시,차대사람,횡단중,횡단중,운전자법규위반,안전운전 의무 불이행,단일로,기타단일로,승합차,중형,보행자,보행자,1062176,1844425,128.1951259,36.59562404
2013,2013-05-17,55,주간,금,1,1,0,0,0,전남,나주시,차대차,기타,기타,운전자법규위반,안전운전 의무 불이행,기타/불명,기타/불명,승용차,경형,자전거,자전거,935809,1662322,126.7969514,34.95372519
2012,2012-12-19,50,주간,수,1,1,0,0,0,경기,연천군,차량단독,공작물충돌,공작물충돌,운전자법규위반,안전운전 의무 불이행,단일로,기타단일로,화물차,소형,0,0,962998,2025819,127.0855741,38.2232167
2012,2012-12-19,50,주간,수,1,1,0,0,0,경남,거제시,차량단독,공작물충돌,공작물충돌,운전자법규위반,안전운전 의무 불이행,단일로,기타단일로,승용차,중형,0,0,1110646,1663222,128.7118842,34.95782913
2012,2012-12-18,55,야간,화,1,1,0,0,0,인천,서구,차량단독,전도전복,전도전복,운전자법규위반,안전운전 의무 불이행,단일로,기타단일로,승용차,중형,0,0,923893,1952579,126.666301,37.5715687
2012,2012-12-25,20,야간,화,1,2,0,1,0,전남,해남군,차대차,정면충돌,정면충돌,운전자법규위반,중앙선 침범,단일로,기타단일로,승용차,경형,화물차,대형,900171,1633251,126.4101378,34.68873304
2012,2012-12-06,47,주간,목,1,1,0,0,0,경기,고양시,차대사람,기타,기타,운전자법규위반,안전운전 의무 불이행,단일로,횡단보도부근,승합차,대형,보행자,보행자,937482,1961640,126.7887478,37.65246228
2012,2012-12-03,50,주간,월,1,1,0,0,0,경남,함양군,차대차,측면직각충돌,측면직각충돌,운전자법규위반,교차로 통행방법 위반,교차로,교차로내,화물차,소형,원동기장치자전거,원동기장치자전거,1021625,1726587,127.7385448,35.53500631
2012,2012-12-07,20,야간,금,1,1,0,0,0,경남,진주시,차대차,추돌,진행중 추돌,운전자법규위반,안전거리 미확보,단일로,기타단일로,화물차,소형,화물차,중형,1054783,1682073,128.1009687,35.13277777
2012,2012-12-03,50,야간,월,1,1,0,0,0,충북,청주시,차대사람,횡단중,횡단중,운전자법규위반,안전운전 의무 불이행,단일로,교량위,승용차,중형,보행자,보행자,999779,1845350,127.4975289,36.60599004
2012,2012-12-08,5,야간,토,1,1,0,0,0,경기,안산시,차대사람,기타,기타,운전자법규위반,안전운전 의무 불이행,단일로,기타단일로,승용차,중형,보행자,보행자,943811,1920929,126.8676896,37.28516721
2012,2012-11-29,10,야간,목,1,1,0,0,0,경북,예천군,차대사람,길가장자리구역통행중,길가장자리구역통행중,운전자법규위반,안전운전 의무 불이행,단일로,기타단일로,승용차,소형,보행자,보행자,1081754,1842731,128.4138052,36.57887703
2012,2012-11-30,49,야간,금,1,2,0,1,0,인천,계양구,차대차,추돌,주정차중 추돌,운전자법규위반,안전운전 의무 불이행,교차로,교차로부근,화물차,대형,화물차,대형,934081,1949513,126.7538077,37.54259038
2012,2012-12-07,10,주간,금,1,1,0,0,0,경북,포항시,차량단독,기타,기타,운전자법규위반,기타(운전자법규위반),교차로,교차로내,화물차,소형,0,0,1167186,1780174,129.3542719,36.00578386
2012,2012-12-05,52,야간,수,1,1,0,0,0,강원,동해시,차대사람,횡단중,횡단중,운전자법규위반,안전운전 의무 불이행,교차로,교차로내,승용차,중형,보행자,보행자,1143651,1944967,129.1249807,37.49279454
2012,2012-07-21,30,주간,토,1,5,0,4,0,경기,남양주시,차대차,측면직각충돌,측면직각충돌,운전자법규위반,안전운전 의무 불이행,단일로,기타단일로,승용차,소형,승용차,중형,984301,1959136,127.3220313,37.63171332
2012,2012-01-04,35,야간,수,1,1,0,0,0,경기,남양주시,차대사람,횡단중,횡단중,운전자법규위반,안전운전 의무 불이행,단일로,횡단보도상,승용차,소형,보행자,보행자,973162,1970419,127.1954201,37.73298986
2012,2012-01-02,15,야간,월,1,1,0,0,0,경기,부천시,차대사람,횡단중,횡단중,운전자법규위반,안전운전 의무 불이행,단일로,횡단보도부근,승용차,소형,보행자,보행자,935527,1942998,126.7707465,37.48397355
2012,2012-05-13,24,야간,일,1,1,0,0,0,경기,용인시,차대사람,횡단중,횡단중,운전자법규위반,안전운전 의무 불이행,교차로,교차로내,승합차,대형,보행자,보행자,974031,1915234,127.2072296,37.23560097
2013,2013-12-12,40,야간,목,1,1,0,0,0,경기,남양주시,차량단독,공작물충돌,공작물충돌,운전자법규위반,안전운전 의무 불이행,단일로,기타단일로,승용차,소형,0,0,966721,1961493,127.1226186,37.65132318
2013,2013-12-19,30,야간,목,1,2,1,0,0,경기,남양주시,차대차,추돌,주정차중 추돌,운전자법규위반,안전운전 의무 불이행,단일로,기타단일로,승용차,중형,화물차,대형,974621,1955161,127.2125088,37.59550653
2013,2013-04-19,23,주간,금,1,1,0,0,0,서울,서대문구,차대사람,횡단중,횡단중,운전자법규위반,안전운전 의무 불이행,단일로,기타단일로,승합차,대형,보행자,보행자,952373,1952625,126.960658,37.5717663
2013,2013-04-19,0,야간,금,1,1,0,0,0,대전,유성구,차대사람,기타,기타,운전자법규위반,안전운전 의무 불이행,단일로,기타단일로,승용차,중형,보행자,보행자,985034,1817947,127.3331877,36.35882968
2013,2013-04-26,25,야간,금,1,1,0,0,0,경남,양산시,차대차,측면직각충돌,측면직각충돌,운전자법규위반,중앙선 침범,기타/불명,기타/불명,승합차,소형,자전거,자전거,1143985,1722090,129.0873477,35.47676065
2013,2013-04-27,5,야간,토,1,1,0,0,0,경남,양산시,차대사람,차도통행중,차도통행중,운전자법규위반,안전운전 의무 불이행,단일로,기타단일로,승용차,중형,보행자,보행자,1140566,1710245,129.0472139,35.37636003
2013,2013-04-25,45,주간,목,1,1,0,0,0,서울,노원구,차대사람,기타,기타,운전자법규위반,안전운전 의무 불이행,단일로,기타단일로,특수차,소형,보행자,보행자,959902,1958933,127.0455702,37.62898048
2013,2013-04-23,11,주간,화,1,4,0,3,0,충북,청주시,차대차,추돌,주정차중 추돌,운전자법규위반,안전운전 의무 불이행,교차로,교차로부근,화물차,소형,승용차,중형,1000966,1851695,127.5108094,36.66318966
2013,2013-05-01,5,주간,수,1,1,0,0,0,경기,시흥시,차대사람,횡단중,횡단중,운전자법규위반,안전운전 의무 불이행,단일로,기타단일로,승용차,중형,보행자,보행자,932121,1928548,126.7335529,37.35349191
2013,2013-05-03,34,주간,금,1,5,4,0,0,충남,청양군,차량단독,전도전복,전도전복,운전자법규위반,안전운전 의무 불이행,단일로,기타단일로,화물차,소형,0,0,937177,1824699,126.7992457,36.41776159
2013,2013-05-05,40,야간,일,1,1,0,0,0,경북,청도군,차량단독,도로이탈,도로이탈 추락,운전자법규위반,안전운전 의무 불이행,단일로,교량위,승용차,소형,0,0,1112702,1740235,128.7448254,35.65190233
2013,2013-05-04,20,주간,토,1,1,0,0,0,경남,고성군,차대차,측면직각충돌,측면직각충돌,운전자법규위반,안전운전 의무 불이행,단일로,기타단일로,특수차,중형,원동기장치자전거,원동기장치자전거,1075475,1666677,128.32687,34.98993645
2013,2013-05-12,20,주간,일,1,4,0,3,0,전북,남원시,차대차,정면충돌,정면충돌,운전자법규위반,중앙선 침범,단일로,기타단일로,원동기장치자전거,원동기장치자전거,승용차,중형,1013475,1712686,127.6482343,35.40887186
2013,2013-05-13,50,주간,월,2,5,1,2,0,전남,강진군,차대차,추돌,진행중 추돌,운전자법규위반,안전운전 의무 불이행,단일로,기타단일로,화물차,중형,승용차,중형,935085,1622172,126.7921209,34.59164303
2013,2013-05-13,40,주간,월,2,2,0,0,0,충남,청양군,차량단독,기타,기타,운전자법규위반,안전운전 의무 불이행,단일로,기타단일로,승용차,중형,0,0,941577,1827065,126.8481439,36.43936832
2013,2013-05-13,40,야간,월,1,1,0,0,0,충남,태안군,차대차,측면직각충돌,측면직각충돌,운전자법규위반,안전운전 의무 불이행,교차로,교차로내,특수차,대형,원동기장치자전거,원동기장치자전거,891550,1858872,126.2855709,36.72169428
2013,2013-05-13,40,야간,월,2,4,2,0,0,충남,서산시,차량단독,공작물충돌,공작물충돌,운전자법규위반,안전운전 의무 불이행,교차로,교차로부근,승용차,중형,0,0,904430,1888436,126.4130389,36.96694124
2013,2013-05-13,16,야간,월,1,1,0,0,0,경기,이천시,차대차,정면충돌,정면충돌,운전자법규위반,중앙선 침범,단일로,기타단일로,승용차,소형,이륜차,소형,991333,1923815,127.4036499,37.31815843
2013,2013-05-13,15,야간,월,1,1,0,0,0,전남,강진군,차대사람,차도통행중,차도통행중,운전자법규위반,안전운전 의무 불이행,단일로,기타단일로,승용차,중형,보행자,보행자,938086,1628004,126.8244178,34.64441782
2013,2013-05-22,20,주간,수,1,2,1,0,0,서울,용산구,차량단독,도로이탈,도로이탈 추락,운전자법규위반,안전운전 의무 불이행,단일로,교량위,원동기장치자전거,원동기장치자전거,0,0,954332,1946848,126.9845712,37.51966692
2013,2013-05-23,15,주간,목,1,2,1,0,0,전남,광양시,차대차,측면직각충돌,측면직각충돌,운전자법규위반,신호위반,교차로,교차로내,승용차,대형,원동기장치자전거,원동기장치자전거,1018115,1659340,127.6983449,34.92870771
2013,2013-05-10,35,야간,금,1,1,0,0,0,부산,연제구,차량단독,공작물충돌,공작물충돌,운전자법규위반,안전운전 의무 불이행,단일로,기타단일로,원동기장치자전거,원동기장치자전거,0,0,1145091,1687668,129.0938393,35.17359033
2013,2013-05-17,10,주간,금,2,5,3,0,0,전남,강진군,차량단독,전도전복,전도전복,운전자법규위반,안전운전 의무 불이행,교차로,교차로부근,승용차,소형,0,0,932668,1635643,126.7646942,34.7129582
2013,2013-05-16,20,야간,목,1,1,0,0,0,경기,광주시,차량단독,공작물충돌,공작물충돌,운전자법규위반,안전운전 의무 불이행,단일로,기타단일로,이륜차,중형,0,0,978118,1939323,127.252594,37.45283984
2013,2013-05-14,58,주간,화,1,1,0,0,0,경북,영양군,차대차,정면충돌,정면충돌,운전자법규위반,중앙선 침범,단일로,기타단일로,이륜차,소형,건설기계,건설기계,1141846,1844577,129.0856402,36.58847288
2013,2013-05-14,10,주간,화,1,1,0,0,0,경북,문경시,차대차,측면직각충돌,측면직각충돌,운전자법규위반,신호위반,교차로,교차로내,원동기장치자전거,원동기장치자전거,승용차,소형,1061898,1843428,128.1919379,36.58665478
2013,2013-05-14,45,주간,화,1,1,0,0,0,경남,고성군,차대사람,길가장자리구역통행중,길가장자리구역통행중,운전자법규위반,안전운전 의무 불이행,단일로,기타단일로,승용차,중형,보행자,보행자,1062830,1671448,128.1888324,35.03609783
2013,2013-05-14,30,주간,화,1,1,0,0,0,서울,금천구,차대사람,횡단중,횡단중,운전자법규위반,안전운전 의무 불이행,단일로,기타단일로,승합차,대형,보행자,보행자,946848,1940127,126.8989983,37.45881759
2013,2013-05-14,50,야간,화,1,1,0,0,0,서울,관악구,차대차,기타,기타,운전자법규위반,안전운전 의무 불이행,단일로,기타단일로,승용차,대형,이륜차,대형,951576,1942137,126.9523244,37.47719411
2013,2013-05-14,15,주간,화,1,2,0,1,0,전남,순천시,차량단독,도로이탈,도로이탈 기타,운전자법규위반,안전운전 의무 불이행,단일로,기타단일로,승용차,소형,0,0,987635,1669432,127.364463,35.01979833
2012,2012-05-19,15,주간,토,1,2,1,0,0,경북,고령군,차량단독,공작물충돌,공작물충돌,운전자법규위반,안전운전 의무 불이행,단일로,기타단일로,화물차,소형,0,0,1067339,1752913,128.2441904,35.76991955
2012,2012-04-18,15,야간,수,1,3,1,1,0,충남,천안시,차대차,측면직각충돌,측면직각충돌,운전자법규위반,안전운전 의무 불이행,교차로,교차로내,승용차,중형,승용차,경형,965917,1873996,127.1176246,36.8636139
2012,2012-03-29,40,야간,목,1,1,0,0,0,전남,여수시,차대사람,횡단중,횡단중,운전자법규위반,안전운전 의무 불이행,단일로,기타단일로,승용차,중형,보행자,보행자,1018137,1641555,127.6982009,34.76832908
2012,2012-03-09,30,야간,금,1,1,0,0,0,강원,삼척시,차량단독,공작물충돌,공작물충돌,운전자법규위반,안전운전 의무 불이행,단일로,기타단일로,승용차,중형,0,0,1137364,1917466,129.0487829,37.24595205
2012,2012-12-09,35,주간,일,1,1,0,0,0,대구,북구,차대차,정면충돌,정면충돌,운전자법규위반,중앙선 침범,단일로,기타단일로,승용차,대형,승용차,소형,1099283,1768145,128.6002416,35.90490354
2012,2012-11-03,50,주간,토,1,1,0,0,0,경북,포항시,차대사람,기타,기타,운전자법규위반,안전운전 의무 불이행,교차로,교차로내,화물차,소형,보행자,보행자,1169542,1799974,129.3853447,36.18232208
2012,2012-08-16,40,야간,목,1,1,0,0,0,대전,유성구,차대사람,횡단중,횡단중,운전자법규위반,안전운전 의무 불이행,단일로,기타단일로,승용차,중형,보행자,보행자,984537,1817004,127.3276668,36.35032032
2012,2012-08-21,15,주간,화,1,1,0,0,0,전북,정읍시,차량단독,전도전복,전도전복,운전자법규위반,안전운전 의무 불이행,단일로,기타단일로,승용차,중형,0,0,938256,1733544,126.8183914,35.59604314
2012,2012-09-08,35,주간,토,1,1,0,0,0,대구,수성구,차대사람,기타,기타,운전자법규위반,신호위반,단일로,기타단일로,특수차,대형,보행자,보행자,1103548,1758577,128.6442152,35.81800606
2012,2012-10-05,15,주간,금,1,1,0,0,0,경기,파주시,차대사람,차도통행중,차도통행중,운전자법규위반,신호위반,교차로,교차로부근,화물차,소형,보행자,보행자,945495,1983167,126.880486,37.84665433