발생년,발생년월일시분,발생분,주야,요일,사망자수,사상자수,중상자수,경상자수,부상신고자수,발생지시도,발생지시군구,사고유형_대분류,사고유형_중분류,사고유형,법규위반_대분류,법규위반,도로형태_대분류,도로형태,당사자종별_1당_대분류,당사자종별_1당,당사자종별_2당_대분류,당사자종별_2당,발생위치X_UTMK,발생위치Y_UTMK,경도,위도
2012,2012-09-27,45,야간,목,1,2,1,0,0,경기,안양시,차대사람,보도통행중,보도통행중,운전자법규위반,보행자 보호의무 위반,교차로,교차로내,승합차,대형,보행자,보행자,947833,1933867,126.9103841,37.40267486
2012,2012-11-27,50,주간,화,1,1,0,0,0,강원,영월군,차량단독,전도전복,전도전복,운전자법규위반,안전운전 의무 불이행,단일로,기타단일로,이륜차,소형,0,0,1068630,1921872,128.2743086,37.29326514
2012,2012-07-13,27,야간,금,1,1,0,0,0,강원,강릉시,차대사람,보도통행중,보도통행중,운전자법규위반,보행자 보호의무 위반,단일로,횡단보도상,승용차,소형,보행자,보행자,1124395,1973179,128.9120226,37.74980085
2013,2013-04-19,15,주간,금,1,1,0,0,0,전북,고창군,차량단독,도로이탈,도로이탈 추락,운전자법규위반,안전운전 의무 불이행,단일로,기타단일로,화물차,소형,0,0,925073,1720611,126.6740692,35.4785322
2013,2013-04-19,14,야간,금,1,1,0,0,0,경기,포천시,차량단독,공작물충돌,공작물충돌,운전자법규위반,안전운전 의무 불이행,단일로,기타단일로,승용차,경형,0,0,988572,2002098,127.3698033,38.01883696
2012,2012-12-18,2,야간,화,1,6,2,3,0,경기,안산시,차대차,정면충돌,정면충돌,운전자법규위반,중앙선 침범,고가도로위,고가도로위,화물차,소형,승용차,중형,934027,1926247,126.7552774,37.33289015
2012,2012-12-05,30,주간,수,1,1,0,0,0,강원,양양군,차대사람,길가장자리구역통행중,길가장자리구역통행중,운전자법규위반,안전운전 의무 불이행,교차로,교차로부근,승용차,중형,보행자,보행자,1099954,2012058,128.6400434,38.1031456
2012,2012-12-01,10,야간,토,1,1,0,0,0,충북,청원군,차대사람,횡단중,횡단중,운전자법규위반,신호위반,교차로,교차로부근,승용차,중형,보행자,보행자,993224,1831871,127.4243524,36.48445128
2012,2012-12-08,10,야간,토,1,1,0,0,0,전북,익산시,차대차,추돌,진행중 추돌,운전자법규위반,안전운전 의무 불이행,단일로,기타단일로,화물차,소형,건설기계,건설기계,960141,1771160,127.0810919,35.96494114
2012,2012-12-03,27,야간,월,1,1,0,0,0,경기,성남시,차대차,추돌,주정차중 추돌,운전자법규위반,안전운전 의무 불이행,단일로,기타단일로,이륜차,소형,승합차,대형,969356,1935666,127.1536809,37.41962821
2012,2012-07-11,48,야간,수,1,4,1,2,0,경기,수원시,차대차,추돌,진행중 추돌,운전자법규위반,안전운전 의무 불이행,단일로,기타단일로,승합차,대형,화물차,대형,964087,1921271,127.0948333,37.2896871
2012,2012-10-30,25,주간,화,1,1,0,0,0,서울,성북구,차대사람,기타,기타,운전자법규위반,기타(운전자법규위반),교차로,교차로내,승용차,중형,보행자,보행자,956191,1956804,127.0036425,37.60962202
2012,2012-10-29,25,주간,월,1,2,1,0,0,경기,안성시,차대사람,기타,기타,운전자법규위반,안전운전 의무 불이행,기타/불명,기타/불명,화물차,중형,보행자,보행자,994461,1898064,127.437681,37.08117288
2012,2012-11-03,25,야간,토,1,1,0,0,0,울산,남구,차대사람,횡단중,횡단중,운전자법규위반,안전운전 의무 불이행,단일로,기타단일로,승용차,중형,보행자,보행자,1165360,1729344,129.3242387,35.54629929
2012,2012-11-03,40,야간,토,1,1,0,0,0,인천,중구,차량단독,공작물충돌,공작물충돌,운전자법규위반,안전운전 의무 불이행,교차로,교차로부근,승용차,소형,0,0,922013,1941950,126.618016,37.47348601
2012,2012-10-30,16,야간,화,1,1,0,0,0,경기,안양시,차대사람,차도통행중,차도통행중,운전자법규위반,안전운전 의무 불이행,고가도로위,고가도로위,승용차,중형,보행자,보행자,951401,1930002,126.9511442,37.36780768
2012,2012-10-31,0,주간,수,1,1,0,0,0,경기,남양주시,차대사람,기타,기타,운전자법규위반,안전운전 의무 불이행,단일로,기타단일로,화물차,중형,보행자,보행자,975415,1957587,127.2214215,37.6173946
2012,2012-11-05,20,주간,월,1,1,0,0,0,경기,시흥시,차대사람,기타,기타,운전자법규위반,안전운전 의무 불이행,교차로,교차로부근,승용차,소형,보행자,보행자,937483,1937976,126.7932954,37.43884456
2012,2012-12-14,50,주간,금,1,1,0,0,0,대전,동구,차대차,기타,기타,운전자법규위반,안전운전 의무 불이행,단일로,기타단일로,승용차,중형,승용차,소형,998374,1807349,127.4818985,36.26339875
2012,2012-12-17,40,주간,월,1,1,0,0,0,충북,청주시,차대차,측면직각충돌,측면직각충돌,운전자법규위반,보행자 보호의무 위반,교차로,교차로내,건설기계,건설기계,자전거,자전거,997696,1848635,127.4742279,36.63560158
2012,2012-12-14,0,주간,금,1,4,3,0,0,대구,달성군,차대차,기타,기타,운전자법규위반,안전운전 의무 불이행,단일로,기타단일로,화물차,소형,승합차,소형,1082090,1766237,128.4624824,35.85505782
2012,2012-12-14,30,주간,금,1,1,0,0,0,충남,홍성군,차대사람,길가장자리구역통행중,길가장자리구역통행중,운전자법규위반,안전운전 의무 불이행,단일로,기타단일로,승용차,중형,보행자,보행자,930640,1843165,126.7246771,36.58377065
2012,2012-12-10,30,야간,월,1,1,0,0,0,충남,당진시,차대사람,길가장자리구역통행중,길가장자리구역통행중,운전자법규위반,안전운전 의무 불이행,단일로,기타단일로,화물차,소형,보행자,보행자,921834,1876970,126.6245501,36.88903041
2012,2012-12-15,12,야간,토,1,2,0,0,1,경기,시흥시,차대차,추돌,주정차중 추돌,운전자법규위반,안전운전 의무 불이행,단일로,기타단일로,승용차,소형,승합차,대형,933551,1926873,126.7498485,37.33849843
2012,2012-12-20,50,주간,목,1,1,0,0,0,충남,청양군,차량단독,도로이탈,도로이탈 기타,운전자법규위반,안전운전 의무 불이행,단일로,기타단일로,화물차,소형,0,0,950676,1815618,126.9503884,36.33668545
2012,2012-12-20,15,야간,목,1,4,2,1,0,대전,유성구,차량단독,기타,기타,운전자법규위반,과속,단일로,기타단일로,승용차,중형,0,0,991794,1823882,127.407591,36.412687
2012,2012-12-20,30,야간,목,1,11,9,1,0,대전,서구,차대차,기타,기타,운전자법규위반,중앙선 침범,단일로,기타단일로,승용차,중형,승합차,소형,989344,1816265,127.3812502,36.34372319
2012,2012-12-21,0,주간,금,1,1,0,0,0,경남,밀양시,차량단독,공작물충돌,공작물충돌,운전자법규위반,안전운전 의무 불이행,단일로,교량위,화물차,소형,0,0,1114513,1710594,128.7608061,35.38445817
2012,2012-12-25,40,주간,화,1,1,0,0,0,경남,김해시,차대사람,횡단중,횡단중,운전자법규위반,안전운전 의무 불이행,단일로,기타단일로,승용차,경형,보행자,보행자,1125371,1694922,128.8779263,35.24187865
2012,2012-12-26,11,야간,수,1,1,0,0,0,서울,용산구,차량단독,공작물충돌,공작물충돌,운전자법규위반,안전운전 의무 불이행,단일로,기타단일로,승용차,대형,0,0,956144,1949168,127.0035671,37.54079489
2012,2012-12-21,45,주간,금,1,3,2,0,0,경남,의령군,차량단독,기타,기타,운전자법규위반,안전운전 의무 불이행,단일로,기타단일로,승용차,중형,0,0,1074438,1709960,128.3195674,35.38254091
2012,2012-12-25,25,주간,화,1,1,0,0,0,경기,포천시,차대사람,보도통행중,보도통행중,운전자법규위반,기타(운전자법규위반),단일로,기타단일로,이륜차,사발이,보행자,보행자,977318,2000483,127.2416409,38.00406944
2012,2012-12-17,50,주간,월,1,1,0,0,0,경기,화성시,차대사람,횡단중,횡단중,운전자법규위반,보행자 보호의무 위반,교차로,교차로부근,화물차,소형,보행자,보행자,948232,1914253,126.9164542,37.22568245
2012,2012-12-01,25,야간,토,1,4,2,1,0,서울,강남구,차대차,기타,기타,운전자법규위반,안전거리 미확보,단일로,기타단일로,승용차,중형,화물차,중형,961927,1945016,127.0692418,37.5036284
2012,2012-11-30,45,야간,금,1,1,0,0,0,전북,부안군,차대사람,기타,기타,운전자법규위반,안전운전 의무 불이행,단일로,기타단일로,승용차,소형,보행자,보행자,925549,1747699,126.6768185,35.72278294
2012,2012-12-02,0,야간,일,1,1,0,0,0,경남,창원시(통합),차량단독,도로이탈,도로이탈 추락,운전자법규위반,안전운전 의무 불이행,교차로,교차로부근,승용차,중형,0,0,1112964,1705723,128.7430191,35.34095002
2012,2012-12-03,30,주간,월,1,1,0,0,0,전남,목포시,차대사람,횡단중,횡단중,운전자법규위반,안전운전 의무 불이행,단일로,기타단일로,승용차,대형,보행자,보행자,901501,1648229,126.4229032,34.82390677
2012,2012-09-03,45,주간,월,1,1,0,0,0,경기,수원시,차대사람,횡단중,횡단중,운전자법규위반,보행자 보호의무 위반,단일로,횡단보도상,화물차,중형,보행자,보행자,956832,1919266,127.013102,37.27130621
2012,2012-09-10,45,주간,월,1,1,0,0,0,전남,해남군,차대차,추돌,주정차중 추돌,운전자법규위반,안전운전 의무 불이행,교차로,교차로부근,원동기장치자전거,원동기장치자전거,승합차,대형,915692,1614392,126.5814386,34.52008142
2012,2012-09-08,30,야간,토,1,1,0,0,0,경남,창녕군,차량단독,도로이탈,도로이탈 추락,운전자법규위반,안전운전 의무 불이행,단일로,기타단일로,승용차,경형,0,0,1088623,1727029,128.4775866,35.53526528
2012,2012-09-08,20,주간,토,1,2,0,1,0,충북,청원군,차대차,기타,기타,운전자법규위반,안전운전 의무 불이행,단일로,기타단일로,원동기장치자전거,원동기장치자전거,화물차,소형,1007185,1859988,127.5804767,36.73792338
2012,2012-09-13,40,주간,목,1,3,1,1,0,충남,예산군,차대차,정면충돌,정면충돌,운전자법규위반,중앙선 침범,단일로,기타단일로,승용차,중형,승용차,소형,945772,1852002,126.8931924,36.66441191
2012,2012-09-11,50,야간,화,1,1,0,0,0,광주,북구,차대차,측면직각충돌,측면직각충돌,운전자법규위반,신호위반,교차로,교차로내,승용차,중형,자전거,자전거,942198,1689682,126.8667497,35.19941138
2012,2012-09-12,58,주간,수,1,1,0,0,0,강원,삼척시,차대차,측면직각충돌,측면직각충돌,운전자법규위반,안전운전 의무 불이행,교차로,교차로부근,원동기장치자전거,원동기장치자전거,승용차,중형,1148552,1938105,129.1791247,37.43050742
2012,2012-09-17,0,주간,월,1,5,1,3,0,경기,평택시,차대차,기타,기타,운전자법규위반,중앙선 침범,단일로,기타단일로,승용차,중형,승합차,소형,961419,1897324,127.0659708,37.07372455
2012,2012-09-16,40,야간,일,1,1,0,0,0,경기,남양주시,차대차,측면직각충돌,측면직각충돌,운전자법규위반,부당한 회전,교차로,교차로내,승용차,소형,이륜차,소형,968670,1961464,127.1448272,37.65213394
2012,2012-09-20,10,야간,목,1,2,0,1,0,대구,북구,차대차,정면충돌,정면충돌,운전자법규위반,중앙선 침범,단일로,기타단일로,승용차,소형,화물차,중형,1099939,1771588,128.607943,35.93587321
2012,2012-09-20,35,야간,목,1,1,0,0,0,대구,달서구,차대차,정면충돌,정면충돌,운전자법규위반,안전운전 의무 불이행,교차로,교차로내,승용차,중형,이륜차,중형,1092994,1758755,128.5294629,35.8208739
2012,2012-09-23,50,야간,일,1,1,0,0,0,대구,달성군,차량단독,기타,기타,운전자법규위반,안전운전 의무 불이행,단일로,기타단일로,승용차,소형,0,0,1083748,1743168,128.425492,35.68118798
2012,2012-09-19,3,주간,수,1,1,0,0,0,대구,북구,차대차,측면직각충돌,측면직각충돌,운전자법규위반,신호위반,교차로,교차로내,이륜차,소형,화물차,소형,1098849,1765123,128.5950577,35.87770582
2012,2012-09-25,14,야간,화,1,1,0,0,0,경기,안양시,차대사람,차도통행중,차도통행중,운전자법규위반,안전운전 의무 불이행,교차로,교차로부근,승용차,중형,보행자,보행자,949456,1933699,126.9289265,37.40102623
2012,2012-08-07,0,야간,화,1,1,0,0,0,경남,김해시,차대차,측면직각충돌,측면직각충돌,운전자법규위반,직진 및 우회전차의 통행방해,교차로,교차로내,이륜차,중형,이륜차,소형,1125732,1693862,128.8817309,35.23227809
2012,2012-08-04,35,주간,토,1,1,0,0,0,경기,수원시,차대차,기타,기타,운전자법규위반,안전운전 의무 불이행,단일로,기타단일로,자전거,자전거,승용차,소형,954835,1920934,126.990477,37.2862462
2012,2012-08-12,50,야간,일,1,1,0,0,0,경남,거창군,차대사람,횡단중,횡단중,운전자법규위반,안전운전 의무 불이행,단일로,기타단일로,화물차,소형,보행자,보행자,1034522,1755151,127.8820339,35.79218118
2012,2012-08-12,45,야간,일,1,1,0,0,0,제주,제주시,차대차,측면직각충돌,측면직각충돌,운전자법규위반,안전운전 의무 불이행,단일로,기타단일로,승용차,중형,자전거,자전거,910940,1502832,126.5410506,33.51367625
2012,2012-11-10,6,야간,토,1,1,0,0,0,전북,고창군,차대사람,횡단중,횡단중,운전자법규위반,안전운전 의무 불이행,단일로,교량위,승용차,중형,보행자,보행자,925326,1712853,126.6775697,35.40860631
2012,2012-11-15,20,주간,목,1,1,0,0,0,강원,강릉시,차대사람,횡단중,횡단중,운전자법규위반,안전운전 의무 불이행,단일로,기타단일로,화물차,소형,보행자,보행자,1123176,1973124,128.89818,37.74947021
2012,2012-11-15,15,주간,목,1,1,0,0,0,전북,무주군,차대차,기타,기타,운전자법규위반,안전운전 의무 불이행,단일로,기타단일로,화물차,소형,농기계,농기계,1013215,1777313,127.6466115,35.99251343
2012,2012-11-15,30,야간,목,1,2,1,0,0,경북,칠곡군,차대차,기타,기타,운전자법규위반,안전운전 의무 불이행,단일로,기타단일로,승용차,소형,건설기계,건설기계,1090194,1766943,128.4993967,35.89494841
2012,2012-11-19,0,주간,월,1,1,0,0,0,전남,무안군,차대차,기타,기타,운전자법규위반,안전거리 미확보,단일로,기타단일로,이륜차,소형,화물차,소형,901733,1652992,126.4250553,34.86695549
2012,2012-11-18,30,야간,일,1,1,0,0,0,충북,괴산군,차대사람,횡단중,횡단중,운전자법규위반,안전운전 의무 불이행,단일로,기타단일로,승용차,소형,보행자,보행자,1026074,1867509,127.7923015,36.80539152
2012,2012-11-20,10,주간,화,1,1,0,0,0,인천,부평구,차대차,측면직각충돌,측면직각충돌,운전자법규위반,안전운전 의무 불이행,교차로,교차로부근,화물차,대형,자전거,자전거,933830,1942696,126.7515804,37.48113161
2012,2012-11-17,37,야간,토,1,1,0,0,0,경북,포항시,차대사람,기타,기타,운전자법규위반,신호위반,단일로,횡단보도상,승용차,중형,보행자,보행자,1169129,1786218,129.3778263,36.05817854
2012,2012-11-20,0,야간,화,1,1,0,0,0,강원,강릉시,차량단독,공작물충돌,공작물충돌,운전자법규위반,안전운전 의무 불이행,단일로,기타단일로,승용차,소형,0,0,1129385,1964399,128.9670871,37.66999759
2013,2013-01-11,5,주간,금,1,1,0,0,0,전북,익산시,차대사람,기타,기타,운전자법규위반,안전운전 의무 불이행,단일로,기타단일로,특수차,대형,보행자,보행자,962240,1771135,127.0813768,35.93617226
2013,2013-06-12,24,야간,수,1,1,0,0,0,전북,장수군,차대사람,기타,기타,운전자법규위반,안전운전 의무 불이행,단일로,기타단일로,승용차,중형,보행자,보행자,1012267,1756116,127.6357674,35.8014121
2012,2012-11-09,22,야간,금,2,3,0,1,0,경남,진주시,차대차,정면충돌,정면충돌,운전자법규위반,중앙선 침범,단일로,기타단일로,승용차,중형,승용차,중형,1051460,1684411,128.0654402,35.15365196
2012,2012-09-25,35,주간,화,1,1,0,0,0,전북,순창군,차대차,추돌,주정차중 추돌,운전자법규위반,안전운전 의무 불이행,단일로,기타단일로,승용차,중형,자전거,자전거,967485,1709050,127.1420307,35.37658504
2012,2012-09-25,0,주간,화,1,1,0,0,0,전남,해남군,차대차,추돌,주정차중 추돌,운전자법규위반,안전운전 의무 불이행,교차로,교차로내,원동기장치자전거,원동기장치자전거,화물차,소형,916278,1618844,126.5873844,34.56027285
2012,2012-09-25,42,야간,화,1,1,0,0,0,세종,세종,차대차,추돌,진행중 추돌,운전자법규위반,안전운전 의무 불이행,단일로,기타단일로,승용차,대형,농기계,농기계,980772,1828134,127.285431,36.45059247
2012,2012-09-25,3,야간,화,1,2,1,0,0,충남,아산시,차대차,정면충돌,정면충돌,운전자법규위반,중앙선 침범,단일로,기타단일로,승용차,중형,승용차,중형,958437,1878092,127.0334846,36.90023693
2012,2012-10-29,8,주간,일,1,1,0,0,0,전남,강진군,차대사람,횡단중,횡단중,운전자법규위반,과속,단일로,기타단일로,화물차,소형,보행자,보행자,928508,1614669,126.7210371,34.52354943
2012,2012-10-23,10,주간,화,1,1,0,0,0,부산,강서구,차대사람,횡단중,횡단중,운전자법규위반,신호위반,단일로,횡단보도상,승용차,중형,보행자,보행자,1127235,1681846,128.8968682,35.12415255
2012,2012-10-27,33,야간,토,1,1,0,0,0,경기,남양주시,차대차,기타,기타,운전자법규위반,안전운전 의무 불이행,단일로,기타단일로,승용차,중형,화물차,대형,973336,1959247,127.1978036,37.6322988
2012,2012-10-27,40,야간,토,1,1,0,0,0,경북,김천시,차대사람,기타,기타,운전자법규위반,신호위반,단일로,기타단일로,승용차,대형,보행자,보행자,1047710,1792841,128.0302393,36.13142752
2012,2012-10-27,30,주간,토,1,1,0,0,0,경기,여주시,차량단독,전도전복,전도전복,운전자법규위반,안전운전 의무 불이행,단일로,기타단일로,승용차,중형,0,0,1009560,1914020,127.6077629,37.22497075
2012,2012-10-12,0,야간,금,1,1,0,0,0,울산,중구,차대사람,횡단중,횡단중,운전자법규위반,안전운전 의무 불이행,단일로,횡단보도부근,화물차,중형,보행자,보행자,1166577,1731096,129.3380189,35.56188442
2012,2012-10-10,13,야간,수,1,1,0,0,0,부산,수영구,차대사람,횡단중,횡단중,운전자법규위반,보행자 보호의무 위반,교차로,교차로부근,화물차,소형,보행자,보행자,1146976,1687003,129.1138913,35.16756446
2012,2012-10-11,33,주간,목,1,1,0,0,0,전북,김제시,차량단독,도로이탈,도로이탈 기타,운전자법규위반,안전운전 의무 불이행,단일로,기타단일로,원동기장치자전거,원동기장치자전거,0,0,941512,1756536,126.8526598,35.80353279
2012,2012-10-12,38,주간,금,1,1,0,0,0,강원,춘천시,차량단독,도로이탈,도로이탈 추락,운전자법규위반,안전운전 의무 불이행,단일로,기타단일로,승용차,경형,0,0,1019230,1990348,127.7186889,37.91288479
2012,2012-10-12,55,야간,금,1,1,0,0,0,경기,수원시,차대사람,횡단중,횡단중,운전자법규위반,안전운전 의무 불이행,교차로,교차로부근,승용차,소형,보행자,보행자,954116,1917056,126.9832584,37.2513761
2012,2012-10-17,35,야간,수,1,1,0,0,0,서울,광진구,차대사람,기타,기타,운전자법규위반,안전운전 의무 불이행,단일로,기타단일로,승용차,중형,보행자,보행자,962215,1950913,127.0721967,37.55679207
2012,2012-10-17,10,야간,수,1,1,0,0,0,전남,해남군,차대사람,기타,기타,운전자법규위반,안전운전 의무 불이행,단일로,기타단일로,화물차,소형,보행자,보행자,918721,1600946,126.6157162,34.39908034
2012,2012-10-21,57,주간,일,1,1,0,0,0,경북,고령군,차대차,추돌,진행중 추돌,운전자법규위반,안전운전 의무 불이행,단일로,기타단일로,자전거,자전거,자전거,자전거,1069860,1747677,128.2724226,35.72292112
2012,2012-10-14,35,야간,일,1,2,1,0,0,충북,옥천군,차대차,추돌,진행중 추돌,운전자법규위반,안전운전 의무 불이행,단일로,기타단일로,승용차,중형,농기계,농기계,1014487,1804993,127.6612328,36.24205081
2012,2012-10-18,5,주간,목,1,1,0,0,0,인천,중구,차대사람,기타,기타,운전자법규위반,안전운전 의무 불이행,단일로,기타단일로,건설기계,건설기계,보행자,보행자,923087,1941071,126.6302527,37.46565391
2012,2012-10-14,20,주간,일,1,1,0,0,0,경남,진주시,차량단독,도로이탈,도로이탈 기타,운전자법규위반,안전운전 의무 불이행,단일로,기타단일로,농기계,농기계,0,0,1039550,1692912,127.9350683,35.23086236
2012,2012-09-27,5,야간,목,1,1,0,0,0,경북,청도군,차대사람,횡단중,횡단중,운전자법규위반,안전운전 의무 불이행,단일로,기타단일로,승용차,중형,보행자,보행자,1114355,1736273,128.7621017,35.61748957
2012,2012-09-28,0,주간,금,1,3,0,2,0,경북,성주군,차대차,추돌,진행중 추돌,운전자법규위반,안전운전 의무 불이행,단일로,기타단일로,승용차,대형,승용차,중형,1075626,1768345,128.3365451,35.90920303
2012,2012-09-28,6,야간,금,1,2,1,0,0,서울,금천구,차대차,기타,기타,운전자법규위반,안전거리 미확보,교차로,교차로부근,승용차,소형,승용차,대형,947078,1939296,126.9016585,37.45134078
2012,2012-10-03,53,주간,수,1,1,0,0,0,부산,금정구,차량단독,공작물충돌,공작물충돌,운전자법규위반,안전운전 의무 불이행,단일로,기타단일로,승용차,소형,0,0,1148059,1694498,129.1271263,35.23496163
2012,2012-09-27,0,주간,목,1,1,0,0,0,제주,제주시,차대사람,기타,기타,운전자법규위반,안전운전 의무 불이행,단일로,기타단일로,승용차,경형,보행자,보행자,906478,1503530,126.4929396,33.51958977
2012,2012-09-29,55,야간,토,2,2,0,0,0,경남,양산시,차량단독,공작물충돌,공작물충돌,운전자법규위반,안전운전 의무 불이행,교차로,교차로내,승용차,중형,0,0,1141329,1714084,129.0563884,35.39896189
2012,2012-10-05,1,야간,금,1,1,0,0,0,부산,진구,차대사람,기타,기타,운전자법규위반,과속,고가도로위,고가도로위,화물차,대형,보행자,보행자,1140446,1686291,129.0420902,35.16208052
2012,2012-11-26,1,주간,월,1,1,0,0,0,전남,여수시,차대차,추돌,주정차중 추돌,운전자법규위반,안전운전 의무 불이행,단일로,기타단일로,화물차,중형,승합차,대형,1018916,1640980,127.7067008,34.76312973
2012,2012-11-25,30,주간,일,1,1,0,0,0,경남,창원시(통합),차대차,추돌,진행중 추돌,운전자법규위반,안전거리 미확보,단일로,기타단일로,원동기장치자전거,원동기장치자전거,화물차,소형,1091709,1683385,128.5067306,35.14151058
2012,2012-11-29,45,주간,목,1,2,0,0,1,경기,화성시,차량단독,기타,기타,운전자법규위반,안전운전 의무 불이행,교차로,교차로내,이륜차,소형,0,0,941400,1910464,126.8457698,37.19001444
2012,2012-11-30,25,주간,금,1,1,0,0,0,경기,안산시,차대사람,횡단중,횡단중,운전자법규위반,안전운전 의무 불이행,단일로,기타단일로,승용차,소형,보행자,보행자,937893,1925622,126.8038219,37.3249562
2012,2012-11-26,47,야간,월,1,1,0,0,0,강원,원주시,차대사람,길가장자리구역통행중,길가장자리구역통행중,운전자법규위반,안전운전 의무 불이행,단일로,기타단일로,화물차,소형,보행자,보행자,1039498,1926138,127.9458703,37.33341134
2012,2012-11-23,10,주간,금,1,1,0,0,0,부산,북구,차대사람,기타,기타,운전자법규위반,안전운전 의무 불이행,기타/불명,기타/불명,승용차,중형,보행자,보행자,1136199,1691081,128.9962641,35.20584253
2012,2012-11-23,40,야간,금,1,2,1,0,0,경북,영천시,차대차,기타,기타,운전자법규위반,중앙선 침범,단일로,기타단일로,이륜차,사발이,화물차,소형,1127405,1774484,128.9128268,35.95877964
2012,2012-11-06,30,주간,화,1,1,0,0,0,경기,성남시,차대사람,차도통행중,차도통행중,운전자법규위반,안전운전 의무 불이행,교차로,교차로내,건설기계,건설기계,보행자,보행자,967008,1938370,127.1270249,37.44392022
2012,2012-11-06,5,주간,화,1,1,0,0,0,경북,경주시,차대사람,기타,기타,운전자법규위반,안전운전 의무 불이행,단일로,횡단보도부근,화물차,중형,보행자,보행자,1156146,1784317,129.2333631,36.04321839
2012,2012-11-10,46,주간,토,1,1,0,0,0,전남,광양시,차량단독,전도전복,전도전복,운전자법규위반,안전운전 의무 불이행,단일로,기타단일로,농기계,농기계,0,0,1010192,1668332,127.6117046,35.00990345
2012,2012-08-15,38,야간,수,1,1,0,0,0,전남,여수시,차대사람,횡단중,횡단중,운전자법규위반,안전운전 의무 불이행,단일로,횡단보도상,승용차,중형,보행자,보행자,1022044,1638745,127.7408227,34.74291228
2012,2012-08-20,10,주간,월,1,1,0,0,0,경북,영덕군,차대차,측면직각충돌,측면직각충돌,운전자법규위반,안전운전 의무 불이행,교차로,교차로내,승용차,소형,이륜차,중형,1170455,1837685,129.403778,36.52169281
2012,2012-08-21,0,야간,화,2,3,1,0,0,경기,양평군,차량단독,공작물충돌,공작물충돌,운전자법규위반,중앙선 침범,단일로,기타단일로,승용차,소형,0,0,998626,1943942,127.4844564,37.49473209
2012,2012-08-20,50,야간,월,1,1,0,0,0,부산,남구,차대사람,기타,기타,운전자법규위반,안전운전 의무 불이행,단일로,기타단일로,승용차,대형,보행자,보행자,1146360,1683668,129.1065385,35.13759383
2012,2012-08-20,10,야간,월,1,1,0,0,0,부산,기장군,차대사람,차도통행중,차도통행중,운전자법규위반,안전운전 의무 불이행,단일로,기타단일로,승용차,소형,보행자,보행자,1157718,1704524,129.235161,35.32385152
2012,2012-11-23,15,주간,금,1,2,1,0,0,경기,포천시,차대사람,횡단중,횡단중,운전자법규위반,안전운전 의무 불이행,교차로,교차로부근,화물차,중형,보행자,보행자,977818,2001653,127.2472999,38.01462678
2012,2012-11-29,13,야간,목,1,1,0,0,0,충남,홍성군,차량단독,전도전복,전도전복,운전자법규위반,안전운전 의무 불이행,단일로,기타단일로,승용차,대형,0,0,928245,1850918,126.6971832,36.65348001
2012,2012-11-26,5,주간,월,1,1,0,0,0,경기,수원시,차대사람,횡단중,횡단중,운전자법규위반,안전운전 의무 불이행,교차로,교차로내,승합차,중형,보행자,보행자,953142,1922267,126.9712943,37.29817757
2012,2012-11-29,50,야간,목,1,1,0,0,0,충남,서산시,차대사람,횡단중,횡단중,운전자법규위반,안전운전 의무 불이행,단일로,기타단일로,승용차,대형,보행자,보행자,907485,1864541,126.463296,36.77447763
2012,2012-11-29,45,주간,목,1,20,16,3,0,충남,천안시,차대차,추돌,주정차중 추돌,운전자법규위반,안전운전 의무 불이행,단일로,기타단일로,승합차,대형,화물차,대형,967276,1883355,127.1324664,36.94802762
2012,2012-11-21,20,주간,수,1,1,0,0,0,경북,예천군,차대사람,횡단중,횡단중,운전자법규위반,안전운전 의무 불이행,단일로,기타단일로,화물차,중형,보행자,보행자,1084476,1850581,128.4450899,36.64939816
2012,2012-11-26,16,야간,월,1,1,0,0,0,서울,강남구,차량단독,기타,기타,운전자법규위반,안전운전 의무 불이행,교차로,교차로내,화물차,소형,0,0,963480,1943882,127.0868684,37.49346993
2012,2012-11-26,50,주간,월,1,1,0,0,0,서울,성북구,차대사람,횡단중,횡단중,운전자법규위반,안전운전 의무 불이행,단일로,횡단보도부근,승합차,대형,보행자,보행자,957988,1956110,127.0240418,37.60345074
2012,2012-11-26,27,야간,월,1,1,0,0,0,경북,포항시,차대사람,횡단중,횡단중,운전자법규위반,안전운전 의무 불이행,교차로,교차로부근,승용차,소형,보행자,보행자,1166884,1782419,129.3521099,36.02433296
2012,2012-11-26,35,주간,월,1,1,0,0,0,울산,중구,차대차,기타,기타,운전자법규위반,안전운전 의무 불이행,교차로,교차로부근,화물차,소형,승합차,대형,1167059,1733166,129.3437623,35.58045788
2012,2012-11-27,30,야간,화,1,1,0,0,0,강원,태백시,차대사람,보도통행중,보도통행중,운전자법규위반,보행자 보호의무 위반,단일로,기타단일로,승용차,소형,보행자,보행자,1133654,1902500,129.0042889,37.11163256
2012,2012-11-22,0,야간,목,1,1,0,0,0,울산,울주군,차대사람,기타,기타,운전자법규위반,안전운전 의무 불이행,교차로,교차로부근,이륜차,중형,보행자,보행자,1164104,1717057,129.3141669,35.43497804
2012,2012-11-13,25,야간,화,1,1,0,0,0,인천,부평구,차대사람,기타,기타,운전자법규위반,안전운전 의무 불이행,교차로,교차로부근,화물차,소형,보행자,보행자,929269,1941306,126.7001309,37.46826576