발생년,발생년월일시분,발생분,주야,요일,사망자수,사상자수,중상자수,경상자수,부상신고자수,발생지시도,발생지시군구,사고유형_대분류,사고유형_중분류,사고유형,법규위반_대분류,법규위반,도로형태_대분류,도로형태,당사자종별_1당_대분류,당사자종별_1당,당사자종별_2당_대분류,당사자종별_2당,발생위치X_UTMK,발생위치Y_UTMK,경도,위도
2012,2012-11-10,10,야간,토,1,1,0,0,0,부산,진구,차대사람,횡단중,횡단중,운전자법규위반,안전운전 의무 불이행,단일로,횡단보도부근,승용차,중형,보행자,보행자,1142048,1684415,129.0592214,35.14215205
2012,2012-11-10,4,야간,토,1,1,0,0,0,전남,나주시,차대사람,기타,기타,운전자법규위반,안전운전 의무 불이행,단일로,기타단일로,승합차,소형,보행자,보행자,940373,1672972,126.8461719,35.05003368
2012,2012-11-13,40,주간,화,1,2,1,0,0,경기,안성시,차대차,정면충돌,정면충돌,운전자법규위반,중앙선 침범,단일로,기타단일로,화물차,대형,화물차,대형,992038,1895685,127.4171554,37.04339928
2012,2012-11-09,45,야간,금,1,1,0,0,0,경기,용인시,차대사람,횡단중,횡단중,운전자법규위반,안전운전 의무 불이행,단일로,기타단일로,승용차,중형,보행자,보행자,972371,1915989,127.1884872,37.24235875
2012,2012-11-09,35,야간,금,1,1,0,0,0,강원,태백시,차대사람,횡단중,횡단중,운전자법규위반,중앙선 침범,교차로,교차로내,승용차,중형,보행자,보행자,1128751,1912802,128.950895,37.20515414
2012,2012-09-24,0,주간,월,1,2,1,0,0,전남,해남군,차대차,측면직각충돌,측면직각충돌,운전자법규위반,신호위반,교차로,교차로내,이륜차,사발이,화물차,소형,890965,1621217,126.3112008,34.57929398
2012,2012-09-25,20,주간,화,1,2,1,0,0,경기,안성시,차량단독,공작물충돌,공작물충돌,운전자법규위반,안전운전 의무 불이행,단일로,기타단일로,승용차,소형,0,0,978008,1891707,127.2527561,37.02362747
2012,2012-09-25,30,야간,화,1,1,0,0,0,울산,울주군,차대차,추돌,주정차중 추돌,운전자법규위반,안전거리 미확보,교차로,교차로부근,화물차,소형,화물차,대형,1156000,1721212,129.2194591,35.47452655
2012,2012-09-24,16,야간,월,1,1,0,0,0,인천,서구,차대차,기타,기타,운전자법규위반,안전운전 의무 불이행,단일로,기타단일로,승용차,중형,자전거,자전거,924064,1951017,126.6400678,37.55541795
2012,2012-10-28,45,야간,일,1,1,0,0,0,경기,화성시,차량단독,기타,기타,운전자법규위반,안전운전 의무 불이행,단일로,기타단일로,원동기장치자전거,원동기장치자전거,0,0,961786,1910859,127.0740401,37.19565224
2012,2012-10-21,0,야간,일,1,2,0,1,0,대구,달성군,차대차,측면직각충돌,측면직각충돌,운전자법규위반,중앙선 침범,단일로,기타단일로,승용차,중형,승합차,대형,1085882,1765780,128.4514981,35.88485219
2012,2012-10-26,40,주간,금,1,1,0,0,0,충남,논산시,차량단독,공작물충돌,공작물충돌,운전자법규위반,안전운전 의무 불이행,단일로,기타단일로,이륜차,중형,0,0,967220,1812354,127.1348694,36.30796517
2012,2012-10-26,22,주간,금,1,1,0,0,0,서울,은평구,차량단독,공작물충돌,공작물충돌,운전자법규위반,안전운전 의무 불이행,단일로,기타단일로,이륜차,소형,0,0,949680,1961303,126.9295659,37.64983828
2012,2012-10-25,7,야간,목,1,2,0,1,0,광주,광산구,차대차,측면직각충돌,측면직각충돌,운전자법규위반,안전운전 의무 불이행,교차로,교차로부근,승용차,중형,원동기장치자전거,원동기장치자전거,940174,1690142,126.8427473,35.20483791
2012,2012-10-26,10,주간,금,1,1,0,0,0,전남,나주시,차대차,추돌,진행중 추돌,운전자법규위반,안전운전 의무 불이행,기타/불명,기타/불명,화물차,대형,농기계,농기계,920214,1670334,126.6114188,35.02394291
2012,2012-10-27,40,야간,토,1,1,0,0,0,광주,남구,차대사람,횡단중,횡단중,운전자법규위반,안전운전 의무 불이행,단일로,기타단일로,승용차,중형,보행자,보행자,944942,1682805,126.8956159,35.13895551
2012,2012-10-12,45,주간,금,1,2,0,0,1,경북,칠곡군,차대차,측면직각충돌,측면직각충돌,운전자법규위반,신호위반,교차로,교차로내,승용차,중형,화물차,경형,1081062,1779616,128.3995155,36.00999364
2012,2012-10-13,45,야간,토,1,1,0,0,0,경북,구미시,차량단독,전도전복,전도전복,운전자법규위반,안전운전 의무 불이행,단일로,기타단일로,이륜차,소형,0,0,1080102,1790818,128.3900004,36.11105643
2012,2012-10-05,0,주간,금,1,1,0,0,0,경북,구미시,차량단독,공작물충돌,공작물충돌,운전자법규위반,안전운전 의무 불이행,단일로,기타단일로,농기계,농기계,0,0,1084315,1797322,128.4375022,36.16933004
2012,2012-10-09,20,주간,화,1,1,0,0,0,광주,남구,차대사람,횡단중,횡단중,운전자법규위반,보행자 보호의무 위반,단일로,기타단일로,건설기계,건설기계,보행자,보행자,946462,1682256,126.9123361,35.13408737
2012,2012-09-04,36,야간,화,1,1,0,0,0,전남,고흥군,차량단독,기타,기타,운전자법규위반,안전운전 의무 불이행,단일로,기타단일로,이륜차,소형,0,0,986622,1629842,127.353991,34.66277673
2012,2012-09-09,30,주간,일,1,6,0,5,0,충남,논산시,차대차,기타,기타,운전자법규위반,신호위반,교차로,교차로내,화물차,소형,승용차,소형,962192,1801644,127.0793826,36.21122705
2012,2012-09-09,46,야간,일,1,3,1,1,0,광주,북구,차대차,정면충돌,정면충돌,운전자법규위반,중앙선 침범,단일로,기타단일로,화물차,소형,승용차,중형,945277,1688844,126.8984775,35.19310797
2012,2012-09-14,14,야간,금,1,1,0,0,0,충남,논산시,차대사람,횡단중,횡단중,운전자법규위반,안전운전 의무 불이행,단일로,기타단일로,화물차,소형,보행자,보행자,962563,1801078,127.0835369,36.20613877
2012,2012-09-13,45,야간,목,1,1,0,0,0,경기,화성시,차대차,기타,기타,운전자법규위반,안전운전 의무 불이행,단일로,기타단일로,승용차,중형,승용차,소형,945492,1901975,126.8339076,37.24749328
2012,2012-09-15,15,주간,토,1,3,0,2,0,경북,경산시,차대차,측면직각충돌,측면직각충돌,운전자법규위반,보행자 보호의무 위반,교차로,교차로부근,화물차,소형,승용차,중형,1115399,1766516,128.7785638,35.88845105
2012,2012-09-15,26,주간,토,1,2,0,1,0,부산,금정구,차대차,추돌,진행중 추돌,운전자법규위반,안전운전 의무 불이행,단일로,기타단일로,불명,불명,원동기장치자전거,원동기장치자전거,1144745,1693765,129.09059,35.22883872
2012,2012-09-21,10,야간,금,1,1,0,0,0,충남,서산시,차대사람,횡단중,횡단중,운전자법규위반,신호위반,교차로,교차로내,화물차,중형,보행자,보행자,908649,1872273,126.499463,36.8316678
2012,2012-06-18,20,야간,월,1,1,0,0,0,경기,연천군,차대차,측면직각충돌,측면직각충돌,운전자법규위반,중앙선 침범,단일로,기타단일로,승용차,중형,화물차,대형,962913,2008578,127.0737716,38.10574943
2012,2012-06-19,0,주간,화,1,1,0,0,0,충북,음성군,차대차,추돌,진행중 추돌,운전자법규위반,안전운전 의무 불이행,단일로,기타단일로,화물차,중형,원동기장치자전거,원동기장치자전거,1005866,1887092,127.5664857,36.98240907
2012,2012-06-16,47,주간,토,1,3,1,1,0,강원,삼척시,차대사람,기타,기타,운전자법규위반,안전운전 의무 불이행,기타/불명,기타/불명,승용차,중형,보행자,보행자,1146367,1938990,129.154505,37.43851553
2012,2012-06-15,15,주간,금,1,1,0,0,0,충남,당진시,차대차,기타,기타,운전자법규위반,신호위반,교차로,교차로내,자전거,자전거,승용차,소형,920447,1872441,126.6075878,36.84705073
2012,2012-06-20,10,주간,수,1,1,0,0,0,전남,나주시,차대사람,횡단중,횡단중,운전자법규위반,신호위반,단일로,횡단보도상,특수차,대형,보행자,보행자,931126,1671417,126.7449121,35.03542407
2012,2012-06-21,5,주간,목,1,1,0,0,0,인천,동구,차대차,추돌,진행중 추돌,운전자법규위반,안전거리 미확보,교차로,교차로내,화물차,소형,특수차,대형,924576,1943560,126.6468339,37.48820925
2012,2012-06-27,2,주간,수,1,4,0,3,0,경북,경주시,차대차,측면직각충돌,측면직각충돌,운전자법규위반,안전운전 의무 불이행,단일로,기타단일로,승용차,대형,화물차,소형,1164625,1747800,129.3199008,35.71274619
2012,2012-06-28,26,주간,목,1,4,0,3,0,전남,신안군,차대차,측면직각충돌,측면직각충돌,운전자법규위반,중앙선 침범,단일로,기타단일로,승용차,중형,농기계,농기계,876370,1627485,126.1511957,34.63414982
2012,2012-06-24,20,주간,일,1,1,0,0,0,강원,원주시,차량단독,공작물충돌,공작물충돌,운전자법규위반,안전운전 의무 불이행,단일로,기타단일로,승용차,중형,0,0,1049366,1937542,128.0580214,37.43572811
2012,2012-06-23,48,주간,토,1,2,1,0,0,경기,안성시,차량단독,공작물충돌,공작물충돌,운전자법규위반,안전운전 의무 불이행,단일로,기타단일로,승합차,소형,0,0,969407,1888859,127.1561768,36.99771403
2012,2012-06-30,10,야간,토,1,1,0,0,0,경기,가평군,차대사람,차도통행중,차도통행중,운전자법규위반,안전운전 의무 불이행,단일로,기타단일로,승용차,대형,보행자,보행자,1004097,1986757,127.5465889,37.88063173
2012,2012-06-30,0,주간,토,1,4,3,0,0,충북,충주시,차대차,측면직각충돌,측면직각충돌,운전자법규위반,신호위반,교차로,교차로내,화물차,중형,승용차,중형,1037871,1892851,127.9258167,37.03343345
2012,2012-06-27,49,야간,수,2,7,3,1,1,경기,수원시,차량단독,전도전복,전도전복,운전자법규위반,과속,단일로,기타단일로,승용차,중형,0,0,958205,1915479,127.0243015,37.2427054
2012,2012-07-04,9,야간,수,1,1,0,0,0,전남,담양군,차대차,기타,기타,운전자법규위반,안전운전 의무 불이행,단일로,기타단일로,승용차,소형,승용차,소형,944468,1696876,126.8894642,35.26580242
2012,2012-07-04,18,주간,수,1,1,0,0,0,경기,김포시,차대사람,횡단중,횡단중,운전자법규위반,안전운전 의무 불이행,단일로,기타단일로,승합차,대형,보행자,보행자,929139,1958858,126.6969656,37.62644686
2012,2012-07-03,40,주간,화,1,2,1,0,0,충북,옥천군,차대차,측면직각충돌,측면직각충돌,운전자법규위반,교차로 통행방법 위반,교차로,교차로내,승용차,경형,화물차,중형,1026276,1816309,127.7928181,36.34382013
2012,2012-07-08,38,주간,일,1,1,0,0,0,서울,강동구,차대사람,횡단중,횡단중,운전자법규위반,안전운전 의무 불이행,단일로,기타단일로,승합차,대형,보행자,보행자,968454,1948389,127.142942,37.53427701
2012,2012-07-12,15,야간,목,1,1,0,0,0,충남,서산시,차대차,추돌,주정차중 추돌,운전자법규위반,안전운전 의무 불이행,단일로,기타단일로,승용차,중형,화물차,중형,905759,1870345,126.4432392,36.82662012
2012,2012-07-11,40,주간,수,1,1,0,0,0,경남,진주시,차대사람,횡단중,횡단중,운전자법규위반,안전운전 의무 불이행,교차로,교차로내,승용차,중형,보행자,보행자,1056628,1688833,128.099837,35.22231326
2012,2012-07-10,50,야간,화,1,1,0,0,0,경기,고양시,차대사람,기타,기타,운전자법규위반,안전운전 의무 불이행,단일로,횡단보도부근,승용차,중형,보행자,보행자,935527,1965277,126.7702426,37.68648232
2012,2012-07-16,30,주간,월,1,1,0,0,0,경기,오산시,차대사람,기타,기타,운전자법규위반,보행자 보호의무 위반,교차로,교차로내,승용차,경형,보행자,보행자,959029,1907209,127.038544,37.16272608
2012,2012-07-15,25,주간,일,1,2,1,0,0,강원,원주시,차대차,측면직각충돌,측면직각충돌,운전자법규위반,신호위반,교차로,교차로내,이륜차,중형,승용차,대형,1041754,1927121,127.9713916,37.342173
2012,2012-08-11,32,야간,토,1,1,0,0,0,경남,김해시,차대사람,횡단중,횡단중,운전자법규위반,안전운전 의무 불이행,단일로,기타단일로,승용차,소형,보행자,보행자,1126945,1694175,128.8951059,35.23494671
2012,2012-08-08,33,야간,수,1,3,2,0,0,강원,춘천시,차대차,측면직각충돌,측면직각충돌,운전자법규위반,신호위반,교차로,교차로내,승용차,중형,원동기장치자전거,원동기장치자전거,1021209,1987835,127.7412081,37.89010993
2012,2012-08-10,14,야간,금,1,1,0,0,0,광주,남구,차대차,기타,기타,운전자법규위반,과속,단일로,기타단일로,승용차,중형,승용차,중형,944972,1682749,126.8959489,35.13845222
2012,2012-08-10,50,주간,금,1,1,0,0,0,서울,동대문구,차대차,측면직각충돌,측면직각충돌,운전자법규위반,안전운전 의무 불이행,단일로,기타단일로,화물차,경형,원동기장치자전거,원동기장치자전거,958656,1953294,127.0317684,37.57809978
2012,2012-08-16,20,주간,목,1,1,0,0,0,전남,여수시,차대사람,보도통행중,보도통행중,운전자법규위반,신호위반,교차로,교차로내,화물차,대형,보행자,보행자,1022597,1639896,127.7471905,34.75350444
2012,2012-08-14,0,야간,화,1,1,0,0,0,경기,군포시,차대사람,횡단중,횡단중,운전자법규위반,안전운전 의무 불이행,단일로,횡단보도상,승용차,소형,보행자,보행자,950314,1927253,126.939053,37.34297209
2012,2012-08-13,15,주간,월,2,4,0,2,0,세종,세종,차대사람,기타,기타,운전자법규위반,안전운전 의무 불이행,단일로,기타단일로,승용차,대형,보행자,보행자,972129,1853532,127.188668,36.67941572
2012,2012-08-12,25,야간,일,1,1,0,0,0,경기,의정부시,차대사람,횡단중,횡단중,운전자법규위반,안전운전 의무 불이행,지하도로내,지하도로내,승용차,경형,보행자,보행자,961029,1970972,127.0576983,37.73753789
2012,2012-08-14,28,주간,화,1,4,2,1,0,강원,양구군,차량단독,공작물충돌,공작물충돌,운전자법규위반,안전운전 의무 불이행,단일로,기타단일로,승용차,소형,0,0,1038882,2023246,127.9441212,38.20867007
2012,2012-08-19,25,야간,일,1,1,0,0,0,강원,원주시,차대사람,길가장자리구역통행중,길가장자리구역통행중,운전자법규위반,신호위반,단일로,기타단일로,승합차,대형,보행자,보행자,1040393,1934237,127.9540571,37.40321005
2012,2012-08-17,36,주간,금,1,1,0,0,0,충남,논산시,차량단독,도로이탈,도로이탈 추락,운전자법규위반,안전운전 의무 불이행,단일로,기타단일로,이륜차,대형,0,0,978731,1790929,127.2636686,36.11512991
2012,2012-08-24,1,주간,금,1,1,0,0,0,경기,양평군,차대차,정면충돌,정면충돌,운전자법규위반,중앙선 침범,단일로,기타단일로,승용차,소형,승합차,대형,1014950,1950874,127.6650793,37.57382032
2012,2012-08-23,30,야간,목,1,1,0,0,0,경북,봉화군,차량단독,공작물충돌,공작물충돌,운전자법규위반,안전운전 의무 불이행,단일로,기타단일로,화물차,소형,0,0,1109141,1888049,128.7263594,36.98457541
2012,2012-08-30,4,야간,목,1,3,2,0,0,대전,유성구,차대차,측면직각충돌,측면직각충돌,운전자법규위반,신호위반,교차로,교차로내,승용차,중형,승용차,소형,984163,1818819,127.323662,36.36684871
2012,2012-08-27,36,주간,월,1,1,0,0,0,경남,사천시,차대차,측면직각충돌,측면직각충돌,운전자법규위반,과속,교차로,교차로내,승용차,대형,원동기장치자전거,원동기장치자전거,1052576,1660163,128.0757683,34.93598176
2012,2012-08-26,50,야간,일,1,5,1,3,0,충북,청주시,차대차,측면직각충돌,측면직각충돌,운전자법규위반,신호위반,교차로,교차로내,승용차,중형,이륜차,중형,999464,1852202,127.4940019,36.66776057
2012,2012-09-01,40,야간,토,1,1,0,0,0,경기,성남시,차량단독,전도전복,전도전복,운전자법규위반,안전운전 의무 불이행,단일로,기타단일로,이륜차,소형,0,0,966286,1937180,127.1189172,37.43316804
2012,2012-08-31,25,야간,금,1,1,0,0,0,전남,고흥군,차량단독,공작물충돌,공작물충돌,운전자법규위반,안전운전 의무 불이행,단일로,기타단일로,이륜차,중형,0,0,965952,1606948,127.1103186,34.4674794
2012,2012-08-31,50,주간,금,1,1,0,0,0,전북,정읍시,차대사람,기타,기타,운전자법규위반,안전운전 의무 불이행,단일로,기타단일로,화물차,소형,보행자,보행자,941643,1729723,126.856055,35.56179865
2012,2012-08-31,0,주간,금,1,2,1,0,0,경기,안산시,차대차,기타,기타,운전자법규위반,차로위반(진로변경 위반),교차로,교차로부근,원동기장치자전거,원동기장치자전거,특수차,중형,938784,1925329,126.8090479,37.32494177
2012,2012-10-14,25,주간,일,1,1,0,0,0,경북,칠곡군,차대차,정면충돌,정면충돌,운전자법규위반,안전운전 의무 불이행,단일로,기타단일로,화물차,소형,이륜차,소형,1094165,1790079,128.5461421,36.10313237
2012,2012-10-18,50,주간,목,1,1,0,0,0,경북,포항시,차대차,기타,기타,운전자법규위반,교차로 통행방법 위반,교차로,교차로내,화물차,경형,화물차,경형,1149422,1791953,129.1601956,36.11309004
2012,2012-10-15,32,주간,월,1,1,0,0,0,서울,동작구,차대사람,횡단중,횡단중,운전자법규위반,보행자 보호의무 위반,교차로,교차로내,화물차,소형,보행자,보행자,951893,1946177,126.9556453,37.51362427
2012,2012-10-19,0,야간,금,1,1,0,0,0,경북,경산시,차대사람,길가장자리구역통행중,길가장자리구역통행중,운전자법규위반,안전운전 의무 불이행,단일로,기타단일로,승용차,소형,보행자,보행자,1114802,1765873,128.7722042,35.88219879
2012,2012-10-16,55,주간,화,1,1,0,0,0,서울,서초구,차대사람,기타,기타,운전자법규위반,안전운전 의무 불이행,교차로,교차로부근,건설기계,건설기계,보행자,보행자,955230,1943262,126.9935371,37.487347
2012,2012-10-03,20,야간,수,1,1,0,0,0,경북,성주군,차대사람,기타,기타,운전자법규위반,안전운전 의무 불이행,단일로,기타단일로,승용차,대형,보행자,보행자,1071501,1770063,128.2925691,35.92462084
2012,2012-09-28,22,야간,금,1,1,0,0,0,경북,영천시,차량단독,기타,기타,운전자법규위반,안전운전 의무 불이행,교차로,교차로내,원동기장치자전거,원동기장치자전거,0,0,1123082,1772761,128.8646333,35.94380419
2012,2012-09-28,40,야간,금,2,4,2,0,0,경남,밀양시,차대차,정면충돌,정면충돌,운전자법규위반,중앙선 침범,단일로,교량위,승용차,중형,화물차,소형,1102402,1728763,128.6297752,35.54956937
2012,2012-10-04,45,주간,목,1,1,0,0,0,부산,해운대구,차대사람,기타,기타,운전자법규위반,안전운전 의무 불이행,교차로,교차로부근,화물차,중형,보행자,보행자,1148071,1688291,129.1261421,35.17901313
2012,2012-09-30,4,주간,일,1,1,0,0,0,경남,합천군,차대사람,횡단중,횡단중,운전자법규위반,안전운전 의무 불이행,교차로,교차로부근,승용차,경형,보행자,보행자,1058397,1742794,128.1453325,35.67964366
2012,2012-07-10,55,주간,화,1,1,0,0,0,충남,예산군,차대차,추돌,진행중 추돌,운전자법규위반,안전거리 미확보,단일로,터널안,화물차,소형,농기계,농기계,944025,1853212,126.8735562,36.67521812
2012,2012-07-16,0,주간,월,1,1,0,0,0,충북,음성군,차대차,측면직각충돌,측면직각충돌,운전자법규위반,교차로 통행방법 위반,교차로,교차로내,화물차,소형,원동기장치자전거,원동기장치자전거,1019741,1881046,127.7216584,36.92757499
2012,2012-07-17,5,주간,화,1,1,0,0,0,경남,사천시,차대사람,기타,기타,운전자법규위반,안전운전 의무 불이행,단일로,횡단보도부근,승용차,중형,보행자,보행자,1052999,1660706,128.0803723,34.93980126
2012,2012-07-17,40,야간,화,1,1,0,0,0,인천,서구,차대사람,횡단중,횡단중,운전자법규위반,안전운전 의무 불이행,기타/불명,기타/불명,승용차,소형,보행자,보행자,926498,1943174,126.6686112,37.48488532
2012,2012-07-17,15,주간,화,1,1,0,0,0,경북,청송군,차대차,측면직각충돌,측면직각충돌,운전자법규위반,중앙선 침범,단일로,기타단일로,승용차,중형,원동기장치자전거,원동기장치자전거,1137911,1837233,129.0403526,36.52286696
2012,2012-07-14,55,야간,토,1,1,0,0,0,충남,공주시,차량단독,도로이탈,도로이탈 추락,운전자법규위반,안전운전 의무 불이행,교차로,교차로내,이륜차,대형,0,0,966020,1827731,127.1208308,36.44654998
2012,2012-07-14,10,주간,토,1,1,0,0,0,전남,여수시,차대사람,횡단중,횡단중,운전자법규위반,보행자 보호의무 위반,단일로,횡단보도상,승합차,중형,보행자,보행자,1021487,1638431,127.7347297,34.74009259
2012,2012-07-21,30,주간,토,1,1,0,0,0,강원,인제군,차량단독,공작물충돌,공작물충돌,운전자법규위반,안전운전 의무 불이행,단일로,기타단일로,이륜차,중형,0,0,1074251,2005839,128.3462717,38.04957987
2012,2012-07-30,50,주간,월,1,1,0,0,0,충북,괴산군,차대차,정면충돌,정면충돌,운전자법규위반,안전운전 의무 불이행,단일로,기타단일로,승합차,경형,원동기장치자전거,원동기장치자전거,1018144,1861195,127.7032528,36.7486579
2012,2012-07-28,55,주간,토,2,2,0,0,0,경북,경주시,차대차,정면충돌,정면충돌,운전자법규위반,중앙선 침범,단일로,기타단일로,화물차,소형,건설기계,건설기계,1148141,1777238,129.1432091,35.98067263
2012,2012-07-27,0,야간,금,1,1,0,0,0,경남,의령군,차량단독,도로이탈,도로이탈 추락,운전자법규위반,안전운전 의무 불이행,단일로,기타단일로,화물차,소형,0,0,1075093,1708690,128.3266615,35.37104154
2012,2012-07-27,17,주간,금,1,1,0,0,0,경남,함양군,차대차,측면직각충돌,측면직각충돌,운전자법규위반,신호위반,교차로,교차로내,특수차,대형,원동기장치자전거,원동기장치자전거,1028180,1724002,127.8107622,35.5115339
2012,2012-08-01,50,주간,금,1,2,0,1,0,경기,김포시,차대차,정면충돌,정면충돌,운전자법규위반,중앙선 침범,단일로,기타단일로,승용차,소형,화물차,중형,923767,1965380,126.6410531,37.67358857
2012,2012-07-30,20,주간,월,1,2,1,0,0,광주,광산구,차대사람,차도통행중,차도통행중,운전자법규위반,안전운전 의무 불이행,단일로,터널안,승용차,대형,보행자,보행자,936974,1685169,126.8083388,35.15694659
2012,2012-07-31,1,주간,화,1,2,1,0,0,경남,고성군,차대사람,기타,기타,운전자법규위반,안전운전 의무 불이행,단일로,기타단일로,승용차,대형,보행자,보행자,1078974,1674137,128.3660658,35.05920897
2012,2012-07-31,23,야간,화,1,1,0,0,0,전남,영암군,차대사람,횡단중,횡단중,운전자법규위반,안전운전 의무 불이행,단일로,기타단일로,승용차,대형,보행자,보행자,918658,1635817,126.6116946,34.71350779
2012,2012-06-12,40,주간,화,1,1,0,0,0,전남,곡성군,차대차,측면직각충돌,측면직각충돌,운전자법규위반,교차로 통행방법 위반,교차로,교차로내,화물차,소형,원동기장치자전거,원동기장치자전거,980118,1697074,127.2814016,35.2689307
2012,2012-06-18,44,주간,월,1,1,0,0,0,충북,단양군,차대차,정면충돌,정면충돌,운전자법규위반,교차로 통행방법 위반,교차로,교차로내,특수차,대형,원동기장치자전거,원동기장치자전거,1087702,1897774,128.4866304,37.07447136
2012,2012-06-18,45,야간,월,1,1,0,0,0,경북,울릉군,차량단독,기타,기타,운전자법규위반,안전운전 의무 불이행,단일로,기타단일로,화물차,소형,0,0,1300050,1947398,130.8977245,37.47932571
2012,2012-06-18,30,주간,월,1,1,0,0,0,충남,천안시,차대사람,횡단중,횡단중,운전자법규위반,안전운전 의무 불이행,단일로,기타단일로,승용차,소형,보행자,보행자,968956,1869059,127.1519202,36.81921409
2012,2012-06-16,25,야간,토,1,1,0,0,0,경기,가평군,차대사람,기타,기타,운전자법규위반,안전운전 의무 불이행,단일로,기타단일로,승용차,중형,보행자,보행자,992292,1970602,127.4125208,37.73500032
2012,2012-06-22,20,주간,금,1,2,1,0,0,충북,괴산군,차대차,정면충돌,정면충돌,운전자법규위반,중앙선 침범,단일로,기타단일로,승용차,중형,건설기계,건설기계,1033616,1868699,127.8769019,36.81588095
2012,2012-06-23,45,야간,토,1,1,0,0,0,서울,구로구,차대사람,보도통행중,보도통행중,운전자법규위반,기타(운전자법규위반),단일로,기타단일로,화물차,중형,보행자,보행자,944523,1944570,126.8723756,37.49872643
2012,2012-06-23,35,야간,토,1,1,0,0,0,경북,영천시,차량단독,공작물충돌,공작물충돌,운전자법규위반,안전운전 의무 불이행,단일로,기타단일로,승용차,경형,0,0,1127455,1777939,128.9139365,35.98991382
2012,2012-06-22,30,야간,금,1,1,0,0,0,경북,영천시,차대차,정면충돌,정면충돌,운전자법규위반,중앙선 침범,교차로,교차로내,이륜차,소형,승용차,대형,1127271,1790481,128.9139161,36.10298048
2012,2012-06-21,10,야간,목,1,4,3,0,0,충남,보령시,차량단독,전도전복,전도전복,운전자법규위반,안전운전 의무 불이행,단일로,기타단일로,승용차,대형,0,0,919272,1802834,126.6009876,36.23187592
2012,2012-06-20,15,주간,수,1,1,0,0,0,전남,영광군,차량단독,전도전복,전도전복,운전자법규위반,안전운전 의무 불이행,단일로,기타단일로,이륜차,소형,0,0,912514,1693258,126.5385733,35.23090073
2012,2012-06-19,0,주간,화,1,1,0,0,0,인천,서구,차량단독,공작물충돌,공작물충돌,운전자법규위반,안전운전 의무 불이행,교차로,교차로부근,건설기계,건설기계,0,0,925948,1945613,126.6621452,37.50682338
2012,2012-06-27,40,야간,수,1,1,0,0,0,인천,남동구,차대사람,기타,기타,운전자법규위반,안전운전 의무 불이행,단일로,기타단일로,승용차,경형,보행자,보행자,932581,1934537,126.7382006,37.40750461
2012,2012-06-24,2,야간,일,1,5,3,1,0,부산,동래구,차대차,측면직각충돌,측면직각충돌,운전자법규위반,안전거리 미확보,단일로,기타단일로,승용차,중형,승용차,중형,1144996,1690514,129.0927747,35.19949914
2012,2012-06-24,22,주간,일,1,1,0,0,0,부산,강서구,차량단독,공작물충돌,공작물충돌,운전자법규위반,안전운전 의무 불이행,단일로,교량위,승용차,중형,0,0,1131746,1678112,128.9452892,35.08953015
2012,2012-08-19,20,야간,일,1,1,0,0,0,충남,홍성군,차대사람,기타,기타,운전자법규위반,안전운전 의무 불이행,단일로,기타단일로,승용차,중형,보행자,보행자,923435,1839846,126.6444756,36.55330189
2012,2012-08-18,10,야간,토,1,2,1,0,0,경북,포항시,차대사람,기타,기타,운전자법규위반,안전운전 의무 불이행,단일로,기타단일로,승용차,소형,보행자,보행자,1166989,1785007,129.3538213,36.04763584
2012,2012-08-18,40,야간,토,1,2,1,0,0,강원,춘천시,차대차,정면충돌,정면충돌,운전자법규위반,신호위반,교차로,교차로내,승용차,소형,원동기장치자전거,원동기장치자전거,1022796,1982138,127.7590769,37.83872441
2012,2012-08-18,34,주간,토,1,1,0,0,0,울산,울주군,차량단독,공작물충돌,공작물충돌,운전자법규위반,안전운전 의무 불이행,단일로,기타단일로,승용차,경형,0,0,1162710,1723282,129.2938007,35.4921058
2012,2012-08-24,38,야간,금,1,2,0,1,0,서울,서대문구,차대차,측면직각충돌,측면직각충돌,운전자법규위반,안전운전 의무 불이행,단일로,기타단일로,원동기장치자전거,원동기장치자전거,승용차,중형,950953,1954482,126.9444538,37.5884291
2012,2012-08-23,15,주간,목,1,1,0,0,0,강원,춘천시,차량단독,전도전복,전도전복,운전자법규위반,안전운전 의무 불이행,단일로,기타단일로,화물차,중형,0,0,1009638,2005487,127.6098493,38.04940225
2012,2012-08-22,20,야간,수,1,1,0,0,0,울산,북구,차대사람,차도통행중,차도통행중,운전자법규위반,안전운전 의무 불이행,교차로,교차로내,화물차,소형,보행자,보행자,1168589,1733858,129.3607847,35.58643461
2012,2012-08-28,20,주간,화,1,3,1,1,0,전남,담양군,차대차,기타,기타,운전자법규위반,안전운전 의무 불이행,단일로,기타단일로,화물차,소형,승용차,중형,959084,1706201,127.0497032,35.35145298
2012,2012-08-28,37,야간,화,1,1,0,0,0,경기,화성시,차대사람,횡단중,횡단중,운전자법규위반,안전운전 의무 불이행,단일로,횡단보도상,승용차,중형,보행자,보행자,958946,1911880,127.0373524,37.20482616
2012,2012-08-26,0,주간,일,1,1,0,0,0,전북,전주시,차량단독,공작물충돌,공작물충돌,운전자법규위반,안전운전 의무 불이행,단일로,기타단일로,승용차,중형,0,0,958548,1764595,127.0407877,35.87705926
2012,2012-09-01,0,주간,토,1,1,0,0,0,전남,목포시,차대사람,보도통행중,보도통행중,운전자법규위반,기타(운전자법규위반),단일로,기타단일로,승용차,중형,보행자,보행자,898404,1645446,126.3893795,34.79851068