발생년,발생년월일시분,발생분,주야,요일,사망자수,사상자수,중상자수,경상자수,부상신고자수,발생지시도,발생지시군구,사고유형_대분류,사고유형_중분류,사고유형,법규위반_대분류,법규위반,도로형태_대분류,도로형태,당사자종별_1당_대분류,당사자종별_1당,당사자종별_2당_대분류,당사자종별_2당,발생위치X_UTMK,발생위치Y_UTMK,경도,위도
2012,2012-08-30,50,야간,목,1,2,0,1,0,서울,송파구,차대사람,횡단중,횡단중,운전자법규위반,신호위반,단일로,기타단일로,승용차,중형,보행자,보행자,965381,1944133,127.1083611,37.49580556
2012,2012-08-31,13,야간,금,1,1,0,0,0,경기,파주시,차량단독,공작물충돌,공작물충돌,운전자법규위반,안전운전 의무 불이행,단일로,기타단일로,이륜차,소형,0,0,929221,1977940,126.6960388,37.79842883
2012,2012-09-05,46,주간,수,1,1,0,0,0,전북,전주시,차대차,측면직각충돌,측면직각충돌,운전자법규위반,서행 및 일시정지위반,교차로,교차로내,승용차,중형,화물차,경형,970439,1759569,127.1727911,35.83209521
2012,2012-09-05,54,주간,수,2,2,0,0,0,부산,사상구,차량단독,공작물충돌,공작물충돌,운전자법규위반,안전운전 의무 불이행,단일로,기타단일로,승용차,대형,0,0,1137212,1685168,129.0064054,35.15240445
2012,2012-09-04,50,주간,화,1,1,0,0,0,부산,강서구,차대차,추돌,주정차중 추돌,운전자법규위반,안전운전 의무 불이행,단일로,기타단일로,이륜차,소형,화물차,대형,1121053,1684085,128.8288876,35.14471712
2012,2012-09-08,0,주간,토,1,1,0,0,0,전남,영광군,차대사람,기타,기타,운전자법규위반,안전운전 의무 불이행,단일로,기타단일로,건설기계,건설기계,보행자,보행자,903470,1696957,126.4387643,35.263419
2012,2012-09-13,25,주간,목,1,1,0,0,0,전북,완주군,차량단독,공작물충돌,공작물충돌,운전자법규위반,안전운전 의무 불이행,단일로,기타단일로,화물차,중형,0,0,968889,1749608,127.1559282,35.74231877
2012,2012-09-12,50,야간,수,1,1,0,0,0,경남,사천시,차대사람,횡단중,횡단중,운전자법규위반,안전운전 의무 불이행,단일로,횡단보도상,화물차,소형,보행자,보행자,1052432,1674813,128.0750529,35.06703332
2012,2012-09-11,30,주간,화,1,4,2,1,0,경기,안성시,차대차,정면충돌,정면충돌,운전자법규위반,중앙선 침범,단일로,기타단일로,화물차,대형,농기계,농기계,972167,1893472,127.1870245,37.03938264
2012,2012-09-11,59,주간,화,1,1,0,0,0,경기,남양주시,차대차,측면직각충돌,측면직각충돌,운전자법규위반,안전거리 미확보,단일로,기타단일로,승용차,중형,이륜차,중형,976631,1951147,127.2354057,37.5593798
2012,2012-09-10,1,주간,월,1,1,0,0,0,서울,서초구,차량단독,공작물충돌,공작물충돌,운전자법규위반,안전운전 의무 불이행,교차로,교차로내,승용차,대형,0,0,956336,1942343,127.0061459,37.47928813
2012,2012-09-17,25,주간,월,1,1,0,0,0,경기,이천시,차량단독,전도전복,전도전복,운전자법규위반,안전운전 의무 불이행,교차로,교차로부근,농기계,농기계,0,0,992413,1912394,127.4144938,37.21033199
2012,2012-09-17,40,야간,월,1,1,0,0,0,경북,포항시,차대사람,기타,기타,운전자법규위반,안전운전 의무 불이행,단일로,기타단일로,화물차,경형,보행자,보행자,1169054,1786022,129.376952,36.05642542
2012,2012-09-17,0,주간,월,1,1,0,0,0,전남,신안군,차량단독,도로이탈,도로이탈 추락,운전자법규위반,안전운전 의무 불이행,단일로,기타단일로,농기계,농기계,0,0,857058,1633722,125.9395122,34.6878622
2012,2012-09-16,0,야간,일,1,1,0,0,0,광주,서구,차대사람,횡단중,횡단중,운전자법규위반,보행자 보호의무 위반,교차로,교차로부근,승용차,소형,보행자,보행자,941405,1683748,126.8567247,35.14725837
2012,2012-09-15,20,주간,토,1,1,0,0,0,대구,서구,차대차,정면충돌,정면충돌,운전자법규위반,안전운전 의무 불이행,교차로,교차로내,승용차,중형,이륜차,소형,1094497,1764469,128.5467757,35.87224007
2012,2012-09-15,48,야간,토,1,1,0,0,0,충남,공주시,차대차,기타,기타,운전자법규위반,안전운전 의무 불이행,단일로,기타단일로,화물차,중형,승용차,중형,960860,1830788,127.0630992,36.47391203
2012,2012-09-21,28,주간,금,1,1,0,0,0,충북,충주시,차대차,기타,기타,운전자법규위반,안전운전 의무 불이행,단일로,기타단일로,화물차,중형,자전거,자전거,1038004,1886211,127.9269773,36.97357396
2012,2012-09-21,19,야간,금,1,1,0,0,0,경기,화성시,차량단독,공작물충돌,공작물충돌,운전자법규위반,안전운전 의무 불이행,단일로,기타단일로,승용차,중형,0,0,957378,1907163,127.019952,37.16223758
2012,2012-09-21,30,야간,금,1,1,0,0,0,경북,칠곡군,차대사람,기타,기타,운전자법규위반,안전운전 의무 불이행,단일로,횡단보도부근,승용차,중형,보행자,보행자,1093668,1782513,128.5396983,36.03475271
2012,2012-09-19,35,주간,수,1,4,1,1,1,서울,강남구,차대사람,보도통행중,보도통행중,운전자법규위반,기타(운전자법규위반),단일로,기타단일로,승용차,중형,보행자,보행자,961083,1945458,127.0596696,37.50757711
2012,2012-09-19,40,야간,수,1,1,0,0,0,경남,양산시,차대사람,횡단중,횡단중,운전자법규위반,안전운전 의무 불이행,교차로,교차로내,승합차,소형,보행자,보행자,1152353,1714700,129.1780578,35.41640052
2012,2012-09-26,0,야간,수,1,2,1,0,0,경남,함안군,차량단독,기타,기타,운전자법규위반,과속,단일로,기타단일로,승용차,소형,0,0,1082570,1694071,128.4074902,35.23864772
2012,2012-09-22,10,주간,토,1,1,0,0,0,경남,김해시,차대사람,횡단중,횡단중,운전자법규위반,보행자 보호의무 위반,교차로,교차로부근,화물차,소형,보행자,보행자,1124244,1694105,128.8654194,35.23465416
2012,2012-08-07,50,야간,화,1,1,0,0,0,경기,부천시,차대차,추돌,주정차중 추돌,운전자법규위반,안전운전 의무 불이행,단일로,기타단일로,승용차,중형,승용차,소형,934196,1944475,126.7555606,37.49719175
2012,2012-08-08,40,야간,수,1,2,0,1,0,전남,순천시,차량단독,공작물충돌,공작물충돌,운전자법규위반,안전운전 의무 불이행,단일로,기타단일로,승용차,중형,0,0,999670,1658698,127.496387,34.92308028
2013,2013-10-31,50,야간,목,1,1,0,0,0,인천,연수구,차대사람,횡단중,횡단중,운전자법규위반,보행자 보호의무 위반,단일로,기타단일로,화물차,소형,보행자,보행자,924584,1937564,126.6476125,37.43399617
2013,2013-10-29,25,주간,화,1,1,0,0,0,대구,중구,차대차,측면직각충돌,측면직각충돌,운전자법규위반,기타(운전자법규위반),단일로,기타단일로,승용차,소형,승용차,중형,1098205,1763498,128.5877243,35.86312207
2013,2013-10-28,30,주간,월,1,1,0,0,0,충북,청주시,차대차,측면직각충돌,측면직각충돌,운전자법규위반,신호위반,교차로,교차로내,자전거,자전거,승합차,소형,998830,1844090,127.4868547,36.59467006
2013,2013-11-05,15,주간,화,1,1,0,0,0,전북,진안군,차량단독,전도전복,전도전복,운전자법규위반,안전운전 의무 불이행,단일로,기타단일로,이륜차,중형,0,0,992772,1750364,127.4200546,35.74960054
2013,2013-11-05,30,주간,화,1,1,0,0,0,전남,광양시,차량단독,기타,기타,운전자법규위반,안전운전 의무 불이행,기타/불명,기타/불명,농기계,농기계,0,0,1021504,1666011,127.7356237,34.98879673
2013,2013-11-06,10,야간,수,1,1,0,0,0,충북,괴산군,차대차,추돌,진행중 추돌,운전자법규위반,안전운전 의무 불이행,단일로,기타단일로,화물차,소형,자전거,자전거,1012390,1864607,127.638851,36.7795089
2012,2012-09-20,40,야간,목,1,1,0,0,0,울산,동구,차대사람,횡단중,횡단중,운전자법규위반,안전운전 의무 불이행,단일로,기타단일로,이륜차,소형,보행자,보행자,1174940,1724539,129.4288357,35.50135402
2012,2012-09-21,0,야간,금,1,3,0,2,0,강원,양양군,차대차,추돌,주정차중 추돌,운전자법규위반,안전운전 의무 불이행,교차로,교차로부근,화물차,소형,화물차,소형,1105839,2004181,128.7059866,38.03149722
2012,2012-09-22,10,야간,토,1,1,0,0,0,대구,달서구,차대사람,보도통행중,보도통행중,운전자법규위반,안전운전 의무 불이행,단일로,횡단보도상,이륜차,중형,보행자,보행자,1094369,1761652,128.5450246,35.84685814
2012,2012-09-23,44,야간,일,1,1,0,0,0,경기,안산시,차대차,추돌,주정차중 추돌,운전자법규위반,안전운전 의무 불이행,단일로,기타단일로,원동기장치자전거,원동기장치자전거,화물차,중형,932536,1925034,126.7385582,37.32185008
2012,2012-09-23,10,야간,일,1,3,0,2,0,경남,창원시(통합),차대사람,횡단중,횡단중,운전자법규위반,안전운전 의무 불이행,단일로,기타단일로,승합차,대형,보행자,보행자,1098327,1693911,128.580624,35.23578303
2012,2012-08-08,10,야간,수,1,1,0,0,0,경북,경주시,차대사람,횡단중,횡단중,운전자법규위반,안전운전 의무 불이행,단일로,기타단일로,승용차,중형,보행자,보행자,1153835,1761335,129.2032682,35.83647204
2012,2012-08-06,5,주간,월,1,1,0,0,0,전북,완주군,차대차,측면직각충돌,측면직각충돌,운전자법규위반,안전운전 의무 불이행,교차로,교차로내,화물차,소형,이륜차,소형,969467,1770089,127.1615371,35.9269943
2012,2012-08-05,45,야간,일,1,2,1,0,0,서울,강동구,차대차,추돌,주정차중 추돌,운전자법규위반,안전운전 의무 불이행,교차로,교차로부근,이륜차,소형,승용차,중형,969299,1948862,127.1524864,37.5385689
2012,2012-08-11,10,야간,토,1,1,0,0,0,경기,시흥시,차대사람,횡단중,횡단중,운전자법규위반,안전운전 의무 불이행,교차로,교차로내,승용차,소형,보행자,보행자,931410,1928556,126.7255246,37.35351173
2012,2012-08-09,10,야간,목,1,1,0,0,0,부산,금정구,차대사람,횡단중,횡단중,운전자법규위반,보행자 보호의무 위반,교차로,교차로부근,건설기계,건설기계,보행자,보행자,1144640,1694015,129.0894805,35.23110727
2012,2012-08-09,30,주간,목,1,1,0,0,0,전남,나주시,차량단독,기타,기타,운전자법규위반,안전운전 의무 불이행,단일로,기타단일로,농기계,농기계,0,0,914354,1660332,126.5621954,34.93419544
2012,2012-08-15,0,야간,수,2,3,1,0,0,전남,해남군,차량단독,도로이탈,도로이탈 추락,운전자법규위반,안전운전 의무 불이행,단일로,기타단일로,승용차,중형,0,0,898270,1635301,126.3891405,34.7070289
2012,2012-08-15,5,주간,수,1,1,0,0,0,인천,남동구,차대차,추돌,주정차중 추돌,운전자법규위반,안전운전 의무 불이행,기타/불명,기타/불명,승용차,경형,특수차,대형,933048,1938447,126.7473035,37.44744797
2012,2012-08-20,55,야간,월,1,2,0,1,0,경기,남양주시,차대차,기타,기타,운전자법규위반,안전운전 의무 불이행,단일로,기타단일로,승용차,중형,승용차,중형,970366,1961227,127.1640736,37.65026145
2012,2012-08-20,25,주간,월,1,1,0,0,0,충남,홍성군,차대차,기타,기타,운전자법규위반,교차로 통행방법 위반,교차로,교차로내,화물차,경형,이륜차,소형,924604,1843867,126.6569785,36.58932392
2012,2012-08-25,30,야간,토,1,1,0,0,0,부산,진구,차대사람,기타,기타,운전자법규위반,안전운전 의무 불이행,단일로,기타단일로,승용차,중형,보행자,보행자,1141606,1687493,129.0550291,35.1727524
2012,2012-08-24,40,야간,금,1,1,0,0,0,서울,강남구,차대사람,횡단중,횡단중,운전자법규위반,안전운전 의무 불이행,단일로,횡단보도상,승용차,중형,보행자,보행자,962332,1943373,127.073908,37.48883597
2012,2012-08-24,55,야간,금,1,1,0,0,0,경남,함안군,차량단독,도로이탈,도로이탈 추락,운전자법규위반,안전운전 의무 불이행,단일로,기타단일로,이륜차,중형,0,0,1077114,1704010,128.3484662,35.32869276
2012,2012-08-24,50,주간,금,1,5,2,2,0,제주,제주시,차대차,측면직각충돌,측면직각충돌,운전자법규위반,중앙선 침범,교차로,교차로부근,승용차,경형,승용차,소형,926209,1507035,126.7050968,33.55274555
2012,2012-08-24,45,야간,금,1,1,0,0,0,경남,창원시(통합),차대사람,횡단중,횡단중,운전자법규위반,안전운전 의무 불이행,단일로,기타단일로,승용차,소형,보행자,보행자,1097182,1693416,128.5679838,35.23143203
2012,2012-08-23,50,주간,목,1,1,0,0,0,인천,남동구,차대차,기타,기타,운전자법규위반,기타(운전자법규위반),단일로,기타단일로,특수차,중형,자전거,자전거,932012,1940559,126.7285972,37.45807147
2012,2012-08-22,50,주간,수,1,1,0,0,0,제주,제주시,차대차,측면직각충돌,측면직각충돌,운전자법규위반,직진 및 우회전차의 통행방해,교차로,교차로내,승용차,소형,이륜차,소형,889253,1495670,126.3084613,33.44706381
2012,2012-08-22,15,야간,수,1,1,0,0,0,경기,광주시,차량단독,도로이탈,도로이탈 기타,운전자법규위반,안전운전 의무 불이행,단일로,기타단일로,승용차,중형,0,0,981637,1931534,127.2937409,37.38164688
2012,2012-08-21,15,주간,화,1,1,0,0,0,인천,연수구,차대차,측면직각충돌,측면직각충돌,운전자법규위반,신호위반,교차로,교차로내,원동기장치자전거,원동기장치자전거,승합차,대형,924018,1933799,126.6415285,37.40019018
2012,2012-08-26,28,야간,일,1,1,0,0,0,부산,진구,차대사람,기타,기타,운전자법규위반,보행자 보호의무 위반,단일로,횡단보도상,승용차,중형,보행자,보행자,1141127,1685335,129.0494017,35.15336783
2012,2012-08-26,0,주간,일,2,2,0,0,0,충북,진천군,차대차,측면직각충돌,측면직각충돌,운전자법규위반,중앙선 침범,단일로,기타단일로,이륜차,소형,이륜차,대형,1000971,1876058,127.5108964,36.88281661
2012,2012-09-02,29,야간,일,1,1,0,0,0,부산,진구,차대사람,기타,기타,운전자법규위반,안전운전 의무 불이행,단일로,기타단일로,승용차,중형,보행자,보행자,1142044,1684284,129.0592851,35.14376511
2012,2012-08-31,55,주간,금,1,1,0,0,0,전남,영암군,차량단독,도로이탈,도로이탈 추락,운전자법규위반,안전운전 의무 불이행,단일로,기타단일로,이륜차,사발이,0,0,920591,1650104,126.631453,34.84248193
2012,2012-09-09,10,야간,일,1,1,0,0,0,충남,천안시,차대사람,횡단중,횡단중,운전자법규위반,신호위반,교차로,교차로부근,승용차,중형,보행자,보행자,967061,1866758,127.1307725,36.79840755
2012,2012-09-10,40,주간,월,1,1,0,0,0,충북,진천군,차대차,추돌,주정차중 추돌,운전자법규위반,안전거리 미확보,단일로,기타단일로,화물차,소형,화물차,대형,994006,1868475,127.4327965,36.81443995
2012,2012-09-09,29,주간,일,1,2,0,1,0,경기,이천시,차대차,추돌,주정차중 추돌,운전자법규위반,안전운전 의무 불이행,교차로,교차로내,이륜차,소형,승용차,중형,1009971,1901835,127.5965977,37.11430443
2012,2012-09-13,57,야간,목,1,2,1,0,0,전남,고흥군,차량단독,전도전복,전도전복,운전자법규위반,안전운전 의무 불이행,단일로,기타단일로,승용차,중형,0,0,973493,1620685,127.2109872,34.57994412
2012,2012-09-12,0,야간,수,1,1,0,0,0,부산,기장군,차대차,기타,기타,운전자법규위반,안전운전 의무 불이행,단일로,기타단일로,승용차,소형,화물차,소형,1150893,1700026,129.1592752,35.28436433
2013,2013-12-24,54,야간,화,1,1,0,0,0,충남,아산시,차량단독,전도전복,전도전복,운전자법규위반,안전운전 의무 불이행,단일로,기타단일로,이륜차,중형,0,0,953453,1858374,126.9787511,36.72225933
2013,2013-12-20,15,야간,금,1,1,0,0,0,대구,동구,차대차,기타,기타,운전자법규위반,안전운전 의무 불이행,단일로,기타단일로,승용차,중형,승용차,중형,1101672,1764215,128.6262099,35.86923161
2013,2013-12-20,5,주간,금,1,5,1,3,0,대구,수성구,차대차,추돌,주정차중 추돌,운전자법규위반,안전운전 의무 불이행,단일로,횡단보도부근,승용차,중형,승합차,대형,1101558,1762055,128.6246723,35.84977231
2013,2013-12-22,18,야간,일,1,2,1,0,0,충남,태안군,차대차,정면충돌,정면충돌,운전자법규위반,중앙선 침범,단일로,기타단일로,승용차,중형,화물차,대형,891529,1864154,126.2845852,36.7692974
2013,2013-12-24,20,야간,화,2,2,0,0,0,경북,경주시,차대차,기타,기타,운전자법규위반,중앙선 침범,단일로,기타단일로,화물차,소형,화물차,소형,1177841,1747088,129.4657697,35.70403281
2013,2013-12-22,10,야간,일,1,1,0,0,0,서울,강북구,차대사람,횡단중,횡단중,운전자법규위반,안전운전 의무 불이행,단일로,기타단일로,승용차,중형,보행자,보행자,958660,1956808,127.0321893,37.61001535
2013,2013-12-22,0,주간,일,1,1,0,0,0,서울,강북구,차대사람,횡단중,횡단중,운전자법규위반,안전운전 의무 불이행,단일로,횡단보도상,승합차,대형,보행자,보행자,959338,1958887,127.0393557,37.62872293
2013,2013-12-24,51,주간,화,1,1,0,0,0,광주,서구,차대사람,횡단중,횡단중,운전자법규위반,안전운전 의무 불이행,교차로,교차로부근,승용차,중형,보행자,보행자,939781,1684249,126.8388604,35.15167974
2013,2013-12-25,0,야간,수,1,1,0,0,0,전남,여수시,차대사람,기타,기타,운전자법규위반,안전운전 의무 불이행,교차로,교차로부근,승용차,중형,보행자,보행자,1009265,1650826,127.5627119,34.89308071
2012,2012-09-06,15,주간,목,1,3,1,1,0,경기,포천시,차대차,정면충돌,정면충돌,운전자법규위반,중앙선 침범,단일로,기타단일로,화물차,중형,승용차,중형,974480,2001882,127.2092653,38.01660284
2012,2012-09-07,40,야간,금,1,1,0,0,0,충북,청주시,차대사람,횡단중,횡단중,운전자법규위반,보행자 보호의무 위반,교차로,교차로내,승용차,경형,보행자,보행자,1001175,1849184,127.5129093,36.64045372
2012,2012-09-06,15,주간,목,1,1,0,0,0,경기,의정부시,차대사람,횡단중,횡단중,운전자법규위반,안전운전 의무 불이행,단일로,기타단일로,승용차,대형,보행자,보행자,961612,1970408,127.0643447,37.73247918
2012,2012-09-05,45,야간,수,1,1,0,0,0,경남,창원시(통합),차량단독,공작물충돌,공작물충돌,운전자법규위반,안전운전 의무 불이행,교차로,교차로부근,원동기장치자전거,원동기장치자전거,0,0,1109101,1685193,128.697855,35.15607381
2012,2012-09-04,18,야간,화,1,1,0,0,0,광주,서구,차대사람,횡단중,횡단중,운전자법규위반,안전운전 의무 불이행,단일로,기타단일로,승용차,중형,보행자,보행자,945482,1684499,126.9007387,35.15440913
2012,2012-09-04,0,주간,화,1,1,0,0,0,경남,진주시,차량단독,공작물충돌,공작물충돌,운전자법규위반,안전운전 의무 불이행,단일로,기타단일로,원동기장치자전거,원동기장치자전거,0,0,1065757,1688037,128.2222387,35.18548713
2012,2012-09-04,40,야간,화,2,12,1,8,1,서울,광진구,차대차,기타,기타,운전자법규위반,안전운전 의무 불이행,단일로,기타단일로,승용차,중형,승합차,대형,963119,1950827,127.0824359,37.55605357
2012,2012-09-10,15,주간,월,1,1,0,0,0,경북,문경시,차대차,측면직각충돌,측면직각충돌,운전자법규위반,부당한 회전,단일로,횡단보도상,원동기장치자전거,원동기장치자전거,화물차,소형,1062340,1843317,128.1968695,36.5856254
2012,2012-09-09,20,주간,일,1,1,0,0,0,경남,진주시,차대차,정면충돌,정면충돌,운전자법규위반,중앙선 침범,단일로,기타단일로,승용차,중형,화물차,소형,1042608,1692972,127.9682479,35.23123449
2012,2012-09-08,40,야간,토,1,1,0,0,0,서울,강서구,차량단독,공작물충돌,공작물충돌,운전자법규위반,안전운전 의무 불이행,단일로,교량위,승용차,중형,0,0,939003,1955515,126.8033711,37.59180886
2012,2012-09-06,10,야간,목,1,1,0,0,0,제주,제주시,차대사람,기타,기타,운전자법규위반,안전운전 의무 불이행,단일로,기타단일로,화물차,소형,보행자,보행자,911153,1501319,126.5434939,33.50004917
2012,2012-09-07,33,야간,금,1,1,0,0,0,부산,북구,차대사람,횡단중,횡단중,운전자법규위반,안전운전 의무 불이행,단일로,기타단일로,승용차,중형,보행자,보행자,1137118,1690265,129.0062211,35.19836193
2012,2012-09-14,40,야간,금,1,5,3,1,0,경기,용인시,차대차,측면직각충돌,측면직각충돌,운전자법규위반,신호위반,교차로,교차로내,승용차,중형,화물차,대형,981009,1914951,127.2859051,37.23321836
2012,2012-09-14,0,주간,금,1,1,0,0,0,강원,횡성군,차량단독,전도전복,전도전복,운전자법규위반,기타(운전자법규위반),단일로,기타단일로,농기계,농기계,0,0,1049320,1948336,128.0582248,37.53301972
2012,2012-09-13,25,주간,목,1,1,0,0,0,경남,양산시,차대차,기타,기타,운전자법규위반,안전운전 의무 불이행,교차로,교차로부근,화물차,소형,자전거,자전거,1135996,1701532,128.9959207,35.30019953
2012,2012-09-11,20,주간,화,1,1,0,0,0,경남,합천군,차대차,측면직각충돌,측면직각충돌,운전자법규위반,교차로 통행방법 위반,교차로,교차로내,건설기계,건설기계,자전거,자전거,1070233,1729139,128.2749311,35.55576232
2012,2012-09-17,50,야간,월,1,3,0,2,0,경기,수원시,차대차,측면직각충돌,측면직각충돌,운전자법규위반,중앙선 침범,단일로,기타단일로,승용차,소형,승합차,대형,957215,1921942,127.0172754,37.29424568
2012,2012-09-17,28,야간,월,1,2,1,0,0,경기,안양시,차대차,정면충돌,정면충돌,운전자법규위반,중앙선 침범,단일로,교량위,승용차,중형,승용차,중형,950394,1931763,126.939654,37.383627
2012,2012-09-18,30,야간,화,1,1,0,0,0,광주,북구,차대사람,횡단중,횡단중,운전자법규위반,안전운전 의무 불이행,단일로,기타단일로,승용차,중형,보행자,보행자,943194,1687258,126.8761222,35.17900953
2012,2012-09-22,47,야간,토,1,1,0,0,0,전남,진도군,차대사람,횡단중,횡단중,운전자법규위반,안전운전 의무 불이행,교차로,교차로부근,승용차,소형,보행자,보행자,886061,1610136,126.2592266,34.47885505
2012,2012-09-21,25,야간,금,1,1,0,0,0,전북,익산시,차량단독,공작물충돌,공작물충돌,운전자법규위반,안전운전 의무 불이행,교차로,교차로내,승용차,중형,0,0,960650,1777779,127.0634202,35.99601003
2014,2014-03-14,40,주간,금,1,1,0,0,0,경기,오산시,차대차,측면직각충돌,측면직각충돌,운전자법규위반,안전운전 의무 불이행,단일로,기타단일로,이륜차,소형,승용차,중형,960824,1905922,127.0588279,37.15120216
2014,2014-03-13,23,주간,목,1,9,3,5,0,경북,문경시,차대차,정면충돌,정면충돌,운전자법규위반,중앙선 침범,단일로,기타단일로,화물차,소형,승합차,대형,1045257,1843983,128.0122186,36.58983435
2014,2014-03-11,10,야간,화,1,3,0,2,0,세종,세종,차대사람,기타,기타,운전자법규위반,안전운전 의무 불이행,단일로,기타단일로,승용차,소형,보행자,보행자,974095,1828345,127.2109147,36.45233748
2014,2014-03-12,37,야간,수,1,1,0,0,0,강원,속초시,차량단독,공작물충돌,공작물충돌,운전자법규위반,안전운전 의무 불이행,교차로,교차로부근,이륜차,소형,0,0,1094818,2021380,128.5827147,38.18770048
2014,2014-03-12,50,주간,수,1,1,0,0,0,대구,동구,차대사람,보도통행중,보도통행중,운전자법규위반,보행자 보호의무 위반,단일로,횡단보도상,특수차,대형,보행자,보행자,1103199,1766794,128.6434555,35.89231981
2014,2014-03-11,20,야간,화,1,3,1,1,0,충북,음성군,차량단독,전도전복,전도전복,운전자법규위반,안전운전 의무 불이행,교차로,교차로내,승용차,중형,0,0,1016945,1880378,127.7050535,36.94499381
2014,2014-03-23,25,야간,일,1,1,0,0,0,경기,평택시,차대사람,기타,기타,운전자법규위반,안전운전 의무 불이행,교차로,교차로부근,승용차,중형,보행자,보행자,960686,1897749,127.0577026,37.07752506
2013,2013-12-26,58,주간,목,1,1,0,0,0,경기,화성시,차대사람,횡단중,횡단중,운전자법규위반,안전운전 의무 불이행,교차로,교차로내,화물차,소형,보행자,보행자,946922,1905005,126.9023453,37.14225048
2013,2013-12-27,50,주간,금,1,2,1,0,0,전남,구례군,차대차,추돌,진행중 추돌,운전자법규위반,중앙선 침범,단일로,기타단일로,승용차,대형,승용차,대형,994917,1701802,127.444084,35.31174767
2013,2013-12-29,30,주간,일,1,3,1,1,0,대구,달성군,차대차,추돌,주정차중 추돌,운전자법규위반,안전운전 의무 불이행,단일로,기타단일로,승용차,중형,화물차,대형,1084948,1747896,128.4392513,35.72370908
2013,2013-12-18,30,야간,수,1,1,0,0,0,경북,김천시,차대차,측면직각충돌,측면직각충돌,운전자법규위반,안전운전 의무 불이행,단일로,기타단일로,이륜차,중형,승용차,중형,1057425,1792016,128.1381442,36.12346339
2013,2013-12-23,34,야간,월,1,1,0,0,0,대구,달성군,차량단독,도로이탈,도로이탈 추락,운전자법규위반,안전운전 의무 불이행,단일로,기타단일로,승용차,중형,0,0,1088769,1754097,128.4821805,35.77927388
2013,2013-12-24,6,야간,화,1,1,0,0,0,경기,수원시,차대사람,횡단중,횡단중,운전자법규위반,안전운전 의무 불이행,단일로,기타단일로,승용차,중형,보행자,보행자,956765,1918330,127.0139212,37.26250306
2013,2013-12-27,25,야간,금,1,1,0,0,0,제주,제주시,차대사람,횡단중,횡단중,운전자법규위반,안전운전 의무 불이행,단일로,기타단일로,승용차,중형,보행자,보행자,894733,1498283,126.3671044,33.4711802
2013,2013-12-26,50,주간,목,1,1,0,0,0,서울,강서구,차대사람,횡단중,횡단중,운전자법규위반,안전운전 의무 불이행,교차로,교차로내,화물차,소형,보행자,보행자,942092,1951160,126.8443551,37.557973
2013,2013-12-28,21,야간,토,1,1,0,0,0,경기,시흥시,차대사람,기타,기타,운전자법규위반,안전운전 의무 불이행,단일로,기타단일로,승용차,경형,보행자,보행자,939140,1937055,126.818768,37.41463934
2013,2013-12-28,20,야간,토,1,1,0,0,0,인천,남동구,차대차,기타,기타,운전자법규위반,안전운전 의무 불이행,단일로,횡단보도부근,승용차,소형,승용차,소형,930235,1940993,126.7116148,37.46447616
2013,2013-12-28,35,야간,토,1,1,0,0,0,경기,파주시,차대사람,차도통행중,차도통행중,운전자법규위반,안전운전 의무 불이행,단일로,기타단일로,승용차,소형,보행자,보행자,938294,1973223,126.8027124,37.75624522
2013,2013-12-20,50,주간,금,1,5,2,2,0,경남,함안군,차대차,기타,기타,운전자법규위반,안전운전 의무 불이행,단일로,기타단일로,승용차,소형,화물차,소형,1072798,1699710,128.304288,35.28837457
2013,2013-12-12,20,주간,목,1,1,0,0,0,경기,부천시,차량단독,기타,기타,운전자법규위반,안전운전 의무 불이행,단일로,기타단일로,이륜차,소형,0,0,936878,1942864,126.7860381,37.48285914
2013,2013-12-17,35,주간,화,1,1,0,0,0,강원,양양군,차대사람,횡단중,횡단중,운전자법규위반,안전운전 의무 불이행,교차로,교차로부근,화물차,중형,보행자,보행자,1098548,2008750,128.6235535,38.07349162
2013,2013-12-17,55,주간,화,1,1,0,0,0,서울,구로구,차대사람,횡단중,횡단중,운전자법규위반,안전운전 의무 불이행,단일로,기타단일로,승용차,중형,보행자,보행자,945654,1943205,126.885271,37.48649075
2012,2012-06-25,40,야간,월,1,1,0,0,0,전남,보성군,차대사람,횡단중,횡단중,운전자법규위반,보행자 보호의무 위반,교차로,교차로내,승용차,대형,보행자,보행자,981259,1649572,127.2950197,34.84061285
2012,2012-06-25,20,주간,월,1,1,0,0,0,전남,함평군,차량단독,도로이탈,도로이탈 기타,운전자법규위반,안전운전 의무 불이행,단일로,기타단일로,화물차,소형,0,0,918948,1691457,126.6094492,35.21520381
2012,2012-06-23,10,주간,토,2,5,1,2,0,서울,마포구,차대차,추돌,진행중 추돌,운전자법규위반,안전운전 의무 불이행,단일로,횡단보도상,승용차,중형,승용차,중형,951053,1950949,126.9458225,37.55659103
2012,2012-06-25,45,주간,월,1,1,0,0,0,전남,순천시,차대차,기타,기타,운전자법규위반,안전운전 의무 불이행,단일로,기타단일로,승용차,중형,원동기장치자전거,원동기장치자전거,1000812,1655079,127.5087553,34.89046343
2012,2012-07-01,0,야간,일,1,1,0,0,0,충남,아산시,차대차,추돌,진행중 추돌,운전자법규위반,안전운전 의무 불이행,기타/불명,기타/불명,승용차,중형,이륜차,소형,950529,1865089,126.9455732,36.78264302