발생년,발생년월일시분,발생분,주야,요일,사망자수,사상자수,중상자수,경상자수,부상신고자수,발생지시도,발생지시군구,사고유형_대분류,사고유형_중분류,사고유형,법규위반_대분류,법규위반,도로형태_대분류,도로형태,당사자종별_1당_대분류,당사자종별_1당,당사자종별_2당_대분류,당사자종별_2당,발생위치X_UTMK,발생위치Y_UTMK,경도,위도
2012,2012-07-02,25,주간,월,1,3,1,1,0,전북,익산시,차대차,측면직각충돌,측면직각충돌,운전자법규위반,직진 및 우회전차의 통행방해,교차로,교차로내,원동기장치자전거,원동기장치자전거,화물차,소형,951158,1773118,126.9583995,35.95355895
2012,2012-07-09,40,주간,월,1,1,0,0,0,충북,청주시,차대차,측면직각충돌,측면직각충돌,운전자법규위반,직진 및 우회전차의 통행방해,교차로,교차로내,화물차,소형,자전거,자전거,999202,1844468,127.491078,36.59803847
2012,2012-07-17,54,야간,화,1,1,0,0,0,부산,북구,차대사람,차도통행중,차도통행중,운전자법규위반,안전운전 의무 불이행,단일로,기타단일로,승용차,중형,보행자,보행자,1138745,1692091,129.0243955,35.21459777
2012,2012-07-18,50,주간,수,1,1,0,0,0,경북,경산시,차량단독,공작물충돌,공작물충돌,운전자법규위반,안전운전 의무 불이행,단일로,기타단일로,이륜차,소형,0,0,1111742,1760464,128.7372065,35.83432252
2012,2012-07-20,5,주간,금,1,1,0,0,0,부산,사하구,차대차,측면직각충돌,측면직각충돌,운전자법규위반,안전운전 의무 불이행,단일로,횡단보도부근,자전거,자전거,승용차,중형,1133556,1679977,128.9654406,35.10610362
2012,2012-07-18,41,야간,수,1,1,0,0,0,경기,안양시,차대차,측면직각충돌,측면직각충돌,운전자법규위반,신호위반,교차로,교차로내,이륜차,중형,승합차,소형,952990,1931040,126.969023,37.37724557
2012,2012-07-18,30,주간,수,1,1,0,0,0,경북,예천군,차량단독,기타,기타,운전자법규위반,안전운전 의무 불이행,단일로,기타단일로,이륜차,중형,0,0,1089194,1857684,128.4986936,36.7129909
2012,2012-07-19,55,야간,목,1,1,0,0,0,충북,청주시,차대차,측면직각충돌,측면직각충돌,운전자법규위반,차로위반(진로변경 위반),단일로,기타단일로,승용차,중형,승용차,중형,997513,1850819,127.4721738,36.6552898
2012,2012-07-24,50,야간,화,1,1,0,0,0,경남,거창군,차대사람,기타,기타,운전자법규위반,안전운전 의무 불이행,단일로,기타단일로,승용차,경형,보행자,보행자,1037940,1747325,127.9194874,35.72149531
2012,2012-07-25,20,야간,수,1,1,0,0,0,전남,여수시,차대사람,횡단중,횡단중,운전자법규위반,안전운전 의무 불이행,교차로,교차로내,화물차,소형,보행자,보행자,1018909,1640999,127.7066248,34.76330119
2012,2012-07-23,40,야간,월,1,1,0,0,0,경기,가평군,차대차,정면충돌,정면충돌,운전자법규위반,중앙선 침범,단일로,기타단일로,승용차,소형,이륜차,소형,988748,1977503,127.3721925,37.79716396
2012,2012-07-23,37,야간,월,1,1,0,0,0,서울,금천구,차대사람,횡단중,횡단중,운전자법규위반,안전운전 의무 불이행,단일로,횡단보도부근,승용차,중형,보행자,보행자,945390,1942783,126.8823163,37.48267162
2012,2012-07-21,0,야간,토,1,1,0,0,0,서울,동대문구,차대차,측면직각충돌,측면직각충돌,운전자법규위반,신호위반,교차로,교차로부근,이륜차,소형,승용차,중형,959654,1954251,127.043018,37.58676975
2012,2012-07-23,15,주간,월,1,1,0,0,0,경북,청도군,차량단독,전도전복,전도전복,운전자법규위반,안전운전 의무 불이행,단일로,기타단일로,농기계,농기계,0,0,1112761,1740654,128.7457008,35.65563483
2012,2012-07-29,13,야간,일,1,1,0,0,0,경기,부천시,차대사람,횡단중,횡단중,운전자법규위반,안전운전 의무 불이행,단일로,기타단일로,승용차,중형,보행자,보행자,937707,1941698,126.7955127,37.47240625
2013,2013-02-28,20,야간,목,1,1,0,0,0,경기,부천시,차대사람,횡단중,횡단중,운전자법규위반,안전운전 의무 불이행,교차로,교차로부근,화물차,중형,보행자,보행자,934092,1943840,126.7543672,37.49224204
2013,2013-03-09,50,주간,토,1,1,0,0,0,충북,충주시,차대차,측면직각충돌,측면직각충돌,운전자법규위반,안전운전 의무 불이행,기타/불명,기타/불명,화물차,소형,이륜차,소형,1037376,1886001,127.9199114,36.97170614
2013,2013-03-06,25,주간,수,1,2,1,0,0,경남,창원시(통합),차대차,추돌,주정차중 추돌,운전자법규위반,안전운전 의무 불이행,단일로,기타단일로,화물차,경형,특수차,대형,1100157,1690405,128.6003059,35.20399366
2013,2013-03-06,45,야간,수,1,1,0,0,0,서울,마포구,차대사람,기타,기타,운전자법규위반,안전운전 의무 불이행,단일로,기타단일로,화물차,중형,보행자,보행자,945349,1953279,126.8810714,37.57727064
2013,2013-03-04,30,주간,월,1,1,0,0,0,경기,양주시,차량단독,기타,기타,운전자법규위반,안전운전 의무 불이행,단일로,기타단일로,농기계,농기계,0,0,955022,1974971,126.9892764,37.77330502
2013,2013-03-13,50,야간,수,1,3,0,2,0,부산,남구,차대차,추돌,진행중 추돌,운전자법규위반,과속,단일로,교량위,승용차,중형,특수차,대형,1149092,1685599,129.1347231,35.15561211
2013,2013-03-14,40,주간,목,1,2,0,1,0,전남,영암군,차대차,측면직각충돌,측면직각충돌,운전자법규위반,신호위반,교차로,교차로내,원동기장치자전거,원동기장치자전거,화물차,소형,904193,1641172,126.4531406,34.7605362
2013,2013-03-12,14,주간,화,1,1,0,0,0,충북,음성군,차량단독,기타,기타,운전자법규위반,안전운전 의무 불이행,단일로,기타단일로,이륜차,소형,0,0,1012752,1899511,127.6434965,37.09414612
2013,2013-03-12,40,주간,화,1,1,0,0,0,경기,오산시,차대사람,횡단중,횡단중,운전자법규위반,과속,교차로,교차로내,승용차,중형,보행자,보행자,961504,1907938,127.0663816,37.16940249
2013,2013-12-23,40,주간,월,1,1,0,0,0,서울,중구,차대사람,기타,기타,운전자법규위반,안전운전 의무 불이행,단일로,기타단일로,승합차,대형,보행자,보행자,953952,1951434,126.9786132,37.56111192
2013,2013-12-25,0,야간,수,1,3,2,0,0,울산,북구,차대사람,길가장자리구역통행중,길가장자리구역통행중,운전자법규위반,안전운전 의무 불이행,교차로,교차로부근,승용차,중형,보행자,보행자,1167776,1739656,129.3530205,35.63882321
2013,2013-12-26,30,야간,목,1,1,0,0,0,경북,경주시,차대사람,기타,기타,운전자법규위반,안전운전 의무 불이행,단일로,기타단일로,승용차,중형,보행자,보행자,1164543,1745950,129.3185994,35.70071292
2013,2013-12-23,50,주간,월,1,1,0,0,0,대전,유성구,차대차,기타,기타,운전자법규위반,안전운전 의무 불이행,단일로,기타단일로,화물차,대형,자전거,자전거,986283,1816311,127.3471379,36.34409914
2013,2013-12-25,30,야간,수,1,1,0,0,0,경북,경주시,차대사람,횡단중,횡단중,운전자법규위반,안전운전 의무 불이행,단일로,기타단일로,화물차,소형,보행자,보행자,1155090,1762399,129.2173648,35.84586322
2013,2013-12-28,5,주간,토,1,1,0,0,0,경기,고양시,차량단독,도로이탈,도로이탈 추락,운전자법규위반,안전운전 의무 불이행,단일로,교량위,승용차,중형,0,0,934473,1960239,126.7577058,37.63911169
2013,2013-12-28,15,야간,토,1,4,0,3,0,광주,동구,차대차,측면직각충돌,측면직각충돌,운전자법규위반,신호위반,교차로,교차로내,승용차,소형,승용차,소형,947227,1684512,126.9205886,35.15446962
2013,2013-12-08,24,주간,일,1,1,0,0,0,경남,창원시(통합),차대사람,차도통행중,차도통행중,운전자법규위반,안전운전 의무 불이행,단일로,기타단일로,승합차,대형,보행자,보행자,1112339,1680293,128.7327328,35.11154291
2013,2013-12-14,10,야간,토,1,1,0,0,0,경북,포항시,차대사람,기타,기타,운전자법규위반,안전운전 의무 불이행,단일로,기타단일로,승합차,대형,보행자,보행자,1166105,1797700,129.3466881,36.16216501
2013,2013-12-07,10,야간,토,1,1,0,0,0,경북,구미시,차대사람,횡단중,횡단중,운전자법규위반,안전운전 의무 불이행,교차로,교차로부근,화물차,소형,보행자,보행자,1076515,1798614,128.3509087,36.18162466
2013,2013-12-08,10,야간,일,1,1,0,0,0,경북,청도군,차량단독,도로이탈,도로이탈 추락,운전자법규위반,안전운전 의무 불이행,기타/불명,기타/불명,이륜차,중형,0,0,1095625,1738255,128.5561416,35.63581727
2013,2013-12-11,15,주간,수,1,1,0,0,0,경북,의성군,차대차,추돌,주정차중 추돌,운전자법규위반,안전운전 의무 불이행,단일로,기타단일로,화물차,중형,화물차,소형,1077722,1827205,128.3671797,36.43926047
2013,2013-12-16,25,야간,월,1,1,0,0,0,충남,당진시,차대사람,기타,기타,운전자법규위반,안전운전 의무 불이행,기타/불명,기타/불명,승용차,중형,보행자,보행자,932363,1882303,126.7401831,36.9367908
2013,2013-12-11,19,야간,수,1,2,0,1,0,서울,마포구,차대사람,횡단중,횡단중,운전자법규위반,안전운전 의무 불이행,단일로,기타단일로,승용차,중형,보행자,보행자,951571,1951001,126.9516836,37.55708709
2013,2013-12-19,40,주간,목,1,3,1,1,0,충북,청주시,차대차,정면충돌,정면충돌,운전자법규위반,중앙선 침범,단일로,기타단일로,승용차,소형,승용차,중형,1001247,1850021,127.5140115,36.64891595
2013,2013-12-15,5,야간,일,1,4,3,0,0,전북,완주군,차대차,기타,기타,운전자법규위반,교차로 통행방법 위반,교차로,교차로내,승용차,소형,승합차,대형,959852,1767716,127.0550758,35.90525203
2013,2013-12-09,0,주간,월,1,2,1,0,0,경북,칠곡군,차량단독,전도전복,전도전복,운전자법규위반,안전운전 의무 불이행,단일로,교량위,승용차,중형,0,0,1078309,1783298,128.3693343,36.04341157
2013,2013-12-09,5,주간,월,1,2,1,0,0,경남,산청군,차대차,측면직각충돌,측면직각충돌,운전자법규위반,교차로 통행방법 위반,교차로,교차로내,승용차,중형,농기계,농기계,1052389,1706763,128.0766146,35.35511818
2013,2013-12-07,30,야간,토,1,1,0,0,0,광주,북구,차대사람,횡단중,횡단중,운전자법규위반,안전운전 의무 불이행,단일로,기타단일로,승용차,중형,보행자,보행자,947995,1687485,126.9288329,35.18131642
2013,2013-12-08,35,야간,일,1,1,0,0,0,충남,논산시,차대사람,기타,기타,운전자법규위반,안전운전 의무 불이행,단일로,기타단일로,승용차,중형,보행자,보행자,971501,1801588,127.1829464,36.21104135
2013,2013-12-17,41,주간,화,1,2,0,1,0,경기,안산시,차대차,측면직각충돌,측면직각충돌,운전자법규위반,중앙선 침범,단일로,기타단일로,승용차,중형,승용차,중형,946113,1921579,126.8920388,37.29159546
2013,2013-11-26,48,주간,화,1,1,0,0,0,경기,부천시,차대사람,횡단중,횡단중,운전자법규위반,보행자 보호의무 위반,단일로,횡단보도상,승합차,대형,보행자,보행자,939963,1947905,126.820518,37.52849948
2014,2014-02-20,20,야간,목,1,9,3,1,4,경기,성남시,차대차,추돌,주정차중 추돌,운전자법규위반,안전운전 의무 불이행,단일로,기타단일로,승용차,대형,승용차,중형,969793,1938842,127.1584895,37.44826979
2014,2014-02-19,20,야간,수,1,2,0,1,0,경북,포항시,차대사람,기타,기타,운전자법규위반,과속,단일로,기타단일로,승용차,경형,보행자,보행자,1152354,1788175,129.1920295,36.07858745
2014,2014-02-20,10,야간,목,1,1,0,0,0,경남,김해시,차량단독,공작물충돌,공작물충돌,운전자법규위반,안전운전 의무 불이행,단일로,기타단일로,승용차,경형,0,0,1114420,1701196,128.7584678,35.29974825
2014,2014-02-17,15,야간,월,1,1,0,0,0,전북,익산시,차대차,기타,기타,운전자법규위반,안전운전 의무 불이행,단일로,기타단일로,화물차,대형,승합차,경형,947969,1786695,126.9324262,36.07632407
2014,2014-02-18,33,주간,화,1,1,0,0,0,전북,부안군,차대차,측면직각충돌,측면직각충돌,운전자법규위반,중앙선 침범,단일로,기타단일로,화물차,소형,원동기장치자전거,원동기장치자전거,930887,1748929,126.7357283,35.73426132
2014,2014-02-18,3,주간,화,1,1,0,0,0,세종,세종,차대사람,횡단중,횡단중,운전자법규위반,안전운전 의무 불이행,교차로,교차로부근,승합차,대형,보행자,보행자,979166,1850640,127.2669009,36.6534513
2014,2014-02-17,0,야간,월,1,1,0,0,0,광주,북구,차대사람,횡단중,횡단중,운전자법규위반,안전운전 의무 불이행,단일로,기타단일로,승용차,중형,보행자,보행자,945981,1685129,126.9068687,35.15996675
2013,2013-12-17,55,주간,화,1,1,0,0,0,경북,의성군,차대차,측면직각충돌,측면직각충돌,운전자법규위반,중앙선 침범,단일로,기타단일로,이륜차,사발이,화물차,소형,1100967,1810461,128.6243213,36.28617042
2014,2014-03-14,40,주간,금,1,1,0,0,0,경남,창원시(통합),차대사람,횡단중,횡단중,운전자법규위반,안전운전 의무 불이행,교차로,교차로내,화물차,소형,보행자,보행자,1100766,1703148,128.6085588,35.31881544
2014,2014-03-16,50,야간,일,1,2,0,1,0,경기,고양시,차대차,정면충돌,정면충돌,운전자법규위반,중앙선 침범,단일로,기타단일로,승용차,중형,화물차,중형,932130,1961799,126.730585,37.65317884
2014,2014-03-16,34,야간,일,1,1,0,0,0,강원,철원군,차량단독,공작물충돌,공작물충돌,운전자법규위반,안전운전 의무 불이행,단일로,기타단일로,승용차,경형,0,0,993211,2022315,127.4231335,38.20008575
2013,2013-12-19,50,주간,목,1,1,0,0,0,대전,서구,차대사람,횡단중,횡단중,운전자법규위반,안전운전 의무 불이행,단일로,기타단일로,승용차,중형,보행자,보행자,987102,1817232,127.3562496,36.35241364
2013,2013-12-24,25,주간,화,1,3,1,1,0,경기,평택시,차대차,기타,기타,운전자법규위반,중앙선 침범,단일로,기타단일로,승용차,중형,승용차,중형,959648,1889936,127.0464375,37.00730097
2013,2013-12-26,40,야간,목,1,1,0,0,0,경기,수원시,차대사람,기타,기타,운전자법규위반,안전운전 의무 불이행,단일로,기타단일로,승용차,대형,보행자,보행자,957146,1920172,127.0165913,37.27948713
2013,2013-12-27,45,야간,금,1,2,0,1,0,경기,안양시,차대사람,횡단중,횡단중,운전자법규위반,안전운전 의무 불이행,단일로,기타단일로,승용차,중형,보행자,보행자,950601,1932889,126.9419169,37.39378715
2013,2013-12-27,47,주간,금,1,1,0,0,0,인천,남동구,차대차,측면직각충돌,측면직각충돌,운전자법규위반,차로위반(진로변경 위반),단일로,기타단일로,자전거,자전거,화물차,소형,930148,1932086,126.710943,37.3852335
2013,2013-12-30,0,주간,월,1,1,0,0,0,인천,연수구,차대차,기타,기타,운전자법규위반,중앙선 침범,단일로,기타단일로,승용차,중형,화물차,소형,924028,1937253,126.6412861,37.43132114
2013,2013-12-28,31,주간,토,1,3,1,1,0,강원,정선군,차대차,측면직각충돌,측면직각충돌,운전자법규위반,중앙선 침범,단일로,기타단일로,승용차,경형,승합차,대형,1119708,1909498,128.8484865,37.17658393
2013,2013-12-22,40,야간,일,1,1,0,0,0,전남,고흥군,차량단독,전도전복,전도전복,운전자법규위반,안전운전 의무 불이행,단일로,기타단일로,승용차,중형,0,0,977862,1621298,127.2586072,34.58557565
2014,2014-02-25,58,야간,화,1,1,0,0,0,서울,서대문구,차대사람,횡단중,횡단중,운전자법규위반,안전운전 의무 불이행,단일로,기타단일로,승합차,대형,보행자,보행자,952403,1952596,126.9609996,37.57150647
2014,2014-02-28,25,주간,금,1,1,0,0,0,경북,청송군,차량단독,기타,기타,운전자법규위반,기타(운전자법규위반),단일로,기타단일로,농기계,농기계,0,0,1142138,1818599,129.0841311,36.35432174
2014,2014-03-01,54,주간,토,1,1,0,0,0,충북,청원군,차량단독,도로이탈,도로이탈 기타,운전자법규위반,안전운전 의무 불이행,단일로,기타단일로,특수차,중형,0,0,994828,1856483,127.4420939,36.70633945
2014,2014-03-01,50,야간,토,1,1,0,0,0,경기,고양시,차대사람,횡단중,횡단중,운전자법규위반,안전운전 의무 불이행,단일로,기타단일로,승용차,중형,보행자,보행자,937808,1960054,126.7950982,37.63785384
2014,2014-03-01,24,주간,토,2,2,0,0,0,제주,서귀포시,차대사람,기타,기타,운전자법규위반,과속,단일로,기타단일로,승용차,중형,보행자,보행자,896893,1475833,126.3929145,33.26893305
2014,2014-03-07,10,야간,금,1,1,0,0,0,서울,관악구,차대사람,기타,기타,운전자법규위반,안전운전 의무 불이행,교차로,교차로부근,건설기계,건설기계,보행자,보행자,952125,1942235,126.958527,37.47810603
2014,2014-03-10,0,주간,월,1,1,0,0,0,경남,진주시,차대차,측면직각충돌,측면직각충돌,운전자법규위반,신호위반,교차로,교차로내,승용차,중형,자전거,자전거,1056161,1688317,128.1168665,35.18859443
2014,2014-03-08,47,주간,토,1,1,0,0,0,강원,인제군,차량단독,기타,기타,운전자법규위반,안전운전 의무 불이행,단일로,기타단일로,승용차,소형,0,0,1048293,1997733,128.0498867,37.9782824
2014,2014-03-22,35,주간,토,1,1,0,0,0,충북,진천군,차량단독,도로이탈,도로이탈 추락,운전자법규위반,안전운전 의무 불이행,단일로,기타단일로,화물차,소형,0,0,995325,1863104,127.4473294,36.76187325
2014,2014-03-24,40,야간,월,1,1,0,0,0,경기,평택시,차대사람,횡단중,횡단중,운전자법규위반,안전운전 의무 불이행,단일로,기타단일로,승합차,대형,보행자,보행자,963878,1888414,127.0940611,36.99350646
2014,2014-03-23,20,주간,일,1,1,0,0,0,충남,공주시,차대사람,기타,기타,운전자법규위반,안전운전 의무 불이행,단일로,기타단일로,승용차,소형,보행자,보행자,949992,1833242,126.9416309,36.49552853
2014,2014-03-23,20,주간,일,1,1,0,0,0,경기,포천시,차대사람,기타,기타,운전자법규위반,안전운전 의무 불이행,교차로,교차로내,승용차,중형,보행자,보행자,980174,2010007,127.2739081,38.08997391
2014,2014-03-20,18,야간,목,1,1,0,0,0,대구,달서구,차대사람,기타,기타,운전자법규위반,안전운전 의무 불이행,단일로,기타단일로,건설기계,건설기계,보행자,보행자,1090302,1762098,128.5000442,35.85126195
2014,2014-03-21,20,야간,금,1,1,0,0,0,경기,화성시,차량단독,공작물충돌,공작물충돌,운전자법규위반,안전운전 의무 불이행,단일로,기타단일로,이륜차,소형,0,0,959192,1911196,127.040162,37.19867149
2014,2014-03-21,0,야간,금,1,1,0,0,0,충북,청원군,차대차,추돌,진행중 추돌,운전자법규위반,안전운전 의무 불이행,단일로,기타단일로,화물차,소형,자전거,자전거,993243,1831817,127.4245649,36.48396459
2014,2014-03-22,10,주간,토,1,1,0,0,0,경남,하동군,차대사람,길가장자리구역통행중,길가장자리구역통행중,운전자법규위반,안전운전 의무 불이행,단일로,기타단일로,승용차,중형,보행자,보행자,1020452,1676713,127.7243604,35.08532188
2012,2012-10-14,10,야간,일,1,3,0,2,0,경기,파주시,차대차,추돌,주정차중 추돌,운전자법규위반,안전운전 의무 불이행,교차로,교차로부근,이륜차,대형,승용차,중형,938920,1971402,126.8067496,37.74020478
2012,2012-10-21,50,주간,일,2,8,4,2,0,전북,부안군,차대차,측면직각충돌,측면직각충돌,운전자법규위반,교차로 통행방법 위반,교차로,교차로내,화물차,중형,화물차,소형,927378,1749185,126.6969049,35.73631655
2012,2012-10-03,25,야간,수,1,1,0,0,0,경북,안동시,차대사람,길가장자리구역통행중,길가장자리구역통행중,운전자법규위반,안전운전 의무 불이행,단일로,기타단일로,승용차,중형,보행자,보행자,1095689,1843629,128.5696525,36.58567549
2012,2012-11-24,30,주간,토,1,1,0,0,0,충북,제천시,차대사람,길가장자리구역통행중,길가장자리구역통행중,운전자법규위반,안전운전 의무 불이행,단일로,기타단일로,불명,불명,보행자,보행자,1059780,1878933,128.171044,36.90683894
2012,2012-11-29,55,주간,목,1,1,0,0,0,전남,나주시,차대사람,차도통행중,차도통행중,운전자법규위반,안전운전 의무 불이행,교차로,교차로내,승용차,중형,보행자,보행자,924901,1669701,126.6768265,35.01950795
2012,2012-11-24,30,야간,토,1,1,0,0,0,충남,공주시,차량단독,공작물충돌,공작물충돌,운전자법규위반,안전운전 의무 불이행,단일로,기타단일로,화물차,소형,0,0,978374,1820439,127.2588859,36.38116913
2012,2012-11-26,30,주간,월,1,3,2,0,0,충남,논산시,차대차,추돌,주정차중 추돌,운전자법규위반,안전운전 의무 불이행,교차로,교차로내,화물차,중형,승용차,소형,963895,1790195,127.0988544,36.10807389
2012,2012-11-22,40,주간,목,1,1,0,0,0,경북,김천시,차대사람,기타,기타,운전자법규위반,안전운전 의무 불이행,단일로,기타단일로,승용차,소형,보행자,보행자,1049234,1781764,128.0464846,36.03148765
2012,2012-11-26,50,주간,월,2,2,0,0,0,경북,경주시,차대차,측면직각충돌,측면직각충돌,운전자법규위반,안전운전 의무 불이행,단일로,기타단일로,화물차,대형,농기계,농기계,1152797,1765524,129.1925824,35.87438653
2012,2012-11-09,10,주간,금,1,1,0,0,0,제주,제주시,차대사람,기타,기타,운전자법규위반,안전운전 의무 불이행,단일로,기타단일로,승용차,경형,보행자,보행자,906727,1501052,126.4978322,33.49775815
2012,2012-11-10,52,주간,토,1,1,0,0,0,충남,공주시,차대사람,기타,기타,운전자법규위반,안전운전 의무 불이행,단일로,기타단일로,불명,불명,보행자,보행자,967091,1832374,127.1325839,36.48844423
2012,2012-10-25,10,주간,목,1,1,0,0,0,전북,임실군,차대차,측면직각충돌,측면직각충돌,운전자법규위반,안전거리 미확보,교차로,교차로내,화물차,대형,화물차,중형,978953,1742463,127.2674171,35.67816409
2012,2012-10-25,54,야간,목,1,1,0,0,0,인천,남동구,차량단독,전도전복,전도전복,운전자법규위반,안전운전 의무 불이행,교차로,교차로부근,승용차,소형,0,0,930106,1931854,126.7104905,37.38313932
2012,2012-10-25,0,야간,목,1,1,0,0,0,전남,담양군,차량단독,기타,기타,운전자법규위반,안전운전 의무 불이행,단일로,기타단일로,자전거,자전거,0,0,946712,1697895,126.9140681,35.27511227
2012,2012-10-25,5,야간,목,1,2,1,0,0,경기,부천시,차대차,측면직각충돌,측면직각충돌,운전자법규위반,안전운전 의무 불이행,교차로,교차로부근,승용차,중형,자전거,자전거,933531,1944507,126.7595618,37.49182684
2012,2012-10-23,50,야간,화,1,1,0,0,0,강원,철원군,차대차,추돌,진행중 추돌,운전자법규위반,과속,교차로,교차로부근,승용차,중형,자전거,자전거,976543,2020579,127.2321532,38.18516805
2012,2012-10-26,30,주간,금,1,1,0,0,0,충남,태안군,차대사람,기타,기타,운전자법규위반,안전운전 의무 불이행,단일로,기타단일로,화물차,소형,보행자,보행자,891574,1863757,126.2851458,36.76572449
2012,2012-10-26,26,주간,금,1,1,0,0,0,충북,음성군,차대사람,횡단중,횡단중,운전자법규위반,보행자 보호의무 위반,교차로,교차로내,화물차,소형,보행자,보행자,1008784,1887980,127.5987106,36.99024725
2012,2012-10-27,50,야간,토,1,1,0,0,0,부산,사상구,차대사람,횡단중,횡단중,운전자법규위반,안전운전 의무 불이행,단일로,기타단일로,승용차,중형,보행자,보행자,1135741,1689113,128.9909098,35.18816488
2012,2012-10-23,49,야간,화,1,1,0,0,0,경기,시흥시,차대차,기타,기타,운전자법규위반,안전운전 의무 불이행,교차로,교차로내,화물차,중형,승용차,경형,934473,1928976,126.7600702,37.35751861
2012,2012-10-22,10,야간,월,1,1,0,0,0,경기,이천시,차대사람,기타,기타,운전자법규위반,안전운전 의무 불이행,교차로,교차로내,특수차,대형,보행자,보행자,999007,1917128,127.4888025,37.25303496
2012,2012-10-27,30,주간,토,1,1,0,0,0,경남,거제시,차대차,기타,기타,운전자법규위반,안전운전 의무 불이행,단일로,기타단일로,승합차,중형,승용차,중형,1092907,1660554,128.5173249,34.93555735
2012,2012-10-11,12,주간,목,1,1,0,0,0,전북,전주시,차대차,측면직각충돌,측면직각충돌,운전자법규위반,교차로 통행방법 위반,교차로,교차로내,승용차,대형,이륜차,중형,967261,1758498,127.13756,35.82241898
2012,2012-10-06,50,주간,토,1,3,0,2,0,전남,해남군,차대차,측면직각충돌,측면직각충돌,운전자법규위반,교차로 통행방법 위반,교차로,교차로내,화물차,소형,이륜차,대형,893017,1632858,126.3320992,34.68446637
2012,2012-10-11,50,주간,목,1,2,0,1,0,강원,철원군,차대차,측면직각충돌,측면직각충돌,운전자법규위반,안전운전 의무 불이행,단일로,기타단일로,이륜차,사발이,화물차,중형,976014,2018251,127.2261913,38.16417295
2012,2012-10-11,10,야간,목,1,1,0,0,0,경기,포천시,차량단독,공작물충돌,공작물충돌,운전자법규위반,안전운전 의무 불이행,단일로,기타단일로,이륜차,대형,0,0,970439,1978171,127.1522546,37.80942863
2012,2012-10-06,0,야간,토,1,1,0,0,0,전남,광양시,차대사람,기타,기타,운전자법규위반,안전운전 의무 불이행,교차로,교차로부근,승용차,중형,보행자,보행자,1016988,1661069,127.6861285,34.94449868
2013,2013-11-16,52,야간,토,1,1,0,0,0,경남,창원시(통합),차대사람,기타,기타,운전자법규위반,안전운전 의무 불이행,고가도로위,고가도로위,승용차,중형,보행자,보행자,1100240,1695851,128.6018813,35.2530834
2013,2013-11-14,0,야간,목,1,1,0,0,0,충남,서산시,차대차,추돌,진행중 추돌,운전자법규위반,안전운전 의무 불이행,단일로,기타단일로,승용차,중형,농기계,농기계,911832,1868015,126.511531,36.80100285
2013,2013-11-13,23,야간,수,1,1,0,0,0,경기,시흥시,차대사람,기타,기타,운전자법규위반,안전운전 의무 불이행,단일로,기타단일로,승용차,중형,보행자,보행자,939342,1936365,126.8162235,37.41982551
2013,2013-11-14,45,야간,목,1,1,0,0,0,경기,양평군,차대사람,기타,기타,운전자법규위반,안전운전 의무 불이행,단일로,기타단일로,승용차,중형,보행자,보행자,999293,1943531,127.4920023,37.49102822
2013,2013-11-13,50,주간,수,1,4,3,0,0,충남,천안시,차대차,기타,기타,운전자법규위반,차로위반(진로변경 위반),단일로,기타단일로,승합차,대형,화물차,소형,970989,1871465,127.1746229,36.84096762
2013,2013-11-12,43,야간,화,1,1,0,0,0,전북,군산시,차대차,측면직각충돌,측면직각충돌,운전자법규위반,직진 및 우회전차의 통행방해,교차로,교차로내,승용차,중형,이륜차,소형,927351,1774535,126.6942976,35.96485185
2013,2013-11-04,50,주간,월,1,1,0,0,0,경기,광주시,차대차,측면직각충돌,측면직각충돌,운전자법규위반,신호위반,교차로,교차로내,승합차,중형,자전거,자전거,981332,1931846,127.2892025,37.38538665
2013,2013-11-04,19,야간,월,1,1,0,0,0,경기,안양시,차대사람,기타,기타,운전자법규위반,안전운전 의무 불이행,단일로,기타단일로,승용차,중형,보행자,보행자,947370,1936622,126.9051506,37.42725596
2013,2013-11-03,40,야간,일,1,1,0,0,0,서울,동작구,차대사람,횡단중,횡단중,운전자법규위반,안전운전 의무 불이행,단일로,기타단일로,승용차,중형,보행자,보행자,952973,1945385,126.96734,37.50674617
2013,2013-11-04,53,주간,월,1,1,0,0,0,경기,포천시,차량단독,공작물충돌,공작물충돌,운전자법규위반,안전운전 의무 불이행,단일로,기타단일로,승용차,중형,0,0,978193,2012682,127.2512356,38.11403713
2013,2013-11-07,5,야간,목,1,1,0,0,0,경북,영주시,차대사람,기타,기타,운전자법규위반,안전운전 의무 불이행,단일로,기타단일로,승용차,대형,보행자,보행자,1100657,1867071,128.6282605,36.79645055
2013,2013-11-08,40,주간,금,1,1,0,0,0,경남,창녕군,차량단독,공작물충돌,공작물충돌,운전자법규위반,안전운전 의무 불이행,교차로,교차로내,승용차,소형,0,0,1089689,1726426,128.4892772,35.52973317
2013,2013-11-15,0,주간,금,1,1,0,0,0,세종,세종,차대차,기타,기타,운전자법규위반,신호위반,교차로,교차로내,화물차,대형,자전거,자전거,981417,1843431,127.2922603,36.58850918