발생년,발생년월일시분,발생분,주야,요일,사망자수,사상자수,중상자수,경상자수,부상신고자수,발생지시도,발생지시군구,사고유형_대분류,사고유형_중분류,사고유형,법규위반_대분류,법규위반,도로형태_대분류,도로형태,당사자종별_1당_대분류,당사자종별_1당,당사자종별_2당_대분류,당사자종별_2당,발생위치X_UTMK,발생위치Y_UTMK,경도,위도
2012,2012-10-14,32,주간,일,1,1,0,0,0,충북,음성군,차량단독,도로이탈,도로이탈 추락,운전자법규위반,안전운전 의무 불이행,단일로,기타단일로,이륜차,소형,0,0,998057,1886960,127.4781681,36.98109154
2012,2012-10-15,20,야간,월,1,1,0,0,0,경기,포천시,차대차,기타,기타,운전자법규위반,안전운전 의무 불이행,단일로,기타단일로,승용차,중형,승합차,중형,977948,1996148,127.24895,37.96501433
2012,2012-10-14,50,야간,일,1,3,0,2,0,경기,안성시,차대사람,기타,기타,운전자법규위반,안전운전 의무 불이행,단일로,기타단일로,화물차,소형,보행자,보행자,999332,1900557,127.4924822,37.10366164
2012,2012-10-01,56,야간,월,1,1,0,0,0,전북,고창군,차대사람,횡단중,횡단중,운전자법규위반,안전운전 의무 불이행,교차로,교차로부근,승용차,중형,보행자,보행자,922294,1715927,126.6438865,35.43608891
2012,2012-10-01,35,야간,월,1,1,0,0,0,경기,고양시,차대사람,차도통행중,차도통행중,운전자법규위반,안전운전 의무 불이행,단일로,기타단일로,승용차,중형,보행자,보행자,935550,1963016,126.7692457,37.66439378
2012,2012-10-01,50,야간,월,1,1,0,0,0,경남,김해시,차대차,기타,기타,운전자법규위반,안전운전 의무 불이행,단일로,기타단일로,승용차,중형,승용차,중형,1123956,1694956,128.8623834,35.24236119
2012,2012-10-02,5,주간,화,1,2,1,0,0,제주,제주시,차량단독,공작물충돌,공작물충돌,운전자법규위반,안전운전 의무 불이행,교차로,교차로내,원동기장치자전거,원동기장치자전거,0,0,909612,1502480,126.5267888,33.51039029
2012,2012-09-28,21,주간,금,1,1,0,0,0,전남,해남군,차량단독,기타,기타,운전자법규위반,안전운전 의무 불이행,단일로,기타단일로,승용차,중형,0,0,920972,1619500,126.6384853,34.5665598
2012,2012-07-28,4,야간,토,1,1,0,0,0,전북,전주시,차대사람,기타,기타,운전자법규위반,안전운전 의무 불이행,단일로,기타단일로,승용차,중형,보행자,보행자,965237,1761437,127.1150256,35.84884732
2012,2012-08-02,40,야간,목,1,1,0,0,0,경기,남양주시,차량단독,기타,기타,운전자법규위반,안전운전 의무 불이행,단일로,기타단일로,이륜차,소형,0,0,972843,1961075,127.1921482,37.6487607
2012,2012-08-01,10,야간,수,1,5,2,2,0,충북,청원군,차대차,정면충돌,정면충돌,운전자법규위반,중앙선 침범,단일로,기타단일로,승용차,중형,승용차,중형,996704,1844675,127.463182,36.60003446
2012,2012-08-02,45,주간,목,1,1,0,0,0,경기,안양시,차대사람,횡단중,횡단중,운전자법규위반,안전운전 의무 불이행,단일로,기타단일로,승용차,중형,보행자,보행자,947367,1933786,126.9053188,37.40169404
2012,2012-06-12,57,주간,화,1,4,0,3,0,충남,부여군,차대차,정면충돌,정면충돌,운전자법규위반,중앙선 침범,단일로,기타단일로,건설기계,건설기계,승용차,소형,953485,1796382,126.9828316,36.16340894
2012,2012-06-18,17,야간,월,1,1,0,0,0,부산,사하구,차대사람,횡단중,횡단중,운전자법규위반,안전운전 의무 불이행,단일로,기타단일로,승용차,중형,보행자,보행자,1137427,1677755,129.0075333,35.08555333
2012,2012-06-16,50,야간,토,1,1,0,0,0,광주,광산구,차대차,추돌,주정차중 추돌,운전자법규위반,안전운전 의무 불이행,단일로,교량위,승용차,중형,원동기장치자전거,원동기장치자전거,939646,1687111,126.837169,35.17747712
2012,2012-06-16,40,야간,토,1,5,4,0,0,경기,안성시,차대차,정면충돌,정면충돌,운전자법규위반,중앙선 침범,단일로,기타단일로,승용차,중형,승용차,중형,982592,1889001,127.303099,37.00211417
2012,2012-06-16,35,주간,토,1,2,1,0,0,경기,용인시,차대차,추돌,주정차중 추돌,운전자법규위반,안전운전 의무 불이행,교차로,교차로부근,화물차,대형,화물차,중형,990631,1904597,127.3945083,37.14003248
2012,2012-06-22,0,야간,금,1,1,0,0,0,경남,거창군,차대사람,차도통행중,차도통행중,운전자법규위반,안전운전 의무 불이행,단일로,기타단일로,화물차,중형,보행자,보행자,1037900,1756974,127.9195017,35.80849277
2012,2012-06-20,50,야간,수,1,1,0,0,0,전남,영암군,차대사람,길가장자리구역통행중,길가장자리구역통행중,운전자법규위반,안전운전 의무 불이행,단일로,기타단일로,화물차,소형,보행자,보행자,898757,1638291,126.3940986,34.73403561
2012,2012-06-27,25,주간,수,1,1,0,0,0,경기,부천시,차대차,기타,기타,운전자법규위반,안전운전 의무 불이행,단일로,기타단일로,화물차,중형,자전거,자전거,935579,1945183,126.7711433,37.50367046
2012,2012-06-27,30,주간,수,1,1,0,0,0,충북,청주시,차대사람,횡단중,횡단중,운전자법규위반,안전운전 의무 불이행,단일로,기타단일로,원동기장치자전거,원동기장치자전거,보행자,보행자,998867,1848231,127.4873271,36.63196163
2012,2012-06-28,30,주간,목,1,1,0,0,0,충남,논산시,차량단독,도로이탈,도로이탈 기타,운전자법규위반,안전운전 의무 불이행,단일로,기타단일로,화물차,소형,0,0,961679,1801592,127.0736781,36.21073806
2012,2012-06-27,5,야간,수,1,1,0,0,0,대구,동구,차대사람,기타,기타,운전자법규위반,안전운전 의무 불이행,단일로,기타단일로,승용차,경형,보행자,보행자,1101187,1766632,128.6183662,35.88566819
2012,2012-06-25,30,주간,월,1,1,0,0,0,서울,서초구,차대사람,기타,기타,운전자법규위반,안전운전 의무 불이행,단일로,기타단일로,승용차,중형,보행자,보행자,959888,1940517,127.0464184,37.4629907
2012,2012-06-27,10,주간,수,1,1,0,0,0,경기,오산시,차대차,측면직각충돌,측면직각충돌,운전자법규위반,차로위반(진로변경 위반),단일로,기타단일로,승용차,대형,승합차,대형,959330,1910935,127.0417312,37.19632491
2012,2012-07-05,35,주간,목,1,1,0,0,0,경남,양산시,차대차,측면직각충돌,측면직각충돌,운전자법규위반,안전운전 의무 불이행,교차로,교차로부근,승용차,중형,승용차,중형,1136020,1704722,128.9979292,35.32860193
2012,2012-07-04,5,야간,수,1,3,0,2,0,경기,고양시,차대차,측면직각충돌,측면직각충돌,운전자법규위반,신호위반,교차로,교차로내,이륜차,소형,승용차,중형,931538,1965404,126.7235359,37.68562522
2012,2012-07-05,40,야간,목,1,1,0,0,0,서울,영등포구,차량단독,공작물충돌,공작물충돌,운전자법규위반,안전운전 의무 불이행,단일로,기타단일로,승용차,소형,0,0,946237,1949047,126.8914378,37.53917963
2012,2012-07-05,2,야간,목,1,1,0,0,0,경남,거제시,차대사람,기타,기타,운전자법규위반,안전운전 의무 불이행,단일로,기타단일로,화물차,소형,보행자,보행자,1104960,1664748,128.6498102,34.97219244
2012,2012-07-08,20,야간,일,1,2,0,0,1,부산,남구,차대사람,횡단중,횡단중,운전자법규위반,안전운전 의무 불이행,단일로,횡단보도상,이륜차,소형,보행자,보행자,1142743,1684197,129.0669408,35.14288193
2012,2012-07-07,10,주간,토,1,3,2,0,0,전남,영암군,차량단독,공작물충돌,공작물충돌,운전자법규위반,안전운전 의무 불이행,단일로,기타단일로,승용차,소형,0,0,901235,1638763,126.4211067,34.738534
2012,2012-07-11,5,야간,수,1,2,0,1,0,전북,군산시,차량단독,기타,기타,운전자법규위반,안전운전 의무 불이행,단일로,기타단일로,승용차,중형,0,0,924116,1774103,126.6584651,35.96071113
2012,2012-07-17,40,야간,화,1,1,0,0,0,경남,창원시(통합),차대사람,기타,기타,운전자법규위반,안전운전 의무 불이행,단일로,기타단일로,승용차,중형,보행자,보행자,1109230,1684307,128.6994883,35.14767226
2012,2012-07-15,16,주간,일,1,1,0,0,0,서울,은평구,차대사람,횡단중,횡단중,운전자법규위반,안전운전 의무 불이행,단일로,횡단보도상,승합차,대형,보행자,보행자,947164,1953364,126.9016193,37.57814272
2013,2013-12-31,30,야간,화,1,2,0,1,0,부산,강서구,차대차,기타,기타,운전자법규위반,신호위반,교차로,교차로내,승용차,경형,승용차,대형,1127217,1686768,128.8969504,35.16814219
2013,2013-12-31,10,야간,화,1,1,0,0,0,서울,강남구,차대사람,기타,기타,운전자법규위반,안전운전 의무 불이행,단일로,기타단일로,승용차,중형,보행자,보행자,964659,1943304,127.1002332,37.48830604
2013,2013-11-27,20,야간,수,1,1,0,0,0,경남,진주시,차량단독,공작물충돌,공작물충돌,운전자법규위반,안전운전 의무 불이행,교차로,교차로내,승용차,소형,0,0,1051905,1684884,128.0699052,35.15786905
2013,2013-11-26,20,주간,화,1,1,0,0,0,전북,고창군,차대차,추돌,주정차중 추돌,운전자법규위반,안전운전 의무 불이행,교차로,교차로부근,승용차,중형,화물차,소형,918879,1723870,126.6067452,35.5070943
2012,2012-09-27,20,야간,목,1,1,0,0,0,충북,보은군,차량단독,공작물충돌,공작물충돌,운전자법규위반,안전운전 의무 불이행,단일로,터널안,승용차,중형,0,0,1018633,1838261,127.7096118,36.54079813
2012,2012-10-02,10,주간,화,1,1,0,0,0,부산,남구,차대사람,기타,기타,운전자법규위반,안전운전 의무 불이행,단일로,기타단일로,승용차,중형,보행자,보행자,1142741,1684236,129.0669256,35.14323375
2012,2012-11-29,15,주간,금,1,1,0,0,0,서울,동대문구,차대차,기타,기타,운전자법규위반,안전운전 의무 불이행,교차로,교차로내,자전거,자전거,승용차,중형,961858,1955412,127.0679206,37.59732816
2012,2012-11-23,10,주간,금,1,2,1,0,0,전북,순창군,차대사람,횡단중,횡단중,운전자법규위반,안전운전 의무 불이행,교차로,교차로내,승용차,대형,보행자,보행자,967796,1709290,127.142688,35.37982403
2012,2012-11-27,50,주간,화,1,1,0,0,0,경기,안성시,차대차,측면직각충돌,측면직각충돌,운전자법규위반,안전거리 미확보,단일로,기타단일로,자전거,자전거,승합차,대형,970132,1888917,127.1643224,36.99826018
2012,2012-11-25,51,야간,일,1,3,2,0,0,부산,사하구,차대차,정면충돌,정면충돌,운전자법규위반,중앙선 침범,단일로,기타단일로,승용차,중형,승용차,중형,1135767,1678999,128.9895331,35.09699205
2012,2012-11-25,35,야간,일,1,2,0,1,0,광주,남구,차대차,정면충돌,정면충돌,운전자법규위반,중앙선 침범,단일로,기타단일로,승용차,중형,승용차,대형,943252,1677217,126.8771309,35.08843834
2012,2012-11-08,5,야간,목,1,1,0,0,0,전북,남원시,차대사람,횡단중,횡단중,운전자법규위반,안전운전 의무 불이행,단일로,기타단일로,승용차,중형,보행자,보행자,987334,1722722,127.3603417,35.50031197
2012,2012-11-10,25,야간,토,1,1,0,0,0,대구,수성구,차대사람,기타,기타,운전자법규위반,안전운전 의무 불이행,단일로,기타단일로,화물차,소형,보행자,보행자,1103769,1763974,128.6493762,35.86730824
2012,2012-11-13,50,주간,화,1,6,4,1,0,부산,영도구,차량단독,공작물충돌,공작물충돌,운전자법규위반,안전운전 의무 불이행,단일로,기타단일로,승용차,경형,0,0,1143669,1676654,129.0756466,35.07457112
2012,2012-11-06,40,야간,화,1,1,0,0,0,경기,안양시,차대사람,보도통행중,보도통행중,운전자법규위반,신호위반,교차로,교차로내,승합차,대형,보행자,보행자,948206,1933122,126.9148444,37.39575647
2012,2012-11-07,55,주간,수,1,1,0,0,0,경기,성남시,차대사람,횡단중,횡단중,운전자법규위반,안전운전 의무 불이행,고가도로위,고가도로위,화물차,소형,보행자,보행자,967362,1937268,127.1310755,37.43399982
2012,2012-11-07,25,야간,수,1,1,0,0,0,강원,속초시,차량단독,공작물충돌,공작물충돌,운전자법규위반,안전운전 의무 불이행,단일로,기타단일로,이륜차,대형,0,0,1095598,2024800,128.5920803,38.21843545
2012,2012-11-08,32,주간,목,1,1,0,0,0,강원,평창군,차대차,측면직각충돌,측면직각충돌,운전자법규위반,안전운전 의무 불이행,교차로,교차로내,농기계,농기계,화물차,대형,1078795,1930039,128.3898498,37.36606721
2012,2012-11-08,8,야간,목,1,1,0,0,0,경북,경주시,차대사람,기타,기타,운전자법규위반,안전운전 의무 불이행,교차로,교차로부근,승용차,중형,보행자,보행자,1177528,1744146,129.4616623,35.67757858
2012,2012-09-23,45,야간,일,1,1,0,0,0,광주,서구,차대사람,기타,기타,운전자법규위반,안전운전 의무 불이행,단일로,기타단일로,승용차,중형,보행자,보행자,943171,1682944,126.8761667,35.14011032
2012,2012-10-24,30,야간,수,1,1,0,0,0,경북,안동시,차량단독,공작물충돌,공작물충돌,운전자법규위반,안전운전 의무 불이행,교차로,교차로내,이륜차,소형,0,0,1109967,1841296,128.7288938,36.56310921
2012,2012-10-25,0,주간,목,1,1,0,0,0,전남,해남군,차량단독,전도전복,전도전복,운전자법규위반,안전운전 의무 불이행,단일로,기타단일로,농기계,농기계,0,0,914936,1602857,126.5743517,34.41600755
2012,2012-10-25,40,주간,목,1,1,0,0,0,부산,사상구,차대사람,횡단중,횡단중,운전자법규위반,보행자 보호의무 위반,교차로,교차로부근,화물차,중형,보행자,보행자,1134502,1687039,128.976967,35.16963624
2012,2012-10-25,5,야간,목,1,1,0,0,0,대구,중구,차대사람,횡단중,횡단중,운전자법규위반,안전운전 의무 불이행,단일로,기타단일로,승용차,중형,보행자,보행자,1099062,1764774,128.5986003,35.8743377
2012,2012-10-25,10,야간,목,1,1,0,0,0,전북,전주시,차대사람,횡단중,횡단중,운전자법규위반,안전운전 의무 불이행,단일로,횡단보도부근,건설기계,건설기계,보행자,보행자,967731,1759273,127.1427318,35.82942198
2012,2012-10-08,35,주간,월,1,1,0,0,0,경북,문경시,차량단독,공작물충돌,공작물충돌,운전자법규위반,안전운전 의무 불이행,단일로,기타단일로,원동기장치자전거,원동기장치자전거,0,0,1067236,1838261,128.2511541,36.53971649
2012,2012-10-09,55,주간,화,1,2,0,1,0,충북,증평군,차대차,측면직각충돌,측면직각충돌,운전자법규위반,신호위반,교차로,교차로내,원동기장치자전거,원동기장치자전거,승용차,중형,1007124,1865589,127.5798458,36.78841563
2012,2012-10-05,7,주간,금,1,1,0,0,0,경북,경주시,차대차,측면직각충돌,측면직각충돌,운전자법규위반,안전운전 의무 불이행,단일로,기타단일로,승용차,소형,자전거,자전거,1164750,1749270,129.3215837,35.72597264
2012,2012-10-05,23,야간,금,1,1,0,0,0,전남,여수시,차대사람,기타,기타,운전자법규위반,안전운전 의무 불이행,단일로,기타단일로,승용차,중형,보행자,보행자,1007322,1653694,127.5801208,34.87792992
2012,2012-10-06,54,야간,토,1,1,0,0,0,경남,김해시,차대사람,기타,기타,운전자법규위반,안전운전 의무 불이행,교차로,교차로부근,승용차,중형,보행자,보행자,1125922,1693889,128.8838225,35.23249763
2012,2012-10-11,0,주간,목,1,1,0,0,0,전남,해남군,차대사람,기타,기타,운전자법규위반,안전운전 의무 불이행,단일로,기타단일로,화물차,중형,보행자,보행자,920730,1619430,126.635854,34.56590996
2012,2012-10-14,40,야간,일,1,1,0,0,0,경기,시흥시,차대사람,보도통행중,보도통행중,운전자법규위반,안전운전 의무 불이행,교차로,교차로부근,승용차,대형,보행자,보행자,938332,1940245,126.8027022,37.45935221
2012,2012-10-15,40,야간,월,1,1,0,0,0,충남,서산시,차대사람,기타,기타,운전자법규위반,안전운전 의무 불이행,단일로,기타단일로,승용차,중형,보행자,보행자,901400,1865063,126.3946886,36.77892596
2012,2012-10-15,10,주간,월,1,1,0,0,0,경기,안양시,차대사람,횡단중,횡단중,운전자법규위반,안전운전 의무 불이행,교차로,교차로내,승합차,대형,보행자,보행자,950899,1933456,126.9449834,37.39925488
2012,2012-10-19,19,주간,금,1,2,1,0,0,경북,영천시,차대사람,횡단중,횡단중,운전자법규위반,과속,단일로,횡단보도상,화물차,소형,보행자,보행자,1128602,1775121,128.9262003,35.96436406
2012,2012-10-20,40,주간,토,1,1,0,0,0,전남,영광군,차량단독,전도전복,전도전복,운전자법규위반,안전운전 의무 불이행,교차로,교차로부근,농기계,농기계,0,0,902962,1697653,126.433098,35.26964466
2012,2012-10-17,20,야간,수,1,1,0,0,0,광주,서구,차량단독,공작물충돌,공작물충돌,운전자법규위반,안전운전 의무 불이행,교차로,교차로부근,승용차,중형,0,0,941711,1680868,126.8553303,35.15702541
2012,2012-10-21,0,주간,일,1,1,0,0,0,전남,화순군,차대사람,기타,기타,운전자법규위반,안전운전 의무 불이행,단일로,기타단일로,화물차,중형,보행자,보행자,950035,1670703,126.9522505,35.03009889
2012,2012-10-17,46,주간,수,1,1,0,0,0,전남,신안군,차량단독,공작물충돌,공작물충돌,운전자법규위반,안전운전 의무 불이행,단일로,기타단일로,화물차,소형,0,0,874806,1639168,126.1324055,34.73928609
2012,2012-10-17,11,주간,수,1,1,0,0,0,경기,성남시,차대사람,횡단중,횡단중,운전자법규위반,안전운전 의무 불이행,단일로,기타단일로,승용차,중형,보행자,보행자,967898,1931089,127.1374026,37.37832336
2012,2012-09-29,45,주간,토,1,2,0,1,0,경남,김해시,차대차,측면직각충돌,측면직각충돌,운전자법규위반,안전운전 의무 불이행,교차로,교차로부근,원동기장치자전거,원동기장치자전거,승용차,소형,1125600,1693187,128.8801776,35.22620987
2012,2012-10-05,30,주간,금,1,2,0,1,0,전남,순천시,차대차,측면직각충돌,측면직각충돌,운전자법규위반,서행 및 일시정지위반,교차로,교차로내,건설기계,건설기계,승용차,중형,1004132,1659955,127.5437567,34.93552568
2012,2012-11-27,50,주간,화,1,1,0,0,0,광주,광산구,차대사람,횡단중,횡단중,운전자법규위반,보행자 보호의무 위반,교차로,교차로부근,승용차,소형,보행자,보행자,936147,1684402,126.7989537,35.152835
2013,2013-07-29,20,야간,월,1,1,0,0,0,전남,영암군,차량단독,기타,기타,운전자법규위반,안전운전 의무 불이행,단일로,기타단일로,화물차,소형,0,0,919718,1650393,126.6218777,34.84501918
2013,2013-07-26,58,주간,금,1,18,6,11,0,경북,문경시,차대차,측면직각충돌,측면직각충돌,운전자법규위반,교차로 통행방법 위반,교차로,교차로내,승합차,대형,화물차,소형,1057999,1861603,128.1497307,36.75073569
2013,2013-07-26,40,야간,금,1,1,0,0,0,인천,동구,차대사람,횡단중,횡단중,운전자법규위반,안전운전 의무 불이행,단일로,기타단일로,승용차,대형,보행자,보행자,926384,1942457,126.6673936,37.47841411
2013,2013-07-28,55,야간,일,1,1,0,0,0,부산,사상구,차대사람,횡단중,횡단중,운전자법규위반,안전운전 의무 불이행,단일로,기타단일로,승용차,중형,보행자,보행자,1137695,1685038,129.0116848,35.15116659
2013,2013-08-03,35,야간,토,1,1,0,0,0,경북,포항시,차대사람,기타,기타,운전자법규위반,안전운전 의무 불이행,단일로,기타단일로,화물차,소형,보행자,보행자,1168488,1783658,129.370269,36.0348503
2013,2013-08-03,38,야간,토,1,1,0,0,0,서울,종로구,차대사람,차도통행중,차도통행중,운전자법규위반,안전운전 의무 불이행,단일로,횡단보도상,승용차,중형,보행자,보행자,954911,1952448,126.9894089,37.57029877
2013,2013-07-30,20,야간,화,1,2,1,0,0,서울,중랑구,차량단독,전도전복,전도전복,운전자법규위반,안전운전 의무 불이행,고가도로위,고가도로위,이륜차,중형,0,0,962381,1955868,127.0738216,37.60145975
2013,2013-07-30,43,주간,화,1,1,0,0,0,서울,용산구,차대차,측면직각충돌,측면직각충돌,운전자법규위반,안전거리 미확보,단일로,기타단일로,승용차,중형,이륜차,중형,954307,1948512,126.9828146,37.53479296
2013,2013-07-30,5,주간,화,1,1,0,0,0,충남,홍성군,차대사람,횡단중,횡단중,운전자법규위반,안전운전 의무 불이행,교차로,교차로부근,승용차,대형,보행자,보행자,925132,1845997,126.6628373,36.60888217
2013,2013-08-02,25,주간,금,1,1,0,0,0,전남,화순군,차대차,측면직각충돌,측면직각충돌,운전자법규위반,교차로 통행방법 위반,교차로,교차로내,승용차,중형,원동기장치자전거,원동기장치자전거,951758,1672005,126.9710628,35.04192282
2013,2013-08-08,0,야간,목,1,1,0,0,0,경기,김포시,차량단독,도로이탈,도로이탈 추락,운전자법규위반,안전운전 의무 불이행,단일로,기타단일로,승용차,중형,0,0,928014,1959739,126.686824,37.63156903
2013,2013-08-08,10,주간,목,1,1,0,0,0,경남,창원시(통합),차대차,측면직각충돌,측면직각충돌,운전자법규위반,교차로 통행방법 위반,교차로,교차로내,건설기계,건설기계,이륜차,소형,1089883,1680767,128.4864037,35.1180718
2013,2013-08-06,30,주간,화,1,2,1,0,0,충북,옥천군,차대차,측면직각충돌,측면직각충돌,운전자법규위반,신호위반,교차로,교차로내,화물차,소형,이륜차,중형,1003208,1814732,127.5356086,36.32989582
2013,2013-08-06,19,주간,화,1,2,1,0,0,충남,보령시,차대차,정면충돌,정면충돌,운전자법규위반,중앙선 침범,단일로,기타단일로,화물차,소형,화물차,소형,923674,1815813,126.6495138,36.33668099
2013,2013-08-06,0,야간,화,1,1,0,0,0,충남,홍성군,차량단독,기타,기타,운전자법규위반,안전운전 의무 불이행,단일로,기타단일로,원동기장치자전거,원동기장치자전거,0,0,931819,1849884,126.7372588,36.64442215
2013,2013-08-06,30,야간,화,1,2,1,0,0,충북,음성군,차량단독,도로이탈,도로이탈 추락,운전자법규위반,안전운전 의무 불이행,단일로,기타단일로,승용차,중형,0,0,1016663,1879868,127.6870719,36.91701537
2013,2013-08-07,0,야간,수,2,3,1,0,0,충남,태안군,차대사람,기타,기타,운전자법규위반,안전운전 의무 불이행,단일로,기타단일로,승용차,중형,보행자,보행자,895660,1834382,126.3349117,36.50142299
2013,2013-08-14,10,주간,수,1,1,0,0,0,경기,화성시,차대차,추돌,진행중 추돌,운전자법규위반,신호위반,교차로,교차로내,이륜차,소형,승용차,소형,940102,1911635,126.8250258,37.2015982
2013,2013-08-15,57,주간,목,1,3,1,1,0,서울,강북구,차대차,기타,기타,운전자법규위반,안전거리 미확보,교차로,교차로내,원동기장치자전거,원동기장치자전거,승용차,중형,958517,1957620,127.029949,37.61708468
2013,2013-08-13,0,주간,화,1,1,0,0,0,대전,중구,차량단독,공작물충돌,공작물충돌,운전자법규위반,안전운전 의무 불이행,단일로,기타단일로,승용차,중형,0,0,991691,1816132,127.4074064,36.34254727
2013,2013-08-19,35,야간,월,1,1,0,0,0,부산,사상구,차대사람,횡단중,횡단중,운전자법규위반,안전운전 의무 불이행,교차로,교차로내,승용차,경형,보행자,보행자,1135782,1689264,128.9913849,35.18952046
2013,2013-08-16,30,야간,금,1,1,0,0,0,경기,시흥시,차대사람,기타,기타,운전자법규위반,안전운전 의무 불이행,교차로,교차로내,승용차,중형,보행자,보행자,937020,1931130,126.7886456,37.37710939
2013,2013-08-16,0,야간,금,1,1,0,0,0,전남,나주시,차량단독,전도전복,전도전복,운전자법규위반,안전운전 의무 불이행,단일로,기타단일로,농기계,농기계,0,0,923860,1661868,126.6661334,34.94880373
2013,2013-08-16,45,주간,금,1,1,0,0,0,전남,곡성군,차대차,기타,기타,운전자법규위반,안전운전 의무 불이행,교차로,교차로내,화물차,소형,이륜차,사발이,987246,1684548,127.3599663,35.15609875
2013,2013-08-17,20,주간,토,1,1,0,0,0,경기,고양시,차대사람,기타,기타,운전자법규위반,보행자 보호의무 위반,단일로,기타단일로,건설기계,건설기계,보행자,보행자,947204,1968771,126.900958,37.71700751
2013,2013-08-16,0,야간,금,1,1,0,0,0,경기,고양시,차대사람,기타,기타,운전자법규위반,안전운전 의무 불이행,기타/불명,기타/불명,승용차,중형,보행자,보행자,937543,1961808,126.7919448,37.65364423
2013,2013-08-24,20,주간,토,1,1,0,0,0,경기,부천시,차대차,측면직각충돌,측면직각충돌,운전자법규위반,안전거리 미확보,단일로,기타단일로,자전거,자전거,승용차,중형,935907,1944196,126.77494,37.49479752
2013,2013-07-10,25,주간,수,1,2,0,1,0,전남,순천시,차대차,추돌,진행중 추돌,운전자법규위반,안전거리 미확보,교차로,교차로내,승용차,대형,화물차,소형,998575,1662700,127.4843719,34.95922158
2013,2013-07-18,15,주간,목,1,1,0,0,0,서울,강서구,차대사람,차도통행중,차도통행중,운전자법규위반,안전운전 의무 불이행,교차로,교차로부근,승용차,중형,보행자,보행자,942125,1949328,126.8448732,37.54146326
2013,2013-07-19,40,주간,금,1,1,0,0,0,강원,속초시,차대차,측면직각충돌,측면직각충돌,운전자법규위반,부당한 회전,교차로,교차로내,자전거,자전거,승용차,중형,1095758,2023948,128.5937928,38.21074113
2013,2013-07-19,30,주간,금,1,1,0,0,0,세종,세종,차대사람,횡단중,횡단중,운전자법규위반,안전운전 의무 불이행,단일로,횡단보도부근,승합차,대형,보행자,보행자,981860,1844843,127.2971738,36.6012135
2013,2013-07-17,20,야간,수,1,1,0,0,0,경기,의정부시,차대사람,기타,기타,운전자법규위반,안전운전 의무 불이행,단일로,기타단일로,승용차,중형,보행자,보행자,959456,1970460,127.0398746,37.73285489
2013,2013-07-22,58,주간,월,1,2,1,0,0,제주,서귀포시,차량단독,공작물충돌,공작물충돌,운전자법규위반,안전운전 의무 불이행,단일로,기타단일로,이륜차,소형,0,0,896280,1472571,126.3867068,33.23945657
2013,2013-10-02,10,야간,수,1,1,0,0,0,경남,양산시,차량단독,전도전복,전도전복,운전자법규위반,안전운전 의무 불이행,교차로,교차로부근,이륜차,소형,0,0,1151060,1712607,129.163434,35.39773328
2013,2013-10-02,30,야간,수,1,1,0,0,0,경남,김해시,차대차,측면직각충돌,측면직각충돌,운전자법규위반,과속,교차로,교차로내,승용차,중형,이륜차,중형,1127910,1693462,128.9055974,35.22839678
2013,2013-09-30,10,주간,월,1,1,0,0,0,경기,부천시,차대차,측면직각충돌,측면직각충돌,운전자법규위반,안전운전 의무 불이행,교차로,교차로내,승용차,소형,이륜차,소형,938304,1946662,126.8018475,37.51718686
2013,2013-10-02,15,주간,수,1,1,0,0,0,충남,천안시,차대사람,횡단중,횡단중,운전자법규위반,보행자 보호의무 위반,단일로,기타단일로,화물차,중형,보행자,보행자,976379,1864025,127.2353056,36.77404888
2013,2013-10-02,25,주간,수,1,1,0,0,0,충남,천안시,차대차,측면직각충돌,측면직각충돌,운전자법규위반,기타(운전자법규위반),단일로,기타단일로,자전거,자전거,화물차,대형,966907,1869751,127.1289161,36.82538266
2013,2013-10-01,4,야간,화,1,1,0,0,0,충남,홍성군,차대차,기타,기타,운전자법규위반,안전운전 의무 불이행,단일로,기타단일로,승용차,중형,농기계,농기계,909802,1841331,126.4919886,36.56549705
2013,2013-10-07,15,야간,월,1,1,0,0,0,충남,천안시,차대사람,차도통행중,차도통행중,운전자법규위반,안전운전 의무 불이행,단일로,기타단일로,승용차,소형,보행자,보행자,968388,1871256,127.1454602,36.83900017
2013,2013-10-06,20,야간,일,1,1,0,0,0,강원,강릉시,차대사람,기타,기타,운전자법규위반,안전운전 의무 불이행,단일로,기타단일로,승용차,대형,보행자,보행자,1121010,1974491,128.8737704,37.76191262
2013,2013-10-03,35,야간,목,1,1,0,0,0,서울,강남구,차대사람,기타,기타,운전자법규위반,중앙선 침범,단일로,기타단일로,승용차,중형,보행자,보행자,959609,1942571,127.0433058,37.48168561
2013,2013-10-16,20,주간,수,1,2,0,1,0,전남,나주시,차량단독,공작물충돌,공작물충돌,운전자법규위반,안전운전 의무 불이행,단일로,기타단일로,승용차,소형,0,0,941711,1672941,126.8608448,35.04983234
2012,2012-10-18,15,야간,목,1,1,0,0,0,충남,서천군,차대차,추돌,진행중 추돌,운전자법규위반,중앙선 침범,기타/불명,기타/불명,이륜차,소형,승용차,중형,928775,1779155,126.7096736,36.00660662
2012,2012-10-19,3,주간,금,1,1,0,0,0,충남,아산시,차대사람,보도통행중,보도통행중,운전자법규위반,안전운전 의무 불이행,단일로,횡단보도부근,화물차,대형,보행자,보행자,955803,1865091,127.0046772,36.78292184