발생년,발생년월일시분,발생분,주야,요일,사망자수,사상자수,중상자수,경상자수,부상신고자수,발생지시도,발생지시군구,사고유형_대분류,사고유형_중분류,사고유형,법규위반_대분류,법규위반,도로형태_대분류,도로형태,당사자종별_1당_대분류,당사자종별_1당,당사자종별_2당_대분류,당사자종별_2당,발생위치X_UTMK,발생위치Y_UTMK,경도,위도
2012,2012-08-06,20,야간,월,1,1,0,0,0,강원,평창군,차대사람,길가장자리구역통행중,길가장자리구역통행중,운전자법규위반,안전운전 의무 불이행,단일로,기타단일로,화물차,소형,보행자,보행자,1084037,1947850,128.4510717,37.52612881
2012,2012-08-04,50,주간,토,1,1,0,0,0,전북,남원시,차량단독,전도전복,전도전복,운전자법규위반,안전운전 의무 불이행,단일로,기타단일로,화물차,소형,0,0,1008429,1710161,127.5928101,35.38709739
2012,2012-08-11,5,야간,토,1,1,0,0,0,경기,화성시,차대사람,횡단중,횡단중,운전자법규위반,안전운전 의무 불이행,단일로,기타단일로,화물차,소형,보행자,보행자,947321,1898830,126.8979482,37.08042739
2012,2012-08-11,5,야간,토,1,1,0,0,0,충북,충주시,차량단독,공작물충돌,공작물충돌,운전자법규위반,안전운전 의무 불이행,단일로,기타단일로,승용차,중형,0,0,1033378,1885405,127.8749693,36.96648398
2012,2012-08-09,5,주간,목,1,1,0,0,0,부산,영도구,차량단독,전도전복,전도전복,운전자법규위반,안전운전 의무 불이행,단일로,기타단일로,이륜차,중형,0,0,1140356,1677903,129.0396785,35.08648376
2012,2012-08-09,55,주간,목,1,3,2,0,0,충남,태안군,차대사람,기타,기타,운전자법규위반,안전운전 의무 불이행,단일로,기타단일로,승용차,중형,보행자,보행자,894976,1843393,126.326048,36.58256638
2012,2012-08-16,0,야간,목,1,1,0,0,0,충남,천안시,차대사람,기타,기타,운전자법규위반,안전운전 의무 불이행,단일로,기타단일로,승합차,소형,보행자,보행자,982614,1862771,127.3052025,36.76287934
2013,2013-10-16,30,주간,수,1,1,0,0,0,전남,광양시,차대차,측면직각충돌,측면직각충돌,운전자법규위반,안전운전 의무 불이행,교차로,교차로내,승용차,경형,자전거,자전거,1007570,1664498,127.5829325,34.97535361
2013,2013-10-16,10,야간,수,1,1,0,0,0,전남,순천시,차대사람,길가장자리구역통행중,길가장자리구역통행중,운전자법규위반,안전운전 의무 불이행,단일로,기타단일로,승용차,중형,보행자,보행자,993023,1678647,127.4234451,35.10294472
2013,2013-10-16,0,주간,수,1,1,0,0,0,제주,제주시,차대차,추돌,진행중 추돌,운전자법규위반,안전운전 의무 불이행,단일로,기타단일로,승용차,중형,농기계,농기계,939863,1504380,126.8523521,33.52965704
2013,2013-10-13,0,주간,일,1,3,1,1,0,서울,광진구,차대차,측면직각충돌,측면직각충돌,운전자법규위반,신호위반,교차로,교차로내,승용차,중형,원동기장치자전거,원동기장치자전거,961488,1949288,127.0640511,37.5421153
2013,2013-10-14,45,야간,월,1,2,1,0,0,경북,군위군,차대사람,기타,기타,운전자법규위반,과속,단일로,기타단일로,승용차,중형,보행자,보행자,1107152,1798282,128.6915147,36.17572596
2013,2013-10-14,10,야간,월,1,1,0,0,0,경북,경주시,차대사람,차도통행중,차도통행중,운전자법규위반,안전운전 의무 불이행,단일로,기타단일로,승용차,중형,보행자,보행자,1145967,1762006,129.1164424,35.84380178
2013,2013-10-13,57,야간,일,1,1,0,0,0,울산,남구,차대차,추돌,주정차중 추돌,운전자법규위반,안전운전 의무 불이행,교차로,교차로부근,승용차,대형,이륜차,소형,1165541,1728842,129.3261319,35.54174502
2013,2013-10-13,0,주간,일,1,4,2,1,0,전북,전주시,차대차,측면직각충돌,측면직각충돌,운전자법규위반,신호위반,교차로,교차로내,승용차,소형,승용차,대형,964499,1759610,127.1069343,35.83234868
2013,2013-10-15,46,주간,화,1,1,0,0,0,경남,통영시,차대차,추돌,주정차중 추돌,운전자법규위반,안전운전 의무 불이행,단일로,기타단일로,이륜차,중형,화물차,소형,1077401,1660684,128.3475656,34.93803257
2013,2013-10-15,45,야간,화,1,3,1,1,0,경남,거창군,차대차,측면직각충돌,측면직각충돌,운전자법규위반,교차로 통행방법 위반,교차로,교차로내,화물차,중형,승합차,중형,1037785,1746730,127.9177457,35.71613668
2013,2013-10-15,38,야간,화,1,2,1,0,0,충북,제천시,차대차,기타,기타,운전자법규위반,과속,단일로,기타단일로,화물차,소형,승용차,중형,1064872,1902523,128.2302304,37.11913503
2013,2013-10-14,20,주간,월,1,1,0,0,0,경기,고양시,차대차,측면직각충돌,측면직각충돌,운전자법규위반,교차로 통행방법 위반,교차로,교차로내,원동기장치자전거,원동기장치자전거,승용차,중형,945530,1959718,126.8826416,37.63531594
2013,2013-10-13,20,야간,일,1,1,0,0,0,경기,용인시,차대사람,횡단중,횡단중,운전자법규위반,안전운전 의무 불이행,기타/불명,기타/불명,승용차,중형,보행자,보행자,968944,1925813,127.2415096,37.32903849
2013,2013-10-21,45,야간,월,1,2,1,0,0,울산,울주군,차대차,기타,기타,운전자법규위반,안전운전 의무 불이행,단일로,기타단일로,이륜차,중형,승용차,경형,1152451,1729611,129.181935,35.55077583
2013,2013-10-21,35,주간,월,1,1,0,0,0,충북,청원군,차대차,측면직각충돌,측면직각충돌,운전자법규위반,중앙선 침범,단일로,기타단일로,자전거,자전거,승용차,소형,1000372,1837378,127.5041557,36.53412176
2013,2013-10-21,20,주간,월,1,1,0,0,0,강원,춘천시,차대사람,횡단중,횡단중,운전자법규위반,안전운전 의무 불이행,단일로,기타단일로,승합차,중형,보행자,보행자,1019218,1984692,127.7184811,37.86182621
2013,2013-10-22,10,주간,화,1,1,0,0,0,대전,유성구,차량단독,기타,기타,운전자법규위반,안전운전 의무 불이행,단일로,기타단일로,승용차,대형,0,0,986370,1818173,127.3480749,36.36088701
2013,2013-09-05,55,주간,목,1,1,0,0,0,전북,김제시,차대차,측면직각충돌,측면직각충돌,운전자법규위반,과속,교차로,교차로내,승용차,경형,원동기장치자전거,원동기장치자전거,938267,1748802,126.8173428,35.73360702
2013,2013-09-08,20,주간,일,1,1,0,0,0,경북,포항시,차대차,기타,기타,운전자법규위반,안전운전 의무 불이행,단일로,기타단일로,승용차,소형,원동기장치자전거,원동기장치자전거,1170291,1791955,129.3919602,36.10967127
2013,2013-09-10,5,야간,화,1,1,0,0,0,경기,의왕시,차량단독,기타,기타,운전자법규위반,기타(운전자법규위반),단일로,기타단일로,승용차,대형,0,0,953082,1927564,126.9702823,37.34591934
2013,2013-09-08,8,야간,일,1,5,0,4,0,강원,원주시,차대차,정면충돌,정면충돌,운전자법규위반,신호위반,교차로,교차로내,승용차,중형,승용차,경형,1039991,1933214,127.9518176,37.39717041
2013,2013-09-06,35,주간,금,1,1,0,0,0,경기,안산시,차대차,기타,기타,운전자법규위반,중앙선 침범,교차로,교차로부근,원동기장치자전거,원동기장치자전거,승용차,중형,935523,1923506,126.7724016,37.30829002
2013,2013-09-14,30,야간,토,1,1,0,0,0,경기,양주시,차대사람,차도통행중,차도통행중,운전자법규위반,안전운전 의무 불이행,단일로,기타단일로,승용차,소형,보행자,보행자,952987,1982945,126.9656523,37.84507068
2013,2013-09-12,25,야간,목,1,1,0,0,0,경기,용인시,차대사람,횡단중,횡단중,운전자법규위반,안전운전 의무 불이행,교차로,교차로내,승합차,대형,보행자,보행자,972326,1914167,127.1893229,37.23672862
2013,2013-09-13,21,야간,금,1,2,0,1,0,경기,평택시,차대차,측면직각충돌,측면직각충돌,운전자법규위반,직진 및 우회전차의 통행방해,교차로,교차로내,승용차,중형,승용차,중형,963781,1888051,127.0929885,36.99023057
2013,2013-09-19,15,야간,목,1,2,1,0,0,경북,고령군,차량단독,공작물충돌,공작물충돌,운전자법규위반,안전운전 의무 불이행,단일로,기타단일로,승용차,중형,0,0,1064145,1742489,128.2088239,35.67653665
2013,2013-09-19,12,야간,목,1,1,0,0,0,부산,강서구,차대사람,횡단중,횡단중,운전자법규위반,안전운전 의무 불이행,기타/불명,기타/불명,승용차,중형,보행자,보행자,1120819,1679374,128.8256311,35.10227637
2013,2013-09-21,15,야간,토,1,1,0,0,0,경북,영천시,차량단독,기타,기타,운전자법규위반,안전운전 의무 불이행,단일로,기타단일로,승용차,중형,0,0,1126488,1772682,128.9023736,35.94265692
2013,2013-09-18,15,주간,수,1,2,1,0,0,경북,포항시,차량단독,공작물충돌,공작물충돌,운전자법규위반,안전운전 의무 불이행,지하도로내,지하도로내,승용차,소형,0,0,1183026,1778119,129.5301663,35.98268891
2013,2013-09-16,25,주간,월,1,1,0,0,0,경기,시흥시,차대차,기타,기타,운전자법규위반,과속,교차로,교차로부근,화물차,소형,자전거,자전거,932173,1928525,126.7334727,37.35326965
2013,2013-09-26,30,야간,목,1,2,0,1,0,경기,이천시,차대사람,횡단중,횡단중,운전자법규위반,안전운전 의무 불이행,단일로,기타단일로,승용차,중형,보행자,보행자,1002396,1913467,127.5270066,37.2200319
2012,2012-07-29,15,야간,일,1,3,2,0,0,경기,시흥시,차대차,기타,기타,운전자법규위반,교차로 통행방법 위반,교차로,교차로내,승용차,중형,이륜차,소형,933139,1927761,126.7455576,37.34650235
2012,2012-07-29,35,야간,일,1,1,0,0,0,서울,마포구,차대사람,차도통행중,차도통행중,운전자법규위반,안전운전 의무 불이행,단일로,기타단일로,승용차,대형,보행자,보행자,952355,1951123,126.9605518,37.55822759
2012,2012-07-29,20,주간,일,1,1,0,0,0,전남,순천시,차대차,측면직각충돌,측면직각충돌,운전자법규위반,안전운전 의무 불이행,단일로,기타단일로,화물차,경형,이륜차,소형,978798,1674304,127.268829,35.07690497
2012,2012-07-26,0,야간,목,1,1,0,0,0,경기,파주시,차대차,정면충돌,정면충돌,운전자법규위반,중앙선 침범,단일로,기타단일로,승용차,경형,화물차,중형,939795,1974013,126.8171946,37.75592154
2012,2012-08-03,50,주간,금,1,1,0,0,0,충북,청원군,차대차,기타,기타,운전자법규위반,안전운전 의무 불이행,단일로,기타단일로,승용차,중형,이륜차,사발이,1005850,1864000,127.5655546,36.77409991
2012,2012-08-03,0,야간,금,1,1,0,0,0,세종,세종,차량단독,도로이탈,도로이탈 기타,운전자법규위반,안전운전 의무 불이행,단일로,기타단일로,화물차,소형,0,0,982844,1841294,127.3082603,36.56927082
2012,2012-08-03,30,야간,금,1,1,0,0,0,경기,평택시,차대사람,차도통행중,차도통행중,운전자법규위반,안전운전 의무 불이행,단일로,기타단일로,승용차,중형,보행자,보행자,939351,1890242,126.8182939,37.00872113
2012,2012-06-12,0,주간,화,1,1,0,0,0,전북,익산시,차대사람,횡단중,횡단중,운전자법규위반,안전운전 의무 불이행,단일로,기타단일로,승합차,경형,보행자,보행자,952143,1771299,126.9694312,35.93720829
2012,2012-06-21,35,야간,목,1,1,0,0,0,인천,서구,차대사람,차도통행중,차도통행중,운전자법규위반,안전운전 의무 불이행,단일로,기타단일로,승용차,중형,보행자,보행자,927340,1944736,126.67798,37.49902987
2012,2012-06-21,15,주간,목,1,1,0,0,0,경기,시흥시,차대사람,기타,기타,운전자법규위반,안전운전 의무 불이행,교차로,교차로부근,화물차,중형,보행자,보행자,933988,1927808,126.7549104,37.34718358
2012,2012-06-20,0,야간,수,1,1,0,0,0,경남,김해시,차대사람,길가장자리구역통행중,길가장자리구역통행중,운전자법규위반,안전운전 의무 불이행,단일로,기타단일로,승용차,중형,보행자,보행자,1123153,1692072,128.8531281,35.21646217
2012,2012-08-31,15,야간,금,1,4,2,1,0,전남,광양시,차대차,추돌,주정차중 추돌,운전자법규위반,안전운전 의무 불이행,단일로,기타단일로,승용차,중형,승용차,중형,1010190,1663132,127.611619,34.96301275
2012,2012-08-31,31,주간,금,1,1,0,0,0,서울,마포구,차대사람,기타,기타,운전자법규위반,안전운전 의무 불이행,단일로,횡단보도상,승용차,중형,보행자,보행자,951994,1951022,126.9563788,37.55755047
2012,2012-08-31,46,주간,금,1,1,0,0,0,전남,여수시,차대차,기타,기타,운전자법규위반,안전거리 미확보,단일로,기타단일로,승합차,중형,농기계,농기계,1009913,1633098,127.6082299,34.69217845
2012,2012-09-05,30,야간,수,1,1,0,0,0,충남,공주시,차량단독,기타,기타,운전자법규위반,안전운전 의무 불이행,단일로,기타단일로,화물차,소형,0,0,960942,1826833,127.064214,36.43826108
2012,2012-09-04,5,주간,화,1,1,0,0,0,서울,영등포구,차량단독,공작물충돌,공작물충돌,운전자법규위반,안전운전 의무 불이행,단일로,교량위,승용차,대형,0,0,948029,1946715,126.9118862,37.51826376
2012,2012-09-03,34,주간,월,1,1,0,0,0,경남,산청군,차대차,추돌,주정차중 추돌,운전자법규위반,안전운전 의무 불이행,단일로,기타단일로,이륜차,소형,건설기계,건설기계,1042695,1702130,127.9696803,35.31380602
2012,2012-09-11,32,야간,화,1,1,0,0,0,전남,목포시,차량단독,공작물충돌,공작물충돌,운전자법규위반,안전운전 의무 불이행,교차로,교차로내,승용차,소형,0,0,901828,1648108,126.4264926,34.82284743
2012,2012-09-08,10,야간,토,1,1,0,0,0,서울,용산구,차대사람,차도통행중,차도통행중,운전자법규위반,안전운전 의무 불이행,단일로,기타단일로,승용차,중형,보행자,보행자,953208,1949792,126.9702942,37.54627475
2012,2012-09-07,50,주간,금,2,3,0,1,0,경기,평택시,차대차,기타,기타,운전자법규위반,신호위반,교차로,교차로내,이륜차,소형,승용차,소형,948237,1890410,126.8891027,36.99652279
2012,2012-09-14,40,야간,금,1,1,0,0,0,경북,구미시,차대사람,기타,기타,운전자법규위반,안전운전 의무 불이행,교차로,교차로내,승합차,중형,보행자,보행자,1074437,1792649,128.3221718,36.12931965
2012,2012-09-12,19,야간,수,1,1,0,0,0,강원,정선군,차대사람,기타,기타,운전자법규위반,보행자 보호의무 위반,기타/불명,기타/불명,승합차,중형,보행자,보행자,1119261,1912890,128.8439941,37.20720865
2012,2012-09-11,30,야간,화,1,1,0,0,0,경북,울진군,차량단독,도로이탈,도로이탈 추락,운전자법규위반,안전운전 의무 불이행,단일로,기타단일로,승용차,소형,0,0,1168050,1896751,129.3899601,37.05429532
2012,2012-09-17,56,주간,월,1,2,0,1,0,전북,김제시,차대차,측면직각충돌,측면직각충돌,운전자법규위반,교차로 통행방법 위반,교차로,교차로내,원동기장치자전거,원동기장치자전거,승용차,중형,944767,1755862,126.8887305,35.79764477
2012,2012-09-17,30,야간,월,1,1,0,0,0,대구,중구,차대사람,기타,기타,운전자법규위반,안전운전 의무 불이행,단일로,기타단일로,승용차,소형,보행자,보행자,1099290,1764788,128.5999006,35.87464134
2012,2012-09-17,4,주간,월,1,4,2,1,0,전북,전주시,차량단독,공작물충돌,공작물충돌,운전자법규위반,안전운전 의무 불이행,단일로,기타단일로,승용차,경형,0,0,962261,1761028,127.0820887,35.8450497
2012,2012-09-14,14,야간,금,1,1,0,0,0,경북,군위군,차대사람,기타,기타,운전자법규위반,안전운전 의무 불이행,단일로,기타단일로,화물차,소형,보행자,보행자,1096804,1791880,128.5756774,36.11910737
2012,2012-09-21,50,야간,금,1,1,0,0,0,충남,금산군,차량단독,기타,기타,운전자법규위반,안전운전 의무 불이행,단일로,기타단일로,원동기장치자전거,원동기장치자전거,0,0,999960,1789625,127.4995556,36.10360643
2012,2012-09-22,36,야간,토,1,1,0,0,0,서울,광진구,차대사람,횡단중,횡단중,운전자법규위반,보행자 보호의무 위반,단일로,횡단보도상,승용차,중형,보행자,보행자,962698,1950595,127.0776813,37.55394552
2012,2012-09-18,55,야간,화,1,2,0,1,0,울산,동구,차대차,기타,기타,운전자법규위반,직진 및 우회전차의 통행방해,교차로,교차로부근,이륜차,소형,승용차,중형,1174898,1729042,129.4293441,35.54194038
2012,2012-09-25,49,야간,화,1,1,0,0,0,대전,서구,차대사람,횡단중,횡단중,운전자법규위반,안전운전 의무 불이행,교차로,교차로내,승용차,중형,보행자,보행자,988412,1817827,127.3708409,36.35779446
2012,2012-09-23,30,야간,일,1,1,0,0,0,경기,의정부시,차대차,추돌,진행중 추돌,운전자법규위반,신호위반,교차로,교차로내,승용차,중형,자전거,자전거,961111,1970500,127.0587091,37.73167406
2012,2012-09-24,50,주간,월,1,2,1,0,0,경북,영양군,차량단독,기타,기타,운전자법규위반,안전운전 의무 불이행,단일로,기타단일로,농기계,농기계,0,0,1151154,1850288,129.1907744,36.6385058
2012,2012-09-24,18,야간,월,1,2,1,0,0,경북,구미시,차량단독,전도전복,전도전복,운전자법규위반,안전운전 의무 불이행,단일로,기타단일로,승용차,중형,0,0,1082169,1790243,128.4086042,36.10567881
2012,2012-08-06,50,주간,월,1,1,0,0,0,경남,창원시(통합),차대사람,횡단중,횡단중,운전자법규위반,안전운전 의무 불이행,단일로,기타단일로,승용차,중형,보행자,보행자,1104136,1695073,128.6446017,35.24567202
2012,2012-08-11,35,주간,토,1,1,0,0,0,서울,관악구,차량단독,공작물충돌,공작물충돌,운전자법규위반,안전운전 의무 불이행,단일로,기타단일로,이륜차,중형,0,0,948502,1943488,126.9176328,37.4893768
2012,2012-08-11,20,주간,토,1,1,0,0,0,경기,안양시,차량단독,공작물충돌,공작물충돌,운전자법규위반,안전운전 의무 불이행,고가도로위,고가도로위,원동기장치자전거,원동기장치자전거,0,0,948533,1935271,126.9183889,37.41514438
2012,2012-08-10,9,주간,금,1,1,0,0,0,전남,나주시,차량단독,도로이탈,도로이탈 기타,운전자법규위반,안전운전 의무 불이행,단일로,기타단일로,승용차,중형,0,0,927896,1668291,126.7097747,35.00701282
2014,2014-02-26,45,야간,수,1,1,0,0,0,전남,함평군,차량단독,도로이탈,도로이탈 추락,운전자법규위반,안전운전 의무 불이행,단일로,기타단일로,승용차,대형,0,0,906965,1679982,126.4790983,35.11070796
2014,2014-02-27,42,주간,목,1,1,0,0,0,경기,광주시,차대사람,횡단중,횡단중,운전자법규위반,신호위반,교차로,교차로부근,승합차,대형,보행자,보행자,977947,1935225,127.2507831,37.41589771
2014,2014-02-27,55,주간,목,1,2,1,0,0,서울,강동구,차대차,기타,기타,운전자법규위반,안전운전 의무 불이행,기타/불명,기타/불명,자전거,자전거,자전거,자전거,967957,1952030,127.1371577,37.56707769
2014,2014-03-03,50,주간,월,1,1,0,0,0,대전,서구,차대사람,기타,기타,운전자법규위반,안전운전 의무 불이행,단일로,횡단보도상,승합차,대형,보행자,보행자,986344,1813541,127.3478663,36.31912731
2014,2014-02-28,10,야간,금,1,1,0,0,0,충남,당진시,차량단독,전도전복,전도전복,운전자법규위반,안전운전 의무 불이행,기타/불명,기타/불명,이륜차,사발이,0,0,924888,1881125,126.6566486,36.92550004
2014,2014-03-04,30,주간,화,1,2,0,0,1,인천,부평구,차대사람,기타,기타,운전자법규위반,안전운전 의무 불이행,단일로,기타단일로,자전거,자전거,보행자,보행자,929490,1943898,126.7027292,37.49193467
2014,2014-03-03,10,주간,월,1,1,0,0,0,경기,가평군,차량단독,도로이탈,도로이탈 추락,운전자법규위반,안전운전 의무 불이행,단일로,기타단일로,이륜차,사발이,0,0,989756,1980703,127.3835967,37.82601797
2014,2014-02-27,35,야간,목,1,1,0,0,0,경북,영주시,차대차,추돌,주정차중 추돌,운전자법규위반,안전운전 의무 불이행,단일로,기타단일로,이륜차,중형,화물차,중형,1091418,1875822,128.5257695,36.87626257
2014,2014-03-03,30,야간,월,1,1,0,0,0,서울,영등포구,차대사람,횡단중,횡단중,운전자법규위반,신호위반,단일로,횡단보도상,승합차,대형,보행자,보행자,947983,1944205,126.9115433,37.49563809
2014,2014-03-04,40,주간,화,1,1,0,0,0,경기,광명시,차대차,추돌,주정차중 추돌,운전자법규위반,안전운전 의무 불이행,단일로,기타단일로,승용차,소형,화물차,소형,943679,1940995,126.8631013,37.46645336
2014,2014-03-20,17,야간,목,1,1,0,0,0,충남,당진시,차대차,정면충돌,정면충돌,운전자법규위반,안전운전 의무 불이행,기타/불명,기타/불명,화물차,소형,농기계,농기계,933249,1876993,126.760033,36.89883053
2014,2014-03-06,0,야간,목,1,1,0,0,0,경남,진주시,차대차,기타,기타,운전자법규위반,안전운전 의무 불이행,교차로,교차로내,화물차,소형,원동기장치자전거,원동기장치자전거,1051469,1691331,128.0655208,35.21602229
2013,2013-12-23,5,주간,월,1,1,0,0,0,전북,익산시,차량단독,전도전복,전도전복,운전자법규위반,안전운전 의무 불이행,교차로,교차로부근,화물차,소형,0,0,952609,1786630,126.9678416,36.071582
2013,2013-12-23,30,야간,월,1,1,0,0,0,경기,성남시,차대사람,차도통행중,차도통행중,운전자법규위반,안전운전 의무 불이행,교차로,교차로부근,승합차,대형,보행자,보행자,967222,1936780,127.1295148,37.42959624
2013,2013-12-21,34,주간,토,1,1,0,0,0,경남,김해시,차량단독,공작물충돌,공작물충돌,운전자법규위반,안전운전 의무 불이행,교차로,교차로부근,승용차,경형,0,0,1127193,1697070,128.8997597,35.26147263
2013,2013-12-24,15,야간,화,1,1,0,0,0,부산,사하구,차대사람,기타,기타,운전자법규위반,신호위반,교차로,교차로부근,승용차,중형,보행자,보행자,1134167,1679774,128.9721099,35.1041925
2013,2013-11-01,25,주간,금,1,1,0,0,0,울산,울주군,차대차,측면직각충돌,측면직각충돌,운전자법규위반,중앙선 침범,단일로,기타단일로,이륜차,사발이,승용차,중형,1156940,1717303,129.2290615,35.4391481
2013,2013-11-01,20,주간,금,1,1,0,0,0,충남,당진시,차량단독,도로이탈,도로이탈 기타,운전자법규위반,안전운전 의무 불이행,교차로,교차로부근,원동기장치자전거,원동기장치자전거,0,0,916069,1876630,126.54998,36.88071435
2013,2013-11-01,45,주간,금,1,2,0,1,0,전남,완도군,차대사람,기타,기타,운전자법규위반,안전운전 의무 불이행,기타/불명,기타/불명,승합차,소형,보행자,보행자,927918,1597217,126.7160806,34.36613631
2013,2013-11-01,45,주간,금,1,1,0,0,0,강원,양양군,차량단독,공작물충돌,공작물충돌,운전자법규위반,안전운전 의무 불이행,단일로,기타단일로,이륜차,중형,0,0,1101000,2006448,128.6511787,38.05247779
2013,2013-11-01,3,야간,금,1,1,0,0,0,대전,서구,차대차,추돌,주정차중 추돌,운전자법규위반,안전운전 의무 불이행,단일로,기타단일로,승용차,중형,승용차,중형,990141,1817914,127.390111,36.35859808
2013,2013-10-29,5,야간,화,1,1,0,0,0,경북,칠곡군,차대사람,기타,기타,운전자법규위반,안전운전 의무 불이행,교차로,교차로내,승용차,중형,보행자,보행자,1081672,1777049,128.4060189,35.98680165
2013,2013-10-29,4,야간,화,1,1,0,0,0,경남,창녕군,차대사람,기타,기타,운전자법규위반,안전운전 의무 불이행,단일로,기타단일로,승용차,소형,보행자,보행자,1093154,1717730,128.5264934,35.45101697
2013,2013-11-04,18,야간,월,1,1,0,0,0,경북,포항시,차량단독,도로이탈,도로이탈 추락,운전자법규위반,안전운전 의무 불이행,단일로,교량위,승용차,대형,0,0,1167971,1779851,129.3636229,36.00100546
2013,2013-11-02,10,야간,토,1,1,0,0,0,전남,여수시,차대사람,기타,기타,운전자법규위반,신호위반,교차로,교차로부근,승용차,중형,보행자,보행자,1020926,1639098,127.7286719,34.7467358
2013,2013-11-10,56,주간,일,1,1,0,0,0,서울,영등포구,차대사람,횡단중,횡단중,운전자법규위반,안전운전 의무 불이행,교차로,교차로내,승용차,중형,보행자,보행자,946885,1943451,126.8991769,37.48877963
2013,2013-11-10,35,주간,일,1,1,0,0,0,광주,서구,차대사람,횡단중,횡단중,운전자법규위반,신호위반,단일로,기타단일로,승용차,소형,보행자,보행자,942869,1682383,126.8728905,35.13503484
2013,2013-11-09,10,야간,토,1,1,0,0,0,충남,아산시,차량단독,공작물충돌,공작물충돌,운전자법규위반,안전운전 의무 불이행,단일로,교량위,승용차,중형,0,0,957993,1874181,127.048997,36.84481231
2013,2013-11-10,25,야간,일,1,1,0,0,0,충북,청주시,차대사람,기타,기타,운전자법규위반,안전운전 의무 불이행,단일로,기타단일로,승용차,대형,보행자,보행자,999399,1848275,127.4932776,36.63235878
2013,2013-11-10,35,야간,일,1,3,2,0,0,경기,평택시,차량단독,도로이탈,도로이탈 추락,운전자법규위반,안전운전 의무 불이행,단일로,기타단일로,화물차,소형,0,0,946110,1894410,126.8939638,37.04670303
2013,2013-11-07,50,주간,목,1,1,0,0,0,경북,성주군,차대사람,길가장자리구역통행중,길가장자리구역통행중,운전자법규위반,안전운전 의무 불이행,단일로,기타단일로,화물차,소형,보행자,보행자,1068875,1776352,128.2640087,35.98150613
2013,2013-11-07,30,야간,목,1,1,0,0,0,충남,예산군,차량단독,공작물충돌,공작물충돌,운전자법규위반,안전운전 의무 불이행,단일로,기타단일로,화물차,소형,0,0,936036,1841980,126.7850889,36.57346568
2014,2014-03-22,40,주간,토,1,4,1,2,0,서울,노원구,차대차,기타,기타,운전자법규위반,중앙선 침범,단일로,기타단일로,승용차,중형,승용차,중형,961441,1957939,127.0630636,37.62008722
2014,2014-03-22,10,주간,토,1,1,0,0,0,울산,동구,차대차,추돌,진행중 추돌,운전자법규위반,안전거리 미확보,단일로,기타단일로,이륜차,소형,승합차,대형,1174980,1724709,129.4293131,35.50287894
2014,2014-03-23,36,주간,일,1,1,0,0,0,부산,남구,차대사람,기타,기타,운전자법규위반,안전운전 의무 불이행,단일로,기타단일로,승용차,대형,보행자,보행자,1147085,1683242,129.1144179,35.13364826
2014,2014-03-18,55,야간,화,1,1,0,0,0,경기,수원시,차대사람,횡단중,횡단중,운전자법규위반,안전운전 의무 불이행,단일로,기타단일로,승용차,중형,보행자,보행자,956442,1922682,127.0085031,37.3020787
2014,2014-03-18,20,주간,화,1,2,0,1,0,전남,나주시,차대차,기타,기타,운전자법규위반,중앙선 침범,교차로,교차로부근,건설기계,건설기계,특수차,소형,943633,1665381,126.8824317,34.98177383
2014,2014-03-19,46,야간,수,3,11,7,1,0,서울,송파구,차대차,추돌,주정차중 추돌,운전자법규위반,안전운전 의무 불이행,단일로,기타단일로,승합차,대형,승용차,중형,965214,1946302,127.1063692,37.51534944
2013,2013-12-26,20,야간,목,1,1,0,0,0,경기,평택시,차량단독,공작물충돌,공작물충돌,운전자법규위반,안전운전 의무 불이행,단일로,기타단일로,승용차,중형,0,0,962959,1891852,127.0835646,37.02446144
2013,2013-12-19,50,주간,목,1,1,0,0,0,서울,동작구,차대차,측면직각충돌,측면직각충돌,운전자법규위반,안전운전 의무 불이행,단일로,기타단일로,건설기계,건설기계,자전거,자전거,950642,1946179,126.9414901,37.51357621
2013,2013-12-24,15,주간,화,1,1,0,0,0,서울,도봉구,차대차,측면직각충돌,측면직각충돌,운전자법규위반,신호위반,교차로,교차로내,자전거,자전거,승용차,중형,959204,1962684,127.0374504,37.66275807
2013,2013-12-29,0,야간,일,1,1,0,0,0,전북,고창군,차대사람,기타,기타,운전자법규위반,안전운전 의무 불이행,단일로,기타단일로,화물차,소형,보행자,보행자,913149,1718948,126.5428223,35.46256841
2013,2013-12-21,49,주간,토,1,1,0,0,0,강원,고성군,차대사람,횡단중,횡단중,운전자법규위반,안전운전 의무 불이행,단일로,기타단일로,화물차,소형,보행자,보행자,1083788,2043487,128.4605392,38.38706265
2013,2013-12-26,54,주간,목,1,1,0,0,0,경남,의령군,차량단독,전도전복,전도전복,운전자법규위반,안전운전 의무 불이행,단일로,기타단일로,화물차,소형,0,0,1074995,1708525,128.3255676,35.36956128
2013,2013-12-28,40,야간,토,1,1,0,0,0,충남,천안시,차대사람,횡단중,횡단중,운전자법규위반,안전운전 의무 불이행,교차로,교차로부근,승용차,대형,보행자,보행자,969078,1873247,127.1531176,36.85697085
2013,2013-12-08,50,야간,일,1,2,1,0,0,서울,송파구,차대차,측면직각충돌,측면직각충돌,운전자법규위반,안전운전 의무 불이행,단일로,기타단일로,이륜차,중형,승합차,대형,968420,1944653,127.1427178,37.50060154