발생년,발생년월일시분,발생분,주야,요일,사망자수,사상자수,중상자수,경상자수,부상신고자수,발생지시도,발생지시군구,사고유형_대분류,사고유형_중분류,사고유형,법규위반_대분류,법규위반,도로형태_대분류,도로형태,당사자종별_1당_대분류,당사자종별_1당,당사자종별_2당_대분류,당사자종별_2당,발생위치X_UTMK,발생위치Y_UTMK,경도,위도
2013,2013-12-09,58,야간,월,1,3,1,1,0,경북,영천시,차대차,기타,기타,운전자법규위반,안전운전 의무 불이행,단일로,기타단일로,건설기계,건설기계,승용차,경형,1128465,1782727,128.9259151,36.03293612
2013,2013-12-15,0,야간,일,1,1,0,0,0,충남,아산시,차대사람,횡단중,횡단중,운전자법규위반,안전운전 의무 불이행,교차로,교차로내,화물차,소형,보행자,보행자,957816,1864298,127.0272804,36.77586517
2013,2013-12-14,20,야간,토,1,4,2,1,0,경기,안산시,차량단독,전도전복,전도전복,운전자법규위반,안전운전 의무 불이행,단일로,기타단일로,승용차,중형,0,0,942531,1923666,126.8520309,37.30924687
2013,2013-12-11,59,주간,수,1,1,0,0,0,전남,나주시,차대사람,기타,기타,운전자법규위반,안전운전 의무 불이행,교차로,교차로부근,승합차,대형,보행자,보행자,928750,1671468,126.718861,35.03571903
2013,2013-12-18,10,야간,수,1,1,0,0,0,충북,제천시,차대사람,기타,기타,운전자법규위반,보행자 보호의무 위반,단일로,횡단보도상,승용차,소형,보행자,보행자,1061147,1906097,128.1885947,37.15160037
2013,2013-12-18,27,야간,수,1,1,0,0,0,충남,계룡시,차대사람,횡단중,횡단중,운전자법규위반,안전운전 의무 불이행,교차로,교차로부근,승용차,중형,보행자,보행자,976846,1809461,127.2421763,36.28216299
2013,2013-12-12,10,야간,목,1,1,0,0,0,전북,익산시,차대차,정면충돌,정면충돌,운전자법규위반,중앙선 침범,교차로,교차로부근,승용차,중형,이륜차,소형,951579,1771794,126.9631484,35.94164323
2013,2013-12-12,30,야간,목,1,2,0,0,1,경기,안양시,차대차,정면충돌,정면충돌,운전자법규위반,중앙선 침범,단일로,기타단일로,승용차,경형,승합차,중형,947750,1932560,126.9097326,37.39066536
2013,2013-12-12,24,주간,목,1,3,2,0,0,강원,고성군,차량단독,전도전복,전도전복,운전자법규위반,안전운전 의무 불이행,단일로,기타단일로,승용차,중형,0,0,1082970,2033724,128.4488872,38.30010534
2014,2014-02-18,45,주간,화,1,1,0,0,0,서울,영등포구,차대사람,기타,기타,운전자법규위반,안전운전 의무 불이행,교차로,교차로부근,승용차,대형,보행자,보행자,949660,1946908,126.9303288,37.52009377
2014,2014-02-27,2,주간,목,1,1,0,0,0,서울,노원구,차대사람,횡단중,횡단중,운전자법규위반,안전운전 의무 불이행,단일로,기타단일로,승합차,소형,보행자,보행자,963030,1963525,127.0807863,37.67050027
2014,2014-03-03,38,야간,월,1,1,0,0,0,부산,강서구,차량단독,도로이탈,도로이탈 추락,운전자법규위반,안전운전 의무 불이행,단일로,기타단일로,승용차,소형,0,0,1126723,1683882,128.8910843,35.14218864
2014,2014-03-03,0,야간,월,1,1,0,0,0,부산,강서구,차대사람,횡단중,횡단중,운전자법규위반,안전운전 의무 불이행,단일로,횡단보도부근,승용차,중형,보행자,보행자,1130411,1692528,128.9329252,35.21965522
2012,2012-08-15,50,주간,수,1,1,0,0,0,부산,동래구,차대사람,횡단중,횡단중,운전자법규위반,안전운전 의무 불이행,단일로,기타단일로,승용차,경형,보행자,보행자,1142991,1691797,129.07098,35.21135144
2012,2012-08-13,35,야간,월,1,2,0,1,0,충남,아산시,차대사람,기타,기타,운전자법규위반,안전운전 의무 불이행,단일로,기타단일로,승용차,중형,보행자,보행자,960275,1881975,127.0539105,36.9353186
2013,2013-11-14,29,야간,목,1,1,0,0,0,부산,해운대구,차대사람,횡단중,횡단중,운전자법규위반,신호위반,단일로,기타단일로,승용차,중형,보행자,보행자,1150130,1693981,129.1495658,35.23005343
2013,2013-11-13,40,주간,수,1,1,0,0,0,경기,고양시,차대사람,기타,기타,운전자법규위반,안전운전 의무 불이행,단일로,기타단일로,승합차,대형,보행자,보행자,936293,1961651,126.7769775,37.65288691
2012,2012-02-22,35,주간,수,1,1,0,0,0,대전,동구,차대사람,횡단중,횡단중,운전자법규위반,안전운전 의무 불이행,단일로,기타단일로,승용차,중형,보행자,보행자,993927,1814955,127.4323331,36.33195282
2013,2013-11-21,40,주간,목,1,1,0,0,0,경북,봉화군,차대차,추돌,진행중 추돌,운전자법규위반,안전운전 의무 불이행,단일로,기타단일로,화물차,소형,농기계,농기계,1123162,1880722,128.8689049,36.92032621
2013,2013-11-17,50,주간,일,1,1,0,0,0,충북,청원군,차대차,측면직각충돌,측면직각충돌,운전자법규위반,신호위반,교차로,교차로내,승용차,중형,원동기장치자전거,원동기장치자전거,1002354,1856509,127.5263556,36.706585
2013,2013-11-17,5,야간,일,1,1,0,0,0,충북,음성군,차대사람,횡단중,횡단중,운전자법규위반,안전운전 의무 불이행,단일로,기타단일로,승용차,대형,보행자,보행자,1016949,1880367,127.6902939,36.92150851
2013,2013-11-18,10,주간,월,1,1,0,0,0,경북,영덕군,차대차,측면직각충돌,측면직각충돌,운전자법규위반,서행 및 일시정지위반,교차로,교차로내,승용차,중형,승용차,경형,1170014,1844395,129.4009855,36.58140777
2013,2013-11-18,3,야간,월,1,1,0,0,0,광주,광산구,차대사람,횡단중,횡단중,운전자법규위반,안전운전 의무 불이행,단일로,기타단일로,승용차,중형,보행자,보행자,936905,1684153,126.8072943,35.15063775
2013,2013-11-21,50,주간,목,1,1,0,0,0,충남,서천군,차대차,측면직각충돌,측면직각충돌,운전자법규위반,안전운전 의무 불이행,교차로,교차로부근,승용차,중형,이륜차,중형,927387,1786674,126.6935826,36.07428786
2013,2013-11-22,30,주간,금,1,1,0,0,0,충남,당진시,차대차,추돌,주정차중 추돌,운전자법규위반,안전운전 의무 불이행,단일로,기타단일로,화물차,소형,화물차,대형,937684,1875914,126.8007391,36.87946172
2013,2013-11-29,30,주간,금,1,1,0,0,0,경남,통영시,차량단독,기타,기타,운전자법규위반,안전운전 의무 불이행,단일로,기타단일로,농기계,농기계,0,0,1081487,1651497,128.3914085,34.85487761
2013,2013-11-29,30,주간,금,1,1,0,0,0,충북,청원군,차대차,기타,기타,운전자법규위반,안전운전 의무 불이행,교차로,교차로부근,화물차,중형,화물차,소형,994544,1857497,127.438907,36.71547893
2013,2013-12-01,20,야간,일,1,3,0,2,0,강원,춘천시,차대차,측면직각충돌,측면직각충돌,운전자법규위반,안전운전 의무 불이행,단일로,기타단일로,화물차,소형,승용차,중형,1006706,1982014,127.576213,37.83786708
2013,2013-11-30,58,주간,토,1,1,0,0,0,대구,수성구,차대사람,기타,기타,운전자법규위반,안전운전 의무 불이행,단일로,기타단일로,승합차,소형,보행자,보행자,1100209,1759490,128.6094137,35.82678903
2013,2013-12-01,20,야간,일,1,1,0,0,0,경북,구미시,차대사람,기타,기타,운전자법규위반,안전운전 의무 불이행,단일로,기타단일로,승용차,중형,보행자,보행자,1077035,1792546,128.3560961,36.12688221
2013,2013-11-30,57,야간,토,1,1,0,0,0,대전,동구,차대사람,횡단중,횡단중,운전자법규위반,과속,단일로,기타단일로,승용차,중형,보행자,보행자,994511,1813582,127.437836,36.31965873
2013,2013-11-30,15,야간,토,1,1,0,0,0,경남,창원시(통합),차대사람,차도통행중,차도통행중,운전자법규위반,안전운전 의무 불이행,교차로,교차로내,승용차,중형,보행자,보행자,1097932,1693079,128.5761846,35.22832081
2013,2013-11-30,0,주간,토,1,1,0,0,0,경기,시흥시,차대사람,횡단중,횡단중,운전자법규위반,신호위반,교차로,교차로내,승합차,대형,보행자,보행자,932153,1928532,126.7339156,37.35335004
2013,2013-12-01,0,야간,일,1,1,0,0,0,경기,양주시,차량단독,전도전복,전도전복,운전자법규위반,안전운전 의무 불이행,단일로,기타단일로,승용차,대형,0,0,949909,1979253,126.9254924,37.80605337
2013,2013-10-26,50,주간,토,1,1,0,0,0,인천,부평구,차대사람,횡단중,횡단중,운전자법규위반,안전운전 의무 불이행,단일로,횡단보도상,승용차,중형,보행자,보행자,932757,1943304,126.7393896,37.48653396
2013,2013-10-27,45,야간,일,1,2,1,0,0,전북,익산시,차대차,측면직각충돌,측면직각충돌,운전자법규위반,직진 및 우회전차의 통행방해,교차로,교차로내,승용차,중형,이륜차,대형,959512,1767670,127.0604304,35.91911942
2013,2013-10-26,15,야간,토,1,1,0,0,0,경기,파주시,차대사람,횡단중,횡단중,운전자법규위반,과속,교차로,교차로부근,화물차,소형,보행자,보행자,936812,1986536,126.7815054,37.87645659
2013,2013-10-24,0,주간,목,1,1,0,0,0,강원,영월군,차량단독,전도전복,전도전복,운전자법규위반,안전운전 의무 불이행,단일로,기타단일로,화물차,소형,0,0,1077956,1910697,128.3783476,37.19180982
2013,2013-10-31,40,야간,목,1,1,0,0,0,부산,해운대구,차량단독,전도전복,전도전복,운전자법규위반,안전운전 의무 불이행,지하도로내,지하도로내,이륜차,소형,0,0,1151655,1686953,129.1652416,35.16641849
2013,2013-10-28,20,야간,월,1,1,0,0,0,경기,안산시,차대사람,횡단중,횡단중,운전자법규위반,안전운전 의무 불이행,교차로,교차로부근,승용차,중형,보행자,보행자,936223,1922263,126.780407,37.29713484
2013,2013-10-29,20,야간,화,1,1,0,0,0,경기,안산시,차량단독,공작물충돌,공작물충돌,운전자법규위반,신호위반,교차로,교차로부근,이륜차,소형,0,0,941680,1924181,126.8418236,37.3147808
2013,2013-10-30,10,야간,수,1,2,1,0,0,경기,양주시,차대사람,기타,기타,운전자법규위반,안전운전 의무 불이행,교차로,교차로부근,화물차,소형,보행자,보행자,960043,1977740,127.0461353,37.79849517
2013,2013-11-06,18,야간,수,1,1,0,0,0,전북,남원시,차량단독,도로이탈,도로이탈 기타,운전자법규위반,안전운전 의무 불이행,단일로,기타단일로,승용차,소형,0,0,1004606,1717096,127.550755,35.44965399
2013,2013-11-05,50,주간,화,1,1,0,0,0,경북,청도군,차대사람,기타,기타,운전자법규위반,보행자 보호의무 위반,지하도로내,지하도로내,승합차,소형,보행자,보행자,1112796,1739063,128.7458647,35.64128902
2013,2013-11-05,15,야간,화,1,1,0,0,0,충북,음성군,차대차,추돌,진행중 추돌,운전자법규위반,안전운전 의무 불이행,단일로,기타단일로,승용차,소형,농기계,농기계,1002897,1890098,127.5325633,37.00937639
2013,2013-11-05,30,야간,화,1,1,0,0,0,충남,아산시,차대차,추돌,주정차중 추돌,운전자법규위반,안전운전 의무 불이행,기타/불명,기타/불명,화물차,소형,화물차,대형,959691,1866876,127.0480724,36.79796882
2013,2013-11-02,40,주간,토,1,1,0,0,0,대전,서구,차대사람,기타,기타,운전자법규위반,안전운전 의무 불이행,지하도로내,지하도로내,화물차,소형,보행자,보행자,988866,1818609,127.3758899,36.36484985
2013,2013-11-02,40,주간,토,1,1,0,0,0,경기,수원시,차대사람,횡단중,횡단중,운전자법규위반,보행자 보호의무 위반,교차로,교차로부근,승용차,중형,보행자,보행자,954523,1921242,126.9869385,37.28900719
2013,2013-11-10,30,주간,일,1,1,0,0,0,강원,정선군,차량단독,전도전복,전도전복,운전자법규위반,안전운전 의무 불이행,기타/불명,기타/불명,승용차,중형,0,0,1104538,1923716,128.6796303,37.30654012
2013,2013-11-10,20,야간,일,1,1,0,0,0,경기,이천시,차량단독,공작물충돌,공작물충돌,운전자법규위반,안전운전 의무 불이행,교차로,교차로부근,승용차,소형,0,0,997215,1920335,127.4685831,37.28193929
2013,2013-11-09,30,야간,토,1,1,0,0,0,부산,사상구,차대사람,기타,기타,운전자법규위반,안전운전 의무 불이행,교차로,교차로내,승용차,대형,보행자,보행자,1135286,1685857,128.9853798,35.15887624
2013,2013-11-09,30,주간,토,1,1,0,0,0,충남,공주시,차량단독,도로이탈,도로이탈 기타,운전자법규위반,안전운전 의무 불이행,단일로,기타단일로,농기계,농기계,0,0,947192,1830832,126.9039802,36.50144957
2013,2013-11-07,35,주간,목,1,1,0,0,0,부산,사상구,차대사람,횡단중,횡단중,운전자법규위반,안전운전 의무 불이행,단일로,기타단일로,건설기계,건설기계,보행자,보행자,1134772,1687556,128.9800155,35.17426038
2013,2013-11-07,15,야간,목,1,2,0,1,0,전남,곡성군,차대차,추돌,진행중 추돌,운전자법규위반,안전운전 의무 불이행,교차로,교차로부근,이륜차,소형,승용차,중형,979907,1681642,127.2794582,35.12977495
2013,2013-11-07,10,주간,목,1,2,0,1,0,전남,장흥군,차량단독,도로이탈,도로이탈 추락,운전자법규위반,안전운전 의무 불이행,단일로,기타단일로,승용차,대형,0,0,949896,1615120,126.9540387,34.5288803
2012,2012-06-20,45,주간,수,1,1,0,0,0,인천,계양구,차대사람,기타,기타,운전자법규위반,안전운전 의무 불이행,단일로,기타단일로,승용차,소형,보행자,보행자,931470,1948715,126.7243285,37.53520773
2012,2012-06-30,25,야간,토,1,1,0,0,0,경기,의정부시,차대사람,횡단중,횡단중,운전자법규위반,과속,교차로,교차로내,승용차,중형,보행자,보행자,960957,1971310,127.056863,37.74058123
2012,2012-06-30,35,야간,토,1,1,0,0,0,서울,중구,차대사람,횡단중,횡단중,운전자법규위반,안전운전 의무 불이행,기타/불명,기타/불명,승합차,대형,보행자,보행자,953832,1951747,126.9772348,37.56392705
2012,2012-06-30,30,야간,토,1,1,0,0,0,부산,중구,차대사람,횡단중,횡단중,운전자법규위반,안전운전 의무 불이행,단일로,기타단일로,승용차,중형,보행자,보행자,1138859,1679446,129.0235206,35.1005999
2012,2012-06-30,50,야간,토,2,2,0,0,0,경기,화성시,차량단독,도로이탈,도로이탈 추락,운전자법규위반,안전운전 의무 불이행,단일로,기타단일로,승용차,대형,0,0,937518,1891121,126.7967658,37.03348375
2012,2012-07-01,50,야간,일,1,1,0,0,0,서울,강서구,차대사람,기타,기타,운전자법규위반,안전운전 의무 불이행,교차로,교차로부근,승용차,중형,보행자,보행자,941461,1950864,126.8372348,37.55526527
2012,2012-06-29,45,주간,금,1,1,0,0,0,경북,경주시,차대차,기타,기타,운전자법규위반,안전운전 의무 불이행,교차로,교차로내,화물차,소형,자전거,자전거,1154156,1762256,129.2069988,35.84472183
2012,2012-07-05,50,주간,목,1,18,0,16,1,울산,북구,차대차,정면충돌,정면충돌,운전자법규위반,교차로 통행방법 위반,교차로,교차로내,승합차,대형,화물차,중형,1169223,1732214,129.367435,35.57151104
2012,2012-07-03,0,주간,화,1,1,0,0,0,광주,광산구,차대사람,기타,기타,운전자법규위반,중앙선 침범,단일로,기타단일로,승용차,중형,보행자,보행자,932877,1681272,126.6804561,35.12795312
2012,2012-07-02,55,주간,월,1,2,1,0,0,서울,금천구,차량단독,전도전복,전도전복,운전자법규위반,안전운전 의무 불이행,단일로,기타단일로,이륜차,대형,0,0,948631,1939604,126.9191946,37.45420446
2012,2012-07-02,55,주간,월,1,4,1,2,0,경기,이천시,차량단독,전도전복,전도전복,운전자법규위반,안전운전 의무 불이행,단일로,기타단일로,승용차,중형,0,0,1008521,1905787,127.5959571,37.15076749
2012,2012-07-08,55,야간,일,1,1,0,0,0,경북,칠곡군,차대사람,횡단중,횡단중,운전자법규위반,과속,교차로,교차로내,승용차,중형,보행자,보행자,1081125,1785646,128.400764,36.06410457
2012,2012-07-06,30,야간,금,2,2,0,0,0,서울,서초구,차량단독,공작물충돌,공작물충돌,운전자법규위반,안전운전 의무 불이행,단일로,기타단일로,승용차,대형,0,0,962638,1938930,127.0775947,37.44880156
2012,2012-07-13,10,주간,금,1,2,0,1,0,인천,옹진군,차대차,정면충돌,정면충돌,운전자법규위반,중앙선 침범,단일로,기타단일로,화물차,소형,승용차,중형,755096,2000166,124.71204,37.96844207
2012,2012-07-17,55,주간,화,1,1,0,0,0,서울,금천구,차대사람,횡단중,횡단중,운전자법규위반,안전운전 의무 불이행,단일로,기타단일로,화물차,소형,보행자,보행자,947102,1940952,126.901811,37.46626808
2012,2012-07-17,34,야간,화,1,1,0,0,0,부산,사상구,차대사람,기타,기타,운전자법규위반,안전운전 의무 불이행,단일로,기타단일로,승용차,소형,보행자,보행자,1134353,1687958,128.975481,35.17794021
2012,2012-07-14,30,주간,토,1,1,0,0,0,충남,부여군,차대사람,기타,기타,운전자법규위반,안전운전 의무 불이행,교차로,교차로내,승용차,중형,보행자,보행자,947312,1808539,126.9133837,36.27268993
2012,2012-07-14,18,야간,토,1,1,0,0,0,경기,수원시,차대사람,기타,기타,운전자법규위반,안전운전 의무 불이행,단일로,기타단일로,승용차,중형,보행자,보행자,958742,1916469,127.0347996,37.24618143
2012,2012-07-13,20,야간,금,1,2,1,0,0,경기,고양시,차량단독,공작물충돌,공작물충돌,운전자법규위반,안전운전 의무 불이행,단일로,기타단일로,승용차,경형,0,0,947869,1960851,126.9090694,37.64566337
2012,2012-07-21,45,주간,토,1,2,0,1,0,충남,논산시,차대사람,기타,기타,운전자법규위반,안전운전 의무 불이행,단일로,기타단일로,승용차,중형,보행자,보행자,962779,1802371,127.0788546,36.21426343
2012,2012-07-21,20,야간,토,1,2,0,1,0,경기,광명시,차량단독,공작물충돌,공작물충돌,운전자법규위반,안전운전 의무 불이행,단일로,기타단일로,원동기장치자전거,원동기장치자전거,0,0,945796,1937260,126.8873145,37.43291556
2012,2012-07-22,53,주간,일,1,1,0,0,0,서울,강남구,차량단독,공작물충돌,공작물충돌,운전자법규위반,안전운전 의무 불이행,단일로,기타단일로,원동기장치자전거,원동기장치자전거,0,0,964401,1940784,127.0955154,37.4653773
2012,2012-07-21,40,야간,토,1,1,0,0,0,경남,함양군,차량단독,기타,기타,운전자법규위반,안전운전 의무 불이행,단일로,기타단일로,원동기장치자전거,원동기장치자전거,0,0,1026454,1737451,127.7922022,35.63302417
2012,2012-07-19,50,야간,목,1,1,0,0,0,경기,고양시,차대사람,기타,기타,운전자법규위반,안전운전 의무 불이행,단일로,기타단일로,승용차,중형,보행자,보행자,939584,1956272,126.8441094,37.58728322
2012,2012-07-20,0,야간,금,1,1,0,0,0,서울,강서구,차대사람,기타,기타,운전자법규위반,안전운전 의무 불이행,단일로,기타단일로,승용차,중형,보행자,보행자,942168,1949866,126.8447176,37.53337732
2012,2012-07-20,30,야간,금,1,1,0,0,0,경기,성남시,차대사람,횡단중,횡단중,운전자법규위반,신호위반,단일로,횡단보도상,이륜차,소형,보행자,보행자,969057,1938133,127.1501984,37.44185482
2012,2012-07-24,20,주간,화,1,1,0,0,0,전북,부안군,차량단독,전도전복,전도전복,운전자법규위반,안전운전 의무 불이행,단일로,기타단일로,화물차,소형,0,0,927683,1745457,126.7006133,35.70272929
2012,2012-07-24,10,주간,화,1,1,0,0,0,충남,계룡시,차대사람,기타,기타,운전자법규위반,기타(운전자법규위반),단일로,기타단일로,건설기계,건설기계,보행자,보행자,978622,1807960,127.2619933,36.2686718
2012,2012-07-24,30,주간,화,1,3,1,1,0,경북,경산시,차대차,기타,기타,운전자법규위반,안전운전 의무 불이행,교차로,교차로부근,화물차,중형,화물차,중형,1118200,1759343,128.8085272,35.82346072
2012,2012-07-24,33,야간,월,1,9,7,1,0,경기,안양시,차대차,측면직각충돌,측면직각충돌,운전자법규위반,부당한 회전,교차로,교차로내,자전거,자전거,승합차,중형,953186,1934097,126.9710431,37.4048096
2012,2012-07-28,10,야간,토,1,1,0,0,0,충남,서산시,차대차,기타,기타,운전자법규위반,안전운전 의무 불이행,교차로,교차로내,화물차,소형,자전거,자전거,918782,1866454,126.5896684,36.79275645
2013,2013-03-14,10,주간,목,1,1,0,0,0,제주,제주시,차대사람,횡단중,횡단중,운전자법규위반,보행자 보호의무 위반,교차로,교차로부근,화물차,소형,보행자,보행자,912894,1501810,126.5621872,33.50462049
2013,2013-03-14,7,주간,목,1,1,0,0,0,서울,금천구,차대사람,횡단중,횡단중,운전자법규위반,보행자 보호의무 위반,교차로,교차로부근,건설기계,건설기계,보행자,보행자,946884,1939921,126.8994202,37.45696293
2013,2013-03-12,36,주간,화,1,1,0,0,0,강원,평창군,차대사람,길가장자리구역통행중,길가장자리구역통행중,운전자법규위반,안전운전 의무 불이행,단일로,기타단일로,화물차,소형,보행자,보행자,1094375,1962119,128.5719286,37.65426068
2013,2013-03-12,10,야간,화,1,6,4,1,0,경기,김포시,차대차,기타,기타,운전자법규위반,중앙선 침범,단일로,기타단일로,승용차,경형,승용차,소형,919545,1966673,126.5873914,37.6960878
2013,2013-03-11,30,야간,월,1,1,0,0,0,경남,창원시(통합),차대사람,횡단중,횡단중,운전자법규위반,안전운전 의무 불이행,단일로,횡단보도상,승용차,중형,보행자,보행자,1109330,1692339,128.7013167,35.22047137
2013,2013-03-19,15,야간,화,1,1,0,0,0,인천,서구,차대사람,기타,기타,운전자법규위반,안전운전 의무 불이행,단일로,기타단일로,승용차,중형,보행자,보행자,927496,1943781,126.6798388,37.49043496
2013,2013-03-19,45,주간,화,1,4,3,0,0,경북,포항시,차대차,기타,기타,운전자법규위반,안전운전 의무 불이행,교차로,교차로내,화물차,중형,화물차,중형,1165926,1791404,129.1983349,36.19293761
2013,2013-03-21,15,주간,목,1,1,0,0,0,충북,진천군,차대사람,횡단중,횡단중,운전자법규위반,안전운전 의무 불이행,단일로,기타단일로,승용차,중형,보행자,보행자,995319,1882080,127.4489917,36.93801226
2013,2013-03-16,20,주간,토,1,2,0,1,0,충북,청주시,차대사람,횡단중,횡단중,운전자법규위반,보행자 보호의무 위반,교차로,교차로내,화물차,소형,보행자,보행자,996582,1850162,127.4617601,36.64936409
2013,2013-03-17,50,주간,일,1,1,0,0,0,충남,서천군,차량단독,전도전복,전도전복,운전자법규위반,안전운전 의무 불이행,교차로,교차로부근,농기계,농기계,0,0,934324,1794304,126.7699806,36.14356622
2013,2013-03-18,54,주간,월,1,1,0,0,0,경기,파주시,차량단독,공작물충돌,공작물충돌,운전자법규위반,안전운전 의무 불이행,단일로,기타단일로,승용차,중형,0,0,941372,1992579,126.8328611,37.93122375
2013,2013-03-18,40,주간,월,1,1,0,0,0,충남,청양군,차량단독,기타,기타,운전자법규위반,안전운전 의무 불이행,단일로,기타단일로,농기계,농기계,0,0,953719,1821509,126.9839444,36.3899441
2013,2013-12-26,4,주간,목,1,2,1,0,0,전북,전주시,차대차,측면직각충돌,측면직각충돌,운전자법규위반,신호위반,교차로,교차로내,화물차,중형,원동기장치자전거,원동기장치자전거,964850,1761681,127.1107292,35.8510334
2013,2013-12-20,30,주간,금,1,1,0,0,0,경기,화성시,차대사람,기타,기타,운전자법규위반,안전운전 의무 불이행,교차로,교차로내,건설기계,건설기계,보행자,보행자,938352,1912201,126.8044658,37.20569076
2013,2013-12-20,45,주간,금,1,1,0,0,0,전남,영광군,차대사람,길가장자리구역통행중,길가장자리구역통행중,운전자법규위반,안전운전 의무 불이행,단일로,기타단일로,화물차,소형,보행자,보행자,904371,1711641,126.4469526,35.39588796
2013,2013-12-22,21,야간,일,1,1,0,0,0,경남,남해군,차량단독,기타,기타,운전자법규위반,안전운전 의무 불이행,기타/불명,기타/불명,승용차,중형,0,0,1050378,1644537,128.050699,34.79413554
2013,2013-12-28,15,야간,토,1,1,0,0,0,대구,동구,차량단독,공작물충돌,공작물충돌,운전자법규위반,안전운전 의무 불이행,단일로,기타단일로,승용차,경형,0,0,1107260,1773689,128.6893736,35.95403534
2013,2013-12-07,38,야간,토,1,1,0,0,0,대구,달서구,차대사람,횡단중,횡단중,운전자법규위반,안전운전 의무 불이행,단일로,기타단일로,승용차,중형,보행자,보행자,1093848,1760610,128.5323578,35.84353265
2013,2013-12-13,20,야간,금,1,1,0,0,0,강원,인제군,차대차,정면충돌,정면충돌,운전자법규위반,중앙선 침범,단일로,기타단일로,승용차,대형,건설기계,건설기계,1052844,2016652,128.103102,38.14853252
2013,2013-12-16,0,야간,월,1,1,0,0,0,서울,강북구,차대사람,횡단중,횡단중,운전자법규위반,안전운전 의무 불이행,단일로,기타단일로,승용차,중형,보행자,보행자,958323,1958244,127.0280725,37.62158119
2013,2013-12-17,40,주간,화,1,1,0,0,0,대구,달서구,차대사람,기타,기타,운전자법규위반,안전운전 의무 불이행,교차로,교차로부근,화물차,소형,보행자,보행자,1089596,1759816,128.4739173,35.84466967
2013,2013-12-11,30,주간,수,1,3,2,0,0,전북,익산시,차대차,추돌,진행중 추돌,운전자법규위반,안전운전 의무 불이행,단일로,기타단일로,화물차,소형,승용차,중형,949195,1769627,126.9368563,35.92198529
2013,2013-12-08,30,주간,일,1,2,0,1,0,경기,이천시,차대차,정면충돌,정면충돌,운전자법규위반,안전운전 의무 불이행,교차로,교차로내,승용차,소형,화물차,대형,990710,1917363,127.3961503,37.25521128
2013,2013-12-07,20,야간,토,1,1,0,0,0,전남,목포시,차대사람,횡단중,횡단중,운전자법규위반,안전운전 의무 불이행,단일로,기타단일로,승용차,중형,보행자,보행자,901911,1646363,126.4272625,34.80731765
2013,2013-12-14,35,야간,토,1,4,3,0,0,경기,의정부시,차대차,측면직각충돌,측면직각충돌,운전자법규위반,안전운전 의무 불이행,교차로,교차로부근,승용차,소형,승용차,중형,960332,1971650,127.0497509,37.74361877
2014,2014-02-19,10,주간,수,1,1,0,0,0,제주,제주시,차대사람,횡단중,횡단중,운전자법규위반,안전운전 의무 불이행,교차로,교차로내,승용차,중형,보행자,보행자,910228,1500732,126.5335957,33.49467812
2014,2014-02-18,15,주간,화,1,2,1,0,0,강원,횡성군,차량단독,도로이탈,도로이탈 기타,운전자법규위반,안전운전 의무 불이행,단일로,기타단일로,화물차,중형,0,0,1059888,1947366,128.1777519,37.52365117
2014,2014-02-17,50,야간,월,1,1,0,0,0,경기,오산시,차대사람,기타,기타,운전자법규위반,안전운전 의무 불이행,단일로,기타단일로,승용차,소형,보행자,보행자,960482,1905376,127.0550055,37.14626616
2014,2014-02-16,10,주간,일,1,1,0,0,0,충남,논산시,차대차,측면직각충돌,측면직각충돌,운전자법규위반,교차로 통행방법 위반,교차로,교차로내,승용차,중형,농기계,농기계,961351,1792391,127.0704821,36.12777399
2014,2014-02-18,50,주간,화,1,1,0,0,0,울산,동구,차대사람,횡단중,횡단중,운전자법규위반,신호위반,교차로,교차로부근,승용차,대형,보행자,보행자,1174726,1723437,129.4262402,35.49146094
2014,2014-02-18,40,주간,화,1,1,0,0,0,경기,안산시,차대차,측면직각충돌,측면직각충돌,운전자법규위반,안전운전 의무 불이행,교차로,교차로내,승합차,대형,자전거,자전거,940194,1923441,126.8251138,37.30801648
2014,2014-02-27,50,주간,목,1,1,0,0,0,전남,진도군,차대차,측면직각충돌,측면직각충돌,운전자법규위반,신호위반,교차로,교차로내,화물차,소형,이륜차,소형,879972,1602421,126.1940165,34.40860616
2014,2014-02-25,10,야간,화,1,4,0,3,0,광주,광산구,차량단독,전도전복,전도전복,운전자법규위반,과속,단일로,기타단일로,승용차,중형,0,0,930981,1684606,126.7422231,35.15433293
2014,2014-02-26,0,주간,수,1,1,0,0,0,전북,김제시,차량단독,기타,기타,운전자법규위반,안전운전 의무 불이행,단일로,기타단일로,원동기장치자전거,원동기장치자전거,0,0,954006,1746936,126.9887467,35.70541608
2014,2014-03-01,0,야간,토,1,1,0,0,0,경남,통영시,차대사람,횡단중,횡단중,운전자법규위반,안전운전 의무 불이행,교차로,교차로내,승용차,중형,보행자,보행자,1083476,1654578,128.4134715,34.88249599
2014,2014-03-01,42,야간,토,1,4,2,1,0,서울,영등포구,차대차,측면직각충돌,측면직각충돌,운전자법규위반,안전운전 의무 불이행,단일로,기타단일로,승용차,중형,승용차,중형,948266,1946869,126.9146363,37.5195294