발생년,발생년월일시분,발생분,주야,요일,사망자수,사상자수,중상자수,경상자수,부상신고자수,발생지시도,발생지시군구,사고유형_대분류,사고유형_중분류,사고유형,법규위반_대분류,법규위반,도로형태_대분류,도로형태,당사자종별_1당_대분류,당사자종별_1당,당사자종별_2당_대분류,당사자종별_2당,발생위치X_UTMK,발생위치Y_UTMK,경도,위도
2014,2014-03-01,19,야간,토,1,3,2,0,0,경북,경산시,차대차,기타,기타,운전자법규위반,안전운전 의무 불이행,교차로,교차로부근,승용차,소형,승용차,중형,1115569,1764722,128.7805775,35.87239028
2014,2014-03-02,10,야간,일,1,1,0,0,0,경남,함안군,차량단독,공작물충돌,공작물충돌,운전자법규위반,안전운전 의무 불이행,단일로,기타단일로,승용차,소형,0,0,1092616,1701976,128.5187787,35.30903795
2013,2013-12-27,10,야간,금,1,1,0,0,0,충남,홍성군,차대사람,기타,기타,운전자법규위반,안전운전 의무 불이행,단일로,기타단일로,화물차,소형,보행자,보행자,920888,1832590,126.6167627,36.48768812
2013,2013-12-24,9,야간,화,1,1,0,0,0,대구,동구,차대차,기타,기타,운전자법규위반,안전운전 의무 불이행,단일로,기타단일로,승용차,중형,화물차,대형,1110391,1764240,128.7227738,35.86851284
2013,2013-12-22,30,야간,일,1,1,0,0,0,부산,북구,차대차,기타,기타,운전자법규위반,안전운전 의무 불이행,기타/불명,기타/불명,승용차,중형,승용차,중형,1135633,1691166,128.9899614,35.20659648
2013,2013-12-08,50,야간,일,1,1,0,0,0,서울,동작구,차대사람,횡단중,횡단중,운전자법규위반,안전운전 의무 불이행,단일로,기타단일로,승용차,중형,보행자,보행자,951465,1944613,126.9509057,37.49950514
2013,2013-12-17,0,야간,화,1,1,0,0,0,울산,중구,차대사람,기타,기타,운전자법규위반,보행자 보호의무 위반,교차로,교차로내,화물차,소형,보행자,보행자,1167045,1731832,129.3433324,35.56843837
2013,2013-12-28,29,야간,토,1,1,0,0,0,경남,김해시,차량단독,공작물충돌,공작물충돌,운전자법규위반,안전운전 의무 불이행,단일로,기타단일로,승용차,대형,0,0,1114649,1688181,128.7591708,35.18239316
2013,2013-12-08,40,주간,일,1,1,0,0,0,경북,경주시,차대사람,횡단중,횡단중,운전자법규위반,보행자 보호의무 위반,교차로,교차로내,승용차,중형,보행자,보행자,1153967,1761583,129.2047769,35.83868634
2014,2014-03-07,54,야간,금,1,1,0,0,0,부산,남구,차대사람,횡단중,횡단중,운전자법규위반,안전운전 의무 불이행,교차로,교차로부근,승합차,경형,보행자,보행자,1146905,1682296,129.1122748,35.12514763
2014,2014-03-07,46,주간,금,1,1,0,0,0,충남,천안시,차대사람,횡단중,횡단중,운전자법규위반,안전운전 의무 불이행,교차로,교차로내,승용차,대형,보행자,보행자,970188,1868111,127.1657708,36.81070792
2014,2014-03-06,15,야간,목,1,1,0,0,0,강원,원주시,차대차,정면충돌,정면충돌,운전자법규위반,중앙선 침범,단일로,기타단일로,승용차,중형,승용차,경형,1038445,1927240,127.934041,37.34338858
2014,2014-03-05,45,야간,수,1,1,0,0,0,광주,남구,차대사람,횡단중,횡단중,운전자법규위반,안전운전 의무 불이행,단일로,기타단일로,승용차,중형,보행자,보행자,945347,1681969,126.9001168,35.1314396
2014,2014-03-06,0,야간,목,1,1,0,0,0,서울,강남구,차대차,측면직각충돌,측면직각충돌,운전자법규위반,안전거리 미확보,단일로,기타단일로,승용차,대형,이륜차,소형,957652,1945952,127.0210381,37.51187679
2014,2014-03-05,10,야간,수,1,3,1,1,0,경남,거제시,차대차,기타,기타,운전자법규위반,안전운전 의무 불이행,단일로,기타단일로,승용차,소형,이륜차,소형,1096705,1656847,128.5584774,34.90177964
2014,2014-03-05,20,야간,수,2,4,2,0,0,충남,당진시,차대차,추돌,진행중 추돌,운전자법규위반,안전운전 의무 불이행,교차로,교차로내,승용차,중형,특수차,대형,929790,1887081,126.7111294,36.97956331
2014,2014-03-06,30,야간,목,2,2,0,0,0,전남,목포시,차대차,측면직각충돌,측면직각충돌,운전자법규위반,안전운전 의무 불이행,교차로,교차로부근,승용차,중형,승용차,경형,903515,1646112,126.4451665,34.80501248
2014,2014-03-05,45,주간,수,1,1,0,0,0,경기,김포시,차대사람,횡단중,횡단중,운전자법규위반,안전운전 의무 불이행,단일로,기타단일로,승용차,소형,보행자,보행자,925705,1963487,126.6575824,37.66789431
2014,2014-03-03,45,야간,월,1,1,0,0,0,경기,연천군,차대사람,횡단중,횡단중,운전자법규위반,과속,교차로,교차로부근,승용차,소형,보행자,보행자,966759,2002871,127.1212601,38.025266
2014,2014-03-09,30,야간,일,1,1,0,0,0,충북,청주시,차대사람,횡단중,횡단중,운전자법규위반,보행자 보호의무 위반,교차로,교차로내,화물차,소형,보행자,보행자,998244,1846722,127.4803621,36.61835706
2014,2014-03-09,15,야간,일,1,1,0,0,0,경남,진주시,차량단독,전도전복,전도전복,운전자법규위반,안전운전 의무 불이행,단일로,기타단일로,승용차,소형,0,0,1050679,1687583,128.0566104,35.18226786
2014,2014-03-22,20,야간,토,1,1,0,0,0,대전,동구,차대사람,횡단중,횡단중,운전자법규위반,신호위반,교차로,교차로내,승용차,중형,보행자,보행자,994892,1814691,127.4430871,36.32957835
2014,2014-03-21,32,주간,금,1,1,0,0,0,경기,남양주시,차대차,추돌,진행중 추돌,운전자법규위반,안전운전 의무 불이행,단일로,기타단일로,이륜차,중형,건설기계,건설기계,975177,1959594,127.2186568,37.63540592
2014,2014-03-19,10,주간,수,1,1,0,0,0,대전,대덕구,차대사람,차도통행중,차도통행중,운전자법규위반,안전운전 의무 불이행,단일로,기타단일로,승용차,중형,보행자,보행자,992930,1818187,127.4211949,36.36108383
2014,2014-03-19,30,주간,수,1,1,0,0,0,충남,당진시,차대차,정면충돌,정면충돌,운전자법규위반,기타(운전자법규위반),단일로,기타단일로,화물차,대형,승합차,소형,933292,1867086,126.7486392,36.79697697
2014,2014-03-19,55,주간,수,1,1,0,0,0,경기,양주시,차대차,추돌,진행중 추돌,운전자법규위반,진로양보 의무 불이행,교차로,교차로내,원동기장치자전거,원동기장치자전거,화물차,대형,955504,1980983,126.99438,37.8275139
2014,2014-03-07,0,주간,금,1,1,0,0,0,충남,당진시,차량단독,전도전복,전도전복,운전자법규위반,안전운전 의무 불이행,단일로,기타단일로,승용차,중형,0,0,919238,1881679,126.5931587,36.93002616
2014,2014-03-08,50,야간,토,1,1,0,0,0,인천,서구,차량단독,전도전복,전도전복,운전자법규위반,안전운전 의무 불이행,단일로,기타단일로,승용차,경형,0,0,923985,1952625,126.6435204,37.57029698
2014,2014-03-06,16,주간,목,1,1,0,0,0,서울,송파구,차대차,측면직각충돌,측면직각충돌,운전자법규위반,중앙선 침범,단일로,기타단일로,자전거,자전거,승합차,대형,966636,1948531,127.1223587,37.53549291
2014,2014-03-03,50,주간,월,1,13,4,8,0,제주,서귀포시,차대차,추돌,진행중 추돌,운전자법규위반,보행자 보호의무 위반,단일로,기타단일로,건설기계,건설기계,승용차,중형,903533,1474010,126.4643934,33.25310666
2013,2013-12-27,36,주간,금,1,1,0,0,0,경기,수원시,차대사람,기타,기타,운전자법규위반,신호위반,단일로,횡단보도상,건설기계,건설기계,보행자,보행자,958429,1916291,127.0312804,37.24456307
2013,2013-12-20,50,야간,금,1,1,0,0,0,전북,임실군,차대차,추돌,주정차중 추돌,운전자법규위반,안전운전 의무 불이행,단일로,기타단일로,화물차,소형,승용차,대형,985913,1723420,127.345428,35.50933751
2013,2013-12-20,45,야간,금,1,5,3,1,0,전남,고흥군,차대차,기타,기타,운전자법규위반,중앙선 침범,단일로,기타단일로,승용차,소형,승합차,소형,986946,1633844,127.3574653,34.6988705
2013,2013-12-26,35,주간,목,1,1,0,0,0,강원,춘천시,차대사람,기타,기타,운전자법규위반,보행자 보호의무 위반,단일로,횡단보도상,승합차,대형,보행자,보행자,1019665,1986400,127.7236093,37.87721093
2012,2012-09-28,50,주간,금,1,1,0,0,0,경남,창녕군,차대차,측면직각충돌,측면직각충돌,운전자법규위반,안전운전 의무 불이행,단일로,기타단일로,화물차,소형,농기계,농기계,1078181,1732515,128.362945,35.58560338
2012,2012-09-28,10,야간,금,1,1,0,0,0,전북,익산시,차대사람,길가장자리구역통행중,길가장자리구역통행중,운전자법규위반,안전운전 의무 불이행,단일로,기타단일로,화물차,소형,보행자,보행자,953224,1789036,126.9803666,36.09716942
2012,2012-10-04,16,야간,목,1,2,0,1,0,경기,평택시,차대차,기타,기타,운전자법규위반,신호위반,교차로,교차로내,자전거,자전거,승합차,경형,966061,1888126,127.1234145,36.99125947
2012,2012-09-29,9,야간,토,2,2,0,0,0,인천,남구,차대사람,기타,기타,운전자법규위반,안전운전 의무 불이행,단일로,횡단보도부근,승용차,소형,보행자,보행자,925613,1941302,126.658791,37.46794263
2012,2012-09-29,57,주간,토,1,1,0,0,0,서울,중구,차대사람,횡단중,횡단중,운전자법규위반,안전운전 의무 불이행,단일로,횡단보도부근,승용차,중형,보행자,보행자,956806,1950776,127.0109658,37.55531949
2012,2012-11-24,20,야간,토,1,1,0,0,0,대구,서구,차대사람,횡단중,횡단중,운전자법규위반,안전운전 의무 불이행,단일로,횡단보도상,승용차,중형,보행자,보행자,1097094,1765660,128.5760469,35.88005041
2012,2012-11-22,4,주간,목,1,1,0,0,0,경남,창원시(통합),차대사람,횡단중,횡단중,운전자법규위반,안전운전 의무 불이행,단일로,기타단일로,승합차,대형,보행자,보행자,1097728,1690688,128.5736592,35.20678459
2012,2012-11-26,26,야간,월,1,1,0,0,0,경남,창원시(통합),차대사람,횡단중,횡단중,운전자법규위반,안전운전 의무 불이행,단일로,기타단일로,승합차,중형,보행자,보행자,1114515,1680313,128.7644487,35.11468756
2012,2012-11-22,30,야간,목,1,1,0,0,0,전북,순창군,차대차,추돌,진행중 추돌,운전자법규위반,안전운전 의무 불이행,단일로,기타단일로,승용차,중형,농기계,농기계,964171,1708209,127.1055833,35.36888843
2012,2012-11-27,27,야간,화,1,1,0,0,0,대구,남구,차대사람,횡단중,횡단중,운전자법규위반,안전운전 의무 불이행,단일로,기타단일로,승용차,소형,보행자,보행자,1097624,1761009,128.5809855,35.84074292
2012,2012-11-23,40,야간,금,1,1,0,0,0,경기,김포시,차대사람,횡단중,횡단중,운전자법규위반,안전운전 의무 불이행,단일로,횡단보도상,승용차,소형,보행자,보행자,930487,1958963,126.7122305,37.62749616
2012,2012-11-23,5,주간,금,1,11,9,1,0,충남,논산시,차대차,기타,기타,운전자법규위반,안전운전 의무 불이행,단일로,기타단일로,승용차,대형,화물차,소형,967119,1812589,127.1308492,36.31484962
2012,2012-11-27,25,주간,화,1,1,0,0,0,경기,광명시,차대차,측면직각충돌,측면직각충돌,운전자법규위반,안전운전 의무 불이행,교차로,교차로내,승용차,중형,자전거,자전거,945477,1939040,126.8835773,37.44894037
2012,2012-11-06,3,야간,화,1,1,0,0,0,서울,은평구,차량단독,기타,기타,운전자법규위반,안전운전 의무 불이행,단일로,기타단일로,이륜차,소형,0,0,948661,1957519,126.9182809,37.61567668
2012,2012-11-06,52,야간,화,1,1,0,0,0,서울,은평구,차량단독,공작물충돌,공작물충돌,운전자법규위반,안전운전 의무 불이행,교차로,교차로부근,승용차,소형,0,0,948806,1958361,126.9199452,37.62605925
2012,2012-11-06,56,주간,화,1,1,0,0,0,전남,순천시,차대사람,횡단중,횡단중,운전자법규위반,안전운전 의무 불이행,단일로,기타단일로,화물차,경형,보행자,보행자,1001068,1660684,127.5116955,34.94098861
2012,2012-11-07,10,야간,수,1,2,1,0,0,경기,김포시,차대사람,기타,기타,운전자법규위반,안전운전 의무 불이행,단일로,기타단일로,화물차,소형,보행자,보행자,917795,1967492,126.5674509,37.70331348
2012,2012-11-10,46,야간,토,1,2,1,0,0,전남,해남군,차대차,추돌,주정차중 추돌,운전자법규위반,안전운전 의무 불이행,단일로,기타단일로,화물차,소형,화물차,소형,921359,1622587,126.6485005,34.58930059
2012,2012-11-11,25,야간,일,1,1,0,0,0,경북,영덕군,차대사람,횡단중,횡단중,운전자법규위반,안전운전 의무 불이행,기타/불명,기타/불명,화물차,중형,보행자,보행자,1170238,1821764,129.3978566,36.37827854
2012,2012-11-13,47,주간,화,1,1,0,0,0,전남,곡성군,차량단독,전도전복,전도전복,운전자법규위반,안전운전 의무 불이행,기타/불명,기타/불명,농기계,농기계,0,0,970121,1699343,127.1714054,35.28914149
2012,2012-09-22,2,주간,토,1,1,0,0,0,서울,도봉구,차대사람,차도통행중,차도통행중,운전자법규위반,안전운전 의무 불이행,교차로,교차로내,승용차,중형,보행자,보행자,957897,1961338,127.0227096,37.65056738
2012,2012-10-26,25,주간,금,1,1,0,0,0,전북,군산시,차대차,측면직각충돌,측면직각충돌,운전자법규위반,신호위반,교차로,교차로내,이륜차,사발이,승용차,중형,926585,1771846,126.6860519,35.9405529
2012,2012-10-27,19,야간,토,1,1,0,0,0,대전,서구,차량단독,공작물충돌,공작물충돌,운전자법규위반,안전운전 의무 불이행,교차로,교차로부근,이륜차,중형,0,0,991181,1816368,127.4017204,36.34467037
2012,2012-10-27,35,야간,토,1,1,0,0,0,대구,달서구,차대차,기타,기타,운전자법규위반,안전운전 의무 불이행,단일로,기타단일로,승용차,중형,승용차,경형,1091430,1757115,128.5119639,35.80623664
2012,2012-10-27,52,야간,토,1,1,0,0,0,충남,천안시,차대사람,차도통행중,차도통행중,운전자법규위반,안전운전 의무 불이행,단일로,기타단일로,승용차,중형,보행자,보행자,970577,1860643,127.1704203,36.74339892
2012,2012-10-06,10,야간,토,1,1,0,0,0,경기,남양주시,차대사람,기타,기타,운전자법규위반,보행자 보호의무 위반,교차로,교차로부근,화물차,경형,보행자,보행자,982905,1959690,127.3062427,37.63651966
2012,2012-10-06,10,야간,토,1,1,0,0,0,충남,아산시,차량단독,도로이탈,도로이탈 추락,운전자법규위반,안전운전 의무 불이행,단일로,기타단일로,이륜차,소형,0,0,948557,1875688,126.9227564,36.87807979
2013,2013-11-08,14,야간,금,1,1,0,0,0,전남,신안군,차량단독,기타,기타,운전자법규위반,안전운전 의무 불이행,기타/불명,기타/불명,불명,불명,0,0,856112,1641096,125.9582208,34.76967434
2013,2013-11-24,11,야간,일,1,2,0,1,0,전북,전주시,차대차,추돌,진행중 추돌,운전자법규위반,과속,교차로,교차로부근,승용차,소형,승용차,중형,965123,1758122,127.113908,35.81895526
2013,2013-11-25,40,주간,월,1,1,0,0,0,경북,칠곡군,차량단독,공작물충돌,공작물충돌,운전자법규위반,안전운전 의무 불이행,단일로,기타단일로,화물차,소형,0,0,1094499,1790224,128.5498696,36.10440699
2013,2013-10-23,4,주간,수,1,1,0,0,0,인천,동구,차대사람,횡단중,횡단중,운전자법규위반,안전운전 의무 불이행,교차로,교차로내,승용차,중형,보행자,보행자,924509,1941987,126.6462374,37.47402681
2013,2013-10-30,10,주간,수,1,1,0,0,0,강원,원주시,차량단독,전도전복,전도전복,운전자법규위반,안전운전 의무 불이행,단일로,기타단일로,이륜차,사발이,0,0,1049863,1936981,128.05916,37.43197576
2013,2013-10-30,40,야간,수,1,1,0,0,0,경남,창원시(통합),차대사람,횡단중,횡단중,운전자법규위반,신호위반,단일로,횡단보도상,화물차,소형,보행자,보행자,1096964,1693399,128.5655865,35.23129988
2013,2013-10-31,25,주간,목,1,1,0,0,0,충북,청주시,차대차,측면직각충돌,측면직각충돌,운전자법규위반,안전운전 의무 불이행,단일로,기타단일로,승용차,중형,원동기장치자전거,원동기장치자전거,997461,1856146,127.4715743,36.70331212
2013,2013-11-01,26,주간,금,1,1,0,0,0,인천,계양구,차대차,정면충돌,정면충돌,운전자법규위반,신호위반,단일로,횡단보도상,화물차,대형,자전거,자전거,932455,1949345,126.7334716,37.54317218
2013,2013-10-28,5,주간,월,1,2,0,1,0,전북,순창군,차대사람,횡단중,횡단중,운전자법규위반,과속,교차로,교차로내,승용차,대형,보행자,보행자,971725,1710809,127.1886488,35.39257475
2013,2013-10-30,3,주간,수,1,1,0,0,0,경기,고양시,차대사람,횡단중,횡단중,운전자법규위반,안전운전 의무 불이행,단일로,횡단보도부근,승합차,대형,보행자,보행자,937455,1960389,126.7910688,37.64084914
2013,2013-11-02,45,주간,토,1,4,2,1,0,경북,김천시,차대차,측면직각충돌,측면직각충돌,운전자법규위반,안전운전 의무 불이행,단일로,기타단일로,승용차,중형,승용차,소형,1060498,1790441,128.0996294,36.21849679
2013,2013-11-02,42,주간,토,1,1,0,0,0,경남,창원시(통합),차대차,추돌,진행중 추돌,운전자법규위반,안전운전 의무 불이행,교차로,교차로부근,승용차,중형,승합차,경형,1109927,1684570,128.7068392,35.15036734
2013,2013-11-01,0,야간,금,1,1,0,0,0,경기,김포시,차대사람,횡단중,횡단중,운전자법규위반,안전운전 의무 불이행,단일로,기타단일로,승용차,중형,보행자,보행자,917892,1961348,126.5692431,37.64795119
2013,2013-11-01,4,야간,금,1,1,0,0,0,전남,목포시,차대사람,횡단중,횡단중,운전자법규위반,안전운전 의무 불이행,교차로,교차로부근,승용차,소형,보행자,보행자,901664,1646243,126.424918,34.80601652
2013,2013-11-01,12,야간,금,1,1,0,0,0,서울,성북구,차대사람,길가장자리구역통행중,길가장자리구역통행중,운전자법규위반,안전운전 의무 불이행,교차로,교차로내,승합차,대형,보행자,보행자,956666,1955317,127.0091122,37.59624194
2013,2013-11-10,20,주간,일,1,1,0,0,0,인천,남동구,차대사람,횡단중,횡단중,운전자법규위반,신호위반,교차로,교차로부근,승합차,중형,보행자,보행자,930780,1936537,126.7176645,37.42539765
2013,2013-11-08,55,주간,금,1,1,0,0,0,경남,함양군,차대사람,길가장자리구역통행중,길가장자리구역통행중,운전자법규위반,안전운전 의무 불이행,단일로,기타단일로,화물차,소형,보행자,보행자,1022956,1721158,127.7530733,35.48602531
2013,2013-11-08,55,야간,금,1,2,1,0,0,경남,김해시,차량단독,도로이탈,도로이탈 기타,운전자법규위반,안전운전 의무 불이행,교차로,교차로내,승용차,중형,0,0,1113645,1696783,128.7493344,35.260054
2013,2013-11-16,40,주간,토,1,3,2,0,0,울산,울주군,차대차,추돌,진행중 추돌,운전자법규위반,안전거리 미확보,교차로,교차로부근,화물차,소형,화물차,소형,1149418,1736955,129.172688,35.60901727
2013,2013-11-14,25,주간,목,1,3,0,2,0,강원,횡성군,차대차,추돌,진행중 추돌,운전자법규위반,안전운전 의무 불이행,교차로,교차로부근,화물차,소형,화물차,소형,1041031,1948841,127.9644377,37.53797764
2013,2013-11-19,18,야간,화,1,1,0,0,0,서울,중구,차대차,측면직각충돌,측면직각충돌,운전자법규위반,안전거리 미확보,단일로,기타단일로,이륜차,소형,승합차,대형,953902,1951421,126.9780911,37.56080406
2013,2013-11-20,0,야간,수,1,4,0,3,0,충남,천안시,차대차,기타,기타,운전자법규위반,안전운전 의무 불이행,교차로,교차로내,승용차,중형,화물차,소형,966084,1871314,127.1196179,36.83944314
2013,2013-11-20,50,야간,수,1,2,1,0,0,대구,수성구,차량단독,공작물충돌,공작물충돌,운전자법규위반,안전운전 의무 불이행,교차로,교차로내,이륜차,중형,0,0,1105737,1760434,128.670728,35.83471811
2013,2013-11-25,0,야간,월,1,1,0,0,0,서울,동작구,차대사람,횡단중,횡단중,운전자법규위반,안전운전 의무 불이행,교차로,교차로부근,승용차,중형,보행자,보행자,949366,1944101,126.9271953,37.49477761
2013,2013-12-01,25,주간,일,1,1,0,0,0,부산,동구,차대사람,기타,기타,운전자법규위반,안전운전 의무 불이행,교차로,교차로내,승용차,중형,보행자,보행자,1140958,1681593,129.046167,35.11816424
2013,2013-12-01,10,야간,일,1,1,0,0,0,부산,사상구,차대사람,기타,기타,운전자법규위반,안전운전 의무 불이행,단일로,횡단보도부근,승합차,소형,보행자,보행자,1135524,1687487,128.9882598,35.17353723
2013,2013-12-03,15,주간,화,1,1,0,0,0,전북,군산시,차대사람,횡단중,횡단중,운전자법규위반,안전운전 의무 불이행,단일로,기타단일로,승용차,소형,보행자,보행자,918205,1772825,126.5930524,35.94871257
2013,2013-12-03,5,주간,화,1,1,0,0,0,경기,남양주시,차량단독,전도전복,전도전복,운전자법규위반,안전운전 의무 불이행,단일로,기타단일로,승합차,소형,0,0,986870,1959282,127.3511898,37.63290742
2013,2013-12-04,9,주간,수,1,1,0,0,0,경북,의성군,차량단독,도로이탈,도로이탈 기타,운전자법규위반,안전운전 의무 불이행,단일로,기타단일로,화물차,소형,0,0,1106210,1825606,128.684761,36.42211643
2013,2013-12-04,45,야간,수,1,1,0,0,0,강원,횡성군,차대차,측면직각충돌,측면직각충돌,운전자법규위반,교차로 통행방법 위반,교차로,교차로내,화물차,소형,원동기장치자전거,원동기장치자전거,1043204,1943523,127.9888464,37.48994141
2012,2012-04-13,25,야간,금,1,1,0,0,0,전북,군산시,차대차,추돌,진행중 추돌,운전자법규위반,안전운전 의무 불이행,단일로,기타단일로,승용차,소형,특수차,대형,922425,1775257,126.6399691,35.96979402
2012,2012-01-17,35,야간,화,1,2,0,1,0,경기,동두천시,차대차,추돌,진행중 추돌,운전자법규위반,안전운전 의무 불이행,교차로,교차로부근,화물차,소형,승용차,중형,961066,1988152,127.0571943,37.89238134
2012,2012-08-06,30,야간,월,1,1,0,0,0,충남,당진시,차량단독,도로이탈,도로이탈 추락,운전자법규위반,안전운전 의무 불이행,단일로,기타단일로,농기계,농기계,0,0,917895,1883524,126.5778801,36.94653971
2013,2013-12-31,35,주간,화,1,1,0,0,0,경남,창원시(통합),차대사람,기타,기타,운전자법규위반,안전운전 의무 불이행,교차로,교차로내,승용차,중형,보행자,보행자,1101677,1696142,128.6177108,35.25556201
2013,2013-12-30,40,야간,월,1,1,0,0,0,경남,김해시,차대차,기타,기타,운전자법규위반,안전운전 의무 불이행,교차로,교차로부근,승용차,중형,승용차,중형,1117819,1700571,128.7957541,35.29371933
2013,2013-12-31,35,야간,화,1,1,0,0,0,경남,김해시,차량단독,공작물충돌,공작물충돌,운전자법규위반,안전운전 의무 불이행,교차로,교차로내,승용차,중형,0,0,1121354,1698832,128.8343649,35.2776203
2013,2013-12-30,10,야간,월,1,2,1,0,0,서울,강북구,차대사람,횡단중,횡단중,운전자법규위반,과속,교차로,교차로내,원동기장치자전거,원동기장치자전거,보행자,보행자,956856,1960421,127.0109632,37.64225402
2013,2013-12-21,30,주간,토,1,1,0,0,0,인천,중구,차량단독,공작물충돌,공작물충돌,운전자법규위반,안전운전 의무 불이행,단일로,기타단일로,승용차,중형,0,0,910809,1943766,126.4911025,37.48883867
2013,2013-11-26,0,야간,화,1,2,1,0,0,충남,당진시,차대차,정면충돌,정면충돌,운전자법규위반,중앙선 침범,기타/불명,기타/불명,농기계,농기계,승용차,소형,933574,1872245,126.7559044,36.83964315
2013,2013-11-24,50,주간,일,1,1,0,0,0,충남,예산군,차대차,기타,기타,운전자법규위반,안전운전 의무 불이행,단일로,기타단일로,건설기계,건설기계,자전거,자전거,935113,1839067,126.7750189,36.5471445
2013,2013-11-25,40,주간,월,1,1,0,0,0,인천,부평구,차대사람,기타,기타,운전자법규위반,안전운전 의무 불이행,교차로,교차로내,건설기계,건설기계,보행자,보행자,932029,1944442,126.7310504,37.4967373
2013,2013-11-24,50,야간,일,1,3,1,1,0,경북,경산시,차량단독,공작물충돌,공작물충돌,운전자법규위반,안전운전 의무 불이행,단일로,기타단일로,승용차,중형,0,0,1120983,1757401,128.8390348,35.80561669
2013,2013-11-25,55,주간,월,1,1,0,0,0,전북,정읍시,차대차,추돌,진행중 추돌,운전자법규위반,과속,단일로,기타단일로,승용차,대형,자전거,자전거,943328,1733629,126.8743735,35.59711316
2013,2013-03-24,10,주간,일,1,1,0,0,0,전북,군산시,차대차,측면직각충돌,측면직각충돌,운전자법규위반,직진 및 우회전차의 통행방해,교차로,교차로내,이륜차,중형,화물차,대형,917221,1774033,126.5816961,35.96041869
2013,2013-03-27,18,야간,수,1,1,0,0,0,대구,수성구,차대사람,횡단중,횡단중,운전자법규위반,과속,단일로,횡단보도상,승용차,중형,보행자,보행자,1101557,1761194,128.6246251,35.84329954
2013,2013-03-26,0,주간,화,1,1,0,0,0,전남,나주시,차량단독,공작물충돌,공작물충돌,운전자법규위반,안전운전 의무 불이행,기타/불명,기타/불명,농기계,농기계,0,0,931683,1665778,126.7514815,34.984617
2013,2013-03-24,30,야간,일,1,1,0,0,0,강원,강릉시,차대사람,차도통행중,차도통행중,운전자법규위반,안전운전 의무 불이행,단일로,기타단일로,승용차,소형,보행자,보행자,1120859,1974536,128.8721216,37.76250233
2013,2013-03-25,45,야간,월,1,3,2,0,0,충북,증평군,차대차,측면직각충돌,측면직각충돌,운전자법규위반,신호위반,교차로,교차로내,승용차,중형,승용차,중형,1007456,1865451,127.5835655,36.78716904
2013,2013-03-25,40,야간,월,1,1,0,0,0,충남,예산군,차대사람,차도통행중,차도통행중,운전자법규위반,안전운전 의무 불이행,단일로,기타단일로,승용차,경형,보행자,보행자,929038,1854975,126.7056789,36.69010952
2013,2013-03-25,15,주간,월,2,8,4,2,0,부산,서구,차대차,정면충돌,정면충돌,운전자법규위반,중앙선 침범,단일로,기타단일로,화물차,중형,승합차,대형,1137870,1681179,129.012971,35.11626696
2013,2013-03-25,40,주간,월,1,1,0,0,0,충북,제천시,차대사람,기타,기타,운전자법규위반,안전운전 의무 불이행,교차로,교차로내,건설기계,건설기계,보행자,보행자,1064337,1903866,128.224324,37.13127712
2013,2013-03-30,55,주간,토,1,1,0,0,0,경남,남해군,차대사람,횡단중,횡단중,운전자법규위반,보행자 보호의무 위반,단일로,횡단보도상,승용차,중형,보행자,보행자,1034592,1647047,127.8782444,34.81742798
2013,2013-03-30,42,야간,토,1,1,0,0,0,경남,사천시,차대사람,기타,기타,운전자법규위반,안전운전 의무 불이행,단일로,기타단일로,승용차,중형,보행자,보행자,1053190,1676460,128.0834717,35.0818444
2013,2013-03-31,59,야간,일,1,1,0,0,0,대구,북구,차대차,추돌,주정차중 추돌,운전자법규위반,안전운전 의무 불이행,단일로,횡단보도부근,화물차,소형,화물차,대형,1093918,1771639,128.5412092,35.93693043
2013,2013-03-27,35,야간,수,1,1,0,0,0,경기,평택시,차대사람,차도통행중,차도통행중,운전자법규위반,안전운전 의무 불이행,교차로,교차로부근,승합차,대형,보행자,보행자,964406,1888281,127.1000009,36.99232771
2013,2013-03-28,20,야간,목,1,2,1,0,0,세종,세종,차량단독,기타,기타,운전자법규위반,안전운전 의무 불이행,교차로,교차로부근,승용차,소형,0,0,981971,1834015,127.2986737,36.50363397
2013,2013-03-29,10,야간,금,1,1,0,0,0,서울,강남구,차대사람,횡단중,횡단중,운전자법규위반,신호위반,단일로,횡단보도상,승용차,중형,보행자,보행자,964662,1943311,127.1002668,37.48836925
2013,2013-03-27,34,야간,수,1,1,0,0,0,경기,화성시,차량단독,기타,기타,운전자법규위반,안전운전 의무 불이행,단일로,기타단일로,이륜차,소형,0,0,963236,1912759,127.085653,37.2129283
2013,2013-03-27,55,야간,수,1,6,1,4,0,경남,밀양시,차대차,기타,기타,운전자법규위반,중앙선 침범,단일로,기타단일로,승용차,대형,승용차,경형,1113738,1719129,128.6916053,35.38333931
2013,2013-03-27,57,야간,수,1,1,0,0,0,충남,당진시,차대사람,횡단중,횡단중,운전자법규위반,안전운전 의무 불이행,단일로,기타단일로,승용차,중형,보행자,보행자,922432,1876887,126.6295098,36.88710173
2013,2013-04-04,20,야간,목,1,2,1,0,0,광주,북구,차대차,기타,기타,운전자법규위반,안전운전 의무 불이행,기타/불명,기타/불명,화물차,중형,원동기장치자전거,원동기장치자전거,943289,1687906,126.8771209,35.18485767