발생년,발생년월일시분,발생분,주야,요일,사망자수,사상자수,중상자수,경상자수,부상신고자수,발생지시도,발생지시군구,사고유형_대분류,사고유형_중분류,사고유형,법규위반_대분류,법규위반,도로형태_대분류,도로형태,당사자종별_1당_대분류,당사자종별_1당,당사자종별_2당_대분류,당사자종별_2당,발생위치X_UTMK,발생위치Y_UTMK,경도,위도
2012,2012-06-28,0,야간,목,1,1,0,0,0,경기,포천시,차대차,추돌,주정차중 추돌,운전자법규위반,안전운전 의무 불이행,단일로,기타단일로,자전거,자전거,화물차,경형,979824,2010232,127.2699104,38.09199402
2012,2012-06-29,46,야간,금,1,1,0,0,0,경북,군위군,차대차,기타,기타,운전자법규위반,안전운전 의무 불이행,단일로,기타단일로,승용차,중형,자전거,자전거,1112408,1796617,128.7497101,36.16012253
2012,2012-07-03,25,야간,화,1,1,0,0,0,경북,구미시,차대차,측면직각충돌,측면직각충돌,운전자법규위반,중앙선 침범,단일로,교량위,화물차,대형,이륜차,중형,1077055,1792536,128.3566815,36.12655347
2012,2012-07-04,40,주간,수,1,1,0,0,0,경남,밀양시,차대차,측면직각충돌,측면직각충돌,운전자법규위반,중앙선 침범,단일로,기타단일로,이륜차,소형,승합차,대형,1110827,1722471,128.7218479,35.49194282
2012,2012-07-01,45,주간,일,1,1,0,0,0,서울,용산구,차량단독,공작물충돌,공작물충돌,운전자법규위반,안전운전 의무 불이행,단일로,기타단일로,승용차,소형,0,0,952025,1947180,126.9570734,37.52267142
2012,2012-07-10,35,야간,화,1,2,0,1,0,경남,거창군,차량단독,공작물충돌,공작물충돌,운전자법규위반,안전운전 의무 불이행,교차로,교차로부근,승용차,중형,0,0,1038322,1744518,127.923577,35.69617222
2012,2012-07-06,35,주간,금,1,2,1,0,0,강원,양양군,차량단독,전도전복,전도전복,운전자법규위반,안전운전 의무 불이행,단일로,기타단일로,승용차,중형,0,0,1094678,2007312,128.5792483,38.06094701
2012,2012-07-13,50,야간,금,1,1,0,0,0,전남,여수시,차량단독,기타,기타,운전자법규위반,안전운전 의무 불이행,단일로,기타단일로,화물차,경형,0,0,1024317,1631854,127.7654555,34.68071918
2012,2012-07-14,0,야간,토,1,1,0,0,0,경기,남양주시,차대사람,기타,기타,운전자법규위반,안전운전 의무 불이행,단일로,기타단일로,승용차,소형,보행자,보행자,986197,1957445,127.343597,37.61633986
2013,2013-11-09,15,주간,토,1,2,0,1,0,광주,북구,차대사람,횡단중,횡단중,운전자법규위반,안전운전 의무 불이행,단일로,횡단보도부근,승합차,대형,보행자,보행자,945919,1686039,126.9061283,35.16816862
2012,2012-01-09,30,주간,월,1,1,0,0,0,대구,수성구,차대차,기타,기타,운전자법규위반,안전운전 의무 불이행,단일로,기타단일로,승합차,소형,자전거,자전거,1100542,1762513,128.6135617,35.85426641
2012,2012-09-27,10,야간,목,1,1,0,0,0,충북,청원군,차대사람,기타,기타,운전자법규위반,안전운전 의무 불이행,단일로,기타단일로,승용차,소형,보행자,보행자,993527,1837664,127.4420337,36.5627127
2013,2013-11-13,15,야간,수,1,1,0,0,0,경기,포천시,차대차,기타,기타,운전자법규위반,안전운전 의무 불이행,단일로,기타단일로,승용차,중형,화물차,중형,980380,2010799,127.2762355,38.09711645
2012,2012-01-04,20,주간,수,1,1,0,0,0,전남,장성군,차대사람,기타,기타,운전자법규위반,안전운전 의무 불이행,교차로,교차로내,화물차,중형,보행자,보행자,930050,1697082,126.7309421,35.26675611
2012,2012-05-13,12,주간,일,1,1,0,0,0,경기,양평군,차량단독,공작물충돌,공작물충돌,운전자법규위반,안전운전 의무 불이행,단일로,기타단일로,승용차,소형,0,0,1015642,1954596,127.6771799,37.59063104
2012,2012-10-11,40,야간,목,1,1,0,0,0,전남,여수시,차대사람,횡단중,횡단중,운전자법규위반,안전운전 의무 불이행,교차로,교차로부근,승용차,중형,보행자,보행자,1019349,1636871,127.7113379,34.72606763
2012,2012-10-19,20,주간,금,1,1,0,0,0,충남,서산시,차대사람,횡단중,횡단중,운전자법규위반,신호위반,교차로,교차로부근,승용차,중형,보행자,보행자,905783,1878677,126.4424737,36.90171965
2012,2012-08-01,30,야간,수,1,1,0,0,0,경기,용인시,차대사람,횡단중,횡단중,운전자법규위반,안전운전 의무 불이행,고가도로위,고가도로위,승용차,중형,보행자,보행자,974326,1914955,127.2115904,37.23320492
2013,2013-11-13,50,야간,수,1,3,2,0,0,부산,강서구,차대차,기타,기타,운전자법규위반,과속,기타/불명,기타/불명,승용차,중형,화물차,소형,1134521,1691671,128.9779317,35.21138724
2013,2013-11-20,20,야간,수,1,2,1,0,0,서울,노원구,차량단독,전도전복,전도전복,운전자법규위반,안전운전 의무 불이행,단일로,기타단일로,승용차,중형,0,0,960503,1964672,127.0520705,37.680733
2013,2013-11-18,0,주간,월,1,1,0,0,0,경기,고양시,차대사람,횡단중,횡단중,운전자법규위반,보행자 보호의무 위반,교차로,교차로내,승합차,대형,보행자,보행자,941395,1957532,126.835954,37.61535929
2013,2013-11-17,15,야간,일,1,2,1,0,0,인천,서구,차대차,기타,기타,운전자법규위반,안전운전 의무 불이행,단일로,기타단일로,승용차,소형,화물차,대형,928190,1942741,126.6899216,37.47958924
2013,2013-12-31,55,야간,화,1,1,0,0,0,충남,천안시,차대사람,횡단중,횡단중,운전자법규위반,신호위반,교차로,교차로내,특수차,대형,보행자,보행자,969287,1872271,127.1555016,36.84817953
2013,2013-12-31,30,야간,화,1,2,0,1,0,경남,김해시,차대차,추돌,진행중 추돌,운전자법규위반,안전운전 의무 불이행,단일로,기타단일로,승용차,소형,승용차,대형,1119252,1690025,128.8099801,35.19848037
2013,2013-12-31,25,야간,화,1,1,0,0,0,경기,양주시,차대사람,기타,기타,운전자법규위반,안전운전 의무 불이행,단일로,기타단일로,승용차,중형,보행자,보행자,962971,1977535,127.0794036,37.79677094
2013,2013-12-23,20,야간,월,1,1,0,0,0,경남,양산시,차대사람,횡단중,횡단중,운전자법규위반,보행자 보호의무 위반,단일로,횡단보도상,승합차,중형,보행자,보행자,1140456,1708126,129.0459341,35.35889478
2013,2013-10-26,57,야간,토,1,2,0,1,0,충북,청주시,차대차,기타,기타,운전자법규위반,안전운전 의무 불이행,교차로,교차로부근,승용차,경형,승용차,경형,999893,1844286,127.4988037,36.59639806
2013,2013-10-26,40,주간,토,1,1,0,0,0,경북,안동시,차대차,기타,기타,운전자법규위반,안전운전 의무 불이행,교차로,교차로부근,이륜차,소형,화물차,소형,1109254,1840874,128.7208677,36.55938756
2013,2013-10-26,35,주간,토,1,1,0,0,0,경남,창원시(통합),차대사람,횡단중,횡단중,운전자법규위반,안전운전 의무 불이행,단일로,기타단일로,승용차,중형,보행자,보행자,1096102,1686447,128.5553334,35.16878367
2013,2013-10-23,40,주간,수,1,13,3,0,9,경기,동두천시,차대차,기타,기타,운전자법규위반,중앙선 침범,단일로,기타단일로,승용차,중형,승합차,대형,961032,1991183,127.0566437,37.91969761
2013,2013-10-30,45,야간,수,1,2,1,0,0,충북,충주시,차량단독,공작물충돌,공작물충돌,운전자법규위반,안전운전 의무 불이행,단일로,기타단일로,승용차,소형,0,0,1039941,1891971,127.9490442,37.02541523
2013,2013-10-30,30,주간,수,1,1,0,0,0,전북,고창군,차대사람,기타,기타,운전자법규위반,안전운전 의무 불이행,교차로,교차로내,화물차,소형,보행자,보행자,919156,1706431,126.6102586,35.35022515
2013,2013-10-28,10,야간,월,1,1,0,0,0,경북,안동시,차대사람,횡단중,횡단중,운전자법규위반,안전운전 의무 불이행,기타/불명,기타/불명,화물차,소형,보행자,보행자,1109237,1841087,128.720708,36.56130928
2013,2013-10-30,20,주간,수,1,5,3,1,0,제주,서귀포시,차대차,측면직각충돌,측면직각충돌,운전자법규위반,안전운전 의무 불이행,교차로,교차로내,승용차,중형,승용차,중형,895743,1482354,126.3798172,33.32763029
2013,2013-11-06,10,야간,수,1,2,1,0,0,경북,경주시,차대사람,기타,기타,운전자법규위반,안전운전 의무 불이행,단일로,기타단일로,승용차,소형,보행자,보행자,1155968,1760670,129.2267454,35.83014201
2013,2013-11-05,10,야간,화,1,1,0,0,0,세종,세종,차량단독,전도전복,전도전복,운전자법규위반,안전운전 의무 불이행,단일로,기타단일로,승합차,중형,0,0,970618,1854016,127.1711343,36.68365967
2013,2013-11-02,20,야간,토,1,1,0,0,0,대구,수성구,차대사람,기타,기타,운전자법규위반,안전운전 의무 불이행,고가도로위,고가도로위,승용차,중형,보행자,보행자,1106950,1763255,128.684534,35.86001571
2012,2012-08-18,40,야간,토,1,2,1,0,0,경기,연천군,차대사람,횡단중,횡단중,운전자법규위반,과속,단일로,기타단일로,승용차,중형,보행자,보행자,961925,2001281,127.0645861,38.01015359
2012,2012-08-17,0,야간,금,1,1,0,0,0,전북,완주군,차대사람,차도통행중,차도통행중,운전자법규위반,안전운전 의무 불이행,단일로,기타단일로,승용차,중형,보행자,보행자,967559,1768562,127.1406272,35.9130579
2012,2012-08-24,20,주간,금,1,1,0,0,0,전남,광양시,차량단독,공작물충돌,공작물충돌,운전자법규위반,안전운전 의무 불이행,단일로,기타단일로,승용차,대형,0,0,1004893,1663352,127.5535982,34.96503607
2012,2012-08-25,45,야간,토,1,2,1,0,0,대구,서구,차대차,측면직각충돌,측면직각충돌,운전자법규위반,부당한 회전,교차로,교차로부근,승용차,중형,이륜차,소형,1096185,1763155,128.5653128,35.86023053
2012,2012-08-21,55,야간,화,1,1,0,0,0,경북,청도군,차대차,추돌,진행중 추돌,운전자법규위반,안전운전 의무 불이행,단일로,횡단보도부근,승용차,중형,이륜차,소형,1108100,1742788,128.6942889,35.67489058
2012,2012-08-22,43,야간,수,1,1,0,0,0,서울,노원구,차대사람,횡단중,횡단중,운전자법규위반,안전운전 의무 불이행,단일로,기타단일로,화물차,중형,보행자,보행자,961588,1959437,127.0646506,37.63359517
2012,2012-08-21,5,야간,화,1,1,0,0,0,울산,울주군,차량단독,전도전복,전도전복,운전자법규위반,안전운전 의무 불이행,단일로,기타단일로,자전거,자전거,0,0,1166164,1716262,129.3304281,35.4282686
2012,2012-08-26,50,주간,일,1,1,0,0,0,강원,원주시,차대사람,기타,기타,운전자법규위반,안전운전 의무 불이행,단일로,기타단일로,승합차,대형,보행자,보행자,1051322,1914729,128.0785514,37.2299976
2012,2012-08-26,18,주간,일,1,1,0,0,0,전남,함평군,차대차,측면직각충돌,측면직각충돌,운전자법규위반,신호위반,교차로,교차로내,이륜차,사발이,화물차,소형,908542,1677412,126.4966848,35.08768157
2012,2012-08-25,15,야간,토,1,1,0,0,0,부산,동래구,차대차,측면직각충돌,측면직각충돌,운전자법규위반,안전운전 의무 불이행,단일로,기타단일로,이륜차,소형,승용차,대형,1143493,1692902,129.0766861,35.22123989
2012,2012-09-02,0,주간,일,1,1,0,0,0,대구,북구,차량단독,공작물충돌,공작물충돌,운전자법규위반,안전운전 의무 불이행,교차로,교차로내,이륜차,소형,0,0,1097030,1766751,128.5751082,35.89256347
2012,2012-09-03,30,야간,월,1,1,0,0,0,경기,동두천시,차대사람,횡단중,횡단중,운전자법규위반,신호위반,교차로,교차로내,화물차,소형,보행자,보행자,960592,1986827,127.0518759,37.88041899
2012,2012-09-02,8,주간,일,1,1,0,0,0,충북,청원군,차대차,기타,기타,운전자법규위반,교차로 통행방법 위반,교차로,교차로내,이륜차,소형,승용차,대형,996342,1860324,127.4590264,36.74097252
2012,2012-08-30,25,야간,목,2,4,1,1,0,충북,청원군,차대차,정면충돌,정면충돌,운전자법규위반,신호위반,교차로,교차로내,승용차,중형,승용차,중형,993742,1856996,127.4299308,36.71095754
2012,2012-09-06,45,야간,목,1,1,0,0,0,서울,구로구,차대사람,횡단중,횡단중,운전자법규위반,안전운전 의무 불이행,단일로,기타단일로,승용차,중형,보행자,보행자,945302,1943601,126.8812602,37.49003918
2012,2012-09-06,10,주간,목,1,1,0,0,0,강원,인제군,차대차,정면충돌,정면충돌,운전자법규위반,안전운전 의무 불이행,교차로,교차로내,승용차,중형,원동기장치자전거,원동기장치자전거,1065477,2015717,128.2471847,38.13927763
2012,2012-09-09,30,야간,일,1,1,0,0,0,경기,용인시,차대사람,횡단중,횡단중,운전자법규위반,안전운전 의무 불이행,교차로,교차로내,승용차,소형,보행자,보행자,975485,1919921,127.2234672,37.27788867
2012,2012-09-10,5,주간,월,1,1,0,0,0,경남,진주시,차대차,측면직각충돌,측면직각충돌,운전자법규위반,안전운전 의무 불이행,교차로,교차로부근,승용차,대형,자전거,자전거,1051836,1688590,128.0693805,35.19128864
2012,2012-09-10,25,주간,월,1,1,0,0,0,인천,중구,차대차,추돌,진행중 추돌,운전자법규위반,직진 및 우회전차의 통행방해,교차로,교차로내,승합차,중형,이륜차,사발이,901904,1940053,126.3908834,37.45447398
2012,2012-09-08,43,야간,토,1,1,0,0,0,전북,남원시,차대차,기타,기타,운전자법규위반,차로위반(진로변경 위반),단일로,기타단일로,자전거,자전거,승용차,대형,988694,1711600,127.3754919,35.40004412
2012,2012-09-13,30,야간,목,1,1,0,0,0,전남,나주시,차대사람,횡단중,횡단중,운전자법규위반,안전운전 의무 불이행,교차로,교차로내,승합차,대형,보행자,보행자,928939,1671470,126.7209327,35.03575038
2012,2012-09-12,40,주간,수,1,1,0,0,0,전남,영광군,차량단독,기타,기타,운전자법규위반,안전운전 의무 불이행,단일로,기타단일로,이륜차,소형,0,0,905406,1706720,126.4582256,35.35240951
2012,2012-09-12,30,야간,수,2,2,0,0,0,강원,강릉시,차량단독,도로이탈,도로이탈 기타,운전자법규위반,안전운전 의무 불이행,단일로,기타단일로,이륜차,중형,0,0,1125402,1974314,128.9236459,37.75989027
2012,2012-09-11,0,주간,화,1,1,0,0,0,경남,창원시(통합),차대사람,기타,기타,운전자법규위반,신호위반,교차로,교차로내,화물차,중형,보행자,보행자,1119423,1679555,128.8103438,35.10407457
2012,2012-09-11,10,야간,화,1,1,0,0,0,충북,충주시,차대사람,횡단중,횡단중,운전자법규위반,안전운전 의무 불이행,단일로,기타단일로,화물차,중형,보행자,보행자,1039776,1885649,127.946726,36.96931862
2012,2012-09-11,15,주간,화,1,1,0,0,0,강원,홍천군,차량단독,기타,기타,운전자법규위반,안전운전 의무 불이행,단일로,기타단일로,원동기장치자전거,원동기장치자전거,0,0,1035199,1956227,127.8987806,37.60479133
2012,2012-09-18,50,야간,화,1,1,0,0,0,제주,서귀포시,차대사람,횡단중,횡단중,운전자법규위반,안전운전 의무 불이행,교차로,교차로부근,승용차,중형,보행자,보행자,907443,1473966,126.5063675,33.25305228
2012,2012-09-18,30,야간,화,1,1,0,0,0,인천,서구,차대사람,횡단중,횡단중,운전자법규위반,신호위반,교차로,교차로내,승용차,소형,보행자,보행자,928122,1957468,126.6855782,37.6138404
2012,2012-09-17,22,주간,월,1,1,0,0,0,전남,순천시,차대사람,횡단중,횡단중,운전자법규위반,안전운전 의무 불이행,단일로,횡단보도상,승용차,경형,보행자,보행자,998589,1663005,127.4845444,34.96191784
2012,2012-09-16,0,야간,일,1,1,0,0,0,경북,문경시,차대차,기타,기타,운전자법규위반,안전운전 의무 불이행,단일로,기타단일로,원동기장치자전거,원동기장치자전거,화물차,소형,1061796,1843906,128.1908361,36.59097028
2012,2012-09-15,20,주간,토,1,1,0,0,0,충남,예산군,차대차,추돌,주정차중 추돌,운전자법규위반,안전운전 의무 불이행,단일로,기타단일로,이륜차,소형,승용차,소형,940170,1856366,126.830169,36.70341442
2012,2012-09-21,20,주간,금,1,3,2,0,0,경남,남해군,차량단독,도로이탈,도로이탈 기타,운전자법규위반,안전운전 의무 불이행,단일로,기타단일로,승용차,소형,0,0,1047108,1650752,128.0153038,34.85033478
2012,2012-09-21,5,주간,금,1,1,0,0,0,서울,마포구,차대차,정면충돌,정면충돌,운전자법규위반,신호위반,교차로,교차로내,화물차,소형,이륜차,소형,946902,1952840,126.8768038,37.56888373
2012,2012-09-20,27,야간,목,1,1,0,0,0,서울,마포구,차량단독,전도전복,전도전복,운전자법규위반,안전운전 의무 불이행,단일로,기타단일로,화물차,소형,0,0,946636,1951335,126.8957876,37.55982477
2012,2012-09-20,34,주간,목,1,1,0,0,0,경남,남해군,차대차,기타,기타,운전자법규위반,안전운전 의무 불이행,교차로,교차로내,농기계,농기계,농기계,농기계,1035038,1642199,127.8829189,34.77369567
2012,2012-09-20,30,주간,목,1,3,1,1,0,서울,은평구,차대사람,횡단중,횡단중,운전자법규위반,안전운전 의무 불이행,단일로,기타단일로,승합차,대형,보행자,보행자,948855,1957993,126.9204458,37.61995967
2012,2012-09-26,50,야간,수,1,1,0,0,0,전북,군산시,차대차,기타,기타,운전자법규위반,안전운전 의무 불이행,단일로,기타단일로,화물차,소형,자전거,자전거,942228,1777395,126.8577973,35.9939585
2012,2012-08-07,50,주간,화,1,1,0,0,0,세종,세종,차대차,추돌,주정차중 추돌,운전자법규위반,안전운전 의무 불이행,단일로,기타단일로,화물차,소형,화물차,소형,979372,1838050,127.2695435,36.53995733
2012,2012-08-08,35,주간,수,1,1,0,0,0,대전,유성구,차대사람,기타,기타,운전자법규위반,안전운전 의무 불이행,단일로,기타단일로,화물차,소형,보행자,보행자,984976,1817034,127.3332396,36.35016595
2012,2012-08-05,30,야간,일,1,3,1,1,0,제주,서귀포시,차대차,정면충돌,정면충돌,운전자법규위반,중앙선 침범,단일로,기타단일로,승용차,경형,승용차,경형,924185,1476818,126.6854986,33.2801327
2012,2012-08-10,45,주간,금,1,1,0,0,0,대구,달성군,차량단독,공작물충돌,공작물충돌,운전자법규위반,안전운전 의무 불이행,단일로,기타단일로,화물차,경형,0,0,1087039,1761129,128.4657646,35.84352736
2012,2012-08-10,2,야간,금,1,1,0,0,0,대구,달서구,차대사람,기타,기타,운전자법규위반,안전운전 의무 불이행,교차로,교차로내,화물차,소형,보행자,보행자,1094910,1757572,128.5505297,35.81002599
2013,2013-11-15,30,야간,금,1,1,0,0,0,경북,포항시,차대사람,횡단중,횡단중,운전자법규위반,안전운전 의무 불이행,단일로,기타단일로,승용차,소형,보행자,보행자,1166657,1778701,129.3488091,35.99086811
2013,2013-11-19,25,주간,화,1,1,0,0,0,경남,창원시(통합),차량단독,전도전복,전도전복,운전자법규위반,안전운전 의무 불이행,단일로,기타단일로,원동기장치자전거,원동기장치자전거,0,0,1117779,1681322,128.792561,35.12019763
2013,2013-10-14,15,야간,월,1,1,0,0,0,경기,광주시,차량단독,도로이탈,도로이탈 추락,운전자법규위반,안전운전 의무 불이행,단일로,기타단일로,원동기장치자전거,원동기장치자전거,0,0,990575,1928766,127.3935718,37.35789212
2013,2013-10-15,0,야간,화,1,1,0,0,0,경기,양주시,차대차,측면직각충돌,측면직각충돌,운전자법규위반,부당한 회전,단일로,기타단일로,승용차,중형,원동기장치자전거,원동기장치자전거,960215,1980214,127.0478864,37.82055702
2013,2013-10-15,15,야간,화,1,3,2,0,0,경기,평택시,차대차,추돌,주정차중 추돌,운전자법규위반,안전운전 의무 불이행,단일로,기타단일로,승용차,중형,건설기계,건설기계,945084,1887676,126.8829172,36.98594406
2013,2013-10-15,40,주간,화,1,1,0,0,0,인천,중구,차대차,정면충돌,정면충돌,운전자법규위반,중앙선 침범,교차로,교차로부근,승용차,중형,화물차,대형,922880,1938271,126.6252256,37.44290288
2013,2013-10-15,50,주간,화,1,1,0,0,0,경북,의성군,차량단독,전도전복,전도전복,운전자법규위반,안전운전 의무 불이행,단일로,기타단일로,화물차,대형,0,0,1116699,1813015,128.7998495,36.30741479
2013,2013-10-14,30,야간,월,1,1,0,0,0,경북,군위군,차대차,추돌,진행중 추돌,운전자법규위반,안전운전 의무 불이행,단일로,기타단일로,승용차,중형,자전거,자전거,1101571,1799272,128.6295941,36.18525126
2013,2013-10-20,20,야간,일,1,1,0,0,0,전남,나주시,차량단독,도로이탈,도로이탈 기타,운전자법규위반,안전운전 의무 불이행,교차로,교차로부근,농기계,농기계,0,0,927363,1675974,126.7032615,35.07624847
2013,2013-10-22,45,주간,화,1,1,0,0,0,광주,광산구,차대사람,횡단중,횡단중,운전자법규위반,신호위반,교차로,교차로내,승합차,중형,보행자,보행자,935056,1681373,126.7872145,35.12545403
2013,2013-10-22,10,주간,화,1,1,0,0,0,대전,동구,차대사람,차도통행중,차도통행중,운전자법규위반,안전운전 의무 불이행,단일로,기타단일로,승용차,중형,보행자,보행자,993637,1816846,127.4290864,36.34899911
2013,2013-10-21,30,주간,월,1,1,0,0,0,대전,서구,차대차,추돌,주정차중 추돌,운전자법규위반,중앙선 침범,단일로,기타단일로,승용차,중형,승합차,대형,986578,1812048,127.3504988,36.30567055
2013,2013-10-21,33,야간,월,1,1,0,0,0,경기,파주시,차대사람,기타,기타,운전자법규위반,안전운전 의무 불이행,단일로,기타단일로,승용차,중형,보행자,보행자,937723,1974513,126.7921164,37.76796829
2013,2013-10-20,30,야간,일,1,1,0,0,0,경기,안성시,차량단독,공작물충돌,공작물충돌,운전자법규위반,안전운전 의무 불이행,교차로,교차로내,승용차,중형,0,0,975891,1890647,127.2299944,37.01380034
2013,2013-10-19,30,야간,토,1,1,0,0,0,광주,광산구,차대사람,횡단중,횡단중,운전자법규위반,안전운전 의무 불이행,단일로,기타단일로,화물차,소형,보행자,보행자,936292,1683398,126.800623,35.14379159
2013,2013-10-20,0,야간,일,1,3,2,0,0,광주,광산구,차량단독,공작물충돌,공작물충돌,운전자법규위반,안전운전 의무 불이행,단일로,기타단일로,승용차,중형,0,0,935845,1683291,126.7977991,35.14346327
2013,2013-10-19,50,야간,토,1,1,0,0,0,인천,강화군,차대사람,횡단중,횡단중,운전자법규위반,안전운전 의무 불이행,단일로,기타단일로,승용차,중형,보행자,보행자,912701,1971482,126.5083693,37.73924383
2013,2013-08-31,55,주간,토,1,4,2,1,0,경남,거제시,차량단독,전도전복,전도전복,운전자법규위반,안전운전 의무 불이행,단일로,기타단일로,승용차,대형,0,0,1100139,1648116,128.595014,34.82272789
2013,2013-09-01,40,주간,일,1,1,0,0,0,전남,여수시,차대사람,기타,기타,운전자법규위반,안전운전 의무 불이행,기타/불명,기타/불명,승용차,소형,보행자,보행자,1015603,1640388,127.6678758,34.75755333
2013,2013-09-07,29,야간,토,1,1,0,0,0,충남,홍성군,차량단독,공작물충돌,공작물충돌,운전자법규위반,안전운전 의무 불이행,교차로,교차로부근,승용차,중형,0,0,924308,1845645,126.653659,36.60564415
2013,2013-09-06,35,야간,금,1,2,0,1,0,경기,포천시,차대차,측면직각충돌,측면직각충돌,운전자법규위반,신호위반,교차로,교차로내,원동기장치자전거,원동기장치자전거,승용차,중형,968277,1980309,127.1395494,37.82197278
2013,2013-09-15,30,야간,일,1,1,0,0,0,강원,영월군,차대차,추돌,주정차중 추돌,운전자법규위반,안전운전 의무 불이행,기타/불명,기타/불명,화물차,소형,승용차,중형,1073109,1909746,128.3236476,37.18363054
2013,2013-09-16,58,주간,월,1,1,0,0,0,서울,영등포구,차대사람,횡단중,횡단중,운전자법규위반,안전운전 의무 불이행,교차로,교차로내,건설기계,건설기계,보행자,보행자,948099,1945278,126.9127797,37.50531577
2013,2013-09-26,48,주간,목,1,1,0,0,0,광주,남구,차대차,기타,기타,운전자법규위반,안전운전 의무 불이행,교차로,교차로부근,자전거,자전거,승용차,소형,946875,1682354,126.9168629,35.13499291
2013,2013-09-25,10,야간,수,1,1,0,0,0,경남,함안군,차대차,기타,기타,운전자법규위반,안전운전 의무 불이행,단일로,기타단일로,승용차,중형,자전거,자전거,1077798,1702400,128.3558383,35.31412402
2013,2013-09-28,35,야간,토,1,1,0,0,0,부산,동래구,차대사람,횡단중,횡단중,운전자법규위반,과속,단일로,횡단보도부근,승용차,중형,보행자,보행자,1144654,1690648,129.0890426,35.20075633
2013,2013-09-26,9,주간,목,1,1,0,0,0,경북,경주시,차대차,기타,기타,운전자법규위반,안전운전 의무 불이행,단일로,기타단일로,화물차,소형,원동기장치자전거,원동기장치자전거,1181324,1760266,129.5072301,35.8221418
2013,2013-09-24,0,야간,화,1,2,1,0,0,전남,해남군,차대차,추돌,주정차중 추돌,운전자법규위반,안전운전 의무 불이행,단일로,기타단일로,화물차,중형,화물차,중형,895499,1622447,126.3604744,34.59085543
2013,2013-10-01,40,주간,화,1,1,0,0,0,경기,남양주시,차량단독,공작물충돌,공작물충돌,운전자법규위반,안전운전 의무 불이행,단일로,기타단일로,승용차,경형,0,0,973661,1960333,127.2014477,37.64209665
2013,2013-10-03,35,주간,목,1,2,1,0,0,전남,구례군,차량단독,기타,기타,운전자법규위반,안전운전 의무 불이행,단일로,기타단일로,원동기장치자전거,원동기장치자전거,0,0,1005230,1685851,127.5574316,35.16791547
2013,2013-10-04,0,주간,금,1,1,0,0,0,충북,영동군,차량단독,공작물충돌,공작물충돌,운전자법규위반,안전운전 의무 불이행,교차로,교차로내,화물차,소형,0,0,1027008,1809075,127.8007248,36.27858283
2012,2012-07-28,20,야간,토,1,1,0,0,0,충남,홍성군,차대사람,기타,기타,운전자법규위반,안전운전 의무 불이행,단일로,기타단일로,승용차,대형,보행자,보행자,923785,1840801,126.6482916,36.56193836
2012,2012-08-04,10,야간,토,1,1,0,0,0,부산,강서구,차량단독,전도전복,전도전복,운전자법규위반,안전운전 의무 불이행,단일로,기타단일로,특수차,대형,0,0,1121012,1675407,128.8271687,35.06649114
2012,2012-08-01,40,주간,수,1,2,0,1,0,전북,익산시,차대차,기타,기타,운전자법규위반,안전운전 의무 불이행,교차로,교차로부근,화물차,중형,이륜차,소형,954329,1779780,126.9935867,36.01390245
2012,2012-06-11,0,야간,월,1,1,0,0,0,전남,여수시,차대사람,기타,기타,운전자법규위반,신호위반,교차로,교차로내,승합차,중형,보행자,보행자,1022454,1638431,127.7450961,34.73985574
2012,2012-06-18,42,주간,월,1,1,0,0,0,충북,진천군,차대차,측면직각충돌,측면직각충돌,운전자법규위반,안전운전 의무 불이행,교차로,교차로내,이륜차,소형,건설기계,건설기계,989112,1875980,127.3778185,36.88205116
2012,2012-06-18,30,주간,월,1,2,0,1,0,경남,함안군,차대차,정면충돌,정면충돌,운전자법규위반,안전운전 의무 불이행,단일로,기타단일로,건설기계,건설기계,화물차,소형,1074564,1702959,128.320316,35.31941054
2012,2012-06-17,30,야간,일,1,1,0,0,0,서울,성동구,차대사람,기타,기타,운전자법규위반,안전운전 의무 불이행,교차로,교차로내,승용차,중형,보행자,보행자,958609,1951748,127.0313235,37.56416317
2012,2012-06-16,50,야간,토,2,4,2,0,0,경남,밀양시,차대사람,길가장자리구역통행중,길가장자리구역통행중,운전자법규위반,안전운전 의무 불이행,단일로,기타단일로,승용차,중형,보행자,보행자,1129539,1723407,128.9287059,35.49201464
2012,2012-06-15,0,주간,금,1,1,0,0,0,전남,나주시,차량단독,전도전복,전도전복,운전자법규위반,안전운전 의무 불이행,단일로,기타단일로,이륜차,사발이,0,0,926150,1667847,126.6906805,35.0028834
2012,2012-06-23,20,야간,토,1,1,0,0,0,전남,영암군,차대차,측면직각충돌,측면직각충돌,운전자법규위반,직진 및 우회전차의 통행방해,교차로,교차로내,화물차,중형,이륜차,소형,921521,1642308,126.6402213,34.77017981
2012,2012-06-27,40,야간,수,1,1,0,0,0,서울,관악구,차량단독,전도전복,전도전복,운전자법규위반,안전운전 의무 불이행,단일로,기타단일로,원동기장치자전거,원동기장치자전거,0,0,949907,1941641,126.9334826,37.47263453
2012,2012-06-28,0,야간,목,1,1,0,0,0,충남,천안시,차대차,기타,기타,운전자법규위반,안전운전 의무 불이행,교차로,교차로내,화물차,대형,승용차,중형,974331,1877292,127.211908,36.89359188