발생년,발생년월일시분,발생분,주야,요일,사망자수,사상자수,중상자수,경상자수,부상신고자수,발생지시도,발생지시군구,사고유형_대분류,사고유형_중분류,사고유형,법규위반_대분류,법규위반,도로형태_대분류,도로형태,당사자종별_1당_대분류,당사자종별_1당,당사자종별_2당_대분류,당사자종별_2당,발생위치X_UTMK,발생위치Y_UTMK,경도,위도
2012,2012-06-28,48,야간,목,1,1,0,0,0,경남,진주시,차량단독,공작물충돌,공작물충돌,운전자법규위반,중앙선 침범,단일로,기타단일로,승용차,소형,0,0,1057577,1691090,128.1333851,35.21393698
2012,2012-06-27,40,야간,수,1,1,0,0,0,대전,서구,차대사람,횡단중,횡단중,운전자법규위반,신호위반,교차로,교차로내,승용차,소형,보행자,보행자,985188,1812306,127.3350115,36.30797617
2012,2012-09-06,30,주간,목,1,1,0,0,0,서울,관악구,차대사람,기타,기타,운전자법규위반,보행자 보호의무 위반,교차로,교차로부근,승용차,소형,보행자,보행자,952178,1942157,126.9589699,37.47785568
2012,2012-09-03,25,주간,월,1,1,0,0,0,울산,울주군,차대차,측면직각충돌,측면직각충돌,운전자법규위반,안전운전 의무 불이행,교차로,교차로내,승용차,소형,이륜차,소형,1158255,1727002,129.2454327,35.52635231
2012,2012-09-10,0,야간,월,1,2,0,1,0,경남,창원시(통합),차대차,추돌,주정차중 추돌,운전자법규위반,안전운전 의무 불이행,교차로,교차로부근,화물차,소형,화물차,소형,1103087,1694329,128.6329804,35.23907312
2012,2012-09-07,40,야간,금,1,1,0,0,0,경기,평택시,차대차,추돌,진행중 추돌,운전자법규위반,안전운전 의무 불이행,단일로,기타단일로,승합차,중형,농기계,농기계,950500,1889285,126.9436676,37.00074835
2012,2012-09-13,10,야간,목,1,1,0,0,0,부산,사하구,차량단독,기타,기타,운전자법규위반,안전운전 의무 불이행,단일로,기타단일로,자전거,자전거,0,0,1133674,1679913,128.9667246,35.10551105
2012,2012-09-11,10,야간,화,1,2,0,1,0,전북,완주군,차량단독,전도전복,전도전복,운전자법규위반,안전운전 의무 불이행,단일로,기타단일로,원동기장치자전거,원동기장치자전거,0,0,972876,1761983,127.2171549,35.85430637
2012,2012-09-17,50,주간,월,1,1,0,0,0,경기,남양주시,차대사람,기타,기타,운전자법규위반,안전운전 의무 불이행,단일로,기타단일로,승용차,중형,보행자,보행자,976640,1960955,127.2351944,37.64778357
2012,2012-09-16,45,주간,일,1,1,0,0,0,전북,전주시,차대차,측면직각충돌,측면직각충돌,운전자법규위반,신호위반,교차로,교차로내,이륜차,소형,승용차,중형,968332,1756429,127.1494984,35.80379993
2012,2012-09-21,30,야간,금,1,1,0,0,0,경기,고양시,차대사람,차도통행중,차도통행중,운전자법규위반,안전운전 의무 불이행,단일로,기타단일로,승합차,대형,보행자,보행자,941512,1958821,126.8359344,37.6277525
2012,2012-09-22,10,주간,토,1,1,0,0,0,충북,충주시,차대차,측면직각충돌,측면직각충돌,운전자법규위반,안전운전 의무 불이행,단일로,기타단일로,승용차,중형,자전거,자전거,1036680,1882793,127.9119364,36.94281578
2012,2012-09-22,35,야간,토,1,1,0,0,0,대구,수성구,차대사람,횡단중,횡단중,운전자법규위반,안전운전 의무 불이행,단일로,기타단일로,승용차,중형,보행자,보행자,1100843,1761215,128.6166385,35.83754992
2012,2012-09-20,30,야간,목,1,1,0,0,0,대구,중구,차대사람,기타,기타,운전자법규위반,안전운전 의무 불이행,교차로,교차로부근,승합차,대형,보행자,보행자,1098826,1764851,128.5947692,35.87525621
2012,2012-09-21,3,주간,금,1,2,1,0,0,경기,남양주시,차대차,측면직각충돌,측면직각충돌,운전자법규위반,신호위반,교차로,교차로내,원동기장치자전거,원동기장치자전거,승용차,중형,978779,1961775,127.2594178,37.65522646
2012,2012-09-21,25,야간,금,1,1,0,0,0,경기,고양시,차대사람,기타,기타,운전자법규위반,안전운전 의무 불이행,단일로,교량위,승합차,중형,보행자,보행자,944058,1965286,126.8655321,37.68541112
2012,2012-09-20,15,야간,목,1,1,0,0,0,경기,파주시,차대사람,기타,기타,운전자법규위반,안전운전 의무 불이행,단일로,기타단일로,원동기장치자전거,원동기장치자전거,보행자,보행자,934970,1988172,126.7604146,37.89107108
2012,2012-09-19,15,주간,수,1,1,0,0,0,경기,남양주시,차대차,측면직각충돌,측면직각충돌,운전자법규위반,안전운전 의무 불이행,단일로,기타단일로,승용차,중형,이륜차,중형,967215,1966285,127.1281161,37.69553581
2012,2012-09-26,10,야간,수,1,2,0,1,0,경북,경산시,차대차,기타,기타,운전자법규위반,중앙선 침범,단일로,기타단일로,승용차,대형,승합차,소형,1114119,1761766,128.7637578,35.8449189
2012,2012-09-25,36,야간,화,1,2,1,0,0,서울,은평구,차대사람,횡단중,횡단중,운전자법규위반,과속,단일로,횡단보도상,승합차,소형,보행자,보행자,949633,1961253,126.9290366,37.64938506
2012,2012-09-25,45,야간,화,1,1,0,0,0,경북,경주시,차대사람,기타,기타,운전자법규위반,안전운전 의무 불이행,교차로,교차로부근,화물차,소형,보행자,보행자,1157041,1785971,129.2436231,36.05797969
2012,2012-08-07,40,야간,화,1,2,0,1,0,경남,사천시,차대차,기타,기타,운전자법규위반,중앙선 침범,단일로,기타단일로,승합차,중형,승용차,중형,1043427,1673929,127.9762468,35.05949029
2012,2012-08-07,5,야간,화,1,1,0,0,0,강원,춘천시,차대차,정면충돌,정면충돌,운전자법규위반,중앙선 침범,단일로,기타단일로,승용차,중형,이륜차,소형,1021752,1990599,127.7474669,37.91500895
2012,2012-08-05,35,주간,일,2,3,1,0,0,충남,청양군,차대차,정면충돌,정면충돌,운전자법규위반,중앙선 침범,단일로,기타단일로,승용차,중형,화물차,중형,945585,1826503,126.8899383,36.43524393
2012,2012-08-04,30,야간,토,1,4,3,0,0,경북,상주시,차대차,정면충돌,정면충돌,운전자법규위반,교차로 통행방법 위반,교차로,교차로내,화물차,소형,승합차,대형,1059484,1840159,128.1647016,36.55734006
2012,2012-08-04,25,야간,토,1,1,0,0,0,충남,당진시,차대차,측면직각충돌,측면직각충돌,운전자법규위반,중앙선 침범,단일로,기타단일로,화물차,대형,승합차,소형,929958,1880703,126.7136081,36.92208676
2014,2014-03-09,0,야간,일,1,1,0,0,0,대전,서구,차대사람,횡단중,횡단중,운전자법규위반,안전운전 의무 불이행,단일로,기타단일로,승용차,중형,보행자,보행자,987050,1817205,127.3556705,36.35216952
2014,2014-03-10,55,주간,월,1,1,0,0,0,경기,성남시,차대차,측면직각충돌,측면직각충돌,운전자법규위반,안전운전 의무 불이행,단일로,기타단일로,승합차,대형,자전거,자전거,970440,1940147,127.1657518,37.46005343
2014,2014-03-15,58,야간,토,1,1,0,0,0,부산,북구,차대사람,횡단중,횡단중,운전자법규위반,보행자 보호의무 위반,단일로,횡단보도상,승용차,소형,보행자,보행자,1138136,1697415,129.018601,35.26267189
2014,2014-03-15,45,야간,토,1,2,1,0,0,대구,달성군,차대사람,기타,기타,운전자법규위반,안전운전 의무 불이행,단일로,기타단일로,승용차,대형,보행자,보행자,1102610,1755251,128.6354464,35.78832847
2014,2014-03-17,10,주간,월,1,1,0,0,0,전남,해남군,차대차,기타,기타,운전자법규위반,안전운전 의무 불이행,교차로,교차로내,승용차,중형,승용차,중형,917900,1619463,126.6050034,34.56598525
2014,2014-03-14,12,주간,금,1,1,0,0,0,경남,거창군,차대차,측면직각충돌,측면직각충돌,운전자법규위반,안전운전 의무 불이행,단일로,횡단보도부근,승용차,중형,자전거,자전거,1037590,1743727,127.9154494,35.68906863
2014,2014-03-17,13,주간,월,1,1,0,0,0,경북,상주시,차대차,추돌,진행중 추돌,운전자법규위반,안전운전 의무 불이행,단일로,기타단일로,승합차,대형,이륜차,소형,1035157,1846982,127.8931802,36.62005389
2014,2014-03-15,40,주간,토,1,1,0,0,0,서울,성동구,차대차,측면직각충돌,측면직각충돌,운전자법규위반,안전운전 의무 불이행,단일로,교량위,이륜차,소형,화물차,소형,957589,1948853,127.0199416,37.53802334
2013,2013-12-23,34,주간,월,1,1,0,0,0,전남,함평군,차대사람,기타,기타,운전자법규위반,안전운전 의무 불이행,기타/불명,기타/불명,화물차,소형,보행자,보행자,908821,1677321,126.4997551,35.0868864
2013,2013-12-19,10,주간,목,1,1,0,0,0,전북,진안군,차량단독,도로이탈,도로이탈 추락,운전자법규위반,안전운전 의무 불이행,단일로,교량위,승용차,중형,0,0,1004021,1759638,127.544521,35.83323564
2013,2013-12-24,8,야간,화,1,4,3,0,0,제주,제주시,차대차,측면직각충돌,측면직각충돌,운전자법규위반,과속,단일로,기타단일로,승용차,경형,승용차,중형,924716,1506259,126.6890804,33.54564276
2013,2013-12-28,0,야간,토,1,1,0,0,0,경기,안양시,차대차,추돌,주정차중 추돌,운전자법규위반,안전운전 의무 불이행,교차로,교차로부근,이륜차,소형,화물차,대형,947277,1934300,126.9042653,37.40632177
2013,2013-12-22,15,야간,일,1,1,0,0,0,경기,안산시,차대사람,차도통행중,차도통행중,운전자법규위반,안전운전 의무 불이행,교차로,교차로부근,승용차,중형,보행자,보행자,942602,1923565,126.8522759,37.30928598
2013,2013-12-23,20,주간,월,1,1,0,0,0,충북,충주시,차량단독,공작물충돌,공작물충돌,운전자법규위반,안전운전 의무 불이행,단일로,기타단일로,승용차,중형,0,0,1038663,1891047,127.934629,37.01713966
2013,2013-12-27,40,주간,금,1,1,0,0,0,경북,포항시,차대사람,기타,기타,운전자법규위반,안전운전 의무 불이행,단일로,기타단일로,승용차,중형,보행자,보행자,1168507,1785910,129.3708578,36.0555111
2013,2013-12-30,58,야간,월,1,5,2,2,0,서울,양천구,차대차,측면직각충돌,측면직각충돌,운전자법규위반,신호위반,교차로,교차로부근,승용차,소형,화물차,소형,942477,1947822,126.8489755,37.52791167
2013,2013-12-09,0,야간,월,1,1,0,0,0,제주,서귀포시,차량단독,공작물충돌,공작물충돌,운전자법규위반,안전운전 의무 불이행,단일로,기타단일로,승용차,중형,0,0,889391,1476643,126.3122793,33.27549437
2013,2013-12-08,15,야간,일,1,2,0,1,0,충남,천안시,차대차,추돌,진행중 추돌,운전자법규위반,안전운전 의무 불이행,단일로,기타단일로,화물차,소형,승용차,중형,968474,1875605,127.1462441,36.87820698
2013,2013-11-11,25,주간,월,1,1,0,0,0,충북,충주시,차대차,측면직각충돌,측면직각충돌,운전자법규위반,신호위반,교차로,교차로내,화물차,소형,원동기장치자전거,원동기장치자전거,1037692,1885674,127.9234452,36.96874588
2013,2013-11-09,20,야간,토,5,7,1,1,0,전남,화순군,차대차,기타,기타,운전자법규위반,중앙선 침범,교차로,교차로부근,승용차,소형,특수차,대형,956792,1652374,127.0251806,34.8655228
2013,2013-11-09,5,주간,토,1,1,0,0,0,인천,연수구,차대사람,횡단중,횡단중,운전자법규위반,안전운전 의무 불이행,교차로,교차로부근,승합차,대형,보행자,보행자,927864,1935288,126.685252,37.41430023
2013,2013-11-09,50,야간,토,1,3,0,2,0,서울,강남구,차대차,추돌,주정차중 추돌,운전자법규위반,안전운전 의무 불이행,교차로,교차로부근,화물차,경형,화물차,경형,960956,1941969,127.0584179,37.47612396
2013,2013-11-08,0,주간,금,1,10,2,7,0,대전,서구,차대사람,기타,기타,운전자법규위반,안전운전 의무 불이행,단일로,기타단일로,승합차,대형,보행자,보행자,987852,1812220,127.3646866,36.30723811
2013,2013-11-08,50,주간,금,1,1,0,0,0,전북,군산시,차대사람,차도통행중,차도통행중,운전자법규위반,과속,단일로,기타단일로,승용차,중형,보행자,보행자,942957,1771091,126.8684991,35.93472544
2013,2013-11-07,4,야간,목,1,1,0,0,0,서울,은평구,차대사람,차도통행중,차도통행중,운전자법규위반,안전운전 의무 불이행,단일로,기타단일로,승합차,대형,보행자,보행자,946706,1953750,126.8964045,37.58159535
2013,2013-11-08,15,주간,금,1,1,0,0,0,서울,서대문구,차대사람,횡단중,횡단중,운전자법규위반,안전운전 의무 불이행,단일로,횡단보도상,화물차,소형,보행자,보행자,952120,1952902,126.9578822,37.57429087
2013,2013-11-09,40,주간,토,1,2,1,0,0,경기,화성시,차대차,추돌,주정차중 추돌,운전자법규위반,안전운전 의무 불이행,단일로,기타단일로,승용차,소형,승용차,중형,943009,1914347,126.8588335,37.22760421
2013,2013-11-09,50,주간,토,1,2,0,1,0,전남,순천시,차대사람,횡단중,횡단중,운전자법규위반,안전운전 의무 불이행,교차로,교차로부근,화물차,소형,보행자,보행자,990337,1649902,127.3943066,34.84371547
2013,2013-11-14,26,주간,목,1,1,0,0,0,충남,아산시,차대사람,횡단중,횡단중,운전자법규위반,안전운전 의무 불이행,단일로,기타단일로,승용차,소형,보행자,보행자,960230,1864193,127.0543367,36.77502306
2013,2013-11-14,29,야간,목,1,1,0,0,0,광주,동구,차대사람,기타,기타,운전자법규위반,신호위반,기타/불명,기타/불명,승용차,중형,보행자,보행자,947824,1682240,126.9301725,35.12861892
2013,2013-12-18,34,야간,수,1,1,0,0,0,전남,여수시,차대차,기타,기타,운전자법규위반,안전운전 의무 불이행,교차로,교차로부근,자전거,자전거,승용차,경형,1020082,1640232,127.7194241,34.75636217
2013,2013-12-19,50,주간,목,1,1,0,0,0,경기,고양시,차대사람,차도통행중,차도통행중,운전자법규위반,안전운전 의무 불이행,단일로,기타단일로,승용차,중형,보행자,보행자,933712,1965224,126.7482068,37.68416271
2013,2013-12-24,29,야간,화,1,3,2,0,0,대전,유성구,차대차,측면직각충돌,측면직각충돌,운전자법규위반,안전거리 미확보,교차로,교차로부근,승용차,중형,승합차,소형,983604,1812717,127.317359,36.31165586
2013,2013-12-12,20,주간,목,1,3,0,2,0,울산,울주군,차대차,측면직각충돌,측면직각충돌,운전자법규위반,신호위반,교차로,교차로내,승용차,소형,승용차,중형,1167960,1717875,129.350536,35.44250361
2013,2013-12-12,10,주간,목,1,1,0,0,0,경남,창원시(통합),차대사람,보도통행중,보도통행중,운전자법규위반,보행자 보호의무 위반,교차로,교차로부근,화물차,중형,보행자,보행자,1096856,1688991,128.5638812,35.1915697
2013,2013-12-17,30,주간,화,1,1,0,0,0,충남,논산시,차대사람,횡단중,횡단중,운전자법규위반,과속,단일로,횡단보도상,화물차,소형,보행자,보행자,959959,1799948,127.0546275,36.19584711
2013,2013-12-17,40,주간,화,1,1,0,0,0,경기,평택시,차대사람,횡단중,횡단중,운전자법규위반,안전운전 의무 불이행,교차로,교차로부근,화물차,대형,보행자,보행자,949613,1893674,126.9334053,37.04026347
2013,2013-12-10,30,주간,화,1,3,0,2,0,경기,화성시,차대차,측면직각충돌,측면직각충돌,운전자법규위반,안전운전 의무 불이행,교차로,교차로부근,화물차,소형,화물차,소형,950615,1899376,126.9442974,37.09171402
2013,2013-12-11,30,주간,수,1,1,0,0,0,서울,관악구,차대차,추돌,주정차중 추돌,운전자법규위반,안전운전 의무 불이행,단일로,기타단일로,승용차,중형,이륜차,소형,950662,1941902,126.9420032,37.47502763
2013,2013-12-08,53,주간,일,1,1,0,0,0,강원,춘천시,차대사람,횡단중,횡단중,운전자법규위반,안전운전 의무 불이행,교차로,교차로부근,승용차,대형,보행자,보행자,1021809,1987015,127.748007,37.88270509
2013,2013-12-09,35,야간,월,1,4,0,3,0,경기,고양시,차대차,추돌,주정차중 추돌,운전자법규위반,안전운전 의무 불이행,교차로,교차로부근,화물차,소형,화물차,소형,946156,1958681,126.898278,37.62396556
2013,2013-12-29,30,야간,일,1,1,0,0,0,경남,거제시,차량단독,공작물충돌,공작물충돌,운전자법규위반,안전운전 의무 불이행,단일로,기타단일로,승용차,중형,0,0,1098573,1653797,128.5785608,34.87410106
2013,2013-12-19,30,주간,목,1,3,2,0,0,경남,함안군,차대차,정면충돌,정면충돌,운전자법규위반,중앙선 침범,단일로,기타단일로,승용차,중형,승용차,경형,1087229,1704003,128.4597451,35.32779745
2014,2014-02-25,57,야간,화,1,2,1,0,0,경남,김해시,차대사람,기타,기타,운전자법규위반,보행자 보호의무 위반,교차로,교차로내,승용차,중형,보행자,보행자,1129527,1693419,128.9233549,35.22780154
2014,2014-02-26,50,야간,수,1,1,0,0,0,부산,연제구,차대사람,횡단중,횡단중,운전자법규위반,안전운전 의무 불이행,단일로,기타단일로,승합차,대형,보행자,보행자,1143854,1689076,129.0799831,35.18670176
2014,2014-02-26,55,주간,수,1,2,0,0,1,경기,용인시,차대차,측면직각충돌,측면직각충돌,운전자법규위반,신호위반,교차로,교차로내,화물차,중형,화물차,소형,992002,1904485,127.4099464,37.13903562
2014,2014-03-10,9,야간,월,1,1,0,0,0,충남,홍성군,차량단독,기타,기타,운전자법규위반,안전운전 의무 불이행,단일로,기타단일로,승용차,중형,0,0,926914,1843701,126.6829798,36.58832406
2014,2014-03-19,20,주간,수,1,1,0,0,0,전남,고흥군,차대차,측면직각충돌,측면직각충돌,운전자법규위반,안전운전 의무 불이행,교차로,교차로내,승용차,대형,이륜차,사발이,984725,1642793,127.3330524,34.77953993
2014,2014-03-19,10,주간,수,1,1,0,0,0,전북,완주군,차량단독,공작물충돌,공작물충돌,운전자법규위반,안전운전 의무 불이행,단일로,기타단일로,이륜차,소형,0,0,965235,1749412,127.1155261,35.74042925
2014,2014-03-20,35,주간,목,1,1,0,0,0,경기,화성시,차량단독,기타,기타,운전자법규위반,중앙선 침범,단일로,기타단일로,이륜차,소형,0,0,930023,1909707,126.7116381,37.18351905
2014,2014-03-05,25,야간,수,1,1,0,0,0,대전,동구,차대사람,보도통행중,보도통행중,운전자법규위반,신호위반,단일로,횡단보도상,승용차,중형,보행자,보행자,993969,1817558,127.4327809,36.35542022
2014,2014-03-07,14,주간,금,1,1,0,0,0,서울,마포구,차대차,정면충돌,정면충돌,운전자법규위반,신호위반,교차로,교차로내,승합차,소형,이륜차,중형,950031,1949944,126.9343204,37.54747794
2014,2014-03-05,5,야간,수,1,1,0,0,0,대구,달성군,차대차,측면직각충돌,측면직각충돌,운전자법규위반,신호위반,교차로,교차로내,승용차,대형,이륜차,소형,1087359,1764118,128.4676777,35.8697388
2014,2014-03-05,40,야간,수,1,2,0,1,0,광주,광산구,차대차,추돌,진행중 추돌,운전자법규위반,안전운전 의무 불이행,교차로,교차로부근,승용차,경형,화물차,중형,936378,1685411,126.8014119,35.16194733
2014,2014-03-03,28,야간,월,1,1,0,0,0,대구,동구,차대차,측면직각충돌,측면직각충돌,운전자법규위반,교차로 통행방법 위반,교차로,교차로내,이륜차,중형,승용차,중형,1103104,1765738,128.6429805,35.88317355
2014,2014-03-04,40,야간,화,1,3,2,0,0,경기,시흥시,차대사람,횡단중,횡단중,운전자법규위반,안전운전 의무 불이행,단일로,기타단일로,승용차,소형,보행자,보행자,936640,1927645,126.784652,37.34567259
2014,2014-03-14,0,야간,금,1,1,0,0,0,대구,달성군,차대사람,횡단중,횡단중,운전자법규위반,안전운전 의무 불이행,교차로,교차로내,화물차,소형,보행자,보행자,1089321,1757240,128.4886382,35.80755771
2014,2014-03-16,35,야간,일,1,1,0,0,0,경기,화성시,차대사람,기타,기타,운전자법규위반,안전운전 의무 불이행,기타/불명,기타/불명,화물차,대형,보행자,보행자,946761,1900940,126.8978613,37.10563052
2014,2014-03-15,40,주간,토,1,1,0,0,0,전남,순천시,차대사람,횡단중,횡단중,운전자법규위반,중앙선 침범,단일로,기타단일로,승용차,중형,보행자,보행자,986135,1670634,127.348001,35.03061773
2013,2013-12-20,15,야간,금,1,1,0,0,0,서울,구로구,차대차,기타,기타,운전자법규위반,중앙선 침범,단일로,기타단일로,승용차,소형,이륜차,소형,941941,1943990,126.8432123,37.49334004
2013,2013-12-21,6,야간,토,1,1,0,0,0,서울,용산구,차대차,측면직각충돌,측면직각충돌,운전자법규위반,안전거리 미확보,교차로,교차로부근,승용차,중형,화물차,경형,954138,1948505,126.9809022,37.53472148
2012,2012-04-18,35,야간,수,1,1,0,0,0,충남,금산군,차대사람,기타,기타,운전자법규위반,보행자 보호의무 위반,단일로,횡단보도상,승용차,중형,보행자,보행자,997124,1799046,127.4680134,36.18853929
2012,2012-03-09,15,야간,금,1,1,0,0,0,경기,포천시,차대사람,횡단중,횡단중,운전자법규위반,안전운전 의무 불이행,교차로,교차로부근,승합차,대형,보행자,보행자,974005,1988388,127.2043419,37.89496997
2013,2013-11-25,25,야간,월,1,1,0,0,0,충남,당진시,차량단독,공작물충돌,공작물충돌,운전자법규위반,안전운전 의무 불이행,단일로,기타단일로,승용차,중형,0,0,922133,1878029,126.6260373,36.89737057
2013,2013-11-30,47,야간,토,1,1,0,0,0,서울,동작구,차대사람,기타,기타,운전자법규위반,안전운전 의무 불이행,단일로,기타단일로,승용차,중형,보행자,보행자,951308,1944833,126.947977,37.50300407
2013,2013-12-02,45,주간,월,1,1,0,0,0,경남,거제시,차량단독,전도전복,전도전복,운전자법규위반,안전운전 의무 불이행,단일로,기타단일로,이륜차,중형,0,0,1110837,1652804,128.7125938,34.86388428
2013,2013-12-01,8,주간,일,1,2,1,0,0,경남,김해시,차량단독,공작물충돌,공작물충돌,운전자법규위반,안전운전 의무 불이행,단일로,기타단일로,승용차,소형,0,0,1122776,1706618,128.8491589,35.32831631
2013,2013-12-01,15,야간,일,1,1,0,0,0,경기,남양주시,차대차,추돌,진행중 추돌,운전자법규위반,안전거리 미확보,단일로,기타단일로,화물차,소형,승합차,대형,979928,1961583,127.2724491,37.65352174
2013,2013-11-30,25,주간,토,1,1,0,0,0,전남,순천시,차대사람,횡단중,횡단중,운전자법규위반,안전운전 의무 불이행,단일로,기타단일로,승용차,소형,보행자,보행자,1001342,1661365,127.487712,34.96327353
2013,2013-11-27,58,야간,수,1,1,0,0,0,경기,과천시,차대사람,횡단중,횡단중,운전자법규위반,안전운전 의무 불이행,교차로,교차로부근,승용차,중형,보행자,보행자,954699,1935542,126.9880977,37.41886673
2013,2013-11-27,20,야간,수,1,1,0,0,0,경기,시흥시,차대사람,횡단중,횡단중,운전자법규위반,안전운전 의무 불이행,단일로,기타단일로,화물차,소형,보행자,보행자,941315,1936234,126.8367489,37.42339467
2013,2013-10-30,49,야간,수,1,1,0,0,0,부산,연제구,차대사람,횡단중,횡단중,운전자법규위반,신호위반,단일로,횡단보도상,승용차,대형,보행자,보행자,1142978,1689463,129.0705599,35.19010618
2013,2013-10-31,13,야간,목,1,1,0,0,0,인천,남구,차대사람,횡단중,횡단중,운전자법규위반,안전운전 의무 불이행,단일로,기타단일로,원동기장치자전거,원동기장치자전거,보행자,보행자,927660,1939440,126.6833127,37.45114317
2013,2013-11-05,5,주간,화,1,1,0,0,0,전북,김제시,차대차,측면직각충돌,측면직각충돌,운전자법규위반,직진 및 우회전차의 통행방해,교차로,교차로내,원동기장치자전거,원동기장치자전거,화물차,소형,936037,1758993,126.7918703,35.82534242
2013,2013-11-05,40,주간,화,1,2,0,1,0,경기,김포시,차대차,정면충돌,정면충돌,운전자법규위반,중앙선 침범,단일로,기타단일로,화물차,소형,화물차,중형,924118,1968234,126.6484082,37.71957273
2013,2013-11-03,10,주간,일,1,1,0,0,0,서울,서초구,차대사람,기타,기타,운전자법규위반,안전운전 의무 불이행,교차로,교차로내,승합차,소형,보행자,보행자,955102,1943543,126.9921162,37.49004498
2013,2013-11-09,30,야간,토,1,1,0,0,0,충북,청주시,차대사람,기타,기타,운전자법규위반,안전운전 의무 불이행,단일로,기타단일로,승용차,경형,보행자,보행자,997057,1848593,127.4670803,36.63522119
2013,2013-11-06,23,야간,수,1,1,0,0,0,서울,서초구,차대사람,기타,기타,운전자법규위반,보행자 보호의무 위반,단일로,횡단보도상,승용차,중형,보행자,보행자,955229,1942444,126.9936196,37.48014549
2013,2013-11-12,15,야간,화,1,2,1,0,0,경기,고양시,차량단독,공작물충돌,공작물충돌,운전자법규위반,안전운전 의무 불이행,단일로,기타단일로,승용차,소형,0,0,941591,1954804,126.8383925,37.59078456
2013,2013-11-13,55,주간,수,1,1,0,0,0,전북,익산시,차대사람,기타,기타,운전자법규위반,안전운전 의무 불이행,교차로,교차로부근,화물차,소형,보행자,보행자,949925,1778651,126.944378,36.00337952
2013,2013-11-13,30,주간,수,1,1,0,0,0,전남,보성군,차대사람,차도통행중,차도통행중,운전자법규위반,안전운전 의무 불이행,단일로,기타단일로,화물차,소형,보행자,보행자,962242,1630939,127.08786,34.67206015
2013,2013-11-12,47,주간,화,1,1,0,0,0,전남,담양군,차대차,기타,기타,운전자법규위반,안전운전 의무 불이행,단일로,기타단일로,화물차,소형,농기계,농기계,958027,1699445,127.0383995,35.28962678
2013,2013-11-11,43,주간,월,1,2,1,0,0,경기,양평군,차대차,정면충돌,정면충돌,운전자법규위반,안전운전 의무 불이행,단일로,기타단일로,건설기계,건설기계,이륜차,소형,992394,1960015,127.4137889,37.63957663
2013,2013-11-20,37,야간,수,1,1,0,0,0,부산,사상구,차량단독,공작물충돌,공작물충돌,운전자법규위반,안전운전 의무 불이행,단일로,기타단일로,승용차,중형,0,0,1134650,1683776,128.9759644,35.13784293
2013,2013-11-21,5,주간,목,1,1,0,0,0,울산,중구,차대사람,기타,기타,운전자법규위반,안전운전 의무 불이행,단일로,기타단일로,승용차,중형,보행자,보행자,1166216,1731568,129.3341344,35.56619872
2013,2013-11-19,10,주간,화,1,1,0,0,0,경기,용인시,차대차,측면직각충돌,측면직각충돌,운전자법규위반,안전운전 의무 불이행,단일로,기타단일로,이륜차,중형,화물차,소형,973948,1907070,127.2065788,37.16200829
2013,2013-11-20,15,주간,수,1,1,0,0,0,세종,세종,차대사람,횡단중,횡단중,운전자법규위반,신호위반,교차로,교차로내,화물차,소형,보행자,보행자,980262,1839790,127.2795259,36.55561288
2013,2013-11-19,43,주간,화,1,1,0,0,0,울산,북구,차대차,기타,기타,운전자법규위반,신호위반,교차로,교차로내,이륜차,소형,승합차,대형,1169268,1731057,129.3676893,35.5610767
2012,2012-02-27,4,주간,월,1,1,0,0,0,대전,동구,차대사람,기타,기타,운전자법규위반,안전운전 의무 불이행,교차로,교차로내,승합차,소형,보행자,보행자,994610,1814860,127.4399439,36.33110042
2013,2013-11-29,10,야간,금,1,1,0,0,0,경북,구미시,차대차,기타,기타,운전자법규위반,안전운전 의무 불이행,단일로,기타단일로,화물차,소형,자전거,자전거,1082408,1796231,128.4161862,36.15965932
2013,2013-11-30,32,야간,토,1,4,1,2,0,서울,마포구,차대차,추돌,주정차중 추돌,운전자법규위반,안전운전 의무 불이행,단일로,교량위,승용차,중형,화물차,중형,943455,1952219,126.8597046,37.56760246
2013,2013-11-29,50,주간,금,1,1,0,0,0,부산,강서구,차대차,기타,기타,운전자법규위반,안전운전 의무 불이행,단일로,기타단일로,건설기계,건설기계,자전거,자전거,1131941,1691923,128.9496347,35.21400148
2013,2013-11-28,30,주간,목,1,1,0,0,0,대구,수성구,차대사람,기타,기타,운전자법규위반,안전운전 의무 불이행,단일로,기타단일로,화물차,중형,보행자,보행자,1103771,1763616,128.6363945,35.82303886
2013,2013-11-28,38,야간,목,2,4,1,1,0,전남,보성군,차대사람,기타,기타,운전자법규위반,과속,단일로,교량위,승용차,대형,보행자,보행자,962538,1639340,127.0905562,34.74781598
2013,2013-11-26,0,주간,화,1,1,0,0,0,대구,달서구,차대사람,기타,기타,운전자법규위반,안전운전 의무 불이행,단일로,기타단일로,건설기계,건설기계,보행자,보행자,1091713,1762032,128.5156604,35.85053592
2013,2013-11-27,55,주간,수,1,1,0,0,0,전북,임실군,차량단독,공작물충돌,공작물충돌,운전자법규위반,안전운전 의무 불이행,단일로,기타단일로,승용차,중형,0,0,979138,1741598,127.267888,35.67201581
2013,2013-12-06,35,주간,금,1,1,0,0,0,경기,광명시,차대차,추돌,진행중 추돌,운전자법규위반,안전운전 의무 불이행,단일로,기타단일로,화물차,소형,자전거,자전거,942078,1938303,126.8452093,37.442091