발생년,발생년월일시분,발생분,주야,요일,사망자수,사상자수,중상자수,경상자수,부상신고자수,발생지시도,발생지시군구,사고유형_대분류,사고유형_중분류,사고유형,법규위반_대분류,법규위반,도로형태_대분류,도로형태,당사자종별_1당_대분류,당사자종별_1당,당사자종별_2당_대분류,당사자종별_2당,발생위치X_UTMK,발생위치Y_UTMK,경도,위도
2012,2012-10-15,0,주간,월,1,1,0,0,0,경남,사천시,차대사람,기타,기타,운전자법규위반,안전운전 의무 불이행,단일로,교량위,승용차,중형,보행자,보행자,1055550,1674979,128.1092593,35.06836317
2012,2012-10-14,0,야간,일,1,1,0,0,0,전남,영암군,차대사람,차도통행중,차도통행중,운전자법규위반,안전운전 의무 불이행,단일로,기타단일로,화물차,소형,보행자,보행자,897996,1639372,126.3856565,34.74370629
2012,2012-10-15,50,야간,월,1,2,1,0,0,경기,시흥시,차대차,추돌,진행중 추돌,운전자법규위반,신호위반,교차로,교차로내,이륜차,소형,이륜차,소형,932514,1925931,126.7292328,37.33538238
2012,2012-10-19,40,주간,금,1,1,0,0,0,경남,통영시,차량단독,공작물충돌,공작물충돌,운전자법규위반,안전운전 의무 불이행,교차로,교차로내,화물차,소형,0,0,1084210,1651970,128.4212403,34.85892044
2012,2012-10-19,10,야간,금,1,2,1,0,0,전남,신안군,차량단독,도로이탈,도로이탈 기타,운전자법규위반,안전운전 의무 불이행,단일로,기타단일로,화물차,소형,0,0,861569,1642537,125.9872957,34.76794727
2012,2012-10-20,22,주간,토,1,1,0,0,0,경북,의성군,차대차,추돌,진행중 추돌,운전자법규위반,안전운전 의무 불이행,단일로,기타단일로,화물차,중형,농기계,농기계,1097952,1812887,128.5910578,36.30834897
2012,2012-10-04,0,야간,목,1,2,0,1,0,전남,목포시,차대차,기타,기타,운전자법규위반,신호위반,교차로,교차로내,이륜차,중형,승용차,대형,901659,1646229,126.424865,34.80588981
2012,2012-09-30,10,야간,일,1,1,0,0,0,인천,중구,차대차,측면직각충돌,측면직각충돌,운전자법규위반,신호위반,교차로,교차로내,이륜차,중형,승용차,중형,922140,1939510,126.61971,37.45150584
2012,2012-10-01,50,야간,월,1,1,0,0,0,경남,창원시(통합),차대사람,횡단중,횡단중,운전자법규위반,안전운전 의무 불이행,단일로,기타단일로,승용차,중형,보행자,보행자,1109879,1706956,128.7093061,35.35218367
2012,2012-11-27,13,주간,화,1,1,0,0,0,대전,서구,차대사람,횡단중,횡단중,운전자법규위반,안전운전 의무 불이행,단일로,기타단일로,승용차,중형,보행자,보행자,985502,1811622,127.3366736,36.30144223
2012,2012-11-27,10,야간,화,1,1,0,0,0,경기,여주시,차대사람,횡단중,횡단중,운전자법규위반,안전운전 의무 불이행,단일로,기타단일로,승용차,중형,보행자,보행자,997445,1935872,127.4711241,37.42198878
2012,2012-07-18,31,주간,수,1,1,0,0,0,서울,강동구,차대사람,보도통행중,보도통행중,운전자법규위반,기타(운전자법규위반),기타/불명,기타/불명,승용차,중형,보행자,보행자,969496,1950033,127.1546675,37.54913017
2012,2012-07-25,46,야간,수,1,1,0,0,0,인천,옹진군,차대사람,기타,기타,운전자법규위반,안전운전 의무 불이행,단일로,기타단일로,승합차,중형,보행자,보행자,877301,1914104,126.0954004,37.22859716
2012,2012-07-23,14,야간,월,1,2,1,0,0,경기,용인시,차대차,측면직각충돌,측면직각충돌,운전자법규위반,신호위반,교차로,교차로내,승용차,중형,이륜차,중형,963079,1923596,127.0833458,37.31060456
2012,2012-07-28,0,야간,토,1,2,0,1,0,경북,경산시,차대사람,횡단중,횡단중,운전자법규위반,안전운전 의무 불이행,교차로,교차로내,이륜차,소형,보행자,보행자,1110660,1759664,128.7229068,35.83173718
2012,2012-07-28,53,주간,토,1,1,0,0,0,경북,칠곡군,차량단독,공작물충돌,공작물충돌,운전자법규위반,안전운전 의무 불이행,단일로,기타단일로,이륜차,소형,0,0,1083761,1786547,128.4301965,36.07224613
2012,2012-07-28,25,주간,토,1,1,0,0,0,강원,춘천시,차량단독,공작물충돌,공작물충돌,운전자법규위반,안전운전 의무 불이행,단일로,기타단일로,이륜차,사발이,0,0,1005841,1979828,127.6105783,37.80598729
2012,2012-08-01,30,주간,수,1,1,0,0,0,전북,익산시,차대차,측면직각충돌,측면직각충돌,운전자법규위반,직진 및 우회전차의 통행방해,교차로,교차로내,승용차,소형,이륜차,소형,948031,1771436,126.9235458,35.93854745
2012,2012-06-12,20,주간,화,1,3,1,1,0,경북,예천군,차대차,정면충돌,정면충돌,운전자법규위반,중앙선 침범,교차로,교차로내,승용차,중형,이륜차,중형,1086400,1849580,128.4664995,36.64020275
2012,2012-06-11,25,주간,월,1,1,0,0,0,경북,안동시,차량단독,전도전복,전도전복,운전자법규위반,안전운전 의무 불이행,단일로,기타단일로,원동기장치자전거,원동기장치자전거,0,0,1107531,1840408,128.7015527,36.55538303
2013,2013-10-05,10,주간,토,1,2,1,0,0,경북,경주시,차대차,기타,기타,운전자법규위반,안전운전 의무 불이행,교차로,교차로부근,건설기계,건설기계,원동기장치자전거,원동기장치자전거,1158754,1762520,129.2579446,35.84636705
2013,2013-10-05,20,주간,토,1,2,1,0,0,울산,울주군,차량단독,공작물충돌,공작물충돌,운전자법규위반,안전운전 의무 불이행,단일로,기타단일로,승용차,중형,0,0,1161795,1716090,129.282287,35.42743831
2013,2013-10-05,50,야간,토,1,1,0,0,0,경기,고양시,차대차,기타,기타,운전자법규위반,중앙선 침범,단일로,기타단일로,자전거,자전거,자전거,자전거,939307,1957959,126.8122612,37.61907227
2013,2013-10-06,5,야간,일,1,1,0,0,0,서울,영등포구,차대사람,보도통행중,보도통행중,운전자법규위반,안전운전 의무 불이행,단일로,기타단일로,승용차,대형,보행자,보행자,946785,1943687,126.8980287,37.49090098
2013,2013-10-06,25,주간,일,1,1,0,0,0,경기,김포시,차량단독,전도전복,전도전복,운전자법규위반,안전운전 의무 불이행,단일로,기타단일로,이륜차,대형,0,0,933020,1957038,126.7367509,37.62337603
2013,2013-10-11,45,주간,금,1,1,0,0,0,대구,북구,차대차,측면직각충돌,측면직각충돌,운전자법규위반,교차로 통행방법 위반,교차로,교차로내,자전거,자전거,승용차,중형,1099706,1768808,128.6050116,35.91083705
2013,2013-10-10,35,야간,목,1,1,0,0,0,경남,진주시,차대사람,차도통행중,차도통행중,운전자법규위반,안전운전 의무 불이행,단일로,기타단일로,화물차,소형,보행자,보행자,1055403,1692088,128.1087949,35.22263824
2013,2013-10-09,45,야간,수,1,1,0,0,0,경북,예천군,차대사람,보도통행중,보도통행중,운전자법규위반,보행자 보호의무 위반,단일로,횡단보도상,승용차,대형,보행자,보행자,1085936,1850452,128.4614074,36.64810469
2013,2013-09-03,40,주간,화,1,1,0,0,0,울산,중구,차대차,측면직각충돌,측면직각충돌,운전자법규위반,안전운전 의무 불이행,단일로,기타단일로,승합차,소형,이륜차,중형,1160787,1730469,129.274035,35.55719066
2013,2013-08-31,45,야간,토,1,1,0,0,0,충남,당진시,차대사람,횡단중,횡단중,운전자법규위반,보행자 보호의무 위반,교차로,교차로부근,승용차,소형,보행자,보행자,922209,1877169,126.6269785,36.88962519
2013,2013-08-31,15,야간,토,1,1,0,0,0,충남,청양군,차대차,측면직각충돌,측면직각충돌,운전자법규위반,안전운전 의무 불이행,단일로,기타단일로,승용차,중형,이륜차,소형,938002,1828352,126.8081553,36.45074568
2013,2013-09-03,48,주간,화,1,1,0,0,0,전남,완도군,차량단독,전도전복,전도전복,운전자법규위반,안전운전 의무 불이행,단일로,기타단일로,이륜차,소형,0,0,923330,1573183,126.6714397,34.14665503
2013,2013-09-01,10,주간,일,1,1,0,0,0,경기,안산시,차대차,측면직각충돌,측면직각충돌,운전자법규위반,안전운전 의무 불이행,교차로,교차로내,자전거,자전거,승합차,대형,938467,1925226,126.8054786,37.32399245
2013,2013-08-31,15,주간,토,1,1,0,0,0,대구,동구,차대차,측면직각충돌,측면직각충돌,운전자법규위반,교차로 통행방법 위반,교차로,교차로내,승용차,중형,자전거,자전거,1101685,1765430,128.6265089,35.88018274
2013,2013-09-10,30,야간,화,1,1,0,0,0,부산,금정구,차대사람,횡단중,횡단중,운전자법규위반,안전운전 의무 불이행,단일로,기타단일로,이륜차,대형,보행자,보행자,1145374,1692454,129.097268,35.21693088
2013,2013-09-10,29,야간,화,1,1,0,0,0,부산,금정구,차대사람,기타,기타,운전자법규위반,안전운전 의무 불이행,교차로,교차로내,승용차,대형,보행자,보행자,1144596,1698726,129.0898262,35.27357663
2013,2013-09-08,40,주간,일,1,2,1,0,0,강원,정선군,차량단독,도로이탈,도로이탈 기타,운전자법규위반,안전운전 의무 불이행,기타/불명,기타/불명,승용차,중형,0,0,1120600,1918773,128.8600321,37.26005133
2013,2013-09-08,10,주간,일,1,1,0,0,0,인천,강화군,차량단독,전도전복,전도전복,운전자법규위반,안전운전 의무 불이행,단일로,기타단일로,승용차,소형,0,0,915127,1958470,126.5351851,37.62827228
2013,2013-09-05,5,야간,목,1,1,0,0,0,경기,고양시,차량단독,전도전복,전도전복,운전자법규위반,안전운전 의무 불이행,교차로,교차로부근,승용차,대형,0,0,933538,1966707,126.7460982,37.69751579
2013,2013-09-06,10,야간,금,1,2,0,1,0,경북,경산시,차대차,추돌,진행중 추돌,운전자법규위반,안전운전 의무 불이행,단일로,기타단일로,승용차,중형,승합차,대형,1112439,1760455,128.7449208,35.83416171
2013,2013-09-16,40,야간,월,1,1,0,0,0,대구,동구,차대사람,기타,기타,운전자법규위반,안전운전 의무 불이행,기타/불명,기타/불명,화물차,소형,보행자,보행자,1101885,1765137,128.6286868,35.87752073
2013,2013-09-14,55,야간,토,1,1,0,0,0,경기,평택시,차대사람,기타,기타,운전자법규위반,안전운전 의무 불이행,단일로,기타단일로,승용차,중형,보행자,보행자,961200,1901365,127.0634268,37.10889618
2013,2013-09-13,40,주간,금,1,1,0,0,0,경기,김포시,차대사람,기타,기타,운전자법규위반,안전운전 의무 불이행,단일로,기타단일로,화물차,소형,보행자,보행자,914527,1969518,126.5301449,37.72127287
2013,2013-09-13,20,주간,금,1,2,1,0,0,경기,용인시,차대차,정면충돌,정면충돌,운전자법규위반,중앙선 침범,단일로,기타단일로,화물차,소형,화물차,중형,987424,1908021,127.3583411,37.17085935
2013,2013-09-20,27,주간,금,1,1,0,0,0,전남,해남군,차대차,기타,기타,운전자법규위반,안전운전 의무 불이행,단일로,기타단일로,승용차,중형,승용차,중형,913610,1615568,126.5586379,34.53051265
2013,2013-09-20,10,야간,금,1,1,0,0,0,강원,원주시,차대사람,기타,기타,운전자법규위반,안전운전 의무 불이행,교차로,교차로부근,승용차,중형,보행자,보행자,1040019,1925668,127.951726,37.32915261
2013,2013-09-18,11,야간,수,1,1,0,0,0,전남,순천시,차량단독,공작물충돌,공작물충돌,운전자법규위반,안전운전 의무 불이행,단일로,기타단일로,승용차,대형,0,0,998477,1658330,127.4870273,34.91508106
2013,2013-09-16,30,주간,월,1,1,0,0,0,전남,목포시,차대사람,기타,기타,운전자법규위반,안전운전 의무 불이행,기타/불명,기타/불명,승용차,중형,보행자,보행자,903792,1646220,126.448182,34.80601244
2013,2013-09-16,50,주간,월,1,1,0,0,0,전남,순천시,차대사람,길가장자리구역통행중,길가장자리구역통행중,운전자법규위반,안전운전 의무 불이행,단일로,기타단일로,승용차,소형,보행자,보행자,998049,1664007,127.4786271,34.97095247
2013,2013-09-16,10,주간,월,1,1,0,0,0,강원,춘천시,차량단독,공작물충돌,공작물충돌,운전자법규위반,안전운전 의무 불이행,단일로,기타단일로,승용차,경형,0,0,1021902,1986842,127.750188,37.87966849
2013,2013-09-17,5,야간,화,1,1,0,0,0,경기,시흥시,차대사람,기타,기타,운전자법규위반,안전운전 의무 불이행,단일로,횡단보도상,승용차,중형,보행자,보행자,931422,1928559,126.7264793,37.3534684
2013,2013-09-18,3,주간,수,1,1,0,0,0,서울,도봉구,차대사람,횡단중,횡단중,운전자법규위반,보행자 보호의무 위반,단일로,횡단보도상,승용차,소형,보행자,보행자,959541,1961526,127.0413355,37.65233578
2012,2012-06-17,12,주간,일,1,1,0,0,0,부산,북구,차대차,측면직각충돌,측면직각충돌,운전자법규위반,중앙선 침범,교차로,교차로부근,승용차,소형,이륜차,중형,1138713,1691722,129.0239819,35.21127606
2012,2012-06-16,5,주간,토,1,3,2,0,0,전북,익산시,차대차,측면직각충돌,측면직각충돌,운전자법규위반,신호위반,교차로,교차로내,승용차,소형,승용차,소형,954124,1773255,126.9912798,35.954938
2012,2012-06-22,35,주간,금,1,1,0,0,0,경남,진주시,차대차,기타,기타,운전자법규위반,안전운전 의무 불이행,교차로,교차로내,원동기장치자전거,원동기장치자전거,승용차,소형,1069123,1688197,128.2592196,35.18670365
2012,2012-06-21,8,주간,목,1,1,0,0,0,부산,남구,차대차,정면충돌,정면충돌,운전자법규위반,신호위반,교차로,교차로내,화물차,대형,이륜차,중형,1144303,1680435,129.0834031,35.10874939
2012,2012-06-30,0,주간,토,1,1,0,0,0,경북,고령군,차량단독,전도전복,전도전복,운전자법규위반,안전운전 의무 불이행,단일로,교량위,화물차,소형,0,0,1063193,1753454,128.199168,35.7754551
2012,2012-06-29,55,주간,금,1,1,0,0,0,전북,남원시,차대차,측면직각충돌,측면직각충돌,운전자법규위반,차로위반(진로변경 위반),단일로,기타단일로,승용차,경형,원동기장치자전거,원동기장치자전거,989028,1712782,127.3791542,35.41070573
2012,2012-06-29,6,주간,금,1,1,0,0,0,전북,전주시,차대사람,횡단중,횡단중,운전자법규위반,보행자 보호의무 위반,교차로,교차로내,화물차,경형,보행자,보행자,964983,1761830,127.1121956,35.85238154
2012,2012-07-02,13,야간,월,1,1,0,0,0,경남,창원시(통합),차대사람,기타,기타,운전자법규위반,안전운전 의무 불이행,단일로,교량위,화물차,소형,보행자,보행자,1107458,1685142,128.6798128,35.15579102
2012,2012-07-02,55,주간,월,1,2,0,1,0,충남,공주시,차대차,정면충돌,정면충돌,운전자법규위반,중앙선 침범,단일로,기타단일로,건설기계,건설기계,건설기계,건설기계,973051,1836417,127.198983,36.52507843
2012,2012-07-02,37,주간,월,1,1,0,0,0,경남,양산시,차대사람,기타,기타,운전자법규위반,안전운전 의무 불이행,단일로,기타단일로,건설기계,건설기계,보행자,보행자,1138789,1705516,129.0271491,35.33560227
2012,2012-07-06,30,야간,금,1,1,0,0,0,경남,합천군,차량단독,공작물충돌,공작물충돌,운전자법규위반,안전운전 의무 불이행,단일로,기타단일로,이륜차,소형,0,0,1069711,1726262,128.2689563,35.52974328
2012,2012-07-11,50,야간,수,1,1,0,0,0,경기,김포시,차량단독,공작물충돌,공작물충돌,운전자법규위반,안전운전 의무 불이행,단일로,기타단일로,승용차,소형,0,0,928471,1960240,126.6876037,37.64010992
2013,2013-04-02,10,야간,화,1,1,0,0,0,경남,밀양시,차대차,기타,기타,운전자법규위반,안전운전 의무 불이행,단일로,기타단일로,승용차,소형,농기계,농기계,1122484,1726673,128.8500768,35.52855987
2013,2013-04-02,10,주간,화,1,3,1,1,0,경기,화성시,차대차,측면직각충돌,측면직각충돌,운전자법규위반,교차로 통행방법 위반,교차로,교차로내,승용차,소형,승용차,소형,939095,1898915,126.8147141,37.08688048
2013,2013-04-01,50,주간,월,1,1,0,0,0,대전,유성구,차대사람,횡단중,횡단중,운전자법규위반,안전운전 의무 불이행,단일로,기타단일로,승용차,중형,보행자,보행자,986025,1816798,127.3442541,36.34848592
2013,2013-04-01,30,주간,월,1,1,0,0,0,부산,해운대구,차대차,측면직각충돌,측면직각충돌,운전자법규위반,신호위반,단일로,횡단보도상,승용차,중형,자전거,자전거,1149533,1686301,129.1418315,35.16085972
2013,2013-04-02,5,야간,화,1,1,0,0,0,인천,남동구,차대사람,기타,기타,운전자법규위반,안전운전 의무 불이행,교차로,교차로내,승용차,중형,보행자,보행자,930627,1937277,126.7158658,37.43205576
2013,2013-04-02,5,야간,화,1,1,0,0,0,경남,양산시,차대사람,횡단중,횡단중,운전자법규위반,안전운전 의무 불이행,기타/불명,기타/불명,승용차,경형,보행자,보행자,1135079,1702312,128.9858104,35.30723042
2013,2013-04-01,45,주간,월,1,1,0,0,0,광주,남구,차대사람,기타,기타,운전자법규위반,보행자 보호의무 위반,기타/불명,기타/불명,화물차,중형,보행자,보행자,943613,1679476,126.8776726,35.10521296
2013,2013-02-22,55,주간,금,1,1,0,0,0,경남,창원시(통합),차량단독,도로이탈,도로이탈 추락,운전자법규위반,안전운전 의무 불이행,단일로,기타단일로,승용차,소형,0,0,1109676,1703584,128.7066203,35.32180765
2013,2013-02-19,40,야간,화,1,1,0,0,0,대구,북구,차대사람,기타,기타,운전자법규위반,안전운전 의무 불이행,단일로,기타단일로,승용차,중형,보행자,보행자,1097229,1766731,128.5773104,35.89236342
2013,2013-02-26,0,야간,화,1,3,0,1,1,경기,성남시,차대차,측면직각충돌,측면직각충돌,운전자법규위반,안전운전 의무 불이행,교차로,교차로내,승용차,중형,승합차,중형,965290,1929451,127.1080223,37.36346502
2013,2013-03-04,10,주간,월,1,2,1,0,0,경기,이천시,차대차,추돌,주정차중 추돌,운전자법규위반,안전운전 의무 불이행,단일로,기타단일로,승용차,중형,화물차,중형,993417,1921405,127.4257293,37.29156513
2013,2013-03-09,23,주간,토,1,2,1,0,0,전북,남원시,차대차,정면충돌,정면충돌,운전자법규위반,중앙선 침범,단일로,기타단일로,화물차,소형,승용차,중형,982127,1705992,127.3032954,35.34938155
2013,2013-03-09,50,야간,토,1,1,0,0,0,경기,안성시,차량단독,도로이탈,도로이탈 추락,운전자법규위반,안전운전 의무 불이행,단일로,기타단일로,건설기계,건설기계,0,0,980505,1900510,127.2850485,37.09790525
2013,2013-03-05,10,주간,화,1,1,0,0,0,경기,성남시,차대사람,횡단중,횡단중,운전자법규위반,안전운전 의무 불이행,단일로,횡단보도상,승합차,대형,보행자,보행자,970521,1940229,127.1677449,37.46127364
2013,2013-03-06,15,야간,수,2,2,0,0,0,인천,서구,차량단독,공작물충돌,공작물충돌,운전자법규위반,과속,교차로,교차로부근,승용차,중형,0,0,922296,1949530,126.6192428,37.527918
2013,2013-03-10,50,야간,일,1,1,0,0,0,전북,고창군,차량단독,공작물충돌,공작물충돌,운전자법규위반,안전운전 의무 불이행,단일로,기타단일로,화물차,소형,0,0,914459,1713370,126.5621678,35.4089916
2013,2013-03-12,27,주간,화,1,1,0,0,0,서울,서대문구,차대사람,차도통행중,차도통행중,운전자법규위반,중앙선 침범,단일로,기타단일로,건설기계,건설기계,보행자,보행자,948660,1952938,126.9185909,37.57438781
2013,2013-03-11,40,야간,월,1,1,0,0,0,경남,합천군,차대차,추돌,진행중 추돌,운전자법규위반,안전거리 미확보,단일로,기타단일로,승용차,중형,이륜차,소형,1057801,1751410,128.1392135,35.75892858
2013,2013-03-18,5,야간,월,1,11,8,2,0,경북,문경시,차대차,측면직각충돌,측면직각충돌,운전자법규위반,교차로 통행방법 위반,교차로,교차로내,화물차,소형,승합차,소형,1063345,1844920,128.2082352,36.60000921
2013,2013-03-18,0,주간,월,1,3,2,0,0,경기,화성시,차대차,측면직각충돌,측면직각충돌,운전자법규위반,신호위반,교차로,교차로내,승합차,중형,화물차,소형,948610,1904190,126.9214071,37.13499857
2013,2013-03-18,0,주간,월,1,1,0,0,0,대구,북구,차대차,기타,기타,운전자법규위반,안전운전 의무 불이행,단일로,기타단일로,승합차,소형,자전거,자전거,1095414,1772164,128.557855,35.94151805
2013,2013-03-25,15,주간,월,1,2,0,1,0,경남,김해시,차대차,정면충돌,정면충돌,운전자법규위반,중앙선 침범,단일로,기타단일로,화물차,소형,화물차,중형,1127707,1701810,128.9046657,35.30367428
2013,2013-03-26,30,야간,화,1,1,0,0,0,전남,영암군,차량단독,공작물충돌,공작물충돌,운전자법규위반,안전운전 의무 불이행,교차로,교차로내,승용차,소형,0,0,904181,1640054,126.4531367,34.75045486
2013,2013-03-25,57,주간,월,1,1,0,0,0,강원,횡성군,차량단독,기타,기타,운전자법규위반,안전운전 의무 불이행,단일로,기타단일로,자전거,자전거,0,0,1047930,1942337,128.0421263,37.47898547
2013,2013-03-26,0,야간,화,1,27,3,23,0,전남,나주시,차량단독,공작물충돌,공작물충돌,운전자법규위반,안전운전 의무 불이행,단일로,기타단일로,승합차,대형,0,0,925704,1663210,126.686207,34.96104095
2013,2013-03-23,30,야간,토,1,1,0,0,0,경남,김해시,차량단독,기타,기타,운전자법규위반,안전운전 의무 불이행,단일로,기타단일로,이륜차,소형,0,0,1127106,1694430,128.8969143,35.23722498
2013,2013-03-21,20,야간,목,1,1,0,0,0,부산,강서구,차대사람,기타,기타,운전자법규위반,과속,단일로,기타단일로,승용차,중형,보행자,보행자,1128379,1691470,128.9104529,35.21054232
2013,2013-03-22,0,주간,금,1,1,0,0,0,강원,원주시,차량단독,도로이탈,도로이탈 추락,운전자법규위반,안전운전 의무 불이행,기타/불명,기타/불명,농기계,농기계,0,0,1061329,1918280,128.1916659,37.26040955
2013,2013-03-22,7,야간,금,1,1,0,0,0,전남,목포시,차대사람,횡단중,횡단중,운전자법규위반,안전운전 의무 불이행,단일로,기타단일로,승용차,중형,보행자,보행자,901361,1646881,126.4215309,34.8117395
2013,2013-08-05,59,야간,월,1,1,0,0,0,강원,춘천시,차량단독,전도전복,전도전복,운전자법규위반,안전운전 의무 불이행,단일로,기타단일로,승용차,경형,0,0,1022898,1984389,127.7603074,37.8590102
2013,2013-08-08,2,주간,목,1,1,0,0,0,전북,고창군,차량단독,공작물충돌,공작물충돌,운전자법규위반,안전운전 의무 불이행,단일로,기타단일로,승용차,소형,0,0,927370,1724287,126.6990583,35.51184498
2013,2013-08-09,40,주간,금,1,1,0,0,0,경남,창원시(통합),차대차,측면직각충돌,측면직각충돌,운전자법규위반,교차로 통행방법 위반,교차로,교차로내,승합차,소형,원동기장치자전거,원동기장치자전거,1119960,1679022,128.8161573,35.0992058
2013,2013-08-13,27,주간,화,1,1,0,0,0,인천,강화군,차대사람,횡단중,횡단중,운전자법규위반,안전운전 의무 불이행,교차로,교차로내,건설기계,건설기계,보행자,보행자,911128,1971806,126.4913024,37.74156856
2013,2013-08-14,30,야간,수,1,1,0,0,0,경남,김해시,차대사람,기타,기타,운전자법규위반,안전운전 의무 불이행,단일로,기타단일로,승용차,중형,보행자,보행자,1128195,1694772,128.9089326,35.24016918
2013,2013-08-15,20,주간,목,1,1,0,0,0,경기,광주시,차대사람,기타,기타,운전자법규위반,안전운전 의무 불이행,단일로,기타단일로,승용차,소형,보행자,보행자,982211,1938939,127.2988799,37.44946641
2013,2013-08-14,50,야간,수,1,1,0,0,0,경기,남양주시,차대차,정면충돌,정면충돌,운전자법규위반,신호위반,교차로,교차로내,승합차,소형,이륜차,소형,973279,1968928,127.1952022,37.72151944
2013,2013-08-10,50,주간,토,1,1,0,0,0,전북,완주군,차대사람,차도통행중,차도통행중,운전자법규위반,안전운전 의무 불이행,단일로,기타단일로,승용차,중형,보행자,보행자,978451,1777035,127.2609365,35.98985839
2013,2013-08-17,55,야간,토,1,1,0,0,0,경기,양주시,차대사람,기타,기타,운전자법규위반,안전운전 의무 불이행,단일로,기타단일로,승용차,중형,보행자,보행자,956061,1978136,126.9680973,37.80530707
2013,2013-08-16,55,주간,금,1,1,0,0,0,경북,군위군,차대사람,횡단중,횡단중,운전자법규위반,안전운전 의무 불이행,교차로,교차로내,화물차,소형,보행자,보행자,1095848,1804840,128.5666385,36.23602517
2013,2013-08-24,0,주간,토,1,1,0,0,0,광주,남구,차량단독,기타,기타,운전자법규위반,안전운전 의무 불이행,단일로,기타단일로,승용차,중형,0,0,941053,1676138,126.8532815,35.07870123
2013,2013-08-24,35,주간,토,1,1,0,0,0,강원,강릉시,차대차,측면직각충돌,측면직각충돌,운전자법규위반,중앙선 침범,단일로,기타단일로,원동기장치자전거,원동기장치자전거,화물차,소형,1118253,1981391,128.8436614,37.82461164
2013,2013-08-24,5,야간,토,1,1,0,0,0,경북,칠곡군,차대차,기타,기타,운전자법규위반,안전운전 의무 불이행,단일로,횡단보도상,승용차,소형,승용차,중형,1094952,1775738,128.5530973,35.97381025
2013,2013-08-23,55,주간,금,1,1,0,0,0,경기,고양시,차대사람,기타,기타,운전자법규위반,안전운전 의무 불이행,단일로,기타단일로,화물차,중형,보행자,보행자,932936,1966239,126.7393132,37.69325405
2013,2013-08-21,30,야간,수,1,2,1,0,0,전북,무주군,차량단독,전도전복,전도전복,운전자법규위반,안전운전 의무 불이행,단일로,기타단일로,화물차,소형,0,0,1012931,1775601,127.6434328,35.97708195
2013,2013-03-05,7,주간,화,1,1,0,0,0,부산,북구,차대사람,횡단중,횡단중,운전자법규위반,안전운전 의무 불이행,교차로,교차로부근,승합차,소형,보행자,보행자,1137651,1693635,129.0126378,35.22866606
2013,2013-03-05,17,주간,화,1,1,0,0,0,충북,청주시,차대사람,기타,기타,운전자법규위반,안전운전 의무 불이행,단일로,기타단일로,승합차,소형,보행자,보행자,991556,1847195,127.4055628,36.62258535
2013,2013-03-03,10,주간,일,1,1,0,0,0,서울,관악구,차대사람,기타,기타,운전자법규위반,안전운전 의무 불이행,단일로,기타단일로,승용차,중형,보행자,보행자,950922,1943749,126.9448205,37.49168898
2013,2013-03-14,0,야간,목,1,1,0,0,0,경기,시흥시,차대차,추돌,주정차중 추돌,운전자법규위반,안전운전 의무 불이행,단일로,기타단일로,승용차,대형,화물차,중형,939781,1939129,126.8191766,37.44938913
2013,2013-03-20,55,야간,수,1,1,0,0,0,전남,고흥군,차대사람,기타,기타,운전자법규위반,안전운전 의무 불이행,단일로,기타단일로,승합차,중형,보행자,보행자,996541,1607379,127.4623394,34.46028495
2013,2013-03-20,39,주간,수,1,1,0,0,0,서울,구로구,차대사람,횡단중,횡단중,운전자법규위반,안전운전 의무 불이행,교차로,교차로내,건설기계,건설기계,보행자,보행자,943269,1943988,126.8582345,37.49340458
2013,2013-03-18,20,주간,월,1,3,1,1,0,경북,군위군,차대차,추돌,주정차중 추돌,운전자법규위반,안전운전 의무 불이행,단일로,기타단일로,화물차,소형,화물차,소형,1096071,1806908,128.5693737,36.25464397
2013,2013-03-24,40,야간,일,1,1,0,0,0,강원,홍천군,차량단독,전도전복,전도전복,운전자법규위반,안전운전 의무 불이행,단일로,기타단일로,화물차,소형,0,0,1007033,1964392,127.5797675,37.67886796
2013,2013-03-26,57,야간,화,1,1,0,0,0,서울,송파구,차대사람,횡단중,횡단중,운전자법규위반,안전운전 의무 불이행,단일로,기타단일로,화물차,소형,보행자,보행자,966687,1942882,127.123192,37.48457774
2013,2013-03-23,45,야간,토,1,2,0,0,1,부산,금정구,차대차,추돌,진행중 추돌,운전자법규위반,안전운전 의무 불이행,교차로,교차로부근,화물차,소형,승합차,대형,1145221,1700488,129.0970076,35.28936794
2013,2013-03-22,58,주간,금,1,1,0,0,0,경기,시흥시,차대차,추돌,진행중 추돌,운전자법규위반,안전운전 의무 불이행,단일로,기타단일로,화물차,소형,승용차,중형,931189,1925938,126.7232725,37.32989912
2013,2013-03-22,12,야간,금,1,1,0,0,0,경기,안산시,차대사람,횡단중,횡단중,운전자법규위반,안전운전 의무 불이행,단일로,기타단일로,승용차,대형,보행자,보행자,943895,1922612,126.8639906,37.30110188
2013,2013-03-23,50,주간,토,1,3,1,1,0,충남,부여군,차대차,정면충돌,정면충돌,운전자법규위반,중앙선 침범,단일로,기타단일로,화물차,소형,승용차,대형,930393,1816368,126.7243263,36.34219341