발생년,발생년월일시분,발생분,주야,요일,사망자수,사상자수,중상자수,경상자수,부상신고자수,발생지시도,발생지시군구,사고유형_대분류,사고유형_중분류,사고유형,법규위반_대분류,법규위반,도로형태_대분류,도로형태,당사자종별_1당_대분류,당사자종별_1당,당사자종별_2당_대분류,당사자종별_2당,발생위치X_UTMK,발생위치Y_UTMK,경도,위도
2013,2013-04-16,30,야간,화,1,1,0,0,0,대구,동구,차량단독,공작물충돌,공작물충돌,운전자법규위반,안전운전 의무 불이행,단일로,기타단일로,화물차,경형,0,0,1101849,1775179,128.6295747,35.96804613
2013,2013-04-17,0,주간,수,1,1,0,0,0,대구,수성구,차대차,기타,기타,운전자법규위반,안전운전 의무 불이행,단일로,기타단일로,승용차,중형,자전거,자전거,1100572,1759762,128.613466,35.82920381
2013,2013-04-17,0,주간,수,1,1,0,0,0,경북,포항시,차대차,기타,기타,운전자법규위반,안전운전 의무 불이행,단일로,기타단일로,승용차,중형,자전거,자전거,1167764,1783845,129.3621742,36.03703162
2013,2013-04-14,30,야간,일,1,1,0,0,0,울산,울주군,차량단독,공작물충돌,공작물충돌,운전자법규위반,안전운전 의무 불이행,교차로,교차로부근,승용차,중형,0,0,1159032,1730567,129.2546987,35.55835719
2013,2013-04-14,54,주간,일,1,3,0,2,0,전북,전주시,차대차,정면충돌,정면충돌,운전자법규위반,과속,단일로,기타단일로,승용차,중형,승용차,중형,966534,1765694,127.1292099,35.88727339
2013,2013-04-15,40,야간,월,1,1,0,0,0,서울,강서구,차대사람,횡단중,횡단중,운전자법규위반,안전운전 의무 불이행,단일로,기타단일로,승합차,대형,보행자,보행자,938164,1953529,126.7996846,37.57906919
2013,2013-04-14,20,야간,일,1,2,1,0,0,경북,구미시,차대차,기타,기타,운전자법규위반,중앙선 침범,단일로,기타단일로,승용차,경형,승합차,대형,1073142,1792784,128.3128597,36.12939222
2013,2013-04-12,40,주간,금,1,1,0,0,0,전북,완주군,차량단독,공작물충돌,공작물충돌,운전자법규위반,안전운전 의무 불이행,교차로,교차로내,승용차,소형,0,0,961258,1767392,127.0706726,35.90238762
2013,2013-04-13,13,야간,토,1,22,5,16,0,경기,광주시,차대차,정면충돌,정면충돌,운전자법규위반,중앙선 침범,단일로,기타단일로,화물차,소형,승합차,대형,973471,1926863,127.2005011,37.34040746
2013,2013-04-14,40,야간,일,1,2,1,0,0,경남,김해시,차대차,추돌,주정차중 추돌,운전자법규위반,안전운전 의무 불이행,단일로,기타단일로,이륜차,소형,화물차,대형,1114944,1698489,128.7638505,35.27528505
2013,2013-04-22,35,주간,월,1,1,0,0,0,부산,사하구,차량단독,전도전복,전도전복,운전자법규위반,안전운전 의무 불이행,단일로,기타단일로,원동기장치자전거,원동기장치자전거,0,0,1135460,1677474,128.9859165,35.08328662
2013,2013-04-20,50,주간,토,1,1,0,0,0,전남,나주시,차대사람,횡단중,횡단중,운전자법규위반,신호위반,교차로,교차로부근,건설기계,건설기계,보행자,보행자,931123,1671416,126.7448793,35.03541485
2013,2013-04-20,20,야간,토,1,1,0,0,0,충북,증평군,차대사람,횡단중,횡단중,운전자법규위반,안전운전 의무 불이행,단일로,기타단일로,승용차,소형,보행자,보행자,1006593,1865087,127.5735985,36.78375542
2013,2013-04-22,45,주간,월,1,2,1,0,0,경북,예천군,차대사람,기타,기타,운전자법규위반,안전운전 의무 불이행,단일로,기타단일로,승용차,경형,보행자,보행자,1085461,1851251,128.456183,36.6553494
2013,2013-04-20,0,야간,토,1,1,0,0,0,광주,서구,차대사람,횡단중,횡단중,운전자법규위반,보행자 보호의무 위반,단일로,기타단일로,승용차,중형,보행자,보행자,940555,1684144,126.8473651,35.15077906
2013,2013-04-22,50,주간,월,1,1,0,0,0,충남,예산군,차량단독,기타,기타,운전자법규위반,안전운전 의무 불이행,단일로,기타단일로,승용차,경형,0,0,918682,1848110,126.5904986,36.62740002
2013,2013-04-22,30,주간,월,1,1,0,0,0,서울,광진구,차대사람,횡단중,횡단중,운전자법규위반,과속,단일로,기타단일로,화물차,중형,보행자,보행자,962409,1951188,127.074379,37.55927868
2013,2013-04-20,10,야간,토,3,4,1,0,0,경북,구미시,차량단독,공작물충돌,공작물충돌,운전자법규위반,안전운전 의무 불이행,단일로,기타단일로,승용차,중형,0,0,1076726,1797570,128.3531529,36.17219664
2013,2013-02-26,0,야간,화,1,1,0,0,0,경기,양평군,차대차,측면직각충돌,측면직각충돌,운전자법규위반,중앙선 침범,단일로,기타단일로,화물차,소형,승용차,소형,1002822,1943684,127.5319234,37.49240327
2013,2013-02-27,50,주간,수,1,1,0,0,0,경기,포천시,차대사람,횡단중,횡단중,운전자법규위반,안전운전 의무 불이행,교차로,교차로내,승용차,중형,보행자,보행자,974431,1989088,127.2091622,37.9012911
2013,2013-03-03,15,야간,일,1,1,0,0,0,경기,성남시,차대사람,횡단중,횡단중,운전자법규위반,안전운전 의무 불이행,단일로,기타단일로,승용차,경형,보행자,보행자,967808,1938670,127.1360556,37.44665248
2013,2013-03-04,20,야간,월,1,1,0,0,0,충북,제천시,차대차,기타,기타,운전자법규위반,안전운전 의무 불이행,단일로,기타단일로,승용차,대형,특수차,대형,1065088,1901985,128.2326149,37.11427076
2013,2013-03-08,14,주간,금,1,1,0,0,0,경북,고령군,차량단독,공작물충돌,공작물충돌,운전자법규위반,안전운전 의무 불이행,단일로,기타단일로,화물차,소형,0,0,1067810,1744689,128.249945,35.69698866
2013,2013-03-07,5,야간,목,1,1,0,0,0,경남,거제시,차대사람,기타,기타,운전자법규위반,안전운전 의무 불이행,단일로,기타단일로,승용차,대형,보행자,보행자,1100917,1648194,128.6035294,34.82335428
2013,2013-03-05,39,야간,화,1,1,0,0,0,전북,완주군,차대사람,횡단중,횡단중,운전자법규위반,안전운전 의무 불이행,교차로,교차로내,승용차,대형,보행자,보행자,974276,1751782,127.2154352,35.76207563
2013,2013-04-09,40,주간,화,1,1,0,0,0,충북,청원군,차량단독,전도전복,전도전복,운전자법규위반,안전운전 의무 불이행,단일로,기타단일로,화물차,중형,0,0,1010010,1856965,127.6120789,36.71064594
2013,2013-04-07,15,야간,일,1,1,0,0,0,경북,포항시,차량단독,도로이탈,도로이탈 추락,운전자법규위반,안전운전 의무 불이행,단일로,기타단일로,승용차,중형,0,0,1155829,1786380,129.2302525,36.06186044
2013,2013-04-08,32,야간,월,1,1,0,0,0,대구,동구,차대차,기타,기타,운전자법규위반,안전운전 의무 불이행,단일로,기타단일로,승용차,중형,승용차,중형,1102385,1764855,128.6341886,35.87492652
2013,2013-03-04,40,주간,월,1,3,1,1,0,경기,포천시,차대차,기타,기타,운전자법규위반,안전운전 의무 불이행,교차로,교차로부근,승용차,소형,승용차,중형,984205,1995691,127.3201922,37.96102588
2013,2013-03-09,10,야간,토,1,1,0,0,0,경남,창원시(통합),차대사람,기타,기타,운전자법규위반,안전운전 의무 불이행,단일로,기타단일로,승용차,소형,보행자,보행자,1096731,1691267,128.5627757,35.21210123
2013,2013-03-06,53,야간,수,1,1,0,0,0,인천,부평구,차대차,측면직각충돌,측면직각충돌,운전자법규위반,안전운전 의무 불이행,단일로,기타단일로,승용차,중형,자전거,자전거,932568,1945739,126.7370286,37.50846651
2013,2013-03-06,28,주간,수,1,1,0,0,0,경기,안성시,차량단독,도로이탈,도로이탈 추락,운전자법규위반,안전운전 의무 불이행,단일로,기타단일로,농기계,농기계,0,0,998302,1901673,127.4808877,37.11372025
2013,2013-03-14,30,주간,목,1,1,0,0,0,경남,남해군,차량단독,도로이탈,도로이탈 추락,운전자법규위반,안전운전 의무 불이행,단일로,기타단일로,원동기장치자전거,원동기장치자전거,0,0,1044703,1655394,127.9892448,34.89230172
2013,2013-03-11,46,주간,월,1,2,0,0,1,제주,서귀포시,차량단독,공작물충돌,공작물충돌,운전자법규위반,안전운전 의무 불이행,단일로,기타단일로,화물차,소형,0,0,893472,1483263,126.3553136,33.33560532
2013,2013-03-12,40,주간,화,4,5,1,0,0,경북,군위군,차대사람,길가장자리구역통행중,길가장자리구역통행중,운전자법규위반,안전운전 의무 불이행,단일로,기타단일로,이륜차,중형,보행자,보행자,1096331,1807455,128.5723347,36.25954871
2013,2013-03-12,0,주간,화,1,1,0,0,0,경북,예천군,차대차,추돌,진행중 추돌,운전자법규위반,과속,단일로,기타단일로,화물차,중형,이륜차,소형,1083905,1848698,128.4384966,36.63247576
2013,2013-03-17,40,야간,일,1,2,0,1,0,전남,무안군,차대차,추돌,주정차중 추돌,운전자법규위반,안전운전 의무 불이행,단일로,기타단일로,화물차,소형,화물차,소형,902089,1669442,126.4268451,35.01521947
2013,2013-03-17,30,주간,일,1,1,0,0,0,경기,여주시,차량단독,도로이탈,도로이탈 기타,운전자법규위반,안전운전 의무 불이행,단일로,기타단일로,화물차,소형,0,0,1010268,1927822,127.6159344,37.34937408
2013,2013-03-16,49,주간,토,1,1,0,0,0,강원,춘천시,차량단독,도로이탈,도로이탈 추락,운전자법규위반,안전운전 의무 불이행,단일로,기타단일로,자전거,자전거,0,0,1020067,1981459,127.7280432,37.83266867
2013,2013-04-21,50,주간,일,1,1,0,0,0,울산,울주군,차량단독,공작물충돌,공작물충돌,운전자법규위반,안전운전 의무 불이행,단일로,기타단일로,이륜차,대형,0,0,1149826,1737696,129.1544841,35.62404474
2013,2013-04-20,55,주간,토,1,1,0,0,0,울산,동구,차량단독,전도전복,전도전복,운전자법규위반,안전운전 의무 불이행,단일로,기타단일로,이륜차,중형,0,0,1173601,1728207,129.4148648,35.53464373
2013,2013-04-20,25,주간,토,1,2,1,0,0,경남,창원시(통합),차대사람,보도통행중,보도통행중,운전자법규위반,과속,단일로,기타단일로,승용차,중형,보행자,보행자,1105491,1686204,128.6583562,35.16557369
2013,2013-04-21,30,주간,일,1,2,1,0,0,경기,화성시,차량단독,전도전복,전도전복,운전자법규위반,안전운전 의무 불이행,단일로,기타단일로,승용차,대형,0,0,940879,1905250,126.8306455,37.08058045
2013,2013-04-20,30,야간,토,1,1,0,0,0,경기,화성시,차대차,추돌,진행중 추돌,운전자법규위반,안전운전 의무 불이행,단일로,기타단일로,화물차,소형,농기계,농기계,936498,1913399,126.7887609,37.22348814
2013,2013-04-19,30,주간,금,1,1,0,0,0,울산,북구,차대차,측면직각충돌,측면직각충돌,운전자법규위반,신호위반,교차로,교차로내,화물차,소형,이륜차,중형,1168385,1734063,129.3585768,35.58831677
2013,2013-04-18,10,주간,목,1,3,0,2,0,경남,남해군,차대차,추돌,진행중 추돌,운전자법규위반,안전거리 미확보,단일로,기타단일로,원동기장치자전거,원동기장치자전거,승용차,중형,1034481,1655321,127.8773712,34.89204222
2013,2013-04-05,0,야간,금,1,1,0,0,0,충남,예산군,차량단독,공작물충돌,공작물충돌,운전자법규위반,안전운전 의무 불이행,교차로,교차로내,이륜차,중형,0,0,938897,1863217,126.8153698,36.76508959
2013,2013-04-06,14,주간,토,1,1,0,0,0,부산,서구,차대사람,횡단중,횡단중,운전자법규위반,신호위반,단일로,횡단보도상,건설기계,건설기계,보행자,보행자,1137951,1680883,129.0138875,35.11361377
2013,2013-04-03,50,주간,수,1,1,0,0,0,강원,고성군,차량단독,전도전복,전도전복,운전자법규위반,안전운전 의무 불이행,단일로,기타단일로,특수차,중형,0,0,1091651,2031469,128.5379238,38.2939963
2013,2013-04-01,50,주간,월,1,1,0,0,0,경기,성남시,차대사람,차도통행중,차도통행중,운전자법규위반,안전운전 의무 불이행,교차로,교차로부근,승합차,대형,보행자,보행자,967177,1937244,127.1289855,37.43377695
2013,2013-04-11,2,야간,목,1,1,0,0,0,경북,포항시,차대차,기타,기타,운전자법규위반,안전운전 의무 불이행,교차로,교차로부근,승용차,소형,승용차,대형,1169550,1780151,129.3811975,36.00343537
2013,2013-04-09,30,주간,화,1,1,0,0,0,경기,수원시,차대사람,보도통행중,보도통행중,운전자법규위반,기타(운전자법규위반),단일로,기타단일로,건설기계,건설기계,보행자,보행자,956083,1918016,127.0038116,37.26167123
2013,2013-04-10,0,야간,수,1,1,0,0,0,강원,영월군,차량단독,도로이탈,도로이탈 추락,운전자법규위반,안전운전 의무 불이행,단일로,기타단일로,화물차,경형,0,0,1068684,1920985,128.2748358,37.28526647
2013,2013-04-11,35,주간,목,1,1,0,0,0,경기,양주시,차대사람,차도통행중,차도통행중,운전자법규위반,안전운전 의무 불이행,교차로,교차로부근,화물차,대형,보행자,보행자,954363,1980659,126.9814355,37.82453738
2013,2013-04-10,25,야간,수,1,1,0,0,0,충북,청주시,차대사람,횡단중,횡단중,운전자법규위반,보행자 보호의무 위반,교차로,교차로내,승용차,중형,보행자,보행자,997566,1846529,127.4727804,36.61661567
2013,2013-04-06,0,주간,토,1,2,1,0,0,충남,태안군,차대차,기타,기타,운전자법규위반,중앙선 침범,단일로,기타단일로,화물차,소형,승용차,중형,889335,1862058,126.2603107,36.75015316
2013,2013-04-09,30,주간,화,1,1,0,0,0,전남,진도군,차량단독,기타,기타,운전자법규위반,안전운전 의무 불이행,단일로,기타단일로,화물차,소형,0,0,886021,1600425,126.2555407,34.3903919
2013,2013-04-07,8,야간,일,2,2,0,0,0,전남,광양시,차량단독,공작물충돌,공작물충돌,운전자법규위반,안전운전 의무 불이행,교차로,교차로부근,승용차,중형,0,0,1019641,1659708,127.715062,34.93199772
2013,2013-02-21,0,야간,목,1,2,0,1,0,서울,마포구,차대차,추돌,주정차중 추돌,운전자법규위반,안전운전 의무 불이행,단일로,기타단일로,승용차,경형,화물차,대형,944601,1952542,126.8726564,37.57058333
2013,2013-02-21,54,주간,목,1,1,0,0,0,인천,강화군,차대차,기타,기타,운전자법규위반,안전운전 의무 불이행,단일로,기타단일로,원동기장치자전거,원동기장치자전거,승용차,중형,911343,1971884,126.4988568,37.74105614
2013,2013-02-21,45,주간,목,1,1,0,0,0,경기,파주시,차량단독,공작물충돌,공작물충돌,운전자법규위반,안전운전 의무 불이행,단일로,기타단일로,화물차,대형,0,0,941241,1992574,126.8313709,37.93117023
2013,2013-02-21,13,주간,목,1,3,1,1,0,경기,평택시,차대차,정면충돌,정면충돌,운전자법규위반,중앙선 침범,단일로,기타단일로,승용차,경형,승용차,중형,941970,1888716,126.8478477,36.99513144
2013,2013-02-28,56,야간,목,1,1,0,0,0,대전,유성구,차대사람,횡단중,횡단중,운전자법규위반,안전운전 의무 불이행,단일로,기타단일로,승용차,소형,보행자,보행자,983822,1812119,127.315509,36.30255641
2013,2013-02-28,55,야간,목,1,1,0,0,0,광주,북구,차대사람,기타,기타,운전자법규위반,신호위반,단일로,횡단보도상,이륜차,소형,보행자,보행자,945948,1687829,126.9067969,35.18406529
2013,2013-10-05,40,야간,토,1,1,0,0,0,전남,나주시,차량단독,공작물충돌,공작물충돌,운전자법규위반,안전운전 의무 불이행,단일로,기타단일로,승용차,중형,0,0,938022,1667208,126.820824,34.99791935
2013,2013-10-05,20,주간,토,1,1,0,0,0,경남,거제시,차대차,기타,기타,운전자법규위반,안전운전 의무 불이행,교차로,교차로부근,화물차,소형,승용차,중형,1109945,1656900,128.7033751,34.90090918
2013,2013-10-05,30,야간,토,1,1,0,0,0,강원,원주시,차대사람,횡단중,횡단중,운전자법규위반,안전운전 의무 불이행,단일로,기타단일로,승용차,중형,보행자,보행자,1040385,1926960,127.9559276,37.34078238
2013,2013-10-01,30,주간,화,1,1,0,0,0,충남,금산군,차대차,기타,기타,운전자법규위반,안전운전 의무 불이행,교차로,교차로부근,이륜차,소형,화물차,소형,997380,1798941,127.4708609,36.18759337
2013,2013-09-29,34,야간,일,1,1,0,0,0,서울,중구,차대사람,기타,기타,운전자법규위반,안전운전 의무 불이행,단일로,기타단일로,승용차,중형,보행자,보행자,955175,1951041,126.9924843,37.55763007
2013,2013-09-27,30,야간,금,1,1,0,0,0,경북,경주시,차대사람,기타,기타,운전자법규위반,안전운전 의무 불이행,단일로,기타단일로,승용차,중형,보행자,보행자,1152673,1751339,129.1885002,35.74656645
2013,2013-09-28,40,야간,토,1,1,0,0,0,충남,서산시,차대차,정면충돌,정면충돌,운전자법규위반,중앙선 침범,단일로,기타단일로,승용차,소형,승합차,대형,919430,1868838,126.5966783,36.81430025
2013,2013-09-28,30,주간,토,1,1,0,0,0,충남,당진시,차대차,측면직각충돌,측면직각충돌,운전자법규위반,신호위반,교차로,교차로내,자전거,자전거,승용차,경형,923113,1876950,126.637145,36.88772532
2013,2013-09-28,57,야간,토,1,1,0,0,0,전북,익산시,차대사람,횡단중,횡단중,운전자법규위반,안전운전 의무 불이행,교차로,교차로내,화물차,소형,보행자,보행자,951066,1771748,126.9574638,35.94120294
2013,2013-10-07,0,야간,월,1,1,0,0,0,경북,의성군,차량단독,공작물충돌,공작물충돌,운전자법규위반,안전운전 의무 불이행,단일로,기타단일로,승용차,중형,0,0,1086520,1819468,128.4644687,36.36876539
2013,2013-10-04,45,주간,금,1,1,0,0,0,경북,성주군,차대차,기타,기타,운전자법규위반,안전거리 미확보,기타/불명,기타/불명,건설기계,건설기계,자전거,자전거,1076914,1762266,128.3518117,35.85391895
2013,2013-10-08,40,주간,화,1,1,0,0,0,경기,김포시,차량단독,공작물충돌,공작물충돌,운전자법규위반,안전운전 의무 불이행,단일로,기타단일로,승용차,중형,0,0,937826,1954199,126.7958,37.58508504
2013,2013-10-09,0,주간,수,1,1,0,0,0,충남,논산시,차량단독,도로이탈,도로이탈 추락,운전자법규위반,안전운전 의무 불이행,단일로,기타단일로,이륜차,중형,0,0,966196,1805314,127.1237681,36.24446185
2013,2013-10-08,0,야간,화,1,12,1,10,0,충남,보령시,차대차,기타,기타,운전자법규위반,중앙선 침범,단일로,기타단일로,승합차,소형,승합차,대형,917822,1816120,126.584281,36.33896658
2013,2013-10-10,29,주간,목,1,1,0,0,0,경기,평택시,차대차,기타,기타,운전자법규위반,안전운전 의무 불이행,단일로,기타단일로,이륜차,소형,승용차,중형,957535,1889969,127.022693,37.00725825
2013,2013-10-10,10,야간,목,1,2,0,1,0,경기,시흥시,차대차,측면직각충돌,측면직각충돌,운전자법규위반,신호위반,교차로,교차로내,승용차,중형,승합차,대형,934104,1927004,126.7560792,37.33971857
2013,2013-10-07,0,주간,월,1,5,1,3,0,경기,파주시,차대사람,횡단중,횡단중,운전자법규위반,신호위반,단일로,횡단보도상,승용차,대형,보행자,보행자,937070,1985343,126.7796326,37.86209657
2013,2013-10-17,25,야간,목,1,2,0,1,0,경북,울진군,차대사람,기타,기타,운전자법규위반,안전운전 의무 불이행,교차로,교차로내,승용차,소형,보행자,보행자,1164609,1859718,129.3432381,36.72124173
2013,2013-10-14,30,야간,월,1,1,0,0,0,강원,춘천시,차량단독,공작물충돌,공작물충돌,운전자법규위반,안전운전 의무 불이행,단일로,기타단일로,이륜차,소형,0,0,1020276,1985432,127.7305297,37.86847292
2013,2013-10-14,20,주간,월,1,3,2,0,0,경북,봉화군,차량단독,공작물충돌,공작물충돌,운전자법규위반,안전운전 의무 불이행,단일로,기타단일로,승용차,중형,0,0,1133229,1885238,128.996451,36.95614028
2013,2013-09-04,25,야간,수,1,2,0,0,1,경남,진주시,차대사람,차도통행중,차도통행중,운전자법규위반,안전운전 의무 불이행,단일로,기타단일로,승용차,경형,보행자,보행자,1054226,1680973,128.0951313,35.12248201
2013,2013-09-09,51,주간,월,1,1,0,0,0,서울,성동구,차대사람,횡단중,횡단중,운전자법규위반,보행자 보호의무 위반,교차로,교차로부근,승용차,대형,보행자,보행자,960287,1949065,127.0504684,37.54005436
2013,2013-09-08,42,주간,일,1,1,0,0,0,전북,군산시,차대차,기타,기타,운전자법규위반,안전운전 의무 불이행,교차로,교차로부근,승용차,소형,승용차,중형,926509,1775069,126.6850747,35.96963371
2013,2013-09-09,50,야간,월,1,1,0,0,0,부산,강서구,차대차,기타,기타,운전자법규위반,안전운전 의무 불이행,단일로,기타단일로,원동기장치자전거,원동기장치자전거,승용차,소형,1128761,1686033,128.9137855,35.16131989
2013,2013-09-06,20,야간,금,1,4,0,3,0,경기,시흥시,차대차,정면충돌,정면충돌,운전자법규위반,중앙선 침범,단일로,기타단일로,승용차,소형,승용차,대형,930696,1924668,126.7182087,37.31858061
2013,2013-09-15,51,야간,일,1,2,0,1,0,부산,기장군,차대차,기타,기타,운전자법규위반,중앙선 침범,단일로,기타단일로,이륜차,중형,화물차,소형,1159133,1703450,129.2505318,35.31394358
2013,2013-09-14,40,야간,토,1,1,0,0,0,전북,김제시,차량단독,공작물충돌,공작물충돌,운전자법규위반,안전운전 의무 불이행,단일로,기타단일로,승용차,중형,0,0,951910,1766454,126.9671411,35.89351588
2013,2013-09-14,30,주간,토,1,1,0,0,0,경기,여주시,차량단독,공작물충돌,공작물충돌,운전자법규위반,안전운전 의무 불이행,단일로,기타단일로,승용차,소형,0,0,1015221,1908188,127.6714561,37.17232534
2013,2013-09-12,53,야간,목,1,4,0,2,1,부산,강서구,차대차,추돌,주정차중 추돌,운전자법규위반,차로위반(진로변경 위반),교차로,교차로부근,승용차,중형,화물차,소형,1129753,1680758,128.9238463,35.11364112
2013,2013-09-17,17,주간,화,1,2,0,1,0,경기,용인시,차대차,정면충돌,정면충돌,운전자법규위반,신호위반,교차로,교차로내,승용차,중형,승합차,대형,986362,1908339,127.3463727,37.17371094
2013,2013-09-16,40,야간,월,1,1,0,0,0,인천,서구,차대차,기타,기타,운전자법규위반,안전운전 의무 불이행,단일로,기타단일로,자전거,자전거,화물차,중형,925996,1954043,126.661838,37.58280372
2013,2013-02-05,50,주간,화,1,2,1,0,0,경남,진주시,차대사람,횡단중,횡단중,운전자법규위반,보행자 보호의무 위반,교차로,교차로내,승합차,대형,보행자,보행자,1056205,1687830,128.1173166,35.18420086
2013,2013-03-01,20,주간,금,1,1,0,0,0,전남,구례군,차량단독,전도전복,전도전복,운전자법규위반,안전운전 의무 불이행,단일로,기타단일로,농기계,농기계,0,0,998061,1689849,127.4786981,35.20397784
2013,2013-03-04,0,야간,월,1,1,0,0,0,경남,진주시,차대차,정면충돌,정면충돌,운전자법규위반,중앙선 침범,단일로,기타단일로,승용차,대형,이륜차,중형,1058474,1691539,128.1424997,35.21751376
2013,2013-03-01,8,주간,금,1,2,0,1,0,경북,안동시,차량단독,공작물충돌,공작물충돌,운전자법규위반,안전운전 의무 불이행,단일로,기타단일로,화물차,소형,0,0,1096012,1842133,128.573076,36.57215887
2013,2013-03-09,30,야간,토,1,1,0,0,0,전남,영광군,차량단독,공작물충돌,공작물충돌,운전자법규위반,안전운전 의무 불이행,단일로,기타단일로,이륜차,소형,0,0,909477,1699674,126.5044954,35.28847573
2013,2013-03-06,20,야간,수,1,1,0,0,0,경북,칠곡군,차대사람,기타,기타,운전자법규위반,안전운전 의무 불이행,단일로,기타단일로,승용차,중형,보행자,보행자,1082131,1768693,128.4102457,35.91143477
2013,2013-03-10,55,야간,일,1,1,0,0,0,강원,춘천시,차대사람,횡단중,횡단중,운전자법규위반,안전운전 의무 불이행,단일로,횡단보도상,승용차,중형,보행자,보행자,1019430,1991657,127.7210788,37.92459723
2013,2013-03-19,15,주간,화,1,1,0,0,0,부산,중구,차대차,측면직각충돌,측면직각충돌,운전자법규위반,신호위반,교차로,교차로내,원동기장치자전거,원동기장치자전거,승용차,중형,1140135,1679974,129.0376054,35.1051826
2013,2013-03-19,34,야간,화,1,1,0,0,0,부산,사하구,차대차,정면충돌,정면충돌,운전자법규위반,중앙선 침범,단일로,기타단일로,자전거,자전거,승용차,중형,1134902,1675235,128.979433,35.06317841
2013,2013-03-16,0,주간,토,1,1,0,0,0,경기,안양시,차대사람,기타,기타,운전자법규위반,안전운전 의무 불이행,단일로,기타단일로,승용차,경형,보행자,보행자,946697,1934356,126.897708,37.40679331
2013,2013-03-17,0,주간,일,1,3,1,0,1,강원,춘천시,차대차,추돌,진행중 추돌,운전자법규위반,안전운전 의무 불이행,단일로,기타단일로,이륜차,사발이,이륜차,사발이,1011922,1979337,127.635448,37.81368562
2013,2013-03-25,40,주간,월,1,2,0,1,0,경북,영주시,차대차,측면직각충돌,측면직각충돌,운전자법규위반,안전운전 의무 불이행,단일로,기타단일로,승용차,중형,승용차,소형,1098777,1872572,128.6079058,36.84622915
2013,2013-03-31,25,야간,일,1,1,0,0,0,경기,평택시,차대사람,기타,기타,운전자법규위반,안전운전 의무 불이행,교차로,교차로부근,승용차,중형,보행자,보행자,963978,1888143,127.0951979,36.99106745
2013,2013-03-29,25,야간,금,1,1,0,0,0,경남,진주시,차대사람,기타,기타,운전자법규위반,안전운전 의무 불이행,단일로,기타단일로,화물차,소형,보행자,보행자,1045019,1694168,127.9948086,35.24191314
2013,2013-03-29,30,주간,금,1,1,0,0,0,경기,연천군,차량단독,공작물충돌,공작물충돌,운전자법규위반,안전운전 의무 불이행,단일로,기타단일로,이륜차,중형,0,0,962171,2001391,127.0012359,37.9348609
2013,2013-03-29,50,야간,금,1,2,0,1,0,충북,충주시,차대차,추돌,주정차중 추돌,운전자법규위반,안전운전 의무 불이행,교차로,교차로부근,승용차,중형,특수차,소형,1024453,1900267,127.7751899,37.10072842
2013,2013-03-27,0,주간,수,1,1,0,0,0,강원,춘천시,차량단독,전도전복,전도전복,운전자법규위반,안전운전 의무 불이행,단일로,기타단일로,승용차,대형,0,0,1020183,2000387,127.7298918,38.0032633
2013,2013-03-27,10,주간,수,1,2,1,0,0,제주,제주시,차량단독,기타,기타,운전자법규위반,안전운전 의무 불이행,단일로,기타단일로,승용차,중형,0,0,922309,1493242,126.6642842,33.42807374
2013,2013-04-02,45,주간,화,1,1,0,0,0,전남,여수시,차대사람,횡단중,횡단중,운전자법규위반,안전운전 의무 불이행,단일로,기타단일로,승용차,대형,보행자,보행자,1021155,1637566,127.7310811,34.73229916
2013,2013-04-03,35,주간,수,1,1,0,0,0,경남,합천군,차대사람,기타,기타,운전자법규위반,안전운전 의무 불이행,교차로,교차로내,화물차,소형,보행자,보행자,1059799,1730361,128.1599031,35.56746482
2013,2013-04-09,29,야간,화,1,1,0,0,0,전남,여수시,차대사람,횡단중,횡단중,운전자법규위반,안전운전 의무 불이행,교차로,교차로내,화물차,대형,보행자,보행자,1015645,1646535,127.6707506,34.81325917
2013,2013-04-11,45,야간,목,1,1,0,0,0,제주,제주시,차대사람,횡단중,횡단중,운전자법규위반,보행자 보호의무 위반,단일로,기타단일로,화물차,소형,보행자,보행자,912850,1502442,126.561652,33.51031655
2013,2013-04-09,0,주간,화,1,1,0,0,0,경기,포천시,차대사람,기타,기타,운전자법규위반,안전운전 의무 불이행,기타/불명,기타/불명,건설기계,건설기계,보행자,보행자,967874,1982418,127.1348768,37.84096705
2013,2013-04-10,5,야간,수,1,1,0,0,0,전남,진도군,차량단독,공작물충돌,공작물충돌,운전자법규위반,안전운전 의무 불이행,기타/불명,기타/불명,화물차,소형,0,0,887290,1610551,126.2722119,34.48220544
2013,2013-04-07,50,주간,일,1,1,0,0,0,전남,나주시,차량단독,전도전복,전도전복,운전자법규위반,안전운전 의무 불이행,단일로,기타단일로,농기계,농기계,0,0,932920,1668976,126.7647759,35.0135352
2013,2013-02-26,10,야간,화,1,1,0,0,0,경북,성주군,차량단독,도로이탈,도로이탈 추락,운전자법규위반,안전운전 의무 불이행,단일로,기타단일로,화물차,소형,0,0,1064232,1772591,128.2122045,35.94791649
2013,2013-02-26,40,야간,화,1,1,0,0,0,경북,봉화군,차대사람,길가장자리구역통행중,길가장자리구역통행중,운전자법규위반,안전운전 의무 불이행,단일로,기타단일로,화물차,소형,보행자,보행자,1130761,1870604,128.9671362,36.82477903