발생년,발생년월일시분,발생분,주야,요일,사망자수,사상자수,중상자수,경상자수,부상신고자수,발생지시도,발생지시군구,사고유형_대분류,사고유형_중분류,사고유형,법규위반_대분류,법규위반,도로형태_대분류,도로형태,당사자종별_1당_대분류,당사자종별_1당,당사자종별_2당_대분류,당사자종별_2당,발생위치X_UTMK,발생위치Y_UTMK,경도,위도
2012,2012-07-12,0,주간,목,1,1,0,0,0,전북,부안군,차량단독,전도전복,전도전복,운전자법규위반,안전운전 의무 불이행,단일로,기타단일로,화물차,대형,0,0,922774,1743923,126.6465021,35.68852707
2012,2012-07-10,50,주간,화,1,1,0,0,0,경기,고양시,차대사람,횡단중,횡단중,운전자법규위반,안전운전 의무 불이행,단일로,기타단일로,승합차,대형,보행자,보행자,941505,1962029,126.8368402,37.6558971
2012,2012-07-10,15,주간,화,1,1,0,0,0,경북,의성군,차량단독,공작물충돌,공작물충돌,운전자법규위반,안전운전 의무 불이행,단일로,기타단일로,화물차,대형,0,0,1116773,1813108,128.8006875,36.30824405
2013,2013-01-27,55,주간,일,1,2,1,0,0,충남,공주시,차대차,정면충돌,정면충돌,운전자법규위반,중앙선 침범,단일로,기타단일로,화물차,소형,화물차,중형,959122,1812905,127.0446406,36.31262303
2013,2013-02-25,35,야간,월,1,1,0,0,0,울산,북구,차량단독,전도전복,전도전복,운전자법규위반,안전운전 의무 불이행,교차로,교차로부근,이륜차,소형,0,0,1168409,1734037,129.3588362,35.58807838
2013,2013-11-03,30,주간,일,1,1,0,0,0,충남,청양군,차량단독,전도전복,전도전복,운전자법규위반,안전운전 의무 불이행,단일로,기타단일로,이륜차,사발이,0,0,932875,1833730,126.7504799,36.49888012
2013,2013-12-30,20,주간,월,1,1,0,0,0,서울,마포구,차대사람,기타,기타,운전자법규위반,안전운전 의무 불이행,단일로,기타단일로,승합차,중형,보행자,보행자,951285,1950098,126.9485056,37.54893312
2013,2013-08-01,50,야간,목,1,2,0,1,0,경북,경산시,차대차,추돌,주정차중 추돌,운전자법규위반,안전운전 의무 불이행,단일로,기타단일로,화물차,소형,승합차,대형,1113594,1761082,128.7577954,35.83968035
2013,2013-07-20,38,야간,토,1,1,0,0,0,경북,경주시,차대사람,횡단중,횡단중,운전자법규위반,안전운전 의무 불이행,교차로,교차로내,승용차,중형,보행자,보행자,1151797,1779120,129.1841769,35.99701428
2013,2013-08-30,20,주간,금,1,1,0,0,0,충남,논산시,차대차,정면충돌,정면충돌,운전자법규위반,부당한 회전,단일로,기타단일로,이륜차,소형,승용차,중형,975408,1802923,127.2263697,36.22318432
2013,2013-08-28,0,주간,수,1,1,0,0,0,경기,양평군,차량단독,공작물충돌,공작물충돌,운전자법규위반,안전운전 의무 불이행,단일로,교량위,이륜차,중형,0,0,987191,1948562,127.3550154,37.53628715
2014,2014-06-27,30,주간,금,1,2,0,1,0,충남,천안시,차대차,추돌,진행중 추돌,운전자법규위반,안전운전 의무 불이행,교차로,교차로내,승용차,대형,승용차,경형,974440,1864200,127.2135717,36.77557612
2014,2014-06-27,54,야간,금,1,1,0,0,0,서울,동작구,차대사람,기타,기타,운전자법규위반,안전운전 의무 불이행,단일로,기타단일로,승용차,중형,보행자,보행자,952496,1943484,126.9626309,37.48938274
2014,2014-06-28,47,주간,토,1,1,0,0,0,전남,고흥군,차대차,측면직각충돌,측면직각충돌,운전자법규위반,중앙선 침범,교차로,교차로부근,화물차,소형,원동기장치자전거,원동기장치자전거,987112,1637307,127.3592249,34.73010138
2014,2014-07-01,30,주간,화,1,1,0,0,0,경북,경주시,차량단독,전도전복,전도전복,운전자법규위반,안전운전 의무 불이행,단일로,기타단일로,농기계,농기계,0,0,1159592,1753844,129.2626623,35.77982228
2014,2014-07-02,7,주간,수,1,1,0,0,0,인천,서구,차대사람,길가장자리구역통행중,길가장자리구역통행중,운전자법규위반,안전운전 의무 불이행,교차로,교차로부근,화물차,소형,보행자,보행자,927778,1942568,126.9769283,37.56242044
2014,2014-06-29,52,야간,일,1,1,0,0,0,경기,양주시,차량단독,공작물충돌,공작물충돌,운전자법규위반,안전운전 의무 불이행,교차로,교차로부근,승용차,중형,0,0,956721,1977729,127.0084032,37.79824462
2014,2014-06-29,0,주간,일,1,5,0,4,0,경북,경산시,차대차,기타,기타,운전자법규위반,안전운전 의무 불이행,교차로,교차로부근,승용차,경형,승용차,중형,1119410,1769345,128.8234177,35.91346952
2014,2014-06-29,55,주간,일,1,1,0,0,0,광주,북구,차량단독,도로이탈,도로이탈 추락,운전자법규위반,안전운전 의무 불이행,단일로,기타단일로,승용차,중형,0,0,954234,1687306,126.9973628,35.18000615
2014,2014-06-29,40,주간,일,1,1,0,0,0,강원,횡성군,차량단독,도로이탈,도로이탈 추락,운전자법규위반,안전운전 의무 불이행,단일로,기타단일로,원동기장치자전거,원동기장치자전거,0,0,1057610,1934565,128.1509721,37.40841916
2014,2014-06-28,33,야간,토,1,1,0,0,0,부산,해운대구,차대사람,횡단중,횡단중,운전자법규위반,안전운전 의무 불이행,단일로,기타단일로,승용차,대형,보행자,보행자,1150118,1686366,129.1482641,35.16135839
2014,2014-06-27,0,야간,금,1,4,0,3,0,경기,고양시,차대차,추돌,진행중 추돌,운전자법규위반,신호위반,교차로,교차로내,이륜차,소형,승용차,중형,945587,1961430,126.88316,37.65074945
2012,2012-07-30,0,야간,월,1,3,0,2,0,경북,경주시,차량단독,전도전복,전도전복,운전자법규위반,안전운전 의무 불이행,단일로,기타단일로,화물차,소형,0,0,1152087,1758052,129.1832968,35.80715734
2014,2014-04-18,10,주간,금,1,24,15,8,0,경남,진주시,차대차,측면직각충돌,측면직각충돌,운전자법규위반,신호위반,교차로,교차로내,승용차,중형,승합차,대형,1041537,1685242,127.9560885,35.16157911
2014,2014-04-18,40,주간,금,1,1,0,0,0,대전,대덕구,차대사람,길가장자리구역통행중,길가장자리구역통행중,운전자법규위반,안전운전 의무 불이행,단일로,기타단일로,화물차,대형,보행자,보행자,993183,1826959,127.4239379,36.44016814
2014,2014-04-15,50,야간,화,1,1,0,0,0,인천,강화군,차량단독,공작물충돌,공작물충돌,운전자법규위반,안전운전 의무 불이행,단일로,기타단일로,승용차,소형,0,0,906974,1974941,126.44376,37.76940749
2014,2014-04-13,0,야간,일,1,1,0,0,0,충북,진천군,차대사람,기타,기타,운전자법규위반,안전운전 의무 불이행,단일로,기타단일로,승용차,중형,보행자,보행자,1000819,1877859,127.5093946,36.89905202
2014,2014-04-15,30,주간,화,1,1,0,0,0,서울,성북구,차대사람,기타,기타,운전자법규위반,기타(운전자법규위반),단일로,기타단일로,화물차,소형,보행자,보행자,959350,1957249,127.0394082,37.61377801
2014,2014-04-12,30,주간,토,1,1,0,0,0,경북,상주시,차대사람,기타,기타,운전자법규위반,안전운전 의무 불이행,단일로,기타단일로,화물차,소형,보행자,보행자,1062832,1814225,128.2000082,36.32334093
2014,2014-04-24,31,야간,목,1,3,0,1,1,충남,금산군,차대차,측면직각충돌,측면직각충돌,운전자법규위반,중앙선 침범,단일로,기타단일로,승용차,소형,승합차,대형,994806,1798209,127.4429274,36.18162396
2014,2014-04-24,15,주간,목,1,1,0,0,0,전북,남원시,차대차,측면직각충돌,측면직각충돌,운전자법규위반,신호위반,교차로,교차로내,원동기장치자전거,원동기장치자전거,승용차,중형,990218,1713019,127.392258,35.41285512
2014,2014-04-21,45,주간,월,1,6,2,2,1,경기,광명시,차대차,추돌,진행중 추돌,운전자법규위반,안전거리 미확보,교차로,교차로부근,승합차,대형,승합차,대형,946456,1937912,126.894727,37.43883064
2014,2014-04-27,10,야간,일,1,1,0,0,0,서울,서초구,차대사람,횡단중,횡단중,운전자법규위반,안전운전 의무 불이행,단일로,횡단보도부근,승용차,소형,보행자,보행자,954250,1941625,126.982598,37.47271559
2014,2014-03-28,15,주간,금,1,1,0,0,0,경북,군위군,차대차,측면직각충돌,측면직각충돌,운전자법규위반,안전운전 의무 불이행,교차로,교차로부근,화물차,소형,원동기장치자전거,원동기장치자전거,1097348,1798709,128.582567,36.18061027
2014,2014-03-27,30,야간,목,1,1,0,0,0,서울,관악구,차대차,추돌,주정차중 추돌,운전자법규위반,안전거리 미확보,교차로,교차로부근,원동기장치자전거,원동기장치자전거,승용차,중형,950025,1943180,126.9347125,37.48651233
2014,2014-03-26,2,야간,수,1,1,0,0,0,충남,천안시,차대사람,기타,기타,운전자법규위반,안전운전 의무 불이행,단일로,기타단일로,승용차,대형,보행자,보행자,968315,1869887,127.1447421,36.82693644
2014,2014-03-24,15,야간,월,1,1,0,0,0,대구,수성구,차대사람,횡단중,횡단중,운전자법규위반,과속,교차로,교차로내,승용차,중형,보행자,보행자,1108714,1760296,128.7036643,35.83314856
2014,2014-03-25,0,주간,화,1,1,0,0,0,경기,용인시,차대사람,횡단중,횡단중,운전자법규위반,안전운전 의무 불이행,교차로,교차로부근,화물차,중형,보행자,보행자,981016,1914946,127.2859841,37.23317343
2014,2014-03-26,0,야간,수,1,1,0,0,0,부산,연제구,차대사람,횡단중,횡단중,운전자법규위반,안전운전 의무 불이행,단일로,횡단보도부근,승용차,중형,보행자,보행자,1144089,1689089,129.0825655,35.18678524
2014,2014-04-12,28,주간,토,1,5,2,2,0,경기,구리시,차대차,추돌,진행중 추돌,운전자법규위반,신호위반,교차로,교차로내,건설기계,건설기계,승용차,소형,966093,1959612,127.1130553,37.62947346
2013,2013-10-18,35,야간,금,1,1,0,0,0,경북,포항시,차대차,추돌,주정차중 추돌,운전자법규위반,안전운전 의무 불이행,교차로,교차로부근,원동기장치자전거,원동기장치자전거,승용차,중형,1170401,1787397,129.3921967,36.06858039
2013,2013-10-19,22,주간,토,1,3,2,0,0,경남,사천시,차대차,추돌,진행중 추돌,운전자법규위반,차로위반(진로변경 위반),단일로,기타단일로,화물차,소형,화물차,대형,1052153,1673939,128.0719381,35.05916702
2013,2013-09-04,54,야간,수,1,1,0,0,0,서울,양천구,차대사람,횡단중,횡단중,운전자법규위반,보행자 보호의무 위반,교차로,교차로내,승용차,중형,보행자,보행자,941293,1948054,126.8355577,37.52992807
2013,2013-09-02,45,주간,월,1,1,0,0,0,전북,순창군,차량단독,도로이탈,도로이탈 기타,운전자법규위반,안전운전 의무 불이행,단일로,기타단일로,농기계,농기계,0,0,976875,1713210,127.2452896,35.41435681
2013,2013-09-02,0,주간,월,1,2,0,1,0,전북,무주군,차량단독,도로이탈,도로이탈 추락,운전자법규위반,안전운전 의무 불이행,교차로,교차로내,농기계,농기계,0,0,1011169,1778580,127.6239304,36.0039622
2013,2013-09-03,5,야간,화,1,1,0,0,0,경기,양주시,차량단독,공작물충돌,공작물충돌,운전자법규위반,안전운전 의무 불이행,단일로,기타단일로,승용차,중형,0,0,958871,1976128,127.0329146,37.78391431
2013,2013-09-10,24,주간,화,1,1,0,0,0,전남,영광군,차대사람,횡단중,횡단중,운전자법규위반,안전운전 의무 불이행,단일로,기타단일로,화물차,소형,보행자,보행자,906623,1695502,126.4735883,35.25060033
2013,2013-09-10,0,야간,화,1,8,2,5,0,강원,삼척시,차량단독,전도전복,전도전복,운전자법규위반,안전운전 의무 불이행,단일로,기타단일로,화물차,중형,0,0,1160068,1906882,129.3026171,37.14705012
2013,2013-09-09,31,야간,월,2,2,0,0,0,강원,삼척시,차량단독,공작물충돌,공작물충돌,운전자법규위반,안전운전 의무 불이행,단일로,기타단일로,승용차,대형,0,0,1161922,1908604,129.3237014,37.16225229
2013,2013-09-07,57,주간,토,1,2,0,1,0,울산,북구,차대차,정면충돌,정면충돌,운전자법규위반,중앙선 침범,단일로,기타단일로,승용차,경형,화물차,중형,1166754,1737921,129.3413794,35.62336078
2013,2013-09-07,25,주간,토,1,1,0,0,0,경기,고양시,차대사람,횡단중,횡단중,운전자법규위반,신호위반,교차로,교차로내,화물차,소형,보행자,보행자,945353,1961840,126.8762722,37.65698648
2013,2013-09-07,13,주간,토,1,1,0,0,0,강원,양양군,차량단독,공작물충돌,공작물충돌,운전자법규위반,안전운전 의무 불이행,단일로,기타단일로,승용차,중형,0,0,1098657,2001837,128.6238434,38.01118603
2013,2013-09-14,8,주간,토,1,1,0,0,0,전남,곡성군,차대사람,횡단중,횡단중,운전자법규위반,안전운전 의무 불이행,기타/불명,기타/불명,승합차,중형,보행자,보행자,973503,1701104,127.2085416,35.30511554
2013,2013-09-11,46,야간,수,1,1,0,0,0,경기,수원시,차대차,기타,기타,운전자법규위반,신호위반,단일로,횡단보도상,이륜차,소형,승용차,경형,953025,1921618,126.9700153,37.29232185
2013,2013-09-12,20,야간,목,1,1,0,0,0,경기,안산시,차대사람,횡단중,횡단중,운전자법규위반,신호위반,단일로,기타단일로,승용차,대형,보행자,보행자,942889,1923488,126.8559095,37.30789488
2013,2013-09-18,38,야간,수,1,5,2,2,0,전북,김제시,차대차,측면직각충돌,측면직각충돌,운전자법규위반,신호위반,기타/불명,기타/불명,승용차,소형,승용차,대형,957421,1754521,127.0381706,35.78847683
2013,2013-09-26,20,주간,목,1,1,0,0,0,제주,서귀포시,차대사람,횡단중,횡단중,운전자법규위반,보행자 보호의무 위반,단일로,기타단일로,승용차,중형,보행자,보행자,918657,1477234,126.6264474,33.28342975
2013,2013-09-25,0,주간,수,1,1,0,0,0,전북,익산시,차대차,측면직각충돌,측면직각충돌,운전자법규위반,안전운전 의무 불이행,단일로,기타단일로,화물차,중형,자전거,자전거,951855,1771760,126.9662104,35.94135035
2013,2013-09-25,27,야간,수,1,1,0,0,0,경기,부천시,차대사람,횡단중,횡단중,운전자법규위반,보행자 보호의무 위반,교차로,교차로내,승용차,중형,보행자,보행자,937953,1948085,126.7977557,37.52998874
2013,2013-09-30,15,야간,월,1,1,0,0,0,충북,청주시,차대사람,기타,기타,운전자법규위반,안전운전 의무 불이행,단일로,기타단일로,승용차,중형,보행자,보행자,1001626,1848247,127.5181873,36.63210516
2013,2013-10-01,20,야간,화,1,1,0,0,0,서울,마포구,차량단독,기타,기타,운전자법규위반,안전운전 의무 불이행,단일로,기타단일로,이륜차,중형,0,0,949352,1949967,126.9266324,37.54764817
2013,2013-09-29,24,주간,일,1,1,0,0,0,경남,창원시(통합),차대차,측면직각충돌,측면직각충돌,운전자법규위반,중앙선 침범,교차로,교차로부근,원동기장치자전거,원동기장치자전거,승용차,경형,1108112,1690091,128.6876962,35.20044855
2013,2013-09-29,33,주간,일,1,1,0,0,0,경기,과천시,차량단독,기타,기타,운전자법규위반,안전운전 의무 불이행,단일로,기타단일로,승용차,대형,0,0,956008,1937210,127.0027426,37.43300682
2012,2012-07-27,25,야간,금,1,1,0,0,0,경기,김포시,차대사람,기타,기타,운전자법규위반,안전운전 의무 불이행,교차로,교차로내,승용차,소형,보행자,보행자,929387,1958173,126.700613,37.61918892
2012,2012-07-27,36,야간,금,1,1,0,0,0,강원,원주시,차대사람,횡단중,횡단중,운전자법규위반,보행자 보호의무 위반,교차로,교차로내,승용차,소형,보행자,보행자,1040960,1935653,127.9629003,37.41911203
2012,2012-07-28,5,야간,토,1,1,0,0,0,울산,울주군,차대사람,보도통행중,보도통행중,운전자법규위반,안전운전 의무 불이행,단일로,기타단일로,화물차,소형,보행자,보행자,1141830,1736887,129.0660747,35.61793324
2012,2012-08-03,10,주간,금,1,4,1,2,0,전남,여수시,차대차,측면직각충돌,측면직각충돌,운전자법규위반,교차로 통행방법 위반,교차로,교차로내,건설기계,건설기계,승용차,대형,1022162,1650715,127.7427444,34.85075132
2012,2012-08-03,0,야간,금,1,5,3,1,0,전남,여수시,차대차,측면직각충돌,측면직각충돌,운전자법규위반,안전거리 미확보,단일로,기타단일로,승용차,소형,승용차,중형,1018078,1636969,127.6974577,34.72697466
2012,2012-08-02,27,주간,목,1,1,0,0,0,전남,나주시,차량단독,기타,기타,운전자법규위반,안전운전 의무 불이행,단일로,기타단일로,농기계,농기계,0,0,914636,1661536,126.5651597,34.94507489
2012,2012-08-01,30,주간,수,1,1,0,0,0,경기,양평군,차대차,추돌,주정차중 추돌,운전자법규위반,안전운전 의무 불이행,단일로,기타단일로,승용차,소형,승용차,대형,999590,1943441,127.4953621,37.49021717
2012,2012-07-30,0,야간,월,1,2,1,0,0,경남,창녕군,차대차,측면직각충돌,측면직각충돌,운전자법규위반,안전운전 의무 불이행,교차로,교차로내,승합차,중형,승용차,경형,1091101,1727330,128.5049512,35.53775422
2012,2012-07-31,30,야간,화,1,1,0,0,0,경기,평택시,차대사람,횡단중,횡단중,운전자법규위반,안전운전 의무 불이행,단일로,기타단일로,승용차,대형,보행자,보행자,961995,1892486,127.072526,37.01214467
2012,2012-07-30,10,주간,월,1,1,0,0,0,경북,안동시,차량단독,전도전복,전도전복,운전자법규위반,안전운전 의무 불이행,단일로,기타단일로,승용차,중형,0,0,1094281,1842883,128.5538243,36.57909159
2012,2012-06-12,32,주간,화,1,1,0,0,0,충남,부여군,차대차,측면직각충돌,측면직각충돌,운전자법규위반,안전운전 의무 불이행,단일로,기타단일로,이륜차,소형,특수차,대형,941701,1792073,126.8511334,36.12332465
2012,2012-06-17,50,야간,일,1,1,0,0,0,경북,포항시,차대사람,횡단중,횡단중,운전자법규위반,안전운전 의무 불이행,교차로,교차로내,승용차,중형,보행자,보행자,1165865,1797707,129.3440226,36.16226921
2012,2012-06-18,0,야간,월,1,1,0,0,0,서울,마포구,차량단독,공작물충돌,공작물충돌,운전자법규위반,안전운전 의무 불이행,단일로,기타단일로,이륜차,중형,0,0,948204,1951713,126.9135136,37.56332124
2012,2012-06-16,55,야간,토,1,2,0,1,0,인천,서구,차대차,추돌,진행중 추돌,운전자법규위반,안전운전 의무 불이행,단일로,기타단일로,이륜차,소형,승용차,중형,926495,1945667,126.6623514,37.51773105
2012,2012-06-22,35,야간,금,1,1,0,0,0,울산,남구,차대사람,횡단중,횡단중,운전자법규위반,보행자 보호의무 위반,단일로,기타단일로,승용차,소형,보행자,보행자,1167925,1729032,129.3524577,35.54305624
2012,2012-06-23,21,야간,토,1,1,0,0,0,경남,김해시,차량단독,도로이탈,도로이탈 추락,운전자법규위반,안전운전 의무 불이행,교차로,교차로내,원동기장치자전거,원동기장치자전거,0,0,1122685,1705722,128.8500282,35.33956773
2012,2012-06-21,55,야간,목,2,3,1,0,0,경남,양산시,차량단독,전도전복,전도전복,운전자법규위반,안전운전 의무 불이행,단일로,기타단일로,승용차,소형,0,0,1141182,1715933,129.0557125,35.42910114
2012,2012-06-22,30,야간,금,1,1,0,0,0,경북,안동시,차대사람,길가장자리구역통행중,길가장자리구역통행중,운전자법규위반,안전운전 의무 불이행,단일로,기타단일로,승용차,경형,보행자,보행자,1102593,1839709,128.6462926,36.54962596
2012,2012-06-21,5,야간,목,1,1,0,0,0,전남,광양시,차대차,기타,기타,운전자법규위반,안전운전 의무 불이행,단일로,기타단일로,승용차,경형,승용차,중형,1010813,1662798,127.6184388,34.95999445
2013,2013-10-25,25,야간,금,1,1,0,0,0,서울,은평구,차대차,정면충돌,정면충돌,운전자법규위반,중앙선 침범,단일로,기타단일로,불명,불명,이륜차,중형,948796,1954440,126.920026,37.58793304
2013,2013-10-04,50,주간,금,1,1,0,0,0,경북,칠곡군,차대사람,횡단중,횡단중,운전자법규위반,안전운전 의무 불이행,단일로,기타단일로,승용차,중형,보행자,보행자,1075072,1785663,128.3336276,36.06498697
2013,2013-10-05,25,주간,토,1,2,1,0,0,경남,함안군,차대차,정면충돌,정면충돌,운전자법규위반,중앙선 침범,교차로,교차로부근,승용차,대형,화물차,소형,1078151,1700075,128.3594995,35.29313435
2013,2013-10-10,15,야간,목,1,1,0,0,0,대전,서구,차대사람,기타,기타,운전자법규위반,안전운전 의무 불이행,단일로,기타단일로,승합차,중형,보행자,보행자,987784,1812250,127.3639287,36.30750771
2013,2013-10-10,20,주간,목,1,3,2,0,0,경기,가평군,차량단독,공작물충돌,공작물충돌,운전자법규위반,안전운전 의무 불이행,교차로,교차로내,승용차,중형,0,0,988144,1977457,127.3653326,37.79674171
2013,2013-10-11,15,주간,금,1,1,0,0,0,전남,광양시,차대사람,기타,기타,운전자법규위반,안전운전 의무 불이행,기타/불명,기타/불명,승용차,대형,보행자,보행자,1009501,1663288,127.6039916,34.9645029
2013,2013-10-10,40,야간,목,1,1,0,0,0,전남,화순군,차대사람,횡단중,횡단중,운전자법규위반,안전운전 의무 불이행,단일로,기타단일로,승합차,중형,보행자,보행자,952740,1674003,126.9816383,35.06005704
2013,2013-10-09,25,야간,수,1,2,0,1,0,제주,제주시,차량단독,공작물충돌,공작물충돌,운전자법규위반,과속,단일로,기타단일로,승용차,중형,0,0,905179,1499383,126.4793927,33.48207673
2013,2013-10-08,20,주간,화,1,1,0,0,0,광주,서구,차대차,측면직각충돌,측면직각충돌,운전자법규위반,안전운전 의무 불이행,교차로,교차로내,자전거,자전거,승용차,중형,940640,1685236,126.848314,35.16051893
2013,2013-10-09,3,야간,수,1,1,0,0,0,전북,김제시,차대차,추돌,진행중 추돌,운전자법규위반,안전운전 의무 불이행,단일로,기타단일로,승용차,소형,화물차,대형,943655,1767845,126.8755781,35.90561588
2013,2013-01-30,55,주간,수,1,1,0,0,0,경기,남양주시,차대사람,횡단중,횡단중,운전자법규위반,안전운전 의무 불이행,단일로,기타단일로,승용차,경형,보행자,보행자,972469,1967648,127.1876604,37.70799372
2013,2013-02-12,50,주간,화,1,1,0,0,0,경남,통영시,차대사람,횡단중,횡단중,운전자법규위반,안전운전 의무 불이행,단일로,횡단보도상,승합차,대형,보행자,보행자,1084897,1651632,128.4287208,34.85581571
2013,2013-04-23,10,야간,화,1,1,0,0,0,경남,거창군,차량단독,전도전복,전도전복,운전자법규위반,안전운전 의무 불이행,단일로,기타단일로,화물차,소형,0,0,1036067,1737480,127.8983375,35.63280112
2013,2013-11-17,25,주간,일,1,1,0,0,0,부산,사하구,차대사람,횡단중,횡단중,운전자법규위반,안전운전 의무 불이행,단일로,횡단보도상,승용차,중형,보행자,보행자,1133592,1679984,128.9658366,35.10616195
2013,2013-11-26,25,주간,화,1,1,0,0,0,제주,제주시,차대차,기타,기타,운전자법규위반,안전운전 의무 불이행,단일로,기타단일로,화물차,중형,자전거,자전거,882634,1488647,126.2381777,33.38302865
2013,2013-11-10,15,야간,일,1,1,0,0,0,충남,논산시,차량단독,공작물충돌,공작물충돌,운전자법규위반,안전운전 의무 불이행,단일로,기타단일로,승용차,중형,0,0,963941,1794781,127.0991553,36.14942082
2013,2013-11-09,46,야간,토,1,1,0,0,0,부산,북구,차대차,기타,기타,운전자법규위반,안전운전 의무 불이행,기타/불명,기타/불명,승용차,중형,승용차,중형,1137765,1694949,129.0142609,35.24032152
2013,2013-10-30,0,주간,수,1,1,0,0,0,경북,문경시,차량단독,전도전복,전도전복,운전자법규위반,안전운전 의무 불이행,단일로,기타단일로,농기계,농기계,0,0,1068289,1851520,128.264095,36.65916157
2013,2013-03-18,20,주간,월,1,2,1,0,0,경기,파주시,차대차,정면충돌,정면충돌,운전자법규위반,안전운전 의무 불이행,교차로,교차로부근,승용차,중형,화물차,대형,941391,1975924,126.8344283,37.78112162
2013,2013-08-08,0,야간,목,1,2,1,0,0,경기,평택시,차대차,측면직각충돌,측면직각충돌,운전자법규위반,교차로 통행방법 위반,교차로,교차로내,승용차,중형,승용차,중형,942216,1886583,126.8503686,36.97620624
2013,2013-08-19,10,주간,월,1,1,0,0,0,전남,광양시,차대사람,횡단중,횡단중,운전자법규위반,신호위반,교차로,교차로부근,화물차,소형,보행자,보행자,1017273,1661164,127.6891635,34.94517031
2013,2013-09-16,20,주간,월,1,1,0,0,0,경기,가평군,차량단독,전도전복,전도전복,운전자법규위반,안전운전 의무 불이행,교차로,교차로부근,농기계,농기계,0,0,1002018,1955782,127.5228616,37.60145184
2013,2013-09-18,3,야간,수,1,1,0,0,0,인천,부평구,차대차,측면직각충돌,측면직각충돌,운전자법규위반,안전운전 의무 불이행,단일로,기타단일로,승합차,대형,자전거,자전거,932850,1943742,126.7404015,37.49048837
2013,2013-10-02,0,주간,수,1,1,0,0,0,경남,김해시,차대차,기타,기타,운전자법규위반,안전운전 의무 불이행,단일로,기타단일로,승용차,대형,농기계,농기계,1135770,1697286,128.9925769,35.26183271
2013,2013-06-04,28,야간,화,1,1,0,0,0,전남,장성군,차대차,정면충돌,정면충돌,운전자법규위반,안전운전 의무 불이행,단일로,기타단일로,화물차,소형,자전거,자전거,930383,1698425,126.734489,35.27888811
2013,2013-05-25,50,주간,토,1,2,1,0,0,대전,동구,차량단독,도로이탈,도로이탈 기타,운전자법규위반,안전운전 의무 불이행,단일로,기타단일로,승용차,중형,0,0,997919,1815226,127.4768122,36.33441291
2013,2013-06-07,25,야간,금,1,2,1,0,0,인천,부평구,차대차,정면충돌,정면충돌,운전자법규위반,중앙선 침범,교차로,교차로부근,이륜차,소형,이륜차,대형,931295,1944158,126.722774,37.49412331
2013,2013-02-19,2,주간,화,1,1,0,0,0,서울,금천구,차대사람,횡단중,횡단중,운전자법규위반,안전운전 의무 불이행,교차로,교차로내,화물차,소형,보행자,보행자,946004,1940996,126.8893918,37.46660115
2013,2013-02-18,54,주간,월,1,1,0,0,0,대전,유성구,차대사람,기타,기타,운전자법규위반,과속,단일로,기타단일로,승용차,중형,보행자,보행자,986192,1818257,127.3460893,36.36164176
2013,2013-05-01,45,주간,수,1,1,0,0,0,경기,고양시,차대차,추돌,진행중 추돌,운전자법규위반,안전거리 미확보,단일로,기타단일로,자전거,자전거,승합차,대형,943698,1956808,126.8621032,37.60897788
2013,2013-05-03,24,주간,금,1,1,0,0,0,경기,안양시,차대사람,보도통행중,보도통행중,운전자법규위반,보행자 보호의무 위반,교차로,교차로부근,승합차,대형,보행자,보행자,950902,1933465,126.945279,37.39899487
2013,2013-03-13,45,주간,수,1,1,0,0,0,인천,서구,차대사람,횡단중,횡단중,운전자법규위반,안전운전 의무 불이행,교차로,교차로내,화물차,중형,보행자,보행자,928024,1944597,126.6857312,37.49783069
2013,2013-04-16,40,야간,화,1,1,0,0,0,전북,익산시,차대사람,차도통행중,차도통행중,운전자법규위반,안전운전 의무 불이행,교차로,교차로내,승용차,중형,보행자,보행자,950791,1773252,126.9543217,35.95474861
2013,2013-09-22,40,주간,일,1,1,0,0,0,전남,고흥군,차량단독,기타,기타,운전자법규위반,안전운전 의무 불이행,기타/불명,기타/불명,농기계,농기계,0,0,973607,1619643,127.2420314,34.57555878
2013,2013-10-06,30,주간,일,1,1,0,0,0,전남,나주시,차대차,측면직각충돌,측면직각충돌,운전자법규위반,교차로 통행방법 위반,교차로,교차로부근,자전거,자전거,승용차,중형,938684,1672457,126.8276907,35.04528883
2013,2013-06-09,15,야간,일,1,4,3,0,0,울산,동구,차량단독,공작물충돌,공작물충돌,운전자법규위반,안전운전 의무 불이행,단일로,기타단일로,승용차,중형,0,0,1172633,1725436,129.4036028,35.50984143
2013,2013-07-06,3,야간,토,1,1,0,0,0,서울,양천구,차대사람,기타,기타,운전자법규위반,안전운전 의무 불이행,단일로,기타단일로,승용차,대형,보행자,보행자,941298,1947354,126.8356702,37.52361927
2013,2013-05-29,40,주간,수,1,1,0,0,0,경남,창원시(통합),차량단독,공작물충돌,공작물충돌,운전자법규위반,안전운전 의무 불이행,단일로,기타단일로,화물차,중형,0,0,1107525,1694724,128.6768706,35.24336084
2013,2013-02-06,0,야간,수,1,1,0,0,0,전남,화순군,차대사람,차도통행중,차도통행중,운전자법규위반,안전운전 의무 불이행,단일로,기타단일로,승합차,중형,보행자,보행자,951896,1675189,126.9579882,35.07740917
2013,2013-01-31,30,주간,목,1,2,1,0,0,서울,도봉구,차대사람,횡단중,횡단중,운전자법규위반,신호위반,교차로,교차로내,화물차,소형,보행자,보행자,959410,1963590,127.0397356,37.67093309