발생년,발생년월일시분,발생분,주야,요일,사망자수,사상자수,중상자수,경상자수,부상신고자수,발생지시도,발생지시군구,사고유형_대분류,사고유형_중분류,사고유형,법규위반_대분류,법규위반,도로형태_대분류,도로형태,당사자종별_1당_대분류,당사자종별_1당,당사자종별_2당_대분류,당사자종별_2당,발생위치X_UTMK,발생위치Y_UTMK,경도,위도
2013,2013-04-14,19,야간,일,1,2,1,0,0,대구,동구,차대사람,횡단중,횡단중,운전자법규위반,안전운전 의무 불이행,단일로,횡단보도상,승용차,중형,보행자,보행자,1105748,1765387,128.6715066,35.8793646
2013,2013-04-12,58,야간,금,1,2,0,0,1,인천,남구,차대차,기타,기타,운전자법규위반,안전운전 의무 불이행,단일로,기타단일로,승용차,소형,승용차,중형,927574,1941952,126.6807124,37.47363093
2013,2013-04-13,0,야간,토,1,1,0,0,0,전북,순창군,차대차,추돌,주정차중 추돌,운전자법규위반,안전운전 의무 불이행,단일로,기타단일로,이륜차,소형,건설기계,건설기계,973801,1710508,127.2115181,35.38991746
2013,2013-04-12,30,주간,금,1,1,0,0,0,광주,광산구,차대차,측면직각충돌,측면직각충돌,운전자법규위반,교차로 통행방법 위반,교차로,교차로내,이륜차,소형,화물차,소형,937266,1686129,126.8111072,35.16847704
2013,2013-04-13,10,야간,토,1,1,0,0,0,서울,송파구,차대차,측면직각충돌,측면직각충돌,운전자법규위반,신호위반,교차로,교차로내,이륜차,중형,승용차,중형,964399,1945334,127.097194,37.50659335
2013,2013-04-14,30,야간,일,1,1,0,0,0,충남,공주시,차대사람,차도통행중,차도통행중,운전자법규위반,안전운전 의무 불이행,단일로,기타단일로,승용차,소형,보행자,보행자,978434,1820105,127.2595642,36.37815937
2013,2013-04-21,19,주간,일,1,1,0,0,0,강원,횡성군,차대사람,기타,기타,운전자법규위반,안전운전 의무 불이행,단일로,기타단일로,화물차,소형,보행자,보행자,1060428,1954066,128.1844147,37.58400264
2013,2013-04-18,30,주간,목,1,1,0,0,0,충남,예산군,차대사람,횡단중,횡단중,운전자법규위반,안전운전 의무 불이행,단일로,기타단일로,승용차,대형,보행자,보행자,928422,1860730,126.6982454,36.74193876
2013,2013-04-04,59,야간,목,1,1,0,0,0,제주,제주시,차대사람,횡단중,횡단중,운전자법규위반,안전운전 의무 불이행,단일로,기타단일로,화물차,소형,보행자,보행자,925898,1502421,126.7021292,33.51111158
2013,2013-04-05,20,야간,금,1,1,0,0,0,강원,춘천시,차대사람,기타,기타,운전자법규위반,안전운전 의무 불이행,단일로,기타단일로,승용차,중형,보행자,보행자,1020147,1986132,127.729064,37.87464884
2013,2013-02-27,0,야간,수,1,1,0,0,0,제주,제주시,차대사람,횡단중,횡단중,운전자법규위반,안전운전 의무 불이행,교차로,교차로부근,승용차,중형,보행자,보행자,884311,1483344,126.2568839,33.33538962
2013,2013-02-25,52,야간,월,1,1,0,0,0,경기,연천군,차량단독,공작물충돌,공작물충돌,운전자법규위반,안전운전 의무 불이행,단일로,기타단일로,승용차,경형,0,0,949033,1999489,126.9195426,37.99396201
2013,2013-03-01,30,야간,금,1,1,0,0,0,경기,부천시,차량단독,공작물충돌,공작물충돌,운전자법규위반,안전운전 의무 불이행,단일로,기타단일로,승용차,중형,0,0,936209,1947951,126.7780302,37.528662
2013,2013-03-04,25,주간,월,1,1,0,0,0,충남,부여군,차대차,기타,기타,운전자법규위반,직진 및 우회전차의 통행방해,교차로,교차로내,이륜차,소형,승용차,소형,955527,1795393,127.0055904,36.15458865
2013,2013-03-09,55,주간,토,1,1,0,0,0,경기,파주시,차량단독,기타,기타,운전자법규위반,안전운전 의무 불이행,단일로,기타단일로,승용차,소형,0,0,946096,1989135,126.8868711,37.90047713
2013,2013-03-09,20,야간,토,1,1,0,0,0,전북,전주시,차대사람,횡단중,횡단중,운전자법규위반,안전운전 의무 불이행,교차로,교차로부근,승용차,중형,보행자,보행자,966733,1756110,127.1318143,35.80087091
2013,2013-03-07,30,주간,목,1,1,0,0,0,전남,화순군,차량단독,전도전복,전도전복,운전자법규위반,안전운전 의무 불이행,단일로,기타단일로,화물차,소형,0,0,955010,1671755,127.0067309,35.03981875
2013,2013-03-06,0,주간,수,1,1,0,0,0,전북,임실군,차량단독,전도전복,전도전복,운전자법규위반,안전운전 의무 불이행,단일로,기타단일로,화물차,중형,0,0,980553,1735724,127.2854046,35.61730037
2013,2013-03-05,35,야간,화,1,1,0,0,0,전북,익산시,차대사람,기타,기타,운전자법규위반,안전운전 의무 불이행,단일로,기타단일로,화물차,중형,보행자,보행자,961285,1785679,127.0700784,36.06725903
2013,2013-03-14,0,주간,목,1,1,0,0,0,광주,서구,차량단독,기타,기타,운전자법규위반,안전운전 의무 불이행,단일로,기타단일로,화물차,중형,0,0,941516,1681995,126.8582419,35.13144782
2013,2013-03-13,10,야간,수,1,1,0,0,0,대구,달성군,차량단독,공작물충돌,공작물충돌,운전자법규위반,안전운전 의무 불이행,단일로,기타단일로,이륜차,중형,0,0,1091474,1756783,128.5124128,35.80323961
2013,2013-03-14,0,주간,목,1,1,0,0,0,경북,군위군,차대차,측면직각충돌,측면직각충돌,운전자법규위반,안전운전 의무 불이행,단일로,기타단일로,화물차,대형,자전거,자전거,1106173,1798900,128.680714,36.1814043
2013,2013-03-18,35,주간,월,1,1,0,0,0,전북,군산시,차대차,추돌,진행중 추돌,운전자법규위반,안전운전 의무 불이행,단일로,기타단일로,승용차,중형,이륜차,소형,937131,1780122,126.80231,36.01589945
2013,2013-03-18,10,야간,월,1,1,0,0,0,인천,부평구,차대사람,기타,기타,운전자법규위반,안전운전 의무 불이행,단일로,기타단일로,화물차,소형,보행자,보행자,930295,1942815,126.7115897,37.48194412
2013,2013-03-13,50,야간,수,1,1,0,0,0,경기,안성시,차대사람,횡단중,횡단중,운전자법규위반,안전운전 의무 불이행,단일로,기타단일로,화물차,소형,보행자,보행자,982923,1897671,127.3078769,37.07749103
2013,2013-03-14,20,주간,목,1,1,0,0,0,울산,북구,차대사람,횡단중,횡단중,운전자법규위반,신호위반,교차로,교차로내,승용차,중형,보행자,보행자,1171040,1728676,129.38746,35.53812297
2013,2013-03-14,5,주간,목,1,1,0,0,0,인천,옹진군,차량단독,전도전복,전도전복,운전자법규위반,안전운전 의무 불이행,단일로,기타단일로,이륜차,사발이,0,0,909246,1918329,126.4765448,37.25943762
2013,2013-04-18,35,주간,목,1,1,0,0,0,경남,통영시,차대사람,차도통행중,차도통행중,운전자법규위반,안전운전 의무 불이행,단일로,기타단일로,승용차,중형,보행자,보행자,1083290,1655826,128.4115606,34.89376381
2013,2013-04-06,55,야간,토,1,1,0,0,0,경기,김포시,차량단독,전도전복,전도전복,운전자법규위반,안전운전 의무 불이행,단일로,기타단일로,이륜차,소형,0,0,929961,1959083,126.7062586,37.62853773
2013,2013-04-03,50,주간,수,1,1,0,0,0,경기,성남시,차대차,측면직각충돌,측면직각충돌,운전자법규위반,안전운전 의무 불이행,교차로,교차로내,승용차,중형,이륜차,중형,969007,1939487,127.1467498,37.45051656
2013,2013-04-04,41,주간,목,1,1,0,0,0,경기,동두천시,차대차,측면직각충돌,측면직각충돌,운전자법규위반,신호위반,교차로,교차로내,화물차,소형,이륜차,대형,961164,1989832,127.0582183,37.90752701
2013,2013-04-03,30,야간,수,1,1,0,0,0,경기,포천시,차대사람,횡단중,횡단중,운전자법규위반,안전운전 의무 불이행,교차로,교차로내,승용차,중형,보행자,보행자,967931,1979645,127.1356865,37.81659358
2013,2013-04-01,30,주간,월,1,1,0,0,0,충남,당진시,차대차,추돌,진행중 추돌,운전자법규위반,안전운전 의무 불이행,단일로,기타단일로,화물차,소형,이륜차,소형,915948,1875818,126.5552199,36.86981279
2013,2013-04-03,0,주간,수,1,1,0,0,0,전남,담양군,차대차,측면직각충돌,측면직각충돌,운전자법규위반,안전운전 의무 불이행,교차로,교차로내,승합차,중형,자전거,자전거,952699,1703371,126.9795799,35.3247882
2013,2013-04-07,30,야간,일,1,1,0,0,0,울산,중구,차대사람,횡단중,횡단중,운전자법규위반,안전운전 의무 불이행,교차로,교차로부근,승용차,중형,보행자,보행자,1163708,1730343,129.3062241,35.55557669
2013,2013-04-06,32,야간,토,1,16,2,13,0,서울,구로구,차대사람,기타,기타,운전자법규위반,안전운전 의무 불이행,단일로,기타단일로,승용차,중형,보행자,보행자,943098,1943397,126.8563459,37.48806731
2013,2013-04-08,40,주간,월,1,1,0,0,0,경기,양평군,차대차,기타,기타,운전자법규위반,안전운전 의무 불이행,교차로,교차로부근,불명,불명,이륜차,소형,999048,1939505,127.4892361,37.45473881
2013,2013-04-08,50,야간,월,1,2,0,1,0,충북,증평군,차대차,측면직각충돌,측면직각충돌,운전자법규위반,신호위반,교차로,교차로내,화물차,소형,승용차,중형,1007993,1866639,127.5895965,36.79787416
2013,2013-04-14,5,주간,일,1,1,0,0,0,서울,관악구,차대사람,횡단중,횡단중,운전자법규위반,안전운전 의무 불이행,단일로,기타단일로,화물차,소형,보행자,보행자,948198,1942915,126.9140662,37.48402314
2013,2013-04-16,40,주간,화,1,2,0,1,0,충북,진천군,차대차,추돌,진행중 추돌,운전자법규위반,안전거리 미확보,단일로,기타단일로,화물차,중형,화물차,중형,1002418,1863720,127.527095,36.77159075
2013,2013-04-15,50,야간,월,1,1,0,0,0,전남,신안군,차량단독,도로이탈,도로이탈 추락,운전자법규위반,안전운전 의무 불이행,단일로,기타단일로,화물차,경형,0,0,874306,1645224,126.1260404,34.79382064
2013,2013-04-15,28,주간,월,3,18,12,3,0,전남,여수시,차대차,추돌,진행중 추돌,운전자법규위반,과속,단일로,터널안,승용차,소형,승합차,소형,1018039,1644618,127.7110663,34.78246533
2013,2013-04-16,3,주간,화,1,1,0,0,0,서울,동작구,차대사람,기타,기타,운전자법규위반,기타(운전자법규위반),단일로,기타단일로,승합차,소형,보행자,보행자,950114,1943924,126.9355661,37.49333968
2013,2013-04-17,0,주간,수,1,1,0,0,0,경남,창원시(통합),차량단독,기타,기타,운전자법규위반,안전운전 의무 불이행,단일로,기타단일로,승용차,경형,0,0,1099836,1687933,128.5964805,35.18173934
2013,2013-04-15,10,주간,월,1,1,0,0,0,부산,사하구,차대차,측면직각충돌,측면직각충돌,운전자법규위반,안전거리 미확보,교차로,교차로부근,이륜차,중형,화물차,대형,1136555,1677939,128.9981522,35.0873232
2013,2013-04-16,30,주간,화,1,1,0,0,0,광주,남구,차대사람,차도통행중,차도통행중,운전자법규위반,안전운전 의무 불이행,단일로,기타단일로,승용차,중형,보행자,보행자,943513,1679309,126.8801691,35.10735378
2013,2013-04-11,10,야간,목,1,1,0,0,0,경기,의왕시,차대사람,기타,기타,운전자법규위반,안전운전 의무 불이행,기타/불명,기타/불명,승용차,대형,보행자,보행자,954107,1932754,126.9815326,37.39275063
2013,2013-04-12,0,주간,금,1,1,0,0,0,충남,아산시,차대차,기타,기타,운전자법규위반,안전운전 의무 불이행,단일로,기타단일로,건설기계,건설기계,자전거,자전거,957227,1867593,127.0204951,36.80554131
2013,2013-02-22,50,야간,금,1,2,0,1,0,경기,남양주시,차량단독,공작물충돌,공작물충돌,운전자법규위반,안전운전 의무 불이행,단일로,기타단일로,승용차,대형,0,0,972762,1961126,127.1912281,37.64921798
2013,2013-02-26,40,주간,화,1,1,0,0,0,경남,창원시(통합),차량단독,기타,기타,운전자법규위반,안전운전 의무 불이행,단일로,기타단일로,승합차,경형,0,0,1098846,1694008,128.5863387,35.23660647
2013,2013-02-27,15,주간,수,1,1,0,0,0,경남,창원시(통합),차대차,기타,기타,운전자법규위반,안전운전 의무 불이행,단일로,기타단일로,승용차,중형,자전거,자전거,1105591,1684897,128.6592869,35.15378012
2013,2013-02-26,43,주간,화,1,1,0,0,0,경북,울진군,차대사람,횡단중,횡단중,운전자법규위반,안전운전 의무 불이행,단일로,기타단일로,승용차,소형,보행자,보행자,1176083,1860146,129.4717521,36.72303926
2013,2013-07-19,50,주간,금,1,1,0,0,0,충남,태안군,차대차,기타,기타,운전자법규위반,안전운전 의무 불이행,교차로,교차로부근,승용차,소형,원동기장치자전거,원동기장치자전거,887765,1861332,126.2428339,36.74342548
2013,2013-07-18,39,야간,목,1,2,1,0,0,전북,완주군,차대사람,차도통행중,차도통행중,운전자법규위반,안전운전 의무 불이행,단일로,기타단일로,승용차,중형,보행자,보행자,956828,1758287,127.0220752,35.82011288
2013,2013-07-18,20,야간,목,1,1,0,0,0,경북,상주시,차량단독,도로이탈,도로이탈 기타,운전자법규위반,안전운전 의무 불이행,단일로,기타단일로,승용차,경형,0,0,1057424,1842161,128.1418329,36.57551324
2013,2013-07-18,45,야간,목,1,1,0,0,0,대전,유성구,차대사람,횡단중,횡단중,운전자법규위반,안전운전 의무 불이행,단일로,기타단일로,화물차,대형,보행자,보행자,989666,1825366,127.3847175,36.42577536
2013,2013-07-16,5,주간,화,1,1,0,0,0,경기,안산시,차대사람,기타,기타,운전자법규위반,안전운전 의무 불이행,교차로,교차로내,승합차,중형,보행자,보행자,942813,1922002,126.8547772,37.29521105
2013,2013-07-14,35,주간,일,1,1,0,0,0,충북,충주시,차량단독,공작물충돌,공작물충돌,운전자법규위반,안전운전 의무 불이행,단일로,기타단일로,승용차,중형,0,0,1034738,1884816,127.8893936,36.96115059
2013,2013-07-21,10,야간,일,2,4,2,0,0,경기,가평군,차대차,기타,기타,운전자법규위반,과속,단일로,기타단일로,승용차,중형,화물차,중형,984297,1980189,127.321577,37.82130759
2013,2013-07-21,5,야간,일,1,1,0,0,0,대구,수성구,차대사람,횡단중,횡단중,운전자법규위반,과속,단일로,기타단일로,승용차,중형,보행자,보행자,1107786,1759948,128.6933447,35.83011407
2013,2013-10-03,40,야간,목,1,1,0,0,0,전북,전주시,차대사람,기타,기타,운전자법규위반,안전운전 의무 불이행,교차로,교차로내,승용차,소형,보행자,보행자,965659,1755199,127.119967,35.7926203
2013,2013-09-05,20,야간,목,1,1,0,0,0,경기,수원시,차대사람,횡단중,횡단중,운전자법규위반,안전운전 의무 불이행,단일로,기타단일로,승합차,소형,보행자,보행자,956254,1920430,127.0065144,37.28177114
2013,2013-09-02,0,야간,월,1,2,0,1,0,전남,장흥군,차량단독,도로이탈,도로이탈 추락,운전자법규위반,안전운전 의무 불이행,단일로,기타단일로,원동기장치자전거,원동기장치자전거,0,0,945882,1610989,126.9105643,34.49142488
2013,2013-09-02,10,주간,월,1,1,0,0,0,전남,장성군,차량단독,공작물충돌,공작물충돌,운전자법규위반,안전운전 의무 불이행,단일로,기타단일로,승용차,중형,0,0,937862,1714481,126.8155025,35.42414582
2013,2013-09-01,50,주간,일,1,1,0,0,0,충북,청원군,차대차,기타,기타,운전자법규위반,교차로 통행방법 위반,교차로,교차로내,승용차,대형,농기계,농기계,1003745,1856066,127.5418041,36.70258699
2013,2013-09-02,10,주간,월,1,1,0,0,0,충북,괴산군,차대차,추돌,진행중 추돌,운전자법규위반,안전운전 의무 불이행,단일로,기타단일로,화물차,소형,농기계,농기계,1024550,1848457,127.7746049,36.63368323
2013,2013-05-24,10,야간,금,1,1,0,0,0,전남,무안군,차대사람,기타,기타,운전자법규위반,안전운전 의무 불이행,단일로,기타단일로,승용차,중형,보행자,보행자,905633,1665166,126.4661684,34.97700439
2013,2013-06-01,20,주간,토,1,1,0,0,0,강원,원주시,차대차,측면직각충돌,측면직각충돌,운전자법규위반,안전운전 의무 불이행,교차로,교차로부근,자전거,자전거,화물차,소형,1039119,1930370,127.9418743,37.3715647
2013,2013-06-01,19,주간,토,1,1,0,0,0,서울,강동구,차대차,정면충돌,정면충돌,운전자법규위반,안전운전 의무 불이행,단일로,기타단일로,자전거,자전거,자전거,자전거,969147,1952036,127.1506323,37.56717241
2013,2013-06-02,10,야간,일,1,1,0,0,0,경북,구미시,차량단독,전도전복,전도전복,운전자법규위반,안전운전 의무 불이행,교차로,교차로내,이륜차,중형,0,0,1077092,1790710,128.3558592,36.11202283
2013,2013-06-01,38,주간,토,1,1,0,0,0,경남,함안군,차대차,측면직각충돌,측면직각충돌,운전자법규위반,안전운전 의무 불이행,교차로,교차로내,이륜차,중형,승용차,소형,1091950,1700483,128.5112862,35.29563918
2013,2013-05-30,20,주간,목,1,2,1,0,0,충북,진천군,차대차,측면직각충돌,측면직각충돌,운전자법규위반,교차로 통행방법 위반,교차로,교차로내,화물차,대형,원동기장치자전거,원동기장치자전거,993646,1883098,127.4286377,36.94625817
2013,2013-06-06,33,주간,목,1,1,0,0,0,경남,거창군,차대차,정면충돌,정면충돌,운전자법규위반,중앙선 침범,단일로,기타단일로,승용차,중형,원동기장치자전거,원동기장치자전거,1037289,1743101,127.9120937,35.68343593
2013,2013-06-04,16,주간,화,1,1,0,0,0,대구,달서구,차대사람,기타,기타,운전자법규위반,보행자 보호의무 위반,단일로,횡단보도상,승용차,중형,보행자,보행자,1093426,1759884,128.5343766,35.83101049
2013,2013-06-03,55,야간,월,1,1,0,0,0,경남,양산시,차대사람,횡단중,횡단중,운전자법규위반,신호위반,교차로,교차로내,승용차,중형,보행자,보행자,1137510,1704280,129.0128725,35.32463816
2013,2013-06-08,30,주간,토,1,1,0,0,0,서울,중랑구,차대차,측면직각충돌,측면직각충돌,운전자법규위반,신호위반,교차로,교차로내,이륜차,소형,화물차,중형,962917,1952568,127.0800938,37.57171975
2013,2013-06-07,20,야간,금,1,1,0,0,0,경기,용인시,차대차,정면충돌,정면충돌,운전자법규위반,중앙선 침범,단일로,기타단일로,원동기장치자전거,원동기장치자전거,화물차,중형,982890,1908938,127.3072483,37.17905323
2013,2013-06-07,20,야간,금,1,1,0,0,0,경북,상주시,차량단독,전도전복,전도전복,운전자법규위반,안전운전 의무 불이행,단일로,기타단일로,농기계,농기계,0,0,1064135,1816342,128.2146982,36.34233924
2013,2013-06-09,31,주간,일,1,1,0,0,0,서울,송파구,차대차,측면직각충돌,측면직각충돌,운전자법규위반,안전운전 의무 불이행,단일로,기타단일로,자전거,자전거,승합차,대형,965668,1944637,127.1114956,37.50044259
2013,2013-06-14,50,야간,금,1,1,0,0,0,경북,영천시,차대차,추돌,진행중 추돌,운전자법규위반,차로위반(진로변경 위반),단일로,기타단일로,화물차,소형,이륜차,대형,1125826,1772305,128.8949762,35.93934441
2013,2013-06-13,58,주간,목,2,2,0,0,0,경기,동두천시,차대차,측면직각충돌,측면직각충돌,운전자법규위반,교차로 통행방법 위반,교차로,교차로내,건설기계,건설기계,이륜차,사발이,960017,1989597,127.045184,37.90535932
2013,2013-06-14,5,주간,금,1,1,0,0,0,대전,대덕구,차량단독,전도전복,전도전복,운전자법규위반,안전운전 의무 불이행,단일로,기타단일로,자전거,자전거,0,0,996961,1828960,127.4660839,36.4582271
2013,2013-06-19,0,주간,수,1,1,0,0,0,경북,경주시,차량단독,기타,기타,운전자법규위반,안전운전 의무 불이행,교차로,교차로내,승용차,중형,0,0,1157293,1759531,129.2414679,35.81921624
2013,2013-06-18,30,주간,화,1,1,0,0,0,전남,장성군,차량단독,전도전복,전도전복,운전자법규위반,안전운전 의무 불이행,단일로,기타단일로,농기계,농기계,0,0,938544,1695763,126.824421,35.25542097
2013,2013-06-28,58,주간,금,1,1,0,0,0,부산,수영구,차대사람,횡단중,횡단중,운전자법규위반,안전운전 의무 불이행,단일로,기타단일로,건설기계,건설기계,보행자,보행자,1145686,1687595,129.0998358,35.17308841
2013,2013-06-29,20,주간,토,1,1,0,0,0,경북,경주시,차량단독,전도전복,전도전복,운전자법규위반,안전운전 의무 불이행,단일로,기타단일로,승용차,중형,0,0,1170363,1743219,129.3823327,35.67048863
2013,2013-07-07,20,주간,일,2,12,8,2,0,경남,진주시,차량단독,전도전복,전도전복,운전자법규위반,안전운전 의무 불이행,단일로,기타단일로,승합차,대형,0,0,1057644,1693798,128.1335386,35.2379302
2013,2013-07-06,45,야간,토,1,1,0,0,0,경남,김해시,차대차,측면직각충돌,측면직각충돌,운전자법규위반,안전거리 미확보,단일로,기타단일로,승용차,중형,이륜차,중형,1127431,1694942,128.9005645,35.24179907
2013,2013-07-08,27,주간,월,1,1,0,0,0,전북,전주시,차대차,추돌,주정차중 추돌,운전자법규위반,안전운전 의무 불이행,단일로,기타단일로,이륜차,소형,승용차,중형,967276,1760679,127.1376367,35.84208341
2013,2013-07-08,25,야간,월,1,1,0,0,0,경북,경주시,차대사람,횡단중,횡단중,운전자법규위반,안전운전 의무 불이행,단일로,기타단일로,화물차,중형,보행자,보행자,1156269,1766544,129.2298943,35.88132817
2013,2013-04-09,50,야간,화,1,2,0,1,0,경기,여주시,차대차,추돌,진행중 추돌,운전자법규위반,안전운전 의무 불이행,단일로,기타단일로,승용차,대형,건설기계,건설기계,1009378,1922093,127.6058131,37.29774275
2013,2013-07-02,20,야간,화,1,1,0,0,0,경남,창원시(통합),차대사람,차도통행중,차도통행중,운전자법규위반,안전거리 미확보,단일로,기타단일로,승합차,대형,보행자,보행자,1092243,1684039,128.5129046,35.14722083
2013,2013-05-28,25,야간,화,1,2,0,1,0,경북,경주시,차대차,정면충돌,정면충돌,운전자법규위반,중앙선 침범,단일로,기타단일로,승용차,소형,화물차,대형,1162989,1748312,129.3019271,35.71763238
2013,2013-05-24,50,주간,금,1,1,0,0,0,경기,용인시,차대차,측면직각충돌,측면직각충돌,운전자법규위반,신호위반,교차로,교차로내,화물차,소형,승용차,경형,984347,1916467,127.3255908,37.25147381
2013,2013-05-19,23,야간,일,1,1,0,0,0,경기,김포시,차대사람,기타,기타,운전자법규위반,안전운전 의무 불이행,단일로,기타단일로,승용차,중형,보행자,보행자,931416,1957967,126.7228512,37.61858938
2012,2012-04-22,7,야간,일,1,4,1,2,0,충남,서산시,차대차,기타,기타,운전자법규위반,안전운전 의무 불이행,단일로,기타단일로,승용차,중형,화물차,소형,916970,1867359,126.5692623,36.80075655
2013,2013-04-09,35,야간,화,1,1,0,0,0,전북,군산시,차대사람,횡단중,횡단중,운전자법규위반,안전운전 의무 불이행,교차로,교차로내,화물차,소형,보행자,보행자,930857,1775693,126.7330762,35.97554617
2013,2013-04-08,55,야간,월,1,1,0,0,0,인천,연수구,차대차,기타,기타,운전자법규위반,신호위반,교차로,교차로내,이륜차,소형,승용차,중형,924849,1933379,126.6509592,37.39647258
2013,2013-04-08,50,야간,월,1,2,1,0,0,경북,포항시,차대차,추돌,진행중 추돌,운전자법규위반,안전운전 의무 불이행,단일로,기타단일로,특수차,대형,농기계,농기계,1168034,1807009,129.3701187,36.24571418
2013,2013-04-08,25,야간,월,1,1,0,0,0,경남,창원시(통합),차대차,추돌,진행중 추돌,운전자법규위반,안전운전 의무 불이행,단일로,기타단일로,화물차,경형,특수차,대형,1115346,1680713,128.7657811,35.11498923
2013,2013-04-17,30,주간,수,1,1,0,0,0,전남,화순군,차량단독,공작물충돌,공작물충돌,운전자법규위반,안전운전 의무 불이행,단일로,기타단일로,승용차,소형,0,0,946374,1669276,126.9209253,35.01995332
2013,2013-03-03,50,야간,일,1,1,0,0,0,경기,하남시,차대사람,횡단중,횡단중,운전자법규위반,안전운전 의무 불이행,단일로,횡단보도부근,승용차,중형,보행자,보행자,975381,1947070,127.2211822,37.5227524
2013,2013-02-28,40,야간,목,1,1,0,0,0,서울,강서구,차대사람,기타,기타,운전자법규위반,안전운전 의무 불이행,단일로,기타단일로,승합차,대형,보행자,보행자,942133,1949834,126.8449238,37.54602434
2013,2013-03-01,35,야간,금,1,1,0,0,0,서울,관악구,차대사람,기타,기타,운전자법규위반,안전운전 의무 불이행,단일로,기타단일로,승용차,중형,보행자,보행자,950141,1943161,126.9360259,37.48634735
2013,2013-03-02,40,야간,토,1,1,0,0,0,서울,마포구,차대사람,횡단중,횡단중,운전자법규위반,안전운전 의무 불이행,단일로,기타단일로,승용차,소형,보행자,보행자,951352,1949624,126.9492955,37.54466442
2013,2013-03-04,25,야간,월,1,1,0,0,0,서울,영등포구,차대사람,기타,기타,운전자법규위반,안전운전 의무 불이행,단일로,기타단일로,불명,불명,보행자,보행자,945358,1947209,126.8816254,37.52256187
2013,2013-03-03,30,야간,일,1,1,0,0,0,경북,포항시,차대사람,기타,기타,운전자법규위반,안전운전 의무 불이행,단일로,횡단보도부근,승용차,중형,보행자,보행자,1165744,1792121,129.341501,36.1119541
2013,2013-03-09,17,야간,토,1,1,0,0,0,전남,목포시,차대사람,횡단중,횡단중,운전자법규위반,신호위반,교차로,교차로부근,승용차,중형,보행자,보행자,897390,1647017,126.3781046,34.81257316
2013,2013-03-07,25,야간,목,1,1,0,0,0,경기,용인시,차대사람,기타,기타,운전자법규위반,안전운전 의무 불이행,교차로,교차로부근,승용차,중형,보행자,보행자,978077,1926412,127.2525134,37.33646243
2013,2013-03-08,0,야간,금,2,2,0,0,0,경남,산청군,차량단독,도로이탈,도로이탈 추락,운전자법규위반,안전운전 의무 불이행,단일로,기타단일로,화물차,소형,0,0,1021650,1695529,127.7379963,35.2549628
2013,2013-03-06,40,주간,수,1,1,0,0,0,경남,거창군,차대사람,횡단중,횡단중,운전자법규위반,과속,단일로,기타단일로,승용차,소형,보행자,보행자,1032061,1745038,127.8543956,35.70108428
2013,2013-03-05,10,야간,화,1,1,0,0,0,충남,천안시,차량단독,공작물충돌,공작물충돌,운전자법규위반,안전운전 의무 불이행,단일로,기타단일로,승용차,중형,0,0,965988,1865671,127.1187936,36.7885708
2013,2013-03-13,23,주간,수,1,6,5,0,0,서울,강남구,차대차,측면직각충돌,측면직각충돌,운전자법규위반,중앙선 침범,단일로,기타단일로,승용차,중형,승용차,중형,962453,1944394,127.0752246,37.49804361
2013,2013-03-15,35,주간,금,1,1,0,0,0,충북,충주시,차대사람,기타,기타,운전자법규위반,안전운전 의무 불이행,교차로,교차로부근,승용차,중형,보행자,보행자,1038925,1885010,127.9372626,36.96271023
2013,2013-03-13,5,주간,수,1,1,0,0,0,경기,고양시,차대사람,횡단중,횡단중,운전자법규위반,안전운전 의무 불이행,단일로,기타단일로,이륜차,소형,보행자,보행자,942228,1967856,126.8445744,37.70846046
2013,2013-03-13,50,야간,수,1,1,0,0,0,충남,천안시,차량단독,공작물충돌,공작물충돌,운전자법규위반,안전운전 의무 불이행,단일로,기타단일로,승용차,중형,0,0,966672,1880300,127.1275561,36.92080664
2013,2013-03-13,10,주간,수,1,1,0,0,0,경남,김해시,차량단독,전도전복,전도전복,운전자법규위반,안전운전 의무 불이행,단일로,기타단일로,승용차,중형,0,0,1119651,1699944,128.8158059,35.28784966
2013,2013-08-21,30,주간,수,1,1,0,0,0,전남,해남군,차량단독,전도전복,전도전복,운전자법규위반,안전운전 의무 불이행,단일로,기타단일로,농기계,농기계,0,0,916520,1614246,126.5904732,34.51883244
2013,2013-08-21,40,주간,수,1,1,0,0,0,충남,천안시,차대차,추돌,진행중 추돌,운전자법규위반,신호위반,교차로,교차로내,승용차,대형,이륜차,소형,976175,1860550,127.2331281,36.74271769
2013,2013-08-30,55,주간,금,1,1,0,0,0,충남,태안군,차대사람,길가장자리구역통행중,길가장자리구역통행중,운전자법규위반,안전운전 의무 불이행,단일로,기타단일로,건설기계,건설기계,보행자,보행자,890811,1862785,126.2777575,36.75685094
2013,2013-08-29,15,야간,목,1,2,1,0,0,서울,구로구,차대사람,횡단중,횡단중,운전자법규위반,안전운전 의무 불이행,단일로,기타단일로,승용차,중형,보행자,보행자,945798,1942641,126.8869413,37.48141579
2013,2013-08-31,30,주간,토,1,1,0,0,0,경기,부천시,차대차,측면직각충돌,측면직각충돌,운전자법규위반,차로위반(진로변경 위반),교차로,교차로부근,자전거,자전거,승용차,소형,934689,1946732,126.760937,37.51756889