발생년,발생년월일시분,발생분,주야,요일,사망자수,사상자수,중상자수,경상자수,부상신고자수,발생지시도,발생지시군구,사고유형_대분류,사고유형_중분류,사고유형,법규위반_대분류,법규위반,도로형태_대분류,도로형태,당사자종별_1당_대분류,당사자종별_1당,당사자종별_2당_대분류,당사자종별_2당,발생위치X_UTMK,발생위치Y_UTMK,경도,위도
2013,2013-08-28,42,야간,수,1,1,0,0,0,서울,구로구,차대사람,횡단중,횡단중,운전자법규위반,안전운전 의무 불이행,단일로,기타단일로,화물차,소형,보행자,보행자,946500,1942914,126.894962,37.48403501
2013,2013-08-27,30,주간,화,1,1,0,0,0,충북,영동군,차대차,기타,기타,운전자법규위반,안전운전 의무 불이행,단일로,기타단일로,원동기장치자전거,원동기장치자전거,화물차,중형,1029601,1806609,127.8306037,36.24007085
2013,2013-07-14,45,야간,일,1,1,0,0,0,광주,북구,차대사람,차도통행중,차도통행중,운전자법규위반,안전운전 의무 불이행,단일로,기타단일로,승용차,중형,보행자,보행자,946378,1686245,126.911155,35.17005067
2013,2013-07-11,50,주간,목,1,1,0,0,0,경남,진주시,차대차,측면직각충돌,측면직각충돌,운전자법규위반,직진 및 우회전차의 통행방해,교차로,교차로내,화물차,중형,이륜차,사발이,1062648,1677827,128.1873192,35.09362664
2013,2013-07-18,43,야간,목,1,1,0,0,0,서울,마포구,차대사람,기타,기타,운전자법규위반,안전운전 의무 불이행,교차로,교차로부근,승용차,중형,보행자,보행자,951523,1949530,126.9512374,37.54382619
2013,2013-07-24,55,야간,수,1,1,0,0,0,경기,화성시,차대차,기타,기타,운전자법규위반,안전운전 의무 불이행,단일로,기타단일로,승용차,경형,이륜차,사발이,948832,1906041,126.9237799,37.15169521
2013,2013-07-24,40,야간,수,1,13,7,5,0,전남,나주시,차량단독,기타,기타,운전자법규위반,기타(운전자법규위반),단일로,기타단일로,승합차,소형,0,0,934189,1670955,126.7785269,35.03146268
2013,2013-07-23,45,주간,화,1,1,0,0,0,경북,예천군,차량단독,공작물충돌,공작물충돌,운전자법규위반,안전운전 의무 불이행,단일로,기타단일로,승용차,경형,0,0,1086280,1853823,128.4656349,36.67845861
2013,2013-07-22,20,주간,월,2,3,1,0,0,경남,양산시,차량단독,공작물충돌,공작물충돌,운전자법규위반,안전운전 의무 불이행,단일로,기타단일로,승용차,중형,0,0,1147598,1706065,129.1241432,35.33928744
2013,2013-07-21,10,야간,일,1,2,0,0,1,경남,창원시(통합),차대차,측면직각충돌,측면직각충돌,운전자법규위반,부당한 회전,단일로,기타단일로,승용차,중형,이륜차,중형,1103321,1697000,128.6358877,35.26312886
2013,2013-07-28,55,야간,일,1,4,2,1,0,전남,순천시,차대차,기타,기타,운전자법규위반,안전운전 의무 불이행,단일로,기타단일로,승용차,중형,승용차,중형,1005821,1659618,127.5637374,34.93135976
2013,2013-07-27,50,주간,토,1,5,1,3,0,경남,통영시,차량단독,전도전복,전도전복,운전자법규위반,안전운전 의무 불이행,단일로,기타단일로,승합차,소형,0,0,1085407,1654969,128.4346397,34.88586081
2013,2013-07-26,13,주간,금,1,1,0,0,0,강원,횡성군,차대차,기타,기타,운전자법규위반,직진 및 우회전차의 통행방해,교차로,교차로내,화물차,소형,원동기장치자전거,원동기장치자전거,1042679,1943136,127.9827719,37.48643125
2013,2013-08-03,0,주간,토,1,1,0,0,0,경기,양평군,차량단독,전도전복,전도전복,운전자법규위반,안전운전 의무 불이행,단일로,기타단일로,원동기장치자전거,원동기장치자전거,0,0,1023792,1939762,127.7690152,37.45674965
2013,2013-07-31,0,야간,수,1,1,0,0,0,전남,해남군,차량단독,기타,기타,운전자법규위반,안전운전 의무 불이행,단일로,기타단일로,원동기장치자전거,원동기장치자전거,0,0,905880,1625612,126.4733053,34.62039737
2013,2013-08-10,10,주간,토,1,1,0,0,0,대전,유성구,차대사람,기타,기타,운전자법규위반,안전운전 의무 불이행,교차로,교차로부근,화물차,대형,보행자,보행자,984010,1820291,127.3217259,36.37994516
2013,2013-08-08,20,주간,목,1,2,0,1,0,전남,고흥군,차대사람,횡단중,횡단중,운전자법규위반,안전운전 의무 불이행,교차로,교차로내,화물차,중형,보행자,보행자,980946,1612293,127.2924366,34.50442992
2013,2013-03-17,6,야간,일,1,1,0,0,0,서울,관악구,차대차,추돌,주정차중 추돌,운전자법규위반,안전운전 의무 불이행,단일로,기타단일로,이륜차,소형,화물차,중형,949355,1943542,126.9271093,37.48973861
2013,2013-03-18,26,야간,월,1,1,0,0,0,경남,김해시,차대사람,횡단중,횡단중,운전자법규위반,안전운전 의무 불이행,교차로,교차로부근,화물차,소형,보행자,보행자,1126081,1693235,128.8854691,35.22658219
2013,2013-03-24,34,야간,일,2,3,1,0,0,경기,고양시,차량단독,공작물충돌,공작물충돌,운전자법규위반,안전운전 의무 불이행,단일로,기타단일로,승용차,중형,0,0,940251,1956299,126.823093,37.60417277
2013,2013-03-23,15,주간,토,1,1,0,0,0,경남,창원시(통합),차대사람,횡단중,횡단중,운전자법규위반,안전운전 의무 불이행,단일로,기타단일로,화물차,소형,보행자,보행자,1097540,1691297,128.5716663,35.21229335
2013,2013-03-24,17,야간,일,1,1,0,0,0,부산,사상구,차량단독,공작물충돌,공작물충돌,운전자법규위반,안전운전 의무 불이행,단일로,기타단일로,승용차,중형,0,0,1135892,1684855,128.9918665,35.14976232
2013,2013-03-30,9,야간,토,1,3,1,0,1,경남,창원시(통합),차대차,측면직각충돌,측면직각충돌,운전자법규위반,신호위반,교차로,교차로내,승용차,중형,승용차,중형,1105786,1691668,128.6622963,35.21480227
2013,2013-04-17,20,야간,수,1,1,0,0,0,강원,강릉시,차대사람,횡단중,횡단중,운전자법규위반,안전운전 의무 불이행,단일로,기타단일로,승용차,중형,보행자,보행자,1121555,1974728,128.8800757,37.76405604
2013,2013-04-13,30,야간,토,1,1,0,0,0,대전,서구,차량단독,공작물충돌,공작물충돌,운전자법규위반,안전운전 의무 불이행,단일로,기타단일로,승용차,경형,0,0,989144,1816506,127.3790181,36.34589367
2013,2013-07-11,40,야간,목,1,1,0,0,0,경기,의정부시,차량단독,공작물충돌,공작물충돌,운전자법규위반,안전운전 의무 불이행,기타/불명,기타/불명,이륜차,중형,0,0,959944,1966694,127.04562,37.69893322
2013,2013-07-17,37,야간,수,1,1,0,0,0,서울,서초구,차대사람,보도통행중,보도통행중,운전자법규위반,신호위반,교차로,교차로부근,승합차,대형,보행자,보행자,958021,1940733,127.0252949,37.46485468
2013,2013-07-16,52,야간,화,1,1,0,0,0,부산,영도구,차량단독,공작물충돌,공작물충돌,운전자법규위반,안전운전 의무 불이행,단일로,기타단일로,승용차,중형,0,0,1142146,1679141,129.0594755,35.09733593
2013,2013-07-15,40,야간,월,1,1,0,0,0,경기,안성시,차대차,정면충돌,정면충돌,운전자법규위반,중앙선 침범,단일로,기타단일로,승용차,소형,이륜차,소형,970853,1890797,127.1723527,37.01522965
2013,2013-07-16,10,주간,화,1,1,0,0,0,전남,영암군,차량단독,도로이탈,도로이탈 추락,운전자법규위반,안전운전 의무 불이행,단일로,기타단일로,농기계,농기계,0,0,924987,1659907,126.6786512,34.93120627
2013,2013-07-22,23,야간,월,2,7,4,1,0,충남,당진시,차대차,정면충돌,정면충돌,운전자법규위반,중앙선 침범,단일로,기타단일로,승용차,중형,승용차,중형,930103,1881366,126.7151747,36.92807361
2013,2013-07-30,30,주간,화,1,1,0,0,0,전남,함평군,차대차,측면직각충돌,측면직각충돌,운전자법규위반,안전운전 의무 불이행,단일로,기타단일로,화물차,소형,이륜차,사발이,907933,1688210,126.490573,35.18117978
2013,2013-07-29,27,야간,월,1,4,1,2,0,경기,안양시,차대차,측면직각충돌,측면직각충돌,운전자법규위반,신호위반,교차로,교차로내,승용차,소형,원동기장치자전거,원동기장치자전거,951773,1931156,126.95527,37.37822862
2013,2013-07-31,0,주간,수,1,1,0,0,0,전남,장흥군,차량단독,공작물충돌,공작물충돌,운전자법규위반,안전운전 의무 불이행,단일로,기타단일로,승용차,중형,0,0,944835,1631631,126.89782,34.67750982
2013,2013-08-07,20,주간,수,1,2,1,0,0,제주,제주시,차대차,측면직각충돌,측면직각충돌,운전자법규위반,신호위반,교차로,교차로내,이륜차,소형,승용차,중형,934197,1506869,126.7911525,33.55177097
2013,2013-08-07,0,야간,수,2,2,0,0,0,경남,거제시,차량단독,공작물충돌,공작물충돌,운전자법규위반,안전운전 의무 불이행,단일로,기타단일로,승용차,중형,0,0,1109227,1646600,128.702766,34.82979855
2013,2013-08-28,0,야간,수,1,5,4,0,0,인천,남동구,차대차,기타,기타,운전자법규위반,안전운전 의무 불이행,단일로,기타단일로,승용차,중형,승용차,경형,930431,1940792,126.7133189,37.46372137
2013,2013-09-04,37,야간,수,1,1,0,0,0,서울,동작구,차대사람,기타,기타,운전자법규위반,안전운전 의무 불이행,교차로,교차로부근,승용차,중형,보행자,보행자,950396,1945206,126.9387722,37.50479315
2013,2013-09-05,0,주간,목,1,1,0,0,0,부산,중구,차대사람,횡단중,횡단중,운전자법규위반,보행자 보호의무 위반,단일로,횡단보도상,화물차,소형,보행자,보행자,1138962,1679344,129.0246332,35.09966626
2013,2013-09-05,19,주간,목,1,47,28,11,7,인천,부평구,차대차,추돌,주정차중 추돌,운전자법규위반,안전운전 의무 불이행,단일로,기타단일로,승합차,대형,화물차,소형,934111,1941810,126.7548377,37.47316624
2013,2013-09-05,45,주간,목,1,1,0,0,0,서울,양천구,차대차,추돌,진행중 추돌,운전자법규위반,안전운전 의무 불이행,단일로,기타단일로,화물차,소형,자전거,자전거,941275,1947494,126.8353988,37.52487963
2013,2013-08-13,5,야간,화,1,1,0,0,0,충남,논산시,차량단독,전도전복,전도전복,운전자법규위반,안전운전 의무 불이행,기타/불명,기타/불명,화물차,소형,0,0,971029,1796041,127.1779003,36.16101823
2013,2013-08-10,10,주간,토,1,2,0,1,0,울산,울주군,차대차,추돌,진행중 추돌,운전자법규위반,교차로 통행방법 위반,교차로,교차로내,승용차,중형,승용차,중형,1168037,1717601,129.3513274,35.4400213
2013,2013-08-10,20,주간,토,1,1,0,0,0,광주,광산구,차량단독,도로이탈,도로이탈 추락,운전자법규위반,안전운전 의무 불이행,교차로,교차로내,농기계,농기계,0,0,934418,1692606,126.7793193,35.2266946
2013,2013-08-19,20,야간,월,1,1,0,0,0,전남,나주시,차대차,추돌,주정차중 추돌,운전자법규위반,안전운전 의무 불이행,단일로,기타단일로,이륜차,중형,특수차,대형,928431,1669806,126.7155071,35.02071095
2013,2013-08-20,30,야간,화,1,1,0,0,0,서울,동대문구,차대사람,횡단중,횡단중,운전자법규위반,보행자 보호의무 위반,교차로,교차로부근,승용차,중형,보행자,보행자,962253,1951714,127.0725857,37.5640133
2013,2013-08-20,15,야간,화,1,2,0,1,0,전남,목포시,차대사람,기타,기타,운전자법규위반,보행자 보호의무 위반,단일로,횡단보도상,이륜차,소형,보행자,보행자,899284,1646597,126.3989375,34.80921703
2013,2013-08-16,45,주간,금,1,2,0,1,0,전남,무안군,차대차,측면직각충돌,측면직각충돌,운전자법규위반,안전운전 의무 불이행,교차로,교차로내,화물차,소형,이륜차,소형,906255,1653288,126.4743153,34.86996893
2013,2013-08-26,35,야간,월,1,1,0,0,0,부산,사상구,차대차,기타,기타,운전자법규위반,신호위반,교차로,교차로내,원동기장치자전거,원동기장치자전거,화물차,중형,1135420,1685329,128.986764,35.15409872
2013,2013-08-26,10,야간,월,1,1,0,0,0,전남,보성군,차량단독,공작물충돌,공작물충돌,운전자법규위반,안전운전 의무 불이행,단일로,기타단일로,화물차,소형,0,0,981109,1654588,127.293266,34.88584229
2013,2013-08-22,20,주간,목,1,1,0,0,0,경기,안산시,차대사람,횡단중,횡단중,운전자법규위반,안전운전 의무 불이행,단일로,기타단일로,화물차,대형,보행자,보행자,934379,1923344,126.7595073,37.30674981
2013,2013-08-23,3,야간,금,1,1,0,0,0,경기,안성시,차량단독,전도전복,전도전복,운전자법규위반,안전운전 의무 불이행,단일로,기타단일로,승용차,소형,0,0,982985,1889375,127.3087621,37.00270937
2013,2013-08-22,55,야간,목,1,1,0,0,0,충남,아산시,차대사람,기타,기타,운전자법규위반,안전운전 의무 불이행,단일로,기타단일로,화물차,중형,보행자,보행자,948768,1863453,126.9259483,36.76780198
2013,2013-08-22,14,주간,목,1,2,0,1,0,경남,거제시,차대차,정면충돌,정면충돌,운전자법규위반,중앙선 침범,단일로,기타단일로,승합차,중형,화물차,중형,1097948,1655729,128.5321824,34.91187048
2013,2013-08-23,3,야간,금,1,1,0,0,0,충북,청원군,차대차,추돌,주정차중 추돌,운전자법규위반,안전운전 의무 불이행,교차로,교차로부근,이륜차,중형,승용차,대형,993388,1833194,127.4262154,36.49647151
2013,2013-08-31,20,주간,토,1,1,0,0,0,경북,경산시,차량단독,전도전복,전도전복,운전자법규위반,안전운전 의무 불이행,단일로,기타단일로,화물차,중형,0,0,1113824,1774483,128.7622583,35.960449
2013,2013-08-30,8,야간,금,1,1,0,0,0,경남,합천군,차대사람,기타,기타,운전자법규위반,안전운전 의무 불이행,단일로,기타단일로,화물차,소형,보행자,보행자,1049423,1724675,128.0450584,35.51677096
2013,2013-08-31,40,야간,토,1,1,0,0,0,충남,논산시,차대사람,차도통행중,차도통행중,운전자법규위반,안전운전 의무 불이행,단일로,기타단일로,화물차,소형,보행자,보행자,962888,1811147,127.1372771,36.27870836
2013,2013-07-11,30,주간,목,1,1,0,0,0,대구,남구,차대사람,횡단중,횡단중,운전자법규위반,안전운전 의무 불이행,단일로,기타단일로,승용차,중형,보행자,보행자,1097003,1762897,128.5743399,35.8578241
2013,2013-07-11,43,주간,목,4,6,2,0,0,경남,진주시,차대차,측면직각충돌,측면직각충돌,운전자법규위반,중앙선 침범,교차로,교차로부근,승용차,중형,승용차,중형,1054803,1683499,128.1016311,35.14522705
2013,2013-09-08,50,야간,일,2,2,0,0,0,서울,관악구,차대차,측면직각충돌,측면직각충돌,운전자법규위반,신호위반,교차로,교차로내,승용차,중형,이륜차,대형,949300,1943849,126.926466,37.49250266
2013,2013-09-09,0,주간,월,1,1,0,0,0,강원,속초시,차대사람,횡단중,횡단중,운전자법규위반,안전운전 의무 불이행,단일로,기타단일로,승용차,중형,보행자,보행자,1095082,2021067,128.5831409,38.18517853
2013,2013-09-09,20,야간,월,1,1,0,0,0,강원,동해시,차량단독,공작물충돌,공작물충돌,운전자법규위반,안전운전 의무 불이행,교차로,교차로내,승용차,경형,0,0,1141745,1949334,129.1042136,37.53260644
2013,2013-09-15,40,주간,일,1,1,0,0,0,경기,성남시,차량단독,공작물충돌,공작물충돌,운전자법규위반,안전운전 의무 불이행,교차로,교차로부근,승용차,중형,0,0,964982,1929450,127.1042491,37.35984242
2013,2013-09-11,0,야간,수,1,2,0,1,0,전남,함평군,차량단독,전도전복,전도전복,운전자법규위반,안전운전 의무 불이행,단일로,기타단일로,농기계,농기계,0,0,912111,1668245,126.5368033,35.00534866
2013,2013-09-12,13,주간,목,1,2,1,0,0,전남,신안군,차대차,정면충돌,정면충돌,운전자법규위반,중앙선 침범,단일로,기타단일로,승용차,소형,이륜차,소형,891108,1653242,126.3086241,34.86804346
2013,2013-09-13,0,야간,금,1,1,0,0,0,광주,북구,차량단독,도로이탈,도로이탈 추락,운전자법규위반,안전운전 의무 불이행,단일로,기타단일로,원동기장치자전거,원동기장치자전거,0,0,957382,1686978,127.0319525,35.17718716
2013,2013-09-13,10,야간,금,1,1,0,0,0,전북,군산시,차량단독,도로이탈,도로이탈 기타,운전자법규위반,안전운전 의무 불이행,단일로,기타단일로,승용차,중형,0,0,936728,1779796,126.7978641,36.01293438
2013,2013-09-13,15,주간,금,1,1,0,0,0,전북,고창군,차량단독,도로이탈,도로이탈 추락,운전자법규위반,안전운전 의무 불이행,단일로,기타단일로,승용차,중형,0,0,926384,1725641,126.688063,35.52397964
2013,2013-09-20,30,야간,금,1,1,0,0,0,대구,서구,차대사람,횡단중,횡단중,운전자법규위반,안전운전 의무 불이행,단일로,기타단일로,승용차,중형,보행자,보행자,1096992,1766031,128.5741582,35.88621596
2013,2013-09-20,35,야간,금,1,1,0,0,0,부산,북구,차대차,추돌,주정차중 추돌,운전자법규위반,안전운전 의무 불이행,단일로,기타단일로,승용차,소형,화물차,대형,1137206,1694132,129.0079892,35.23409583
2013,2013-09-19,5,야간,목,1,6,4,1,0,부산,진구,차대차,측면직각충돌,측면직각충돌,운전자법규위반,안전운전 의무 불이행,교차로,교차로내,승용차,중형,승용차,중형,1138538,1684728,129.0208848,35.14825643
2013,2013-09-18,15,주간,수,1,3,2,0,0,경기,안양시,차대사람,횡단중,횡단중,운전자법규위반,보행자 보호의무 위반,단일로,횡단보도상,승용차,중형,보행자,보행자,952318,1933523,126.9612729,37.39959162
2013,2013-09-17,0,야간,화,1,1,0,0,0,경남,함양군,차대사람,횡단중,횡단중,운전자법규위반,안전운전 의무 불이행,교차로,교차로내,화물차,소형,보행자,보행자,1028064,1737566,127.8099537,35.63383637
2013,2013-09-25,5,주간,수,1,3,1,1,0,강원,고성군,차대차,정면충돌,정면충돌,운전자법규위반,중앙선 침범,단일로,기타단일로,승용차,소형,승용차,중형,1080683,2050952,128.4353391,38.44943649
2013,2013-09-25,0,주간,수,1,1,0,0,0,강원,철원군,차대차,추돌,진행중 추돌,운전자법규위반,안전운전 의무 불이행,단일로,기타단일로,화물차,소형,자전거,자전거,991778,2016039,127.4061681,38.14451865
2013,2013-09-23,30,야간,월,1,1,0,0,0,경기,여주시,차대사람,횡단중,횡단중,운전자법규위반,중앙선 침범,교차로,교차로내,화물차,소형,보행자,보행자,1007611,1926168,127.5859177,37.33449069
2013,2013-09-23,30,야간,월,1,4,3,0,0,경기,여주시,차대차,정면충돌,정면충돌,운전자법규위반,신호위반,교차로,교차로내,화물차,소형,승용차,대형,1010567,1920851,127.6168352,37.28515607
2013,2013-09-23,20,주간,월,1,6,1,3,1,전북,익산시,차대차,측면직각충돌,측면직각충돌,운전자법규위반,과속,교차로,교차로내,승합차,대형,승용차,대형,955997,1773840,127.0120164,35.96029841
2013,2013-09-22,55,야간,일,1,1,0,0,0,울산,울주군,차량단독,전도전복,전도전복,운전자법규위반,안전운전 의무 불이행,단일로,기타단일로,자전거,자전거,0,0,1141613,1736728,129.0636515,35.61653126
2013,2013-09-22,50,야간,일,1,1,0,0,0,강원,원주시,차대사람,횡단중,횡단중,운전자법규위반,안전운전 의무 불이행,교차로,교차로내,승용차,소형,보행자,보행자,1039936,1932995,127.9511844,37.39519882
2013,2013-09-22,3,주간,일,1,2,1,0,0,경북,포항시,차량단독,공작물충돌,공작물충돌,운전자법규위반,안전운전 의무 불이행,단일로,기타단일로,화물차,소형,0,0,1150625,1789075,129.1730067,36.08696774
2013,2013-10-01,50,야간,화,1,1,0,0,0,경기,용인시,차대사람,길가장자리구역통행중,길가장자리구역통행중,운전자법규위반,안전운전 의무 불이행,단일로,기타단일로,승용차,중형,보행자,보행자,989162,1908126,127.3791874,37.16774839
2013,2013-10-02,48,주간,수,1,1,0,0,0,경남,산청군,차대차,추돌,진행중 추돌,운전자법규위반,안전운전 의무 불이행,단일로,기타단일로,승용차,중형,농기계,농기계,1042306,1702353,127.9654127,35.31583328
2013,2013-10-01,52,주간,화,1,2,1,0,0,경남,진주시,차대차,기타,기타,운전자법규위반,중앙선 침범,교차로,교차로부근,승용차,중형,자전거,자전거,1053544,1688925,128.0881626,35.19421957
2013,2013-10-01,30,주간,화,1,2,1,0,0,경남,고성군,차량단독,공작물충돌,공작물충돌,운전자법규위반,안전운전 의무 불이행,단일로,교량위,승용차,중형,0,0,1077049,1662071,128.343748,34.95125128
2013,2013-09-28,25,주간,토,1,1,0,0,0,경기,남양주시,차량단독,도로이탈,도로이탈 추락,운전자법규위반,안전운전 의무 불이행,단일로,기타단일로,승용차,소형,0,0,981706,1958524,127.2926824,37.62598693
2013,2013-10-05,15,주간,토,1,1,0,0,0,서울,도봉구,차대차,추돌,진행중 추돌,운전자법규위반,신호위반,단일로,횡단보도상,자전거,자전거,승용차,중형,960284,1964505,127.049596,37.67921835
2013,2013-10-07,0,야간,월,1,4,3,0,0,경기,파주시,차대차,추돌,진행중 추돌,운전자법규위반,안전운전 의무 불이행,단일로,기타단일로,승용차,중형,화물차,대형,928388,1969466,126.6874137,37.72199316
2013,2013-10-08,30,야간,화,1,2,1,0,0,서울,성동구,차대차,측면직각충돌,측면직각충돌,운전자법규위반,안전운전 의무 불이행,단일로,기타단일로,승용차,중형,화물차,중형,958599,1949328,127.0313469,37.54235058
2013,2013-10-07,30,야간,월,1,1,0,0,0,경북,구미시,차량단독,공작물충돌,공작물충돌,운전자법규위반,안전운전 의무 불이행,단일로,기타단일로,화물차,중형,0,0,1075960,1792962,128.3441909,36.13071714
2013,2013-10-04,15,주간,금,1,1,0,0,0,경기,평택시,차대사람,기타,기타,운전자법규위반,안전운전 의무 불이행,단일로,기타단일로,건설기계,건설기계,보행자,보행자,966780,1890675,127.1265735,37.01399468
2013,2013-10-03,50,주간,목,1,2,0,1,0,경기,파주시,차대차,기타,기타,운전자법규위반,중앙선 침범,단일로,기타단일로,원동기장치자전거,원동기장치자전거,화물차,소형,950007,1984109,126.9317027,37.8554029
2013,2013-09-01,15,주간,일,1,1,0,0,0,전남,화순군,차대차,기타,기타,운전자법규위반,안전운전 의무 불이행,단일로,기타단일로,원동기장치자전거,원동기장치자전거,승합차,중형,956969,1670042,127.0282974,35.0244579
2013,2013-09-02,0,야간,월,1,1,0,0,0,전남,나주시,차대사람,기타,기타,운전자법규위반,안전운전 의무 불이행,단일로,기타단일로,승용차,소형,보행자,보행자,927982,1662103,126.711609,34.94715067
2013,2013-09-02,0,주간,월,2,2,0,0,0,전남,영광군,차대사람,길가장자리구역통행중,길가장자리구역통행중,운전자법규위반,안전운전 의무 불이행,단일로,기타단일로,승용차,중형,보행자,보행자,910029,1698156,126.5107316,35.27483974
2013,2013-09-01,45,주간,일,1,1,0,0,0,경기,남양주시,차대사람,횡단중,횡단중,운전자법규위반,안전운전 의무 불이행,단일로,기타단일로,화물차,소형,보행자,보행자,982563,1962175,127.301436,37.6582178
2012,2012-07-14,15,주간,토,1,1,0,0,0,경북,경산시,차대차,기타,기타,운전자법규위반,안전운전 의무 불이행,교차로,교차로부근,승합차,대형,자전거,자전거,1111267,1759020,128.7317472,35.82136016
2012,2012-07-20,15,야간,금,1,1,0,0,0,충북,충주시,차대사람,기타,기타,운전자법규위반,안전운전 의무 불이행,단일로,기타단일로,승용차,중형,보행자,보행자,1038327,1885768,127.9305836,36.96956756
2012,2012-07-20,0,야간,금,1,1,0,0,0,전북,정읍시,차대차,정면충돌,정면충돌,운전자법규위반,중앙선 침범,단일로,기타단일로,승용차,대형,자전거,자전거,937707,1742099,126.8116702,35.67313924
2012,2012-07-21,10,주간,토,1,1,0,0,0,전북,남원시,차대차,기타,기타,운전자법규위반,안전운전 의무 불이행,교차로,교차로부근,이륜차,대형,건설기계,건설기계,995438,1718060,127.4497244,35.45834635
2012,2012-07-19,5,주간,목,1,1,0,0,0,전남,구례군,차대사람,횡단중,횡단중,운전자법규위반,안전운전 의무 불이행,단일로,기타단일로,화물차,소형,보행자,보행자,997067,1690248,127.4677765,35.20757326
2012,2012-07-19,0,주간,목,1,1,0,0,0,대전,동구,차대사람,차도통행중,차도통행중,운전자법규위반,안전운전 의무 불이행,단일로,기타단일로,화물차,중형,보행자,보행자,993616,1816975,127.4292078,36.35022528
2012,2012-07-19,8,주간,목,1,1,0,0,0,서울,성북구,차대사람,횡단중,횡단중,운전자법규위반,안전운전 의무 불이행,교차로,교차로내,화물차,경형,보행자,보행자,958740,1955978,127.0325684,37.60229505
2012,2012-07-25,55,주간,수,1,1,0,0,0,강원,강릉시,차대사람,기타,기타,운전자법규위반,안전운전 의무 불이행,기타/불명,기타/불명,화물차,경형,보행자,보행자,1124779,1974821,128.9166623,37.76454381
2012,2012-03-22,40,야간,목,1,1,0,0,0,전남,곡성군,차대사람,횡단중,횡단중,운전자법규위반,안전운전 의무 불이행,단일로,기타단일로,화물차,소형,보행자,보행자,981790,1698391,127.2997555,35.28083788
2012,2012-04-06,23,야간,금,1,1,0,0,0,제주,서귀포시,차대사람,횡단중,횡단중,운전자법규위반,보행자 보호의무 위반,교차로,교차로내,승용차,중형,보행자,보행자,926285,1477012,126.7083763,33.28197619
2012,2012-01-17,5,야간,화,1,4,3,0,0,경남,김해시,차량단독,공작물충돌,공작물충돌,운전자법규위반,안전운전 의무 불이행,단일로,기타단일로,승용차,대형,0,0,1112657,1701862,128.7391728,35.30595236
2012,2012-02-15,40,야간,수,1,2,1,0,0,경남,김해시,차대차,기타,기타,운전자법규위반,안전운전 의무 불이행,단일로,기타단일로,원동기장치자전거,원동기장치자전거,자전거,자전거,1115039,1695270,128.7644439,35.24625533
2012,2012-03-02,12,주간,금,1,1,0,0,0,경남,창원시(통합),차대사람,횡단중,횡단중,운전자법규위반,안전운전 의무 불이행,단일로,횡단보도상,화물차,중형,보행자,보행자,1089991,1680515,128.4875614,35.11579013
2012,2012-12-13,10,야간,목,1,1,0,0,0,경기,용인시,차대사람,기타,기타,운전자법규위반,안전운전 의무 불이행,단일로,기타단일로,승용차,중형,보행자,보행자,973663,1911913,127.206163,37.21412685
2012,2012-11-19,50,주간,월,1,1,0,0,0,경남,하동군,차대사람,길가장자리구역통행중,길가장자리구역통행중,운전자법규위반,안전운전 의무 불이행,단일로,기타단일로,건설기계,건설기계,보행자,보행자,1023515,1673827,127.7578796,35.0592313
2012,2012-08-29,5,주간,수,1,1,0,0,0,경남,합천군,차량단독,공작물충돌,공작물충돌,운전자법규위반,안전운전 의무 불이행,단일로,기타단일로,승용차,소형,0,0,1062773,1733234,128.1929432,35.59318343
2012,2012-09-05,20,주간,수,1,1,0,0,0,경기,안성시,차대차,측면직각충돌,측면직각충돌,운전자법규위반,교차로 통행방법 위반,교차로,교차로내,승용차,대형,이륜차,중형,992708,1897165,127.4179668,37.07305702
2012,2012-09-05,50,주간,수,1,1,0,0,0,충남,홍성군,차대차,측면직각충돌,측면직각충돌,운전자법규위반,교차로 통행방법 위반,교차로,교차로내,이륜차,소형,화물차,소형,914587,1836869,126.5459511,36.52571729
2012,2012-08-18,0,주간,토,1,1,0,0,0,인천,남동구,차대차,기타,기타,운전자법규위반,안전운전 의무 불이행,교차로,교차로부근,승용차,대형,자전거,자전거,931207,1936128,126.7225282,37.42174319
2012,2012-01-07,10,주간,토,1,3,2,0,0,경남,의령군,차대차,측면직각충돌,측면직각충돌,운전자법규위반,신호위반,교차로,교차로내,승용차,중형,화물차,소형,1075149,1709620,128.3273635,35.37942214
2012,2012-05-11,28,야간,금,1,1,0,0,0,대전,동구,차대사람,횡단중,횡단중,운전자법규위반,안전운전 의무 불이행,단일로,기타단일로,승용차,중형,보행자,보행자,994074,1814592,127.4339737,36.32868113
2012,2012-05-08,50,야간,화,1,1,0,0,0,충북,음성군,차대사람,기타,기타,운전자법규위반,안전운전 의무 불이행,단일로,기타단일로,승용차,중형,보행자,보행자,1016141,1902030,127.6816865,37.11680067
2012,2012-04-19,25,주간,목,1,2,1,0,0,전북,고창군,차대차,기타,기타,운전자법규위반,직진 및 우회전차의 통행방해,교차로,교차로내,화물차,소형,원동기장치자전거,원동기장치자전거,917994,1705795,126.5975353,35.34439629
2012,2012-03-07,25,주간,수,1,3,2,0,0,경북,경주시,차량단독,공작물충돌,공작물충돌,운전자법규위반,안전운전 의무 불이행,단일로,기타단일로,화물차,소형,0,0,1177433,1756415,129.4633257,35.78815219