발생년,발생년월일시분,발생분,주야,요일,사망자수,사상자수,중상자수,경상자수,부상신고자수,발생지시도,발생지시군구,사고유형_대분류,사고유형_중분류,사고유형,법규위반_대분류,법규위반,도로형태_대분류,도로형태,당사자종별_1당_대분류,당사자종별_1당,당사자종별_2당_대분류,당사자종별_2당,발생위치X_UTMK,발생위치Y_UTMK,경도,위도
2012,2012-01-24,15,야간,화,1,1,0,0,0,경남,거제시,차량단독,공작물충돌,공작물충돌,운전자법규위반,안전운전 의무 불이행,단일로,기타단일로,승용차,중형,0,0,1096252,1657033,128.5535412,34.9034997
2012,2012-02-12,35,야간,일,1,1,0,0,0,대전,유성구,차대사람,횡단중,횡단중,운전자법규위반,안전운전 의무 불이행,단일로,횡단보도부근,승용차,중형,보행자,보행자,986312,1818228,127.3474274,36.36138203
2012,2012-12-12,18,주간,수,1,2,1,0,0,강원,횡성군,차대차,측면직각충돌,측면직각충돌,운전자법규위반,교차로 통행방법 위반,교차로,교차로내,승합차,소형,이륜차,소형,1045880,1943903,128.0190142,37.49324149
2012,2012-12-12,50,주간,수,1,5,1,3,0,경기,시흥시,차대차,추돌,진행중 추돌,운전자법규위반,안전운전 의무 불이행,단일로,기타단일로,승용차,소형,승합차,대형,939595,1931594,126.8176902,37.38146288
2012,2012-12-24,55,주간,월,1,1,0,0,0,대구,달서구,차대사람,횡단중,횡단중,운전자법규위반,보행자 보호의무 위반,단일로,횡단보도상,화물차,소형,보행자,보행자,1093992,1760199,128.5406793,35.83379602
2012,2012-11-18,23,야간,일,1,1,0,0,0,서울,강동구,차대사람,횡단중,횡단중,운전자법규위반,안전운전 의무 불이행,기타/불명,기타/불명,화물차,소형,보행자,보행자,967915,1947855,127.1368647,37.52944523
2012,2012-08-17,45,야간,금,1,1,0,0,0,경북,포항시,차대차,측면직각충돌,측면직각충돌,운전자법규위반,교차로 통행방법 위반,교차로,교차로내,승용차,중형,승용차,중형,1166526,1791796,129.3501167,36.10889167
2013,2013-08-07,30,야간,수,1,1,0,0,0,인천,서구,차대차,정면충돌,정면충돌,운전자법규위반,중앙선 침범,단일로,기타단일로,원동기장치자전거,원동기장치자전거,화물차,중형,929095,1954332,126.6512819,37.58285447
2013,2013-08-07,50,주간,수,1,1,0,0,0,충남,천안시,차대차,기타,기타,운전자법규위반,안전운전 의무 불이행,기타/불명,기타/불명,원동기장치자전거,원동기장치자전거,승용차,중형,967183,1869055,127.132041,36.81911818
2013,2013-08-05,59,야간,월,1,1,0,0,0,경북,청송군,차대사람,횡단중,횡단중,운전자법규위반,안전운전 의무 불이행,교차로,교차로부근,승용차,중형,보행자,보행자,1141061,1815933,129.0714613,36.33053779
2013,2013-08-12,31,야간,월,1,1,0,0,0,경기,파주시,차대사람,횡단중,횡단중,운전자법규위반,보행자 보호의무 위반,단일로,기타단일로,화물차,소형,보행자,보행자,936269,1973512,126.7764781,37.75904049
2013,2013-08-10,0,야간,토,1,1,0,0,0,경남,거제시,차대사람,횡단중,횡단중,운전자법규위반,보행자 보호의무 위반,단일로,횡단보도부근,승용차,소형,보행자,보행자,1102590,1654511,128.622594,34.88014059
2013,2013-08-23,35,야간,금,2,2,0,0,0,서울,강남구,차대사람,기타,기타,운전자법규위반,안전운전 의무 불이행,단일로,기타단일로,승용차,중형,보행자,보행자,960370,1946009,127.0515728,37.51251314
2013,2013-08-23,10,야간,금,1,3,2,0,0,경남,창원시(통합),차대사람,횡단중,횡단중,운전자법규위반,안전운전 의무 불이행,교차로,교차로내,승용차,중형,보행자,보행자,1098237,1693801,128.5796219,35.23480015
2013,2013-08-30,25,주간,금,1,1,0,0,0,서울,구로구,차량단독,기타,기타,운전자법규위반,안전운전 의무 불이행,교차로,교차로내,이륜차,소형,0,0,943907,1944967,126.8653768,37.50226741
2013,2013-08-31,13,주간,토,1,2,1,0,0,충남,논산시,차대차,추돌,진행중 추돌,운전자법규위반,안전운전 의무 불이행,단일로,기타단일로,원동기장치자전거,원동기장치자전거,승용차,중형,959780,1802946,127.0524827,36.22286771
2013,2013-08-30,20,야간,금,1,1,0,0,0,부산,중구,차대사람,차도통행중,차도통행중,운전자법규위반,안전운전 의무 불이행,단일로,기타단일로,승용차,중형,보행자,보행자,1138758,1680241,129.0224035,35.10778182
2013,2013-08-29,25,주간,목,1,1,0,0,0,세종,세종,차대차,기타,기타,운전자법규위반,교차로 통행방법 위반,교차로,교차로내,이륜차,사발이,승합차,대형,980716,1828728,127.2847913,36.45594637
2013,2013-08-26,0,야간,월,1,2,0,1,0,경기,이천시,차대사람,횡단중,횡단중,운전자법규위반,안전운전 의무 불이행,교차로,교차로부근,승용차,중형,보행자,보행자,1002375,1913507,127.52677,37.22039252
2013,2013-08-27,13,주간,화,1,1,0,0,0,전남,목포시,차대사람,기타,기타,운전자법규위반,안전운전 의무 불이행,교차로,교차로부근,건설기계,건설기계,보행자,보행자,899001,1645149,126.3959403,34.79589228
2013,2013-08-27,1,주간,화,1,1,0,0,0,경기,안산시,차대사람,횡단중,횡단중,운전자법규위반,신호위반,단일로,횡단보도상,승합차,대형,보행자,보행자,940459,1924910,126.8279862,37.32127407
2013,2013-08-26,35,야간,월,1,1,0,0,0,충북,음성군,차대사람,횡단중,횡단중,운전자법규위반,안전운전 의무 불이행,단일로,기타단일로,승용차,중형,보행자,보행자,1012130,1889037,127.6363283,36.99973826
2013,2013-08-26,48,야간,월,1,1,0,0,0,충북,제천시,차대차,기타,기타,운전자법규위반,안전운전 의무 불이행,교차로,교차로내,화물차,소형,자전거,자전거,1062756,1906335,128.2067329,37.15363893
2013,2013-09-06,35,주간,금,1,1,0,0,0,경북,경주시,차대사람,기타,기타,운전자법규위반,안전운전 의무 불이행,단일로,횡단보도상,승합차,대형,보행자,보행자,1154164,1762253,129.2070867,35.84469353
2013,2013-09-03,0,야간,화,1,2,0,1,0,경기,성남시,차대차,정면충돌,정면충돌,운전자법규위반,중앙선 침범,단일로,기타단일로,이륜차,중형,승용차,중형,971631,1938386,127.1792865,37.4442178
2013,2013-07-09,50,주간,화,1,1,0,0,0,전남,나주시,차대사람,기타,기타,운전자법규위반,안전운전 의무 불이행,단일로,기타단일로,건설기계,건설기계,보행자,보행자,921650,1662145,126.6419064,34.95113275
2013,2013-07-09,5,야간,화,1,4,2,1,0,전남,광양시,차량단독,전도전복,전도전복,운전자법규위반,안전운전 의무 불이행,단일로,기타단일로,승용차,중형,0,0,1019166,1660132,127.7098707,34.93583023
2013,2013-07-15,18,야간,월,1,1,0,0,0,서울,강남구,차대사람,차도통행중,차도통행중,운전자법규위반,안전운전 의무 불이행,교차로,교차로부근,승용차,소형,보행자,보행자,960800,1946920,127.0563897,37.52074269
2013,2013-09-29,26,야간,일,1,1,0,0,0,경기,군포시,차대사람,기타,기타,운전자법규위반,안전운전 의무 불이행,기타/불명,기타/불명,승용차,대형,보행자,보행자,949040,1926027,126.9264854,37.33323318
2013,2013-09-28,50,야간,토,1,1,0,0,0,서울,영등포구,차대사람,횡단중,횡단중,운전자법규위반,안전운전 의무 불이행,교차로,교차로부근,승합차,대형,보행자,보행자,947529,1946594,126.906237,37.51714486
2013,2013-10-04,20,주간,금,1,1,0,0,0,울산,울주군,차대사람,횡단중,횡단중,운전자법규위반,안전운전 의무 불이행,교차로,교차로내,건설기계,건설기계,보행자,보행자,1150110,1718038,129.1539773,35.44682671
2013,2013-10-04,45,야간,금,1,1,0,0,0,인천,연수구,차량단독,공작물충돌,공작물충돌,운전자법규위반,안전운전 의무 불이행,교차로,교차로내,승용차,소형,0,0,923849,1932245,126.6397332,37.38605288
2013,2013-10-13,25,야간,일,1,1,0,0,0,경남,사천시,차대사람,횡단중,횡단중,운전자법규위반,보행자 보호의무 위반,단일로,횡단보도상,승용차,중형,보행자,보행자,1055184,1675332,128.1052688,35.07156621
2013,2013-10-20,30,야간,일,1,4,2,1,0,경북,포항시,차대사람,기타,기타,운전자법규위반,중앙선 침범,단일로,기타단일로,승용차,소형,보행자,보행자,1171970,1775496,129.4070248,35.96106532
2013,2013-10-21,25,주간,월,1,1,0,0,0,인천,남동구,차량단독,기타,기타,운전자법규위반,안전운전 의무 불이행,교차로,교차로내,화물차,중형,0,0,930702,1933665,126.6849025,37.38762575
2013,2013-10-22,35,주간,화,1,1,0,0,0,경남,창녕군,차대사람,기타,기타,운전자법규위반,안전운전 의무 불이행,단일로,기타단일로,화물차,소형,보행자,보행자,1083393,1730651,128.4202753,35.56837306
2013,2013-10-21,20,주간,월,1,1,0,0,0,경남,창원시(통합),차대사람,기타,기타,운전자법규위반,안전운전 의무 불이행,교차로,교차로내,승용차,경형,보행자,보행자,1109865,1705446,128.7089492,35.33857269
2013,2013-10-19,50,야간,토,1,3,2,0,0,서울,강서구,차량단독,전도전복,전도전복,운전자법규위반,안전운전 의무 불이행,단일로,기타단일로,승용차,중형,0,0,943353,1950658,126.8586703,37.55352688
2013,2013-10-19,40,야간,토,1,1,0,0,0,전남,곡성군,차대사람,횡단중,횡단중,운전자법규위반,안전운전 의무 불이행,교차로,교차로내,화물차,소형,보행자,보행자,968363,1697122,127.1521577,35.26906098
2013,2013-10-19,10,주간,토,1,1,0,0,0,서울,은평구,차대사람,횡단중,횡단중,운전자법규위반,안전운전 의무 불이행,단일로,기타단일로,화물차,소형,보행자,보행자,948044,1957241,126.9113098,37.61313639
2013,2013-10-17,30,야간,목,1,1,0,0,0,경남,창녕군,차대차,추돌,진행중 추돌,운전자법규위반,안전운전 의무 불이행,단일로,기타단일로,승용차,중형,자전거,자전거,1089067,1711413,128.4807729,35.39444067
2013,2013-10-18,5,야간,금,1,1,0,0,0,부산,금정구,차대사람,기타,기타,운전자법규위반,신호위반,단일로,기타단일로,승용차,중형,보행자,보행자,1146307,1699048,129.1088779,35.26963723
2013,2013-10-19,58,야간,토,1,1,0,0,0,울산,중구,차대사람,횡단중,횡단중,운전자법규위반,안전운전 의무 불이행,교차로,교차로내,화물차,소형,보행자,보행자,1166870,1730415,129.3411099,35.55569796
2013,2013-10-19,35,야간,토,1,4,3,0,0,충북,괴산군,차량단독,공작물충돌,공작물충돌,운전자법규위반,안전운전 의무 불이행,단일로,기타단일로,승용차,대형,0,0,1022099,1850483,127.7472478,36.65200743
2013,2013-10-20,0,야간,일,1,1,0,0,0,경기,성남시,차대사람,차도통행중,차도통행중,운전자법규위반,기타(운전자법규위반),단일로,기타단일로,승용차,중형,보행자,보행자,965363,1927721,127.1089275,37.34787408
2013,2013-10-26,30,야간,토,1,1,0,0,0,울산,동구,차대사람,기타,기타,운전자법규위반,안전운전 의무 불이행,교차로,교차로내,승합차,대형,보행자,보행자,1173550,1722649,129.4131137,35.48456598
2013,2013-10-03,15,주간,목,1,1,0,0,0,전남,고흥군,차대차,추돌,진행중 추돌,운전자법규위반,과속,단일로,기타단일로,화물차,소형,농기계,농기계,984811,1643667,127.3339765,34.78742271
2013,2013-10-03,55,주간,목,1,1,0,0,0,부산,기장군,차량단독,공작물충돌,공작물충돌,운전자법규위반,안전운전 의무 불이행,단일로,횡단보도부근,원동기장치자전거,원동기장치자전거,0,0,1161380,1704795,129.2754855,35.32570913
2013,2013-10-04,0,주간,금,1,2,1,0,0,충북,제천시,차대사람,횡단중,횡단중,운전자법규위반,보행자 보호의무 위반,교차로,교차로부근,화물차,소형,보행자,보행자,1063100,1904990,128.2104932,37.14149259
2013,2013-10-11,0,주간,금,1,1,0,0,0,전북,정읍시,차대사람,보도통행중,보도통행중,운전자법규위반,보행자 보호의무 위반,교차로,교차로내,승용차,중형,보행자,보행자,941489,1730163,126.854324,35.56575661
2013,2013-07-18,20,야간,목,1,1,0,0,0,서울,동대문구,차대사람,기타,기타,운전자법규위반,안전운전 의무 불이행,단일로,교량위,승용차,중형,보행자,보행자,959201,1952630,127.0380001,37.57232326
2013,2013-07-18,50,야간,목,1,1,0,0,0,경북,경주시,차대사람,기타,기타,운전자법규위반,안전운전 의무 불이행,단일로,기타단일로,화물차,소형,보행자,보행자,1169492,1757617,129.3757551,35.80038631
2013,2013-07-19,20,주간,금,1,1,0,0,0,경남,의령군,차량단독,공작물충돌,공작물충돌,운전자법규위반,안전운전 의무 불이행,단일로,기타단일로,승용차,중형,0,0,1070384,1702346,128.2742809,35.31418687
2013,2013-07-19,20,주간,금,1,1,0,0,0,경남,고성군,차량단독,공작물충돌,공작물충돌,운전자법규위반,안전운전 의무 불이행,단일로,기타단일로,화물차,소형,0,0,1080180,1678012,128.3796649,35.09405185
2013,2013-07-19,50,주간,금,1,1,0,0,0,충북,보은군,차대차,측면직각충돌,측면직각충돌,운전자법규위반,교차로 통행방법 위반,교차로,교차로내,화물차,소형,이륜차,소형,1021256,1824593,127.7371026,36.41862679
2013,2013-07-16,40,주간,화,1,1,0,0,0,전남,여수시,차대사람,횡단중,횡단중,운전자법규위반,안전운전 의무 불이행,교차로,교차로내,화물차,소형,보행자,보행자,1021257,1638344,127.7322378,34.73929478
2013,2013-07-16,20,야간,화,1,1,0,0,0,경남,창원시(통합),차대사람,기타,기타,운전자법규위반,안전운전 의무 불이행,단일로,기타단일로,승용차,경형,보행자,보행자,1106508,1684926,128.6693565,35.15394482
2013,2013-10-09,0,야간,수,1,1,0,0,0,전남,목포시,차대사람,기타,기타,운전자법규위반,보행자 보호의무 위반,단일로,기타단일로,승합차,중형,보행자,보행자,896601,1645822,126.3696266,34.80171924
2013,2013-10-10,0,주간,목,1,1,0,0,0,제주,제주시,차대사람,횡단중,횡단중,운전자법규위반,안전운전 의무 불이행,단일로,횡단보도상,승용차,중형,보행자,보행자,912527,1503013,126.5581188,33.51543968
2013,2013-10-08,30,주간,화,1,1,0,0,0,경북,성주군,차량단독,도로이탈,도로이탈 추락,운전자법규위반,안전운전 의무 불이행,단일로,기타단일로,이륜차,소형,0,0,1071102,1768700,128.2880248,35.91236222
2013,2013-10-16,50,주간,수,1,1,0,0,0,충남,당진시,차대사람,기타,기타,운전자법규위반,안전운전 의무 불이행,단일로,기타단일로,화물차,대형,보행자,보행자,921793,1876943,126.6223337,36.88755374
2013,2013-10-16,0,주간,수,1,1,0,0,0,인천,연수구,차량단독,도로이탈,도로이탈 기타,운전자법규위반,안전운전 의무 불이행,단일로,기타단일로,승용차,대형,0,0,922721,1934398,126.6268134,37.40548153
2013,2013-10-16,40,야간,수,1,1,0,0,0,경기,용인시,차대차,추돌,주정차중 추돌,운전자법규위반,안전운전 의무 불이행,교차로,교차로내,이륜차,소형,특수차,대형,976421,1920957,127.2339924,37.28725126
2013,2013-10-15,15,주간,화,1,5,2,2,0,서울,마포구,차대차,기타,기타,운전자법규위반,중앙선 침범,단일로,기타단일로,승용차,중형,승용차,대형,946050,1952685,126.8890536,37.57195825
2013,2013-10-16,40,야간,수,1,1,0,0,0,충남,공주시,차대사람,횡단중,횡단중,운전자법규위반,안전운전 의무 불이행,단일로,기타단일로,승합차,중형,보행자,보행자,966261,1849303,127.1225758,36.6410285
2013,2013-10-14,10,야간,월,1,1,0,0,0,충남,금산군,차대사람,기타,기타,운전자법규위반,안전운전 의무 불이행,단일로,기타단일로,승용차,중형,보행자,보행자,1002342,1797272,127.5260422,36.17254693
2013,2013-10-14,13,주간,월,1,1,0,0,0,전북,진안군,차량단독,전도전복,전도전복,운전자법규위반,안전운전 의무 불이행,단일로,기타단일로,자전거,자전거,0,0,994741,1763315,127.4417475,35.86638222
2013,2013-10-14,10,주간,월,1,1,0,0,0,충남,천안시,차대차,측면직각충돌,측면직각충돌,운전자법규위반,교차로 통행방법 위반,교차로,교차로내,승용차,중형,이륜차,소형,966825,1878046,127.127634,36.90015463
2013,2013-08-31,6,야간,토,1,2,1,0,0,전남,여수시,차대차,측면직각충돌,측면직각충돌,운전자법규위반,신호위반,교차로,교차로내,승용차,중형,이륜차,대형,1017802,1642395,127.6945578,34.77590987
2013,2013-09-08,10,야간,일,1,1,0,0,0,경기,안산시,차대사람,기타,기타,운전자법규위반,보행자 보호의무 위반,단일로,기타단일로,승용차,중형,보행자,보행자,938732,1926495,126.8083646,37.33544781
2013,2013-09-09,0,주간,월,1,1,0,0,0,전남,신안군,차량단독,기타,기타,운전자법규위반,안전운전 의무 불이행,단일로,기타단일로,이륜차,사발이,0,0,873583,1644163,126.1182989,34.78416612
2013,2013-09-06,0,야간,금,1,1,0,0,0,서울,양천구,차대사람,횡단중,횡단중,운전자법규위반,안전운전 의무 불이행,단일로,기타단일로,승용차,중형,보행자,보행자,942517,1947684,126.849439,37.52667037
2013,2013-09-15,18,주간,일,1,1,0,0,0,경기,김포시,차량단독,공작물충돌,공작물충돌,운전자법규위반,안전운전 의무 불이행,단일로,기타단일로,승용차,대형,0,0,930460,1958492,126.7119694,37.62324917
2013,2013-09-15,20,주간,일,1,1,0,0,0,부산,금정구,차대사람,기타,기타,운전자법규위반,안전운전 의무 불이행,교차로,교차로부근,승용차,대형,보행자,보행자,1145149,1693557,129.0949913,35.22690548
2013,2013-09-16,25,야간,월,1,1,0,0,0,경북,구미시,차대차,추돌,진행중 추돌,운전자법규위반,안전운전 의무 불이행,단일로,기타단일로,특수차,대형,농기계,농기계,1073285,1802547,128.3119014,36.22291548
2013,2013-09-16,20,야간,월,1,4,0,3,0,울산,북구,차대차,추돌,주정차중 추돌,운전자법규위반,안전운전 의무 불이행,교차로,교차로부근,화물차,중형,화물차,중형,1166672,1741637,129.3412427,35.65686253
2013,2013-09-16,50,야간,월,1,1,0,0,0,경기,수원시,차량단독,공작물충돌,공작물충돌,운전자법규위반,안전운전 의무 불이행,단일로,기타단일로,이륜차,소형,0,0,957828,1918089,127.0244024,37.26074274
2013,2013-09-13,30,주간,금,1,1,0,0,0,전남,무안군,차량단독,도로이탈,도로이탈 추락,운전자법규위반,안전운전 의무 불이행,교차로,교차로부근,농기계,농기계,0,0,891063,1680185,126.3046054,35.11094311
2013,2013-09-21,35,야간,토,1,1,0,0,0,경기,오산시,차량단독,공작물충돌,공작물충돌,운전자법규위반,안전운전 의무 불이행,단일로,기타단일로,이륜차,중형,0,0,962639,1905903,127.0792676,37.15110521
2013,2013-09-21,0,주간,토,1,2,1,0,0,전남,순천시,차대차,측면직각충돌,측면직각충돌,운전자법규위반,안전운전 의무 불이행,교차로,교차로부근,승용차,소형,승용차,소형,997927,1655210,127.477608,34.89138148
2013,2013-09-21,22,야간,토,1,1,0,0,0,전남,영암군,차대차,기타,기타,운전자법규위반,안전운전 의무 불이행,단일로,기타단일로,승용차,중형,승용차,중형,925931,1655066,126.6911851,34.8907731
2013,2013-09-21,35,야간,토,1,1,0,0,0,전남,순천시,차량단독,전도전복,전도전복,운전자법규위반,안전운전 의무 불이행,교차로,교차로부근,승용차,중형,0,0,997951,1655180,127.4777405,34.89127149
2013,2013-09-28,0,야간,토,1,1,0,0,0,대전,중구,차대사람,기타,기타,운전자법규위반,안전운전 의무 불이행,교차로,교차로부근,승용차,중형,보행자,보행자,990498,1813361,127.3941457,36.31755447
2013,2013-09-28,27,주간,토,1,1,0,0,0,강원,평창군,차량단독,기타,기타,운전자법규위반,안전운전 의무 불이행,단일로,기타단일로,승용차,소형,0,0,1093128,1954232,128.5548658,37.58277845
2013,2013-10-04,55,주간,금,1,1,0,0,0,경남,밀양시,차대차,측면직각충돌,측면직각충돌,운전자법규위반,차로위반(진로변경 위반),단일로,기타단일로,승용차,중형,이륜차,소형,1113290,1723713,128.7491697,35.5028609
2013,2013-10-04,5,야간,금,1,1,0,0,0,충북,보은군,차대사람,차도통행중,차도통행중,운전자법규위반,안전운전 의무 불이행,단일로,기타단일로,승용차,중형,보행자,보행자,1019673,1831390,127.7196176,36.47993685
2013,2013-10-02,34,야간,수,1,2,1,0,0,충북,청원군,차대차,기타,기타,운전자법규위반,안전운전 의무 불이행,단일로,기타단일로,화물차,중형,농기계,농기계,1005655,1857183,127.5633189,36.7126471
2013,2013-10-02,15,야간,수,1,2,1,0,0,충북,청원군,차량단독,공작물충돌,공작물충돌,운전자법규위반,안전운전 의무 불이행,단일로,기타단일로,승용차,중형,0,0,988503,1853459,127.3713244,36.67902296
2013,2013-10-02,50,주간,수,1,2,1,0,0,경기,안산시,차대사람,기타,기타,운전자법규위반,안전운전 의무 불이행,단일로,기타단일로,승용차,중형,보행자,보행자,937896,1926516,126.7971794,37.3348664
2013,2013-10-11,42,주간,금,1,1,0,0,0,전남,강진군,차대차,기타,기타,운전자법규위반,중앙선 침범,단일로,기타단일로,농기계,농기계,이륜차,소형,934203,1637076,126.7813443,34.72597977
2013,2013-10-08,55,야간,화,1,1,0,0,0,경북,경주시,차대사람,기타,기타,운전자법규위반,안전거리 미확보,단일로,기타단일로,건설기계,건설기계,보행자,보행자,1165758,1745778,129.3318968,35.69446491
2013,2013-10-08,53,주간,화,1,1,0,0,0,부산,남구,차대사람,기타,기타,운전자법규위반,안전운전 의무 불이행,교차로,교차로부근,승용차,소형,보행자,보행자,1142841,1682507,129.0677241,35.1276346
2013,2013-10-08,30,야간,화,1,2,1,0,0,부산,사상구,차대차,추돌,주정차중 추돌,운전자법규위반,안전운전 의무 불이행,단일로,기타단일로,승용차,소형,화물차,대형,1134346,1688290,128.9754583,35.18093385
2013,2013-10-08,7,야간,화,1,1,0,0,0,부산,금정구,차대사람,기타,기타,운전자법규위반,안전운전 의무 불이행,교차로,교차로부근,승합차,소형,보행자,보행자,1144931,1694160,129.0927039,35.2324263
2012,2012-07-24,40,주간,화,1,2,1,0,0,경북,청도군,차량단독,공작물충돌,공작물충돌,운전자법규위반,안전운전 의무 불이행,단일로,기타단일로,화물차,중형,0,0,1113813,1731531,128.761358,35.57221078
2012,2012-07-22,41,주간,일,1,1,0,0,0,경기,양주시,차량단독,공작물충돌,공작물충돌,운전자법규위반,안전운전 의무 불이행,단일로,기타단일로,승용차,대형,0,0,958108,1976351,127.0242369,37.78588952
2012,2012-07-30,54,야간,월,1,1,0,0,0,부산,진구,차대사람,기타,기타,운전자법규위반,안전운전 의무 불이행,단일로,기타단일로,승용차,대형,보행자,보행자,1143283,1687393,129.0734213,35.17161324
2012,2012-07-30,15,야간,월,1,3,0,2,0,경북,경산시,차대차,기타,기타,운전자법규위반,교차로 통행방법 위반,교차로,교차로내,화물차,중형,승용차,소형,1118928,1769757,128.8171072,35.91586487
2012,2012-07-27,35,야간,금,1,1,0,0,0,경북,청송군,차대사람,횡단중,횡단중,운전자법규위반,안전운전 의무 불이행,단일로,기타단일로,승합차,대형,보행자,보행자,1144572,1834695,129.1175334,36.51250642
2012,2012-07-28,6,야간,토,1,1,0,0,0,인천,서구,차대차,기타,기타,운전자법규위반,안전운전 의무 불이행,교차로,교차로부근,승용차,중형,건설기계,건설기계,924121,1944765,126.6415634,37.49903223
2012,2012-08-02,27,야간,목,1,1,0,0,0,경기,고양시,차대사람,횡단중,횡단중,운전자법규위반,안전운전 의무 불이행,단일로,횡단보도상,화물차,중형,보행자,보행자,937275,1968427,126.788337,37.71328094
2012,2012-08-03,10,주간,금,1,1,0,0,0,서울,용산구,차량단독,공작물충돌,공작물충돌,운전자법규위반,안전운전 의무 불이행,단일로,기타단일로,화물차,중형,0,0,956593,1948173,127.0087083,37.53184794
2012,2012-08-01,40,주간,수,1,1,0,0,0,경기,화성시,차대사람,길가장자리구역통행중,길가장자리구역통행중,운전자법규위반,안전운전 의무 불이행,교차로,교차로내,승용차,소형,보행자,보행자,961555,1915137,127.0665852,37.2342954
2012,2012-08-01,30,주간,수,1,1,0,0,0,서울,강서구,차량단독,도로이탈,도로이탈 추락,운전자법규위반,안전운전 의무 불이행,단일로,기타단일로,승합차,중형,0,0,938183,1954293,126.7998353,37.5859563
2012,2012-06-13,10,주간,수,1,1,0,0,0,경북,구미시,차대차,측면직각충돌,측면직각충돌,운전자법규위반,안전운전 의무 불이행,기타/불명,기타/불명,승용차,중형,화물차,경형,1080966,1798114,128.4003505,36.17675535
2012,2012-06-18,10,야간,월,2,4,1,1,0,경북,의성군,차대차,정면충돌,정면충돌,운전자법규위반,중앙선 침범,단일로,기타단일로,이륜차,소형,화물차,소형,1088071,1816373,128.4814057,36.34072599
2012,2012-06-16,10,야간,토,1,1,0,0,0,전남,목포시,차대사람,기타,기타,운전자법규위반,안전운전 의무 불이행,단일로,기타단일로,화물차,소형,보행자,보행자,898728,1644816,126.3929967,34.79286283
2012,2012-06-16,5,주간,토,1,2,1,0,0,경북,상주시,차대차,측면직각충돌,측면직각충돌,운전자법규위반,앞지르기 금지위반,교차로,교차로내,건설기계,건설기계,승용차,중형,1064056,1814376,128.2136562,36.32462153
2012,2012-06-27,25,야간,수,1,1,0,0,0,강원,고성군,차량단독,공작물충돌,공작물충돌,운전자법규위반,안전운전 의무 불이행,교차로,교차로부근,승용차,중형,0,0,1089579,2036836,128.524855,38.3275118
2012,2012-06-27,17,야간,수,1,1,0,0,0,울산,남구,차대사람,차도통행중,차도통행중,운전자법규위반,안전운전 의무 불이행,단일로,기타단일로,승용차,중형,보행자,보행자,1164461,1728078,129.3140684,35.53503957
2012,2012-07-05,0,야간,목,1,2,1,0,0,경북,안동시,차량단독,공작물충돌,공작물충돌,운전자법규위반,안전운전 의무 불이행,단일로,기타단일로,승용차,중형,0,0,1089755,1840239,128.5029341,36.55569583
2012,2012-07-02,50,야간,월,1,2,1,0,0,서울,노원구,차대사람,횡단중,횡단중,운전자법규위반,안전운전 의무 불이행,단일로,기타단일로,이륜차,중형,보행자,보행자,962657,1961099,127.076681,37.6486192
2012,2012-07-09,55,야간,월,1,1,0,0,0,강원,원주시,차대차,추돌,주정차중 추돌,운전자법규위반,안전운전 의무 불이행,단일로,기타단일로,원동기장치자전거,원동기장치자전거,승용차,대형,1036953,1922222,127.9169469,37.29821843
2012,2012-07-09,47,야간,월,1,1,0,0,0,강원,홍천군,차량단독,도로이탈,도로이탈 기타,운전자법규위반,안전운전 의무 불이행,교차로,교차로부근,이륜차,중형,0,0,1031574,1965297,127.8391788,37.65252352
2012,2012-07-06,57,야간,금,1,1,0,0,0,인천,강화군,차대사람,기타,기타,운전자법규위반,안전운전 의무 불이행,단일로,기타단일로,승용차,소형,보행자,보행자,910537,1972486,126.4844773,37.74766578
2012,2012-07-14,40,야간,토,1,1,0,0,0,전남,여수시,차대사람,횡단중,횡단중,운전자법규위반,안전운전 의무 불이행,교차로,교차로부근,승용차,중형,보행자,보행자,1017813,1641567,127.6946605,34.768443
2012,2012-07-14,40,주간,토,1,1,0,0,0,전북,장수군,차량단독,기타,기타,운전자법규위반,안전운전 의무 불이행,기타/불명,기타/불명,화물차,소형,0,0,1011700,1756736,127.6295011,35.80700908
2012,2012-07-12,50,주간,목,1,1,0,0,0,경북,구미시,차량단독,공작물충돌,공작물충돌,운전자법규위반,안전운전 의무 불이행,교차로,교차로내,승용차,중형,0,0,1071072,1804931,128.2909564,36.23898586
2012,2012-07-16,8,주간,월,1,1,0,0,0,울산,중구,차량단독,공작물충돌,공작물충돌,운전자법규위반,기타(운전자법규위반),교차로,교차로부근,승합차,대형,0,0,1166258,1730383,129.3343542,35.55551248
2012,2012-07-16,0,야간,월,1,1,0,0,0,전남,장흥군,차대사람,기타,기타,운전자법규위반,안전운전 의무 불이행,단일로,기타단일로,승용차,중형,보행자,보행자,942935,1631726,126.8770743,34.67826225
2012,2012-07-15,52,야간,일,1,10,1,8,0,서울,금천구,차대차,측면직각충돌,측면직각충돌,운전자법규위반,신호위반,교차로,교차로내,승용차,대형,승합차,대형,947249,1938300,126.903663,37.44237335
2012,2012-07-14,31,야간,토,1,1,0,0,0,세종,세종,차대사람,기타,기타,운전자법규위반,안전운전 의무 불이행,교차로,교차로부근,승합차,소형,보행자,보행자,982146,1844975,127.3003739,36.60244224