발생년,발생년월일시분,발생분,주야,요일,사망자수,사상자수,중상자수,경상자수,부상신고자수,발생지시도,발생지시군구,사고유형_대분류,사고유형_중분류,사고유형,법규위반_대분류,법규위반,도로형태_대분류,도로형태,당사자종별_1당_대분류,당사자종별_1당,당사자종별_2당_대분류,당사자종별_2당,발생위치X_UTMK,발생위치Y_UTMK,경도,위도
2012,2012-07-21,51,야간,토,1,4,2,1,0,경기,고양시,차대차,측면직각충돌,측면직각충돌,운전자법규위반,신호위반,교차로,교차로내,승용차,중형,이륜차,소형,934049,1964713,126.7520747,37.67958156
2012,2012-07-19,0,야간,목,1,1,0,0,0,경북,영주시,차대사람,횡단중,횡단중,운전자법규위반,안전운전 의무 불이행,단일로,기타단일로,화물차,소형,보행자,보행자,1099219,1869969,128.6125227,36.82272206
2012,2012-07-23,0,야간,월,1,1,0,0,0,강원,양양군,차대차,기타,기타,운전자법규위반,안전운전 의무 불이행,단일로,기타단일로,승용차,대형,이륜차,중형,1092204,2007362,128.5510337,38.06157221
2012,2012-07-24,40,야간,화,1,1,0,0,0,부산,강서구,차량단독,공작물충돌,공작물충돌,운전자법규위반,안전운전 의무 불이행,단일로,기타단일로,승용차,중형,0,0,1132365,1684787,128.9531462,35.14961986
2012,2012-07-27,35,야간,월,1,1,0,0,0,대전,대덕구,차대사람,횡단중,횡단중,운전자법규위반,안전운전 의무 불이행,교차로,교차로내,화물차,소형,보행자,보행자,992457,1816757,127.4159365,36.34818821
2012,2012-07-27,0,주간,금,1,1,0,0,0,경남,김해시,차대사람,기타,기타,운전자법규위반,안전운전 의무 불이행,단일로,기타단일로,승합차,소형,보행자,보행자,1124449,1702729,128.8774515,35.29499829
2012,2012-07-28,20,야간,토,1,1,0,0,0,인천,남동구,차량단독,공작물충돌,공작물충돌,운전자법규위반,안전운전 의무 불이행,단일로,기타단일로,승용차,대형,0,0,929356,1940715,126.7011714,37.46294583
2013,2013-02-14,40,주간,목,1,1,0,0,0,경기,구리시,차대차,측면직각충돌,측면직각충돌,운전자법규위반,안전운전 의무 불이행,단일로,횡단보도상,이륜차,소형,승합차,대형,967324,1955776,127.129794,37.60098484
2013,2013-02-07,30,야간,목,1,3,1,1,0,전남,광양시,차대차,정면충돌,정면충돌,운전자법규위반,중앙선 침범,교차로,교차로부근,승용차,대형,승용차,경형,1008620,1663934,127.5944299,34.97025936
2013,2013-02-08,30,야간,금,1,1,0,0,0,경기,화성시,차량단독,공작물충돌,공작물충돌,운전자법규위반,안전운전 의무 불이행,단일로,기타단일로,승용차,소형,0,0,948326,1905086,126.9362166,37.17649104
2013,2013-05-06,30,주간,월,1,1,0,0,0,전북,전주시,차대차,기타,기타,운전자법규위반,안전운전 의무 불이행,단일로,횡단보도상,승용차,경형,자전거,자전거,967441,1759365,127.1395174,35.83024187
2013,2013-11-16,45,주간,토,1,1,0,0,0,충북,진천군,차대차,측면직각충돌,측면직각충돌,운전자법규위반,중앙선 침범,교차로,교차로부근,원동기장치자전거,원동기장치자전거,화물차,소형,989744,1875616,127.3849155,36.87877693
2013,2013-11-18,20,야간,월,1,1,0,0,0,울산,남구,차대사람,보도통행중,보도통행중,운전자법규위반,안전운전 의무 불이행,교차로,교차로부근,건설기계,건설기계,보행자,보행자,1159753,1730332,129.2626042,35.55612327
2013,2013-11-19,35,주간,화,1,2,0,1,0,경기,이천시,차대차,측면직각충돌,측면직각충돌,운전자법규위반,교차로 통행방법 위반,교차로,교차로내,화물차,대형,화물차,중형,1006743,1907573,127.5746227,37.16794585
2012,2012-10-06,20,주간,토,1,1,0,0,0,경기,포천시,차대차,측면직각충돌,측면직각충돌,운전자법규위반,안전운전 의무 불이행,교차로,교차로내,승용차,중형,이륜차,소형,984909,1996482,127.3281898,37.96816707
2012,2012-10-06,30,야간,토,1,1,0,0,0,전남,나주시,차대사람,기타,기타,운전자법규위반,안전운전 의무 불이행,단일로,횡단보도상,승용차,소형,보행자,보행자,922084,1669498,126.6553881,35.01406762
2012,2012-10-11,10,주간,목,1,15,11,3,0,전남,여수시,차대차,측면직각충돌,측면직각충돌,운전자법규위반,신호위반,교차로,교차로내,승합차,소형,화물차,대형,1014423,1645062,127.6576747,34.80001355
2012,2012-09-27,20,야간,목,1,1,0,0,0,대구,서구,차대차,추돌,진행중 추돌,운전자법규위반,안전운전 의무 불이행,교차로,교차로내,승용차,중형,원동기장치자전거,원동기장치자전거,1095732,1765728,128.5606054,35.88346944
2012,2012-11-27,40,주간,화,1,1,0,0,0,강원,춘천시,차량단독,기타,기타,운전자법규위반,안전운전 의무 불이행,단일로,기타단일로,승용차,중형,0,0,1021154,1991390,127.7406869,37.92215229
2012,2012-07-24,50,야간,화,1,2,0,1,0,경기,남양주시,차대차,정면충돌,정면충돌,운전자법규위반,안전운전 의무 불이행,교차로,교차로내,이륜차,소형,승용차,중형,973376,1967818,127.1979439,37.70955278
2012,2012-08-03,12,야간,금,1,1,0,0,0,전북,완주군,차대사람,횡단중,횡단중,운전자법규위반,안전운전 의무 불이행,단일로,기타단일로,승용차,중형,보행자,보행자,972297,1785844,127.280006,36.08999801
2012,2012-06-13,0,야간,수,1,1,0,0,0,광주,북구,차대사람,횡단중,횡단중,운전자법규위반,보행자 보호의무 위반,단일로,기타단일로,승용차,중형,보행자,보행자,947296,1687672,126.9254215,35.1885139
2013,2013-01-15,41,야간,화,1,1,0,0,0,경기,부천시,차대차,기타,기타,운전자법규위반,안전운전 의무 불이행,단일로,기타단일로,이륜차,중형,이륜차,중형,934259,1944581,126.7562638,37.49815161
2013,2013-01-20,39,주간,일,1,1,0,0,0,전남,보성군,차량단독,도로이탈,도로이탈 추락,운전자법규위반,안전운전 의무 불이행,단일로,기타단일로,화물차,소형,0,0,988454,1646442,127.3737581,34.81249467
2013,2013-02-08,50,야간,금,1,1,0,0,0,서울,영등포구,차대사람,횡단중,횡단중,운전자법규위반,보행자 보호의무 위반,단일로,횡단보도상,승합차,대형,보행자,보행자,948215,1946769,126.9139871,37.51876094
2013,2013-02-16,59,야간,토,1,1,0,0,0,인천,부평구,차대사람,기타,기타,운전자법규위반,안전운전 의무 불이행,단일로,기타단일로,승합차,대형,보행자,보행자,931073,1945645,126.720687,37.50684467
2014,2014-04-13,5,주간,일,1,1,0,0,0,충남,청양군,차량단독,공작물충돌,공작물충돌,운전자법규위반,안전운전 의무 불이행,단일로,교량위,승용차,중형,0,0,951074,1817835,126.9547172,36.35669219
2014,2014-04-13,10,야간,일,1,1,0,0,0,서울,금천구,차대사람,기타,기타,운전자법규위반,안전운전 의무 불이행,단일로,기타단일로,승용차,중형,보행자,보행자,947245,1941875,126.9033619,37.47459545
2014,2014-04-14,40,주간,월,1,1,0,0,0,전남,완도군,차대차,추돌,진행중 추돌,운전자법규위반,안전운전 의무 불이행,단일로,기타단일로,승합차,대형,이륜차,중형,924502,1599457,126.6787365,34.38609182
2014,2014-04-14,48,주간,월,1,1,0,0,0,충남,아산시,차대사람,횡단중,횡단중,운전자법규위반,보행자 보호의무 위반,단일로,기타단일로,승용차,중형,보행자,보행자,949431,1864104,126.9333337,36.77370592
2014,2014-04-12,27,주간,토,1,1,0,0,0,서울,동대문구,차대사람,횡단중,횡단중,운전자법규위반,안전운전 의무 불이행,단일로,횡단보도상,화물차,소형,보행자,보행자,959419,1953350,127.0404062,37.57863848
2014,2014-04-24,10,야간,목,1,1,0,0,0,제주,서귀포시,차대차,측면직각충돌,측면직각충돌,운전자법규위반,과속,교차로,교차로내,화물차,소형,자전거,자전거,885908,1473460,126.2752868,33.24642738
2014,2014-04-24,54,야간,목,1,1,0,0,0,서울,서대문구,차대차,측면직각충돌,측면직각충돌,운전자법규위반,중앙선 침범,단일로,횡단보도부근,승용차,경형,이륜차,중형,949661,1951962,126.9299934,37.5656463
2014,2014-04-25,19,주간,금,1,1,0,0,0,전남,강진군,차량단독,기타,기타,운전자법규위반,안전운전 의무 불이행,단일로,기타단일로,농기계,농기계,0,0,931627,1631472,126.751728,34.68061421
2014,2014-04-25,0,야간,금,1,1,0,0,0,서울,송파구,차대사람,기타,기타,운전자법규위반,안전운전 의무 불이행,단일로,기타단일로,승용차,중형,보행자,보행자,966588,1942560,127.1220868,37.48167182
2014,2014-04-25,5,야간,금,2,3,1,0,0,울산,남구,차대사람,횡단중,횡단중,운전자법규위반,안전운전 의무 불이행,단일로,기타단일로,승용차,중형,보행자,보행자,1160385,1729631,129.2694355,35.54970352
2014,2014-04-22,30,야간,화,1,2,0,1,0,서울,서초구,차대차,정면충돌,정면충돌,운전자법규위반,신호위반,교차로,교차로부근,이륜차,중형,승용차,중형,955495,1944576,126.9964991,37.49937477
2014,2014-04-23,20,주간,수,1,3,1,1,0,경기,파주시,차대차,추돌,진행중 추돌,운전자법규위반,안전운전 의무 불이행,단일로,기타단일로,승용차,중형,승용차,소형,935723,1985519,126.7692141,37.8672148
2014,2014-04-23,40,주간,수,1,1,0,0,0,전북,익산시,차대차,측면직각충돌,측면직각충돌,운전자법규위반,안전운전 의무 불이행,단일로,기타단일로,승용차,대형,자전거,자전거,952592,1769761,126.9745006,35.92336409
2014,2014-04-21,19,야간,월,1,1,0,0,0,강원,춘천시,차량단독,전도전복,전도전복,운전자법규위반,안전운전 의무 불이행,단일로,기타단일로,승용차,소형,0,0,1022976,1984252,127.7611898,37.85777346
2014,2014-04-22,49,주간,화,1,3,1,1,0,부산,강서구,차대차,측면직각충돌,측면직각충돌,운전자법규위반,직진 및 우회전차의 통행방해,교차로,교차로내,승용차,중형,승용차,중형,1132679,1689569,128.9573616,35.19268468
2014,2014-04-19,20,야간,토,1,1,0,0,0,전북,전주시,차량단독,공작물충돌,공작물충돌,운전자법규위반,안전운전 의무 불이행,단일로,기타단일로,승용차,중형,0,0,963758,1758085,127.0987993,35.81857219
2014,2014-05-06,30,주간,화,1,2,0,1,0,경기,화성시,차대차,정면충돌,정면충돌,운전자법규위반,중앙선 침범,교차로,교차로부근,원동기장치자전거,원동기장치자전거,승용차,중형,946799,1916729,126.9001249,37.24791938
2014,2014-05-07,47,주간,수,1,3,2,0,0,제주,서귀포시,차대차,측면직각충돌,측면직각충돌,운전자법규위반,직진 및 우회전차의 통행방해,교차로,교차로내,화물차,소형,승용차,소형,877890,1476700,126.1888005,33.27476728
2014,2014-05-07,0,주간,수,1,1,0,0,0,경남,밀양시,차량단독,공작물충돌,공작물충돌,운전자법규위반,안전운전 의무 불이행,교차로,교차로부근,화물차,소형,0,0,1104104,1722240,128.6477121,35.49058812
2014,2014-05-06,30,야간,화,1,2,0,0,1,부산,동래구,차대차,측면직각충돌,측면직각충돌,운전자법규위반,신호위반,교차로,교차로내,이륜차,중형,승용차,중형,1144209,1692562,129.0844911,35.21807254
2014,2014-05-03,42,주간,토,1,4,1,2,0,경기,부천시,차대사람,횡단중,횡단중,운전자법규위반,안전운전 의무 불이행,단일로,횡단보도상,승합차,대형,보행자,보행자,938209,1948323,126.8006328,37.53215102
2014,2014-05-03,10,야간,토,1,2,1,0,0,경기,부천시,차량단독,공작물충돌,공작물충돌,운전자법규위반,안전운전 의무 불이행,교차로,교차로부근,이륜차,소형,0,0,938996,1942362,126.8100344,37.47847692
2013,2013-09-03,25,야간,화,1,1,0,0,0,충남,부여군,차대사람,횡단중,횡단중,운전자법규위반,안전운전 의무 불이행,단일로,기타단일로,화물차,대형,보행자,보행자,946210,1798384,126.8981701,36.1833073
2013,2013-09-01,0,야간,일,1,1,0,0,0,충남,아산시,차대사람,횡단중,횡단중,운전자법규위반,안전운전 의무 불이행,단일로,기타단일로,승용차,중형,보행자,보행자,958545,1864064,127.0375714,36.76590832
2013,2013-08-31,15,야간,토,1,1,0,0,0,광주,남구,차대사람,기타,기타,운전자법규위반,안전운전 의무 불이행,교차로,교차로부근,승용차,중형,보행자,보행자,945095,1683840,126.8970471,35.13690675
2013,2013-09-10,15,야간,화,1,1,0,0,0,전남,장성군,차대사람,기타,기타,운전자법규위반,안전운전 의무 불이행,단일로,기타단일로,화물차,소형,보행자,보행자,922381,1693389,126.6469829,35.23289449
2013,2013-09-05,20,야간,목,1,1,0,0,0,충북,음성군,차대사람,기타,기타,운전자법규위반,안전운전 의무 불이행,교차로,교차로내,승용차,중형,보행자,보행자,1017078,1881045,127.6916949,36.92858807
2013,2013-09-08,49,주간,일,1,1,0,0,0,부산,동래구,차대사람,횡단중,횡단중,운전자법규위반,안전운전 의무 불이행,단일로,기타단일로,승용차,소형,보행자,보행자,1146641,1690823,129.1108936,35.20204533
2013,2013-09-07,35,주간,토,1,2,0,1,0,제주,제주시,차대차,측면직각충돌,측면직각충돌,운전자법규위반,중앙선 침범,단일로,기타단일로,승용차,중형,화물차,중형,908339,1498403,126.5135011,33.47351417
2013,2013-09-15,12,주간,일,1,1,0,0,0,강원,태백시,차대차,측면직각충돌,측면직각충돌,운전자법규위반,교차로 통행방법 위반,교차로,교차로내,승용차,중형,이륜차,소형,1132147,1907759,128.9883889,37.15916619
2013,2013-09-13,22,야간,금,1,1,0,0,0,인천,계양구,차량단독,공작물충돌,공작물충돌,운전자법규위반,안전운전 의무 불이행,단일로,기타단일로,승용차,소형,0,0,932959,1952465,126.740838,37.5691152
2013,2013-09-13,30,주간,금,1,1,0,0,0,충남,태안군,차대차,기타,기타,운전자법규위반,안전운전 의무 불이행,단일로,기타단일로,화물차,소형,원동기장치자전거,원동기장치자전거,885120,1862667,126.2130125,36.75514056
2013,2013-09-26,50,야간,목,1,1,0,0,0,전남,해남군,차대차,기타,기타,운전자법규위반,과속,단일로,기타단일로,화물차,소형,농기계,농기계,908943,1609968,126.515283,34.49150292
2013,2013-09-26,40,야간,목,1,3,0,2,0,충북,진천군,차대차,추돌,주정차중 추돌,운전자법규위반,안전운전 의무 불이행,교차로,교차로부근,화물차,소형,승용차,중형,994699,1878280,127.4404978,36.90283263
2013,2013-09-26,45,주간,목,1,3,1,1,0,경남,함안군,차대차,측면직각충돌,측면직각충돌,운전자법규위반,신호위반,교차로,교차로내,화물차,소형,승용차,소형,1092037,1710516,128.5133718,35.38608389
2013,2013-09-27,0,주간,금,1,1,0,0,0,강원,삼척시,차량단독,전도전복,전도전복,운전자법규위반,안전운전 의무 불이행,기타/불명,기타/불명,화물차,소형,0,0,1123841,1924285,128.8904488,37.30825162
2013,2013-09-25,47,야간,수,1,1,0,0,0,충북,청주시,차대사람,횡단중,횡단중,운전자법규위반,안전운전 의무 불이행,단일로,기타단일로,승용차,중형,보행자,보행자,996502,1848334,127.4608734,36.63288443
2013,2013-09-30,55,주간,월,1,1,0,0,0,경북,구미시,차대차,추돌,주정차중 추돌,운전자법규위반,안전운전 의무 불이행,교차로,교차로부근,승용차,중형,화물차,대형,1080839,1793652,128.3984793,36.13654283
2013,2013-09-29,38,야간,일,1,1,0,0,0,경남,사천시,차대사람,횡단중,횡단중,운전자법규위반,안전운전 의무 불이행,교차로,교차로부근,화물차,소형,보행자,보행자,1052291,1674369,128.0734785,35.06303714
2013,2013-09-30,3,주간,월,1,1,0,0,0,경남,사천시,차대차,기타,기타,운전자법규위반,직진 및 우회전차의 통행방해,교차로,교차로내,이륜차,소형,화물차,대형,1052768,1659752,128.0777825,34.93121102
2013,2013-09-27,30,주간,금,1,1,0,0,0,서울,구로구,차대사람,횡단중,횡단중,운전자법규위반,안전운전 의무 불이행,단일로,기타단일로,화물차,대형,보행자,보행자,941265,1943497,126.835605,37.48885384
2013,2013-09-28,40,야간,토,1,1,0,0,0,강원,원주시,차대사람,횡단중,횡단중,운전자법규위반,안전운전 의무 불이행,교차로,교차로내,승용차,중형,보행자,보행자,1038209,1933817,127.9317163,37.4026808
2013,2013-10-03,0,야간,목,1,1,0,0,0,경기,시흥시,차대사람,횡단중,횡단중,운전자법규위반,안전운전 의무 불이행,단일로,기타단일로,승용차,경형,보행자,보행자,931511,1926696,126.7271996,37.33729534
2013,2013-05-14,30,주간,화,1,2,0,1,0,강원,동해시,차대차,기타,기타,운전자법규위반,중앙선 침범,단일로,기타단일로,승용차,소형,승합차,대형,1143093,1949029,129.11921,37.53055863
2013,2013-10-31,29,주간,목,1,1,0,0,0,전북,무주군,차량단독,공작물충돌,공작물충돌,운전자법규위반,안전운전 의무 불이행,단일로,기타단일로,농기계,농기계,0,0,1014673,1760692,127.6624802,35.8426371
2013,2013-10-26,15,주간,토,1,1,0,0,0,경기,용인시,차대차,측면직각충돌,측면직각충돌,운전자법규위반,중앙선 침범,단일로,기타단일로,승용차,경형,이륜차,소형,974772,1918974,127.2154566,37.26933344
2013,2013-11-19,0,야간,화,1,1,0,0,0,강원,철원군,차대차,측면직각충돌,측면직각충돌,운전자법규위반,안전운전 의무 불이행,교차로,교차로내,화물차,소형,특수차,대형,982592,2015139,127.3013571,38.13627676
2013,2013-03-17,10,야간,일,1,1,0,0,0,경남,밀양시,차량단독,공작물충돌,공작물충돌,운전자법규위반,안전운전 의무 불이행,단일로,기타단일로,승용차,중형,0,0,1108343,1712458,128.6680202,35.42208693
2013,2013-07-17,58,야간,수,1,1,0,0,0,서울,양천구,차대사람,기타,기타,운전자법규위반,안전운전 의무 불이행,교차로,교차로내,승용차,대형,보행자,보행자,940287,1949098,126.8240876,37.53927302
2013,2013-05-21,58,주간,화,1,1,0,0,0,전남,곡성군,차대사람,횡단중,횡단중,운전자법규위반,안전운전 의무 불이행,기타/불명,기타/불명,건설기계,건설기계,보행자,보행자,972611,1695858,127.1989051,35.25778885
2014,2014-01-16,15,야간,목,1,1,0,0,0,충북,청주시,차대사람,횡단중,횡단중,운전자법규위반,안전운전 의무 불이행,교차로,교차로부근,승용차,중형,보행자,보행자,999064,1849645,127.491207,36.64381668
2013,2013-09-12,45,야간,목,1,1,0,0,0,경기,하남시,차대사람,기타,기타,운전자법규위반,과속,단일로,기타단일로,특수차,소형,보행자,보행자,971606,1953244,127.1784299,37.57813973
2013,2013-04-20,30,야간,토,1,1,0,0,0,경기,화성시,차량단독,공작물충돌,공작물충돌,운전자법규위반,안전운전 의무 불이행,단일로,기타단일로,화물차,소형,0,0,951719,1912503,126.9111771,37.22879319
2013,2013-04-17,20,주간,수,1,1,0,0,0,경기,동두천시,차량단독,공작물충돌,공작물충돌,운전자법규위반,안전운전 의무 불이행,단일로,기타단일로,승용차,소형,0,0,959599,1988522,127.0404895,37.89565213
2014,2014-08-13,45,야간,수,1,2,1,0,0,경기,안성시,차량단독,공작물충돌,공작물충돌,운전자법규위반,안전운전 의무 불이행,교차로,교차로내,승용차,중형,0,0,976520,1892102,127.2360152,37.02715209
2014,2014-11-01,30,야간,토,1,1,0,0,0,경기,안성시,차대사람,차도통행중,차도통행중,운전자법규위반,과속,단일로,기타단일로,승용차,중형,보행자,보행자,976719,1889300,127.2356003,37.00086523
2012,2012-10-12,35,야간,금,1,1,0,0,0,경기,광주시,차량단독,공작물충돌,공작물충돌,운전자법규위반,안전운전 의무 불이행,단일로,기타단일로,승용차,대형,0,0,974151,1927017,127.1629374,37.35133036
2012,2012-10-07,5,주간,일,1,1,0,0,0,경기,여주시,차대사람,기타,기타,운전자법규위반,안전운전 의무 불이행,기타/불명,기타/불명,승용차,소형,보행자,보행자,1005065,1915526,127.5571043,37.2385812
2014,2014-12-31,50,야간,수,1,34,3,0,30,경기,화성시,차대차,기타,기타,운전자법규위반,안전거리 미확보,단일로,기타단일로,승용차,중형,승용차,소형,938962,1897894,126.8133007,37.07766889
2013,2013-10-09,50,주간,수,1,1,0,0,0,전북,순창군,차대차,측면직각충돌,측면직각충돌,운전자법규위반,직진 및 우회전차의 통행방해,교차로,교차로내,이륜차,소형,화물차,소형,946538,1715975,126.9125297,35.44364585
2013,2013-10-17,10,주간,목,1,1,0,0,0,충남,공주시,차대사람,횡단중,횡단중,운전자법규위반,보행자 보호의무 위반,단일로,횡단보도상,건설기계,건설기계,보행자,보행자,966387,1828978,127.1248717,36.45780471
2013,2013-10-17,10,주간,목,1,1,0,0,0,강원,양양군,차량단독,도로이탈,도로이탈 추락,운전자법규위반,안전운전 의무 불이행,단일로,기타단일로,건설기계,건설기계,0,0,1087015,1993442,128.490227,37.93672636
2013,2013-10-18,44,주간,금,1,3,2,0,0,전북,익산시,차대차,추돌,주정차중 추돌,운전자법규위반,안전운전 의무 불이행,교차로,교차로부근,화물차,소형,화물차,소형,953797,1792429,126.9910366,36.1307625
2013,2013-10-17,50,야간,목,1,1,0,0,0,강원,원주시,차량단독,전도전복,전도전복,운전자법규위반,안전운전 의무 불이행,단일로,기타단일로,승용차,중형,0,0,1038001,1926270,127.9289787,37.33466361
2013,2013-10-16,35,야간,수,1,1,0,0,0,전북,완주군,차대차,기타,기타,운전자법규위반,안전운전 의무 불이행,교차로,교차로부근,화물차,소형,자전거,자전거,968666,1770934,127.1526248,35.93458737
2013,2013-06-25,50,야간,화,1,1,0,0,0,전남,광양시,차대사람,횡단중,횡단중,운전자법규위반,안전운전 의무 불이행,단일로,횡단보도부근,승합차,경형,보행자,보행자,1009489,1663305,127.6039774,34.96456243
2013,2013-01-27,10,주간,일,1,3,0,2,0,충남,천안시,차대차,추돌,진행중 추돌,운전자법규위반,안전운전 의무 불이행,단일로,기타단일로,승합차,대형,화물차,대형,965404,1851794,127.1129886,36.66344484
2013,2013-10-25,23,야간,금,2,2,0,0,0,충북,영동군,차량단독,전도전복,전도전복,운전자법규위반,안전운전 의무 불이행,단일로,기타단일로,화물차,소형,0,0,1031736,1806322,127.8531068,36.25392922
2013,2013-05-17,50,야간,금,1,4,1,1,1,충남,당진시,차량단독,공작물충돌,공작물충돌,운전자법규위반,안전운전 의무 불이행,단일로,기타단일로,승합차,소형,0,0,908417,1890269,126.4706291,37.00645829
2013,2013-11-10,15,주간,일,1,2,1,0,0,경남,진주시,차대차,정면충돌,정면충돌,운전자법규위반,중앙선 침범,교차로,교차로내,화물차,소형,특수차,소형,1061191,1682091,128.1716506,35.1321632
2013,2013-10-26,35,야간,토,1,1,0,0,0,광주,북구,차대사람,기타,기타,운전자법규위반,안전운전 의무 불이행,교차로,교차로부근,승용차,중형,보행자,보행자,945366,1689021,126.8999103,35.19573451
2013,2013-08-09,10,야간,금,1,1,0,0,0,경북,칠곡군,차량단독,기타,기타,운전자법규위반,안전운전 의무 불이행,단일로,기타단일로,승용차,소형,0,0,1080859,1787731,128.3980937,36.08316532
2013,2013-08-21,25,야간,수,1,1,0,0,0,전북,김제시,차량단독,도로이탈,도로이탈 추락,운전자법규위반,안전운전 의무 불이행,교차로,교차로부근,원동기장치자전거,원동기장치자전거,0,0,952834,1762909,126.977589,35.86160002
2013,2013-08-26,40,야간,월,1,1,0,0,0,경기,김포시,차대사람,기타,기타,운전자법규위반,안전운전 의무 불이행,교차로,교차로부근,승용차,중형,보행자,보행자,921941,1961325,126.6119626,37.65876282
2013,2013-08-22,50,주간,목,1,18,10,7,0,전북,완주군,차량단독,전도전복,전도전복,운전자법규위반,안전운전 의무 불이행,교차로,교차로내,화물차,소형,0,0,963511,1769227,127.0955549,35.91901837
2013,2013-08-22,35,야간,목,1,1,0,0,0,충남,서산시,차량단독,전도전복,전도전복,운전자법규위반,안전운전 의무 불이행,교차로,교차로내,화물차,대형,0,0,905997,1874055,126.4454484,36.86008255
2013,2013-09-10,50,주간,화,1,1,0,0,0,경남,하동군,차대차,측면직각충돌,측면직각충돌,운전자법규위반,중앙선 침범,단일로,기타단일로,승용차,대형,농기계,농기계,1037445,1668165,127.9103862,35.0077552
2013,2013-10-26,20,야간,토,1,2,1,0,0,부산,동래구,차량단독,전도전복,전도전복,운전자법규위반,안전운전 의무 불이행,단일로,기타단일로,승용차,소형,0,0,1143764,1692304,129.0796021,35.21580131
2013,2013-10-26,59,야간,토,1,1,0,0,0,전남,광양시,차량단독,공작물충돌,공작물충돌,운전자법규위반,안전운전 의무 불이행,교차로,교차로내,승용차,중형,0,0,1017128,1660663,127.6875653,34.94065501
2013,2013-10-17,45,야간,목,1,1,0,0,0,전남,보성군,차대사람,횡단중,횡단중,운전자법규위반,안전운전 의무 불이행,단일로,기타단일로,화물차,소형,보행자,보행자,962602,1637023,127.0915199,34.72693681
2013,2013-06-19,30,야간,수,1,1,0,0,0,서울,영등포구,차대사람,횡단중,횡단중,운전자법규위반,안전운전 의무 불이행,단일로,횡단보도부근,승용차,소형,보행자,보행자,946902,1947688,126.8999248,37.52677544
2013,2013-06-07,0,주간,금,1,1,0,0,0,전북,익산시,차대차,추돌,진행중 추돌,운전자법규위반,안전운전 의무 불이행,단일로,기타단일로,화물차,소형,이륜차,소형,954142,1780982,126.9910321,36.02460241
2013,2013-07-08,55,주간,월,1,1,0,0,0,경남,함양군,차대사람,횡단중,횡단중,운전자법규위반,안전운전 의무 불이행,단일로,기타단일로,화물차,중형,보행자,보행자,1024006,1728107,127.7648544,35.54865664
2013,2013-05-29,50,야간,수,1,1,0,0,0,경기,안양시,차대차,추돌,진행중 추돌,운전자법규위반,안전거리 미확보,단일로,기타단일로,불명,불명,승용차,대형,946361,1935769,126.8938089,37.4195097
2013,2013-04-23,40,주간,화,1,2,1,0,0,경남,함안군,차대차,정면충돌,정면충돌,운전자법규위반,중앙선 침범,교차로,교차로내,승용차,대형,건설기계,건설기계,1077243,1697062,128.3492307,35.26603959
2013,2013-04-29,35,야간,월,1,1,0,0,0,전북,전주시,차대차,기타,기타,운전자법규위반,안전운전 의무 불이행,단일로,기타단일로,승용차,중형,이륜차,중형,967910,1756012,127.1448445,35.80002652
2013,2013-03-28,45,야간,목,1,1,0,0,0,경기,의정부시,차대사람,횡단중,횡단중,운전자법규위반,안전운전 의무 불이행,단일로,횡단보도상,승용차,중형,보행자,보행자,960293,1970682,127.0493611,37.73489248
2013,2013-04-11,12,야간,목,1,1,0,0,0,충남,홍성군,차대사람,차도통행중,차도통행중,운전자법규위반,안전운전 의무 불이행,단일로,기타단일로,승용차,대형,보행자,보행자,926383,1845322,126.6768891,36.6028951
2014,2014-06-16,50,주간,월,1,1,0,0,0,경기,의왕시,차대사람,길가장자리구역통행중,길가장자리구역통행중,운전자법규위반,안전운전 의무 불이행,단일로,기타단일로,승용차,중형,보행자,보행자,951289,1924806,126.9502209,37.32096772
2014,2014-05-17,15,야간,토,1,1,0,0,0,경기,수원시,차대사람,기타,기타,운전자법규위반,안전운전 의무 불이행,교차로,교차로부근,승용차,소형,보행자,보행자,961818,1917148,127.069447,37.25243297
2014,2014-05-27,58,야간,화,1,1,0,0,0,전북,남원시,차량단독,도로이탈,도로이탈 기타,운전자법규위반,안전운전 의무 불이행,단일로,기타단일로,농기계,농기계,0,0,990937,1710428,127.4264619,35.38369326
2014,2014-06-02,28,야간,월,1,1,0,0,0,전북,익산시,차대사람,횡단중,횡단중,운전자법규위반,안전운전 의무 불이행,교차로,교차로내,승용차,중형,보행자,보행자,951533,1770952,126.9626898,35.93404978
2014,2014-06-26,5,주간,목,1,1,0,0,0,충남,아산시,차대차,측면직각충돌,측면직각충돌,운전자법규위반,안전운전 의무 불이행,교차로,교차로내,승용차,소형,원동기장치자전거,원동기장치자전거,955853,1864759,127.0052568,36.77993138
2014,2014-03-10,18,주간,월,1,1,0,0,0,경기,평택시,차대사람,기타,기타,운전자법규위반,과속,단일로,교량위,승용차,중형,보행자,보행자,963675,1886536,127.0918703,36.97656993
2013,2013-09-10,30,주간,화,1,1,0,0,0,대구,동구,차대사람,기타,기타,운전자법규위반,안전운전 의무 불이행,단일로,기타단일로,화물차,소형,보행자,보행자,1106839,1766596,128.6837529,35.89014428
2013,2013-02-21,52,야간,목,1,1,0,0,0,경기,안양시,차량단독,전도전복,전도전복,운전자법규위반,안전운전 의무 불이행,단일로,기타단일로,원동기장치자전거,원동기장치자전거,0,0,951081,1933123,126.947324,37.39592176