발생년,발생년월일시분,발생분,주야,요일,사망자수,사상자수,중상자수,경상자수,부상신고자수,발생지시도,발생지시군구,사고유형_대분류,사고유형_중분류,사고유형,법규위반_대분류,법규위반,도로형태_대분류,도로형태,당사자종별_1당_대분류,당사자종별_1당,당사자종별_2당_대분류,당사자종별_2당,발생위치X_UTMK,발생위치Y_UTMK,경도,위도
2013,2013-04-04,11,주간,목,1,2,0,1,0,경북,포항시,차대차,측면직각충돌,측면직각충돌,운전자법규위반,안전운전 의무 불이행,교차로,교차로내,원동기장치자전거,원동기장치자전거,승용차,중형,1166206,1779448,129.343965,35.99767652
2013,2013-04-05,30,주간,금,1,2,1,0,0,경북,성주군,차대차,정면충돌,정면충돌,운전자법규위반,중앙선 침범,단일로,기타단일로,화물차,소형,건설기계,건설기계,1068622,1755648,128.2594181,35.79487086
2013,2013-04-02,0,주간,화,1,1,0,0,0,경기,파주시,차대사람,기타,기타,운전자법규위반,안전운전 의무 불이행,교차로,교차로부근,화물차,소형,보행자,보행자,929582,1971316,126.7007817,37.73875876
2013,2013-04-03,36,야간,수,1,1,0,0,0,충북,진천군,차대사람,기타,기타,운전자법규위반,안전운전 의무 불이행,단일로,기타단일로,화물차,소형,보행자,보행자,995534,1873843,127.4490876,36.86304615
2013,2013-04-04,8,주간,목,1,2,1,0,0,충남,서천군,차대차,정면충돌,정면충돌,운전자법규위반,신호위반,교차로,교차로내,화물차,소형,화물차,소형,937964,1787972,126.8109371,36.08672229
2013,2013-04-04,22,주간,목,1,1,0,0,0,세종,세종,차대차,측면직각충돌,측면직각충돌,운전자법규위반,앞지르기 금지위반,고가도로위,고가도로위,화물차,소형,원동기장치자전거,원동기장치자전거,982027,1843901,127.2991579,36.59274905
2013,2013-02-20,55,주간,수,1,1,0,0,0,경기,시흥시,차대사람,횡단중,횡단중,운전자법규위반,신호위반,단일로,횡단보도상,건설기계,건설기계,보행자,보행자,930327,1928590,126.7188056,37.35786234
2013,2013-02-27,17,야간,수,1,1,0,0,0,대전,중구,차대사람,횡단중,횡단중,운전자법규위반,안전운전 의무 불이행,단일로,기타단일로,승용차,중형,보행자,보행자,992230,1815274,127.4134215,36.33481654
2013,2013-03-02,30,주간,토,1,1,0,0,0,경북,칠곡군,차량단독,공작물충돌,공작물충돌,운전자법규위반,안전운전 의무 불이행,단일로,기타단일로,화물차,중형,0,0,1093255,1789401,128.5359536,36.09710851
2013,2013-03-03,45,야간,일,1,3,2,0,0,경기,평택시,차대차,측면직각충돌,측면직각충돌,운전자법규위반,신호위반,교차로,교차로내,화물차,대형,승용차,소형,942386,1888581,126.8515907,36.99424871
2013,2013-03-07,30,야간,목,1,2,1,0,0,전북,군산시,차대차,기타,기타,운전자법규위반,교차로 통행방법 위반,교차로,교차로내,화물차,경형,화물차,대형,917627,1774282,126.586493,35.96179863
2013,2013-03-05,10,주간,화,1,1,0,0,0,경기,의정부시,차대차,추돌,진행중 추돌,운전자법규위반,안전운전 의무 불이행,단일로,기타단일로,화물차,대형,화물차,소형,959009,1969613,127.0348496,37.72520095
2013,2013-03-04,5,야간,월,1,2,0,1,0,경기,평택시,차대차,기타,기타,운전자법규위반,안전운전 의무 불이행,단일로,기타단일로,승용차,경형,화물차,대형,948333,1896199,126.9184315,37.06330619
2013,2013-03-15,30,주간,금,1,2,1,0,0,전북,고창군,차대차,측면직각충돌,측면직각충돌,운전자법규위반,직진 및 우회전차의 통행방해,교차로,교차로내,원동기장치자전거,원동기장치자전거,화물차,소형,927549,1715622,126.7018045,35.43373566
2013,2013-03-20,20,주간,수,1,1,0,0,0,서울,종로구,차량단독,공작물충돌,공작물충돌,운전자법규위반,안전운전 의무 불이행,단일로,기타단일로,승합차,소형,0,0,952949,1954590,126.9670543,37.58950676
2013,2013-03-18,53,야간,월,1,1,0,0,0,충남,논산시,차대사람,횡단중,횡단중,운전자법규위반,안전운전 의무 불이행,단일로,기타단일로,화물차,대형,보행자,보행자,958794,1796936,127.0417044,36.16885075
2013,2013-03-16,15,주간,토,1,1,0,0,0,서울,영등포구,차대차,측면직각충돌,측면직각충돌,운전자법규위반,안전거리 미확보,단일로,기타단일로,이륜차,소형,승용차,대형,945477,1947301,126.8829652,37.52339812
2013,2013-03-17,0,주간,일,1,2,0,0,1,경남,창원시(통합),차량단독,도로이탈,도로이탈 추락,운전자법규위반,안전운전 의무 불이행,단일로,기타단일로,승용차,소형,0,0,1097942,1685814,128.5754308,35.16282182
2013,2013-03-24,55,야간,일,1,2,0,1,0,서울,성동구,차량단독,기타,기타,운전자법규위반,안전운전 의무 불이행,단일로,기타단일로,원동기장치자전거,원동기장치자전거,0,0,960743,1948393,127.0556659,37.53401693
2013,2013-04-01,55,야간,월,1,1,0,0,0,경남,의령군,차량단독,도로이탈,도로이탈 추락,운전자법규위반,안전운전 의무 불이행,단일로,기타단일로,이륜차,소형,0,0,1069516,1719900,128.2662287,35.47251533
2013,2013-03-31,0,주간,일,1,1,0,0,0,충남,홍성군,차대차,기타,기타,운전자법규위반,안전운전 의무 불이행,기타/불명,기타/불명,이륜차,사발이,승용차,중형,911083,1839508,126.5065129,36.54918517
2013,2013-03-29,50,야간,금,1,1,0,0,0,부산,동구,차대사람,횡단중,횡단중,운전자법규위반,안전운전 의무 불이행,단일로,기타단일로,화물차,소형,보행자,보행자,1141802,1683785,129.0563901,35.13912658
2013,2013-03-30,5,주간,토,1,1,0,0,0,서울,성동구,차대사람,횡단중,횡단중,운전자법규위반,안전운전 의무 불이행,단일로,기타단일로,승합차,대형,보행자,보행자,960261,1949696,127.05014,37.54574065
2013,2013-03-31,25,야간,일,1,3,2,0,0,서울,강동구,차량단독,공작물충돌,공작물충돌,운전자법규위반,안전운전 의무 불이행,교차로,교차로부근,승용차,중형,0,0,969640,1950336,127.1562852,37.551866
2013,2013-04-14,20,주간,일,1,1,0,0,0,충남,서산시,차량단독,전도전복,전도전복,운전자법규위반,안전운전 의무 불이행,단일로,기타단일로,이륜차,소형,0,0,900214,1851666,126.3946472,36.71778137
2013,2013-04-12,50,주간,금,1,1,0,0,0,강원,춘천시,차대사람,횡단중,횡단중,운전자법규위반,과속,단일로,횡단보도상,승용차,경형,보행자,보행자,1022224,1983537,127.7526192,37.85134779
2013,2013-04-11,10,야간,목,1,1,0,0,0,경북,군위군,차량단독,전도전복,전도전복,운전자법규위반,안전운전 의무 불이행,단일로,기타단일로,원동기장치자전거,원동기장치자전거,0,0,1088198,1806471,128.4817016,36.25145606
2013,2013-04-21,33,야간,일,1,1,0,0,0,경기,수원시,차대사람,횡단중,횡단중,운전자법규위반,신호위반,교차로,교차로내,승용차,중형,보행자,보행자,961685,1916657,127.0679725,37.24800174
2013,2013-04-22,25,주간,월,1,1,0,0,0,경남,진주시,차대차,측면직각충돌,측면직각충돌,운전자법규위반,안전운전 의무 불이행,단일로,기타단일로,화물차,중형,자전거,자전거,1056961,1686460,128.1255249,35.17180547
2013,2013-07-27,0,주간,토,1,1,0,0,0,경기,평택시,차대차,측면직각충돌,측면직각충돌,운전자법규위반,안전운전 의무 불이행,교차로,교차로내,승용차,중형,이륜차,소형,959973,1885565,127.0503291,36.96766688
2013,2013-07-26,33,야간,금,1,2,0,1,0,전북,전주시,차대차,기타,기타,운전자법규위반,안전거리 미확보,교차로,교차로부근,승용차,소형,화물차,소형,960435,1763839,127.0617291,35.87032135
2013,2013-07-27,45,주간,토,1,3,2,0,0,경기,용인시,차대차,정면충돌,정면충돌,운전자법규위반,중앙선 침범,단일로,기타단일로,승용차,경형,승용차,소형,965023,1924527,127.1052395,37.31907155
2013,2013-08-04,5,야간,일,1,1,0,0,0,경기,시흥시,차량단독,전도전복,전도전복,운전자법규위반,안전운전 의무 불이행,단일로,기타단일로,승용차,중형,0,0,932304,1929352,126.7355369,37.36049215
2013,2013-08-02,20,야간,금,1,1,0,0,0,경기,광명시,차대차,측면직각충돌,측면직각충돌,운전자법규위반,안전운전 의무 불이행,교차로,교차로부근,화물차,소형,승합차,대형,942672,1941782,126.8516924,37.47378784
2013,2013-08-02,50,주간,금,1,1,0,0,0,경북,울진군,차대차,정면충돌,정면충돌,운전자법규위반,안전운전 의무 불이행,단일로,기타단일로,승용차,대형,이륜차,소형,1170063,1895668,129.4123429,37.04417546
2013,2013-08-02,40,주간,금,1,1,0,0,0,충남,천안시,차대사람,기타,기타,운전자법규위반,안전운전 의무 불이행,단일로,기타단일로,화물차,소형,보행자,보행자,967963,1869719,127.1407586,36.82513056
2013,2013-07-31,20,주간,수,1,3,2,0,0,부산,진구,차대사람,횡단중,횡단중,운전자법규위반,안전운전 의무 불이행,교차로,교차로부근,승용차,소형,보행자,보행자,1142211,1686519,129.0615027,35.16388747
2013,2013-08-10,40,주간,토,1,1,0,0,0,전남,장흥군,차량단독,전도전복,전도전복,운전자법규위반,안전운전 의무 불이행,단일로,기타단일로,승용차,중형,0,0,948077,1624530,126.9336436,34.61364605
2013,2013-08-10,22,야간,토,1,1,0,0,0,부산,수영구,차대사람,횡단중,횡단중,운전자법규위반,신호위반,단일로,기타단일로,승용차,중형,보행자,보행자,1147574,1687629,129.1205674,35.1731193
2013,2013-08-05,18,주간,월,1,1,0,0,0,전북,군산시,차량단독,도로이탈,도로이탈 추락,운전자법규위반,안전운전 의무 불이행,단일로,기타단일로,농기계,농기계,0,0,931912,1772070,126.7450881,35.94295825
2013,2013-08-06,20,야간,화,2,3,1,0,0,전남,영암군,차량단독,공작물충돌,공작물충돌,운전자법규위반,안전운전 의무 불이행,단일로,기타단일로,승용차,중형,0,0,919021,1638830,126.615369,34.74070415
2013,2013-08-14,25,주간,수,1,1,0,0,0,울산,중구,차대사람,기타,기타,운전자법규위반,안전운전 의무 불이행,단일로,기타단일로,이륜차,중형,보행자,보행자,1167466,1732175,129.3480469,35.57145833
2013,2013-08-15,55,야간,목,1,1,0,0,0,경남,창원시(통합),차대사람,기타,기타,운전자법규위반,안전운전 의무 불이행,교차로,교차로부근,승용차,대형,보행자,보행자,1097814,1692002,128.57476,35.21862262
2013,2013-08-14,46,주간,수,1,1,0,0,0,경기,고양시,차대차,기타,기타,운전자법규위반,안전운전 의무 불이행,단일로,기타단일로,승용차,중형,자전거,자전거,930678,1965175,126.7138048,37.68349673
2013,2013-08-14,25,주간,수,1,1,0,0,0,전북,군산시,차대차,측면직각충돌,측면직각충돌,운전자법규위반,중앙선 침범,단일로,기타단일로,자전거,자전거,승용차,중형,929378,1773920,126.7168306,35.95945634
2013,2013-08-15,34,야간,목,1,1,0,0,0,경남,양산시,차량단독,공작물충돌,공작물충돌,운전자법규위반,안전운전 의무 불이행,단일로,기타단일로,이륜차,소형,0,0,1150732,1712326,129.1448818,35.39994377
2013,2013-08-12,25,주간,월,1,1,0,0,0,강원,평창군,차대차,측면직각충돌,측면직각충돌,운전자법규위반,안전운전 의무 불이행,교차로,교차로내,화물차,중형,화물차,소형,1084450,1948727,128.455846,37.53399492
2013,2013-08-10,10,주간,토,1,1,0,0,0,경북,포항시,차대차,추돌,주정차중 추돌,운전자법규위반,안전운전 의무 불이행,단일로,기타단일로,승용차,중형,특수차,대형,1170936,1774957,129.3954481,35.95638999
2013,2013-07-09,30,야간,화,1,2,1,0,0,인천,강화군,차량단독,도로이탈,도로이탈 추락,운전자법규위반,안전운전 의무 불이행,교차로,교차로부근,승용차,중형,0,0,912467,1971906,126.5087216,37.74687176
2013,2013-07-18,3,주간,목,1,1,0,0,0,경남,함안군,차대차,정면충돌,정면충돌,운전자법규위반,안전운전 의무 불이행,단일로,기타단일로,건설기계,건설기계,원동기장치자전거,원동기장치자전거,1090409,1707940,128.495164,35.36300893
2013,2013-07-18,50,주간,목,1,1,0,0,0,전북,고창군,차량단독,전도전복,전도전복,운전자법규위반,안전운전 의무 불이행,단일로,기타단일로,건설기계,건설기계,0,0,906439,1721021,126.4686436,35.48064805
2013,2013-07-15,0,주간,월,1,1,0,0,0,서울,송파구,차대차,측면직각충돌,측면직각충돌,운전자법규위반,신호위반,교차로,교차로내,이륜차,소형,승용차,중형,965222,1946309,127.1064594,37.51541284
2013,2013-07-25,30,야간,목,1,1,0,0,0,전북,익산시,차량단독,공작물충돌,공작물충돌,운전자법규위반,안전운전 의무 불이행,단일로,기타단일로,이륜차,소형,0,0,947113,1769768,126.9137703,35.92314603
2013,2013-07-22,20,야간,월,1,2,0,1,0,전북,김제시,차대차,측면직각충돌,측면직각충돌,운전자법규위반,안전운전 의무 불이행,단일로,기타단일로,농기계,농기계,화물차,소형,949910,1754709,126.9457183,35.7875254
2013,2013-07-25,20,주간,목,1,2,1,0,0,경북,상주시,차대차,기타,기타,운전자법규위반,중앙선 침범,단일로,기타단일로,이륜차,소형,화물차,소형,1059085,1826236,128.1591787,36.43185459
2013,2013-07-23,0,야간,화,1,1,0,0,0,서울,강서구,차대사람,기타,기타,운전자법규위반,안전운전 의무 불이행,단일로,기타단일로,승용차,중형,보행자,보행자,940245,1952858,126.8233059,37.57315899
2013,2013-07-20,20,야간,토,1,4,0,3,0,광주,북구,차대차,기타,기타,운전자법규위반,안전운전 의무 불이행,기타/불명,기타/불명,승용차,중형,승용차,중형,945360,1686419,126.8999649,35.17156471
2013,2013-07-19,57,주간,금,1,1,0,0,0,경기,광명시,차대차,측면직각충돌,측면직각충돌,운전자법규위반,안전거리 미확보,단일로,기타단일로,자전거,자전거,승합차,대형,945372,1940216,126.8823031,37.45953371
2013,2013-07-30,55,야간,화,1,1,0,0,0,강원,춘천시,차대사람,횡단중,횡단중,운전자법규위반,보행자 보호의무 위반,단일로,횡단보도상,승용차,중형,보행자,보행자,1021265,1986639,127.7418097,37.87932907
2013,2013-07-30,5,주간,화,1,2,1,0,0,충북,영동군,차대차,정면충돌,정면충돌,운전자법규위반,중앙선 침범,단일로,기타단일로,승용차,중형,화물차,소형,1017349,1804957,127.6930845,36.24167908
2013,2013-07-30,20,야간,화,1,2,0,1,0,대구,동구,차대사람,횡단중,횡단중,운전자법규위반,보행자 보호의무 위반,교차로,교차로내,승용차,중형,보행자,보행자,1108771,1764692,128.7048948,35.87276852
2013,2013-07-29,10,야간,월,1,1,0,0,0,강원,횡성군,차량단독,도로이탈,도로이탈 추락,운전자법규위반,안전운전 의무 불이행,단일로,기타단일로,화물차,소형,0,0,1050435,1943345,128.0707885,37.4878992
2013,2013-07-29,50,야간,월,1,1,0,0,0,서울,종로구,차대사람,기타,기타,운전자법규위반,안전운전 의무 불이행,단일로,기타단일로,승용차,중형,보행자,보행자,953072,1953675,126.9685061,37.58126601
2013,2013-07-27,12,야간,토,1,2,1,0,0,경북,안동시,차대사람,횡단중,횡단중,운전자법규위반,신호위반,교차로,교차로내,승용차,중형,보행자,보행자,1106213,1842467,128.6871122,36.5740886
2013,2013-09-09,54,야간,월,1,1,0,0,0,서울,노원구,차량단독,전도전복,전도전복,운전자법규위반,안전운전 의무 불이행,단일로,기타단일로,원동기장치자전거,원동기장치자전거,0,0,962745,1962033,127.0776309,37.65704109
2013,2013-09-09,15,야간,월,1,1,0,0,0,대구,남구,차대사람,기타,기타,운전자법규위반,안전운전 의무 불이행,교차로,교차로부근,승용차,중형,보행자,보행자,1097638,1762812,128.5813612,35.85699478
2013,2013-09-06,40,주간,금,1,1,0,0,0,경기,포천시,차대사람,기타,기타,운전자법규위반,안전거리 미확보,단일로,기타단일로,특수차,대형,보행자,보행자,967276,1982187,127.1280909,37.83886379
2013,2013-09-06,10,주간,금,1,1,0,0,0,제주,제주시,차대사람,횡단중,횡단중,운전자법규위반,과속,단일로,기타단일로,승용차,대형,보행자,보행자,885160,1490479,126.265096,33.39982219
2013,2013-09-07,58,야간,토,1,1,0,0,0,경북,경산시,차대사람,기타,기타,운전자법규위반,신호위반,단일로,횡단보도상,승용차,중형,보행자,보행자,1111529,1760362,128.7348344,35.83342733
2013,2013-09-12,40,주간,목,1,1,0,0,0,전남,강진군,차대차,측면직각충돌,측면직각충돌,운전자법규위반,직진 및 우회전차의 통행방해,교차로,교차로내,이륜차,소형,승용차,소형,935023,1629114,126.7909125,34.65423726
2013,2013-09-21,33,주간,토,1,1,0,0,0,서울,강서구,차대차,측면직각충돌,측면직각충돌,운전자법규위반,신호위반,교차로,교차로내,원동기장치자전거,원동기장치자전거,승용차,중형,943179,1951781,126.8566134,37.56363777
2013,2013-09-21,33,야간,토,1,1,0,0,0,서울,동대문구,차대사람,횡단중,횡단중,운전자법규위반,안전운전 의무 불이행,기타/불명,기타/불명,승용차,중형,보행자,보행자,959939,1953605,127.0462813,37.58095964
2013,2013-06-20,35,야간,목,1,2,1,0,0,충남,아산시,차대차,정면충돌,정면충돌,운전자법규위반,중앙선 침범,단일로,기타단일로,화물차,소형,화물차,중형,946668,1873480,126.9017161,36.85807173
2013,2013-06-20,58,야간,목,1,2,1,0,0,전남,고흥군,차대차,기타,기타,운전자법규위반,안전운전 의무 불이행,단일로,기타단일로,승합차,중형,농기계,농기계,996861,1626392,127.4657533,34.63174737
2013,2013-06-30,40,주간,일,1,2,1,0,0,경남,창원시(통합),차대차,기타,기타,운전자법규위반,차로위반(진로변경 위반),단일로,기타단일로,승용차,중형,승합차,소형,1096908,1685640,128.5640585,35.16135334
2013,2013-07-07,5,야간,일,1,1,0,0,0,부산,영도구,차대사람,횡단중,횡단중,운전자법규위반,보행자 보호의무 위반,단일로,횡단보도부근,승용차,소형,보행자,보행자,1143596,1676829,129.0750227,35.07634639
2013,2013-07-07,27,야간,일,1,1,0,0,0,부산,강서구,차대사람,횡단중,횡단중,운전자법규위반,과속,단일로,횡단보도부근,승용차,중형,보행자,보행자,1130147,1679404,128.9285948,35.10141771
2013,2013-07-07,45,야간,일,1,2,1,0,0,경기,부천시,차량단독,주/정차차량 충돌,주/정차차량 충돌,운전자법규위반,과속,단일로,기타단일로,승용차,중형,화물차,대형,938801,1948545,126.8073143,37.53419138
2013,2013-07-09,30,주간,화,1,1,0,0,0,부산,기장군,차대차,측면직각충돌,측면직각충돌,운전자법규위반,안전운전 의무 불이행,교차로,교차로부근,화물차,중형,자전거,자전거,1149364,1708106,129.1439417,35.35742077
2013,2013-07-06,38,야간,토,1,1,0,0,0,경기,이천시,차량단독,공작물충돌,공작물충돌,운전자법규위반,안전운전 의무 불이행,교차로,교차로부근,승용차,소형,0,0,997779,1920208,127.4749458,37.28079603
2013,2013-07-06,40,주간,토,1,1,0,0,0,충북,음성군,차대차,기타,기타,운전자법규위반,앞지르기 금지위반,교차로,교차로내,화물차,대형,농기계,농기계,1009464,1896049,127.6064535,37.06297763
2013,2013-07-05,15,야간,금,2,3,1,0,0,충남,부여군,차량단독,도로이탈,도로이탈 추락,운전자법규위반,과속,교차로,교차로부근,승용차,대형,0,0,947983,1810735,126.9201599,36.29281826
2013,2013-07-03,50,주간,수,1,1,0,0,0,전북,전주시,차대차,기타,기타,운전자법규위반,안전운전 의무 불이행,단일로,기타단일로,이륜차,소형,승용차,중형,966790,1758745,127.1323356,35.8246301
2013,2013-07-04,50,주간,목,1,1,0,0,0,경기,김포시,차대사람,기타,기타,운전자법규위반,안전운전 의무 불이행,단일로,기타단일로,화물차,소형,보행자,보행자,918585,1961440,126.5766427,37.64870065
2013,2013-07-06,20,주간,토,1,1,0,0,0,대구,서구,차대사람,횡단중,횡단중,운전자법규위반,과속,단일로,기타단일로,화물차,소형,보행자,보행자,1094494,1764525,128.5467491,35.87274518
2013,2013-07-05,52,야간,금,1,1,0,0,0,대전,중구,차대사람,길가장자리구역통행중,길가장자리구역통행중,운전자법규위반,안전운전 의무 불이행,단일로,기타단일로,화물차,소형,보행자,보행자,991876,1805675,127.4203988,36.27805092
2013,2013-07-03,44,주간,수,1,1,0,0,0,경북,경산시,차대사람,기타,기타,운전자법규위반,안전운전 의무 불이행,단일로,기타단일로,승합차,중형,보행자,보행자,1119191,1762856,128.8080468,35.87173456
2013,2013-07-03,38,야간,수,1,1,0,0,0,충북,음성군,차대차,기타,기타,운전자법규위반,중앙선 침범,단일로,기타단일로,화물차,소형,이륜차,소형,1002488,1885060,127.5279494,36.96396277
2013,2013-07-12,30,야간,금,1,1,0,0,0,경기,하남시,차량단독,기타,기타,운전자법규위반,안전운전 의무 불이행,단일로,기타단일로,자전거,자전거,0,0,972904,1944805,127.1934415,37.50211414
2013,2013-07-13,35,주간,토,1,1,0,0,0,전북,남원시,차량단독,전도전복,전도전복,운전자법규위반,안전운전 의무 불이행,단일로,기타단일로,원동기장치자전거,원동기장치자전거,0,0,986605,1712096,127.3511126,35.40469627
2013,2013-05-21,50,야간,화,1,1,0,0,0,충남,당진시,차대차,추돌,주정차중 추돌,운전자법규위반,안전운전 의무 불이행,단일로,기타단일로,화물차,중형,특수차,대형,936826,1882329,126.7905767,36.93722871
2013,2013-05-20,44,주간,월,1,1,0,0,0,경기,양주시,차대차,추돌,진행중 추돌,운전자법규위반,신호위반,교차로,교차로내,승용차,중형,원동기장치자전거,원동기장치자전거,953633,1981949,126.9730583,37.83612706
2013,2013-11-25,41,야간,월,1,1,0,0,0,전북,남원시,차대사람,차도통행중,차도통행중,운전자법규위반,과속,교차로,교차로내,승용차,중형,보행자,보행자,988433,1716978,127.3725413,35.4485334
2013,2013-10-24,30,주간,목,1,1,0,0,0,울산,울주군,차대사람,횡단중,횡단중,운전자법규위반,안전운전 의무 불이행,교차로,교차로부근,승용차,중형,보행자,보행자,1147871,1732487,129.1319498,35.57739118
2013,2013-12-02,15,주간,월,1,1,0,0,0,경기,평택시,차대사람,차도통행중,차도통행중,운전자법규위반,안전운전 의무 불이행,단일로,기타단일로,화물차,소형,보행자,보행자,961249,1896651,127.0640931,37.06765108
2013,2013-03-21,8,야간,목,1,6,1,4,0,강원,동해시,차대차,정면충돌,정면충돌,운전자법규위반,중앙선 침범,단일로,기타단일로,승용차,대형,승용차,대형,1141736,1949530,129.104206,37.5342036
2014,2014-06-28,18,야간,토,1,2,1,0,0,대구,수성구,차량단독,기타,기타,운전자법규위반,안전운전 의무 불이행,교차로,교차로내,승용차,중형,0,0,1100878,1760831,128.6169884,35.83880886
2014,2014-06-27,25,주간,금,1,1,0,0,0,전북,군산시,차대차,측면직각충돌,측면직각충돌,운전자법규위반,안전운전 의무 불이행,교차로,교차로내,승용차,중형,자전거,자전거,925963,1774641,126.6788957,35.96570311
2013,2013-08-31,55,주간,토,1,2,1,0,0,제주,제주시,차량단독,공작물충돌,공작물충돌,운전자법규위반,안전운전 의무 불이행,단일로,기타단일로,원동기장치자전거,원동기장치자전거,0,0,924870,1497454,126.6914779,33.46624359
2013,2013-10-03,15,주간,목,3,4,1,0,0,충북,영동군,차대차,기타,기타,운전자법규위반,교차로 통행방법 위반,교차로,교차로내,건설기계,건설기계,승용차,경형,1026938,1797134,127.7995346,36.17093092
2013,2013-09-07,40,주간,토,1,1,0,0,0,충남,천안시,차대차,추돌,주정차중 추돌,운전자법규위반,안전운전 의무 불이행,단일로,기타단일로,이륜차,소형,승합차,대형,969529,1868159,127.1583808,36.81111962
2013,2013-09-20,35,야간,금,1,1,0,0,0,전남,무안군,차량단독,전도전복,전도전복,운전자법규위반,안전운전 의무 불이행,단일로,기타단일로,승용차,대형,0,0,892266,1680666,126.3177411,35.11540894
2013,2013-06-13,0,야간,목,1,1,0,0,0,서울,서초구,차대차,기타,기타,운전자법규위반,안전거리 미확보,단일로,기타단일로,원동기장치자전거,원동기장치자전거,이륜차,소형,957951,1944299,127.0242997,37.49699323
2012,2012-03-21,39,야간,수,2,9,7,0,0,부산,강서구,차대차,추돌,주정차중 추돌,운전자법규위반,안전운전 의무 불이행,단일로,기타단일로,승용차,중형,화물차,소형,1131386,1685653,128.9425393,35.1575547
2013,2013-04-08,30,야간,월,1,2,1,0,0,강원,강릉시,차대차,추돌,주정차중 추돌,운전자법규위반,안전운전 의무 불이행,단일로,기타단일로,원동기장치자전거,원동기장치자전거,승용차,중형,1116506,1989256,128.8250842,37.89570556
2013,2013-04-06,40,야간,토,1,1,0,0,0,경남,창원시(통합),차량단독,공작물충돌,공작물충돌,운전자법규위반,안전운전 의무 불이행,단일로,기타단일로,승용차,소형,0,0,1109575,1704386,128.7056167,35.32904872
2013,2013-04-07,0,야간,일,1,7,6,0,0,서울,양천구,차대차,정면충돌,정면충돌,운전자법규위반,중앙선 침범,단일로,기타단일로,승용차,중형,승용차,중형,943654,1949589,126.86216,37.54391041
2013,2013-04-14,41,야간,일,1,1,0,0,0,경기,김포시,차대사람,횡단중,횡단중,운전자법규위반,안전운전 의무 불이행,교차로,교차로부근,승용차,경형,보행자,보행자,916400,1961047,126.5523667,37.64510387
2013,2013-04-16,25,야간,화,1,2,1,0,0,경기,안산시,차량단독,공작물충돌,공작물충돌,운전자법규위반,안전운전 의무 불이행,단일로,기타단일로,이륜차,소형,0,0,937402,1927416,126.7955521,37.34411526
2013,2013-04-16,50,주간,화,1,1,0,0,0,전남,영광군,차량단독,기타,기타,운전자법규위반,안전운전 의무 불이행,단일로,기타단일로,이륜차,소형,0,0,898376,1702380,126.382099,35.31180482
2013,2013-04-14,30,야간,일,1,1,0,0,0,강원,춘천시,차량단독,공작물충돌,공작물충돌,운전자법규위반,안전운전 의무 불이행,단일로,기타단일로,이륜차,소형,0,0,1021713,1985981,127.7468842,37.87338794
2013,2013-04-13,18,야간,토,3,4,1,0,0,충남,서천군,차량단독,공작물충돌,공작물충돌,운전자법규위반,안전운전 의무 불이행,단일로,기타단일로,승용차,중형,0,0,924552,1779594,126.6627769,36.01024631
2013,2013-02-21,10,야간,목,1,1,0,0,0,강원,인제군,차량단독,공작물충돌,공작물충돌,운전자법규위반,안전운전 의무 불이행,단일로,기타단일로,화물차,소형,0,0,1070763,1992767,128.3052323,37.9320542
2013,2013-02-27,40,야간,수,1,1,0,0,0,전남,진도군,차대사람,기타,기타,운전자법규위반,안전운전 의무 불이행,단일로,기타단일로,승용차,중형,보행자,보행자,886046,1610455,126.2612028,34.48144507
2013,2013-03-01,50,주간,금,1,1,0,0,0,부산,서구,차대차,기타,기타,운전자법규위반,안전운전 의무 불이행,단일로,횡단보도상,승용차,중형,승용차,소형,1138933,1678842,129.0242309,35.09514518
2013,2013-03-02,20,야간,토,1,1,0,0,0,부산,남구,차대사람,차도통행중,차도통행중,운전자법규위반,신호위반,단일로,횡단보도상,승용차,소형,보행자,보행자,1145412,1680855,129.0956415,35.11237564
2013,2013-03-09,55,야간,토,1,1,0,0,0,서울,강서구,차량단독,공작물충돌,공작물충돌,운전자법규위반,안전운전 의무 불이행,단일로,기타단일로,원동기장치자전거,원동기장치자전거,0,0,944201,1950673,126.8683295,37.55368351
2013,2013-03-08,30,야간,금,1,2,1,0,0,전남,화순군,차량단독,전도전복,전도전복,운전자법규위반,안전운전 의무 불이행,기타/불명,기타/불명,승용차,중형,0,0,965873,1671289,127.125849,35.03604247
2013,2013-03-08,15,야간,금,1,1,0,0,0,경남,거제시,차대차,기타,기타,운전자법규위반,안전운전 의무 불이행,교차로,교차로내,승용차,소형,이륜차,소형,1103581,1653706,128.6333365,34.87278223
2013,2013-03-06,30,야간,수,1,1,0,0,0,충북,단양군,차량단독,공작물충돌,공작물충돌,운전자법규위반,안전운전 의무 불이행,단일로,기타단일로,승용차,중형,0,0,1071187,1895628,128.3004516,37.05643696
2013,2013-03-18,10,야간,월,1,2,0,1,0,인천,옹진군,차대사람,기타,기타,운전자법규위반,안전운전 의무 불이행,교차로,교차로부근,화물차,소형,보행자,보행자,907341,1915028,126.4554755,37.22949954