발생년,발생년월일시분,발생분,주야,요일,사망자수,사상자수,중상자수,경상자수,부상신고자수,발생지시도,발생지시군구,사고유형_대분류,사고유형_중분류,사고유형,법규위반_대분류,법규위반,도로형태_대분류,도로형태,당사자종별_1당_대분류,당사자종별_1당,당사자종별_2당_대분류,당사자종별_2당,발생위치X_UTMK,발생위치Y_UTMK,경도,위도
2013,2013-03-20,20,주간,수,1,1,0,0,0,전북,정읍시,차대차,기타,기타,운전자법규위반,안전운전 의무 불이행,교차로,교차로내,화물차,소형,자전거,자전거,941394,1730893,126.8532228,35.57233268
2013,2013-03-17,20,야간,일,1,1,0,0,0,경기,평택시,차대차,측면직각충돌,측면직각충돌,운전자법규위반,안전운전 의무 불이행,단일로,기타단일로,화물차,소형,건설기계,건설기계,961236,1899421,127.0635355,37.092897
2013,2013-07-14,11,야간,일,1,1,0,0,0,경기,군포시,차대차,기타,기타,운전자법규위반,부당한 회전,단일로,횡단보도상,자전거,자전거,승용차,중형,950031,1929988,126.9373671,37.36935388
2013,2013-07-25,10,주간,목,1,2,0,1,0,전남,영광군,차대차,측면직각충돌,측면직각충돌,운전자법규위반,교차로 통행방법 위반,교차로,교차로내,원동기장치자전거,원동기장치자전거,승용차,중형,898576,1690936,126.385712,35.20865357
2013,2013-07-19,10,야간,금,1,1,0,0,0,경기,고양시,차대사람,횡단중,횡단중,운전자법규위반,안전운전 의무 불이행,교차로,교차로부근,특수차,소형,보행자,보행자,941621,1961813,126.8378757,37.65450775
2013,2013-07-22,15,주간,월,1,1,0,0,0,광주,광산구,차대사람,횡단중,횡단중,운전자법규위반,안전운전 의무 불이행,단일로,기타단일로,화물차,소형,보행자,보행자,936216,1683370,126.8010621,35.1436733
2013,2013-07-22,20,야간,월,1,1,0,0,0,전남,여수시,차대사람,기타,기타,운전자법규위반,안전운전 의무 불이행,단일로,기타단일로,승용차,중형,보행자,보행자,1015623,1646515,127.670875,34.81313725
2013,2013-08-03,20,주간,토,1,1,0,0,0,전북,고창군,차대사람,차도통행중,차도통행중,운전자법규위반,안전운전 의무 불이행,단일로,교량위,승용차,중형,보행자,보행자,931073,1727462,126.7199079,35.528148
2013,2013-08-02,50,야간,금,1,1,0,0,0,전북,익산시,차대사람,횡단중,횡단중,운전자법규위반,안전운전 의무 불이행,교차로,교차로부근,승합차,중형,보행자,보행자,948852,1772168,126.9328909,35.94487604
2013,2013-08-04,50,주간,일,1,11,3,7,0,경북,군위군,차대차,정면충돌,정면충돌,운전자법규위반,중앙선 침범,단일로,기타단일로,승용차,중형,승용차,중형,1102837,1799443,128.6436934,36.18665895
2013,2013-08-05,37,야간,월,1,1,0,0,0,경기,고양시,차대차,기타,기타,운전자법규위반,부당한 회전,단일로,횡단보도상,자전거,자전거,승용차,중형,934388,1963906,126.7559915,37.67233268
2013,2013-08-03,15,야간,토,1,1,0,0,0,충남,천안시,차대사람,기타,기타,운전자법규위반,안전운전 의무 불이행,단일로,기타단일로,승용차,소형,보행자,보행자,965119,1868340,127.1089317,36.81259895
2013,2013-08-07,40,야간,수,1,2,1,0,0,경기,의정부시,차대차,기타,기타,운전자법규위반,안전운전 의무 불이행,기타/불명,기타/불명,이륜차,중형,원동기장치자전거,원동기장치자전거,960070,1971548,127.0468543,37.74212049
2013,2013-08-30,35,야간,금,1,1,0,0,0,경북,울진군,차대차,추돌,진행중 추돌,운전자법규위반,안전운전 의무 불이행,단일로,기타단일로,화물차,소형,건설기계,건설기계,1167182,1898669,129.3806297,37.07173057
2013,2013-08-30,45,야간,금,1,3,2,0,0,충북,청주시,차대차,기타,기타,운전자법규위반,안전운전 의무 불이행,교차로,교차로내,승용차,경형,승용차,중형,1000092,1845683,127.5010287,36.60899207
2013,2013-08-30,17,야간,금,1,1,0,0,0,전남,강진군,차대사람,길가장자리구역통행중,길가장자리구역통행중,운전자법규위반,안전운전 의무 불이행,단일로,기타단일로,승용차,대형,보행자,보행자,931519,1625763,126.7529475,34.62379224
2013,2013-08-29,10,야간,목,1,3,2,0,0,경기,수원시,차대차,측면직각충돌,측면직각충돌,운전자법규위반,신호위반,교차로,교차로내,이륜차,중형,승용차,대형,961888,1920337,127.0688352,37.28061738
2013,2013-08-29,30,주간,목,1,3,2,0,0,경기,양주시,차대차,추돌,진행중 추돌,운전자법규위반,중앙선 침범,단일로,기타단일로,승용차,대형,승용차,대형,960133,1975026,127.0473068,37.77403797
2013,2013-08-26,0,주간,월,1,1,0,0,0,강원,동해시,차대차,측면직각충돌,측면직각충돌,운전자법규위반,안전운전 의무 불이행,교차로,교차로내,화물차,소형,자전거,자전거,1142906,1948160,129.1171878,37.5216052
2013,2013-08-27,5,주간,화,1,7,5,1,0,경기,안산시,차대차,정면충돌,정면충돌,운전자법규위반,중앙선 침범,단일로,기타단일로,승용차,중형,승용차,중형,917602,1919417,126.570645,37.27002063
2013,2013-08-28,10,주간,수,1,1,0,0,0,경기,여주시,차대차,기타,기타,운전자법규위반,중앙선 침범,단일로,기타단일로,원동기장치자전거,원동기장치자전거,승용차,중형,1004643,1913613,127.5523347,37.22133947
2013,2013-08-26,50,야간,월,1,1,0,0,0,서울,강서구,차대차,기타,기타,운전자법규위반,안전운전 의무 불이행,단일로,기타단일로,자전거,자전거,승합차,대형,939218,1951539,126.81226,37.5613507
2013,2013-08-29,0,야간,목,1,1,0,0,0,경남,하동군,차량단독,공작물충돌,공작물충돌,운전자법규위반,안전운전 의무 불이행,기타/불명,기타/불명,승용차,중형,0,0,1025142,1675615,127.7757763,35.07531487
2013,2013-08-28,57,야간,수,1,1,0,0,0,인천,남구,차량단독,기타,기타,운전자법규위반,안전운전 의무 불이행,교차로,교차로내,원동기장치자전거,원동기장치자전거,0,0,928337,1939086,126.6898082,37.44818548
2013,2013-09-03,0,야간,화,1,1,0,0,0,경남,사천시,차대사람,차도통행중,차도통행중,운전자법규위반,안전운전 의무 불이행,교차로,교차로내,승용차,대형,보행자,보행자,1053532,1660410,128.0861897,34.93710419
2013,2013-09-03,10,주간,화,1,1,0,0,0,전북,전주시,차대차,기타,기타,운전자법규위반,부당한 회전,교차로,교차로부근,승합차,소형,승용차,경형,963931,1762245,127.1005264,35.856085
2013,2013-04-21,5,야간,일,1,1,0,0,0,전남,순천시,차대사람,횡단중,횡단중,운전자법규위반,안전운전 의무 불이행,단일로,횡단보도부근,승용차,중형,보행자,보행자,999786,1661249,127.4977889,34.94608315
2013,2013-04-04,14,주간,목,1,1,0,0,0,충북,음성군,차량단독,전도전복,전도전복,운전자법규위반,안전운전 의무 불이행,단일로,기타단일로,자전거,자전거,0,0,1001509,1890664,127.5169628,37.0144818
2013,2013-04-05,5,야간,금,1,1,0,0,0,부산,사상구,차대차,기타,기타,운전자법규위반,중앙선 침범,단일로,기타단일로,이륜차,중형,승용차,중형,1133626,1683665,128.9668044,35.13933906
2013,2013-07-16,18,야간,화,1,2,1,0,0,울산,울주군,차대차,추돌,주정차중 추돌,운전자법규위반,안전운전 의무 불이행,단일로,기타단일로,승용차,소형,건설기계,건설기계,1166402,1717623,129.3333267,35.44049439
2013,2013-07-16,5,야간,화,1,1,0,0,0,부산,강서구,차량단독,공작물충돌,공작물충돌,운전자법규위반,안전운전 의무 불이행,단일로,교량위,승용차,중형,0,0,1122123,1677300,128.8396293,35.08342234
2013,2013-07-23,20,주간,화,1,1,0,0,0,강원,철원군,차량단독,공작물충돌,공작물충돌,운전자법규위반,안전운전 의무 불이행,단일로,기타단일로,화물차,소형,0,0,981300,2027051,127.2863007,38.24360834
2013,2013-07-23,50,야간,화,1,1,0,0,0,전남,목포시,차대차,측면직각충돌,측면직각충돌,운전자법규위반,신호위반,교차로,교차로내,승합차,대형,자전거,자전거,898450,1644507,126.3899957,34.7900492
2013,2013-07-23,20,주간,화,1,2,1,0,0,강원,강릉시,차량단독,공작물충돌,공작물충돌,운전자법규위반,안전운전 의무 불이행,단일로,기타단일로,승용차,소형,0,0,1117566,1986085,128.8360909,37.86801106
2013,2013-07-21,50,주간,일,1,1,0,0,0,충북,음성군,차대사람,기타,기타,운전자법규위반,안전운전 의무 불이행,기타/불명,기타/불명,승합차,소형,보행자,보행자,1016395,1881231,127.6840927,36.92930684
2013,2013-07-21,22,주간,일,1,1,0,0,0,충남,금산군,차량단독,공작물충돌,공작물충돌,운전자법규위반,안전운전 의무 불이행,단일로,기타단일로,승용차,중형,0,0,997469,1798287,127.4718529,36.18169736
2013,2013-07-21,50,야간,일,1,1,0,0,0,전북,부안군,차량단독,전도전복,전도전복,운전자법규위반,안전운전 의무 불이행,교차로,교차로부근,원동기장치자전거,원동기장치자전거,0,0,908817,1737773,126.4929662,35.63189213
2013,2013-07-20,5,야간,토,1,1,0,0,0,서울,마포구,차대차,기타,기타,운전자법규위반,안전운전 의무 불이행,교차로,교차로부근,이륜차,중형,화물차,중형,947899,1950868,126.9101203,37.55568796
2013,2013-07-29,33,야간,월,1,1,0,0,0,서울,강동구,차량단독,공작물충돌,공작물충돌,운전자법규위반,안전운전 의무 불이행,단일로,기타단일로,승용차,중형,0,0,970420,1952668,127.1650216,37.57291066
2013,2013-07-30,55,주간,화,1,1,0,0,0,경남,사천시,차대차,측면직각충돌,측면직각충돌,운전자법규위반,교차로 통행방법 위반,교차로,교차로내,승용차,소형,승합차,대형,1052580,1673570,128.0765972,35.05581762
2013,2013-08-01,35,야간,목,1,2,1,0,0,경남,창원시(통합),차량단독,공작물충돌,공작물충돌,운전자법규위반,안전운전 의무 불이행,교차로,교차로내,승용차,소형,0,0,1105573,1684081,128.658985,35.14642547
2013,2013-08-07,57,주간,수,1,1,0,0,0,부산,북구,차대사람,횡단중,횡단중,운전자법규위반,안전운전 의무 불이행,단일로,횡단보도부근,승용차,중형,보행자,보행자,1137253,1691309,128.9976925,35.19832438
2013,2013-09-06,0,주간,금,1,1,0,0,0,충남,논산시,차대차,기타,기타,운전자법규위반,안전운전 의무 불이행,단일로,기타단일로,이륜차,소형,승합차,대형,962455,1800309,127.0823724,36.19920175
2013,2013-08-13,35,야간,화,1,1,0,0,0,충북,보은군,차대사람,횡단중,횡단중,운전자법규위반,보행자 보호의무 위반,교차로,교차로부근,승용차,소형,보행자,보행자,1019535,1831779,127.7180869,36.48344657
2013,2013-08-13,40,주간,화,1,1,0,0,0,충북,충주시,차대차,추돌,진행중 추돌,운전자법규위반,직진 및 우회전차의 통행방해,교차로,교차로내,화물차,소형,이륜차,중형,1026405,1898530,127.7970959,37.0850178
2013,2013-08-19,37,주간,월,1,1,0,0,0,충남,금산군,차대차,기타,기타,운전자법규위반,안전운전 의무 불이행,교차로,교차로내,원동기장치자전거,원동기장치자전거,화물차,소형,998256,1791633,127.4806198,36.12170853
2013,2013-08-20,48,주간,화,1,1,0,0,0,대구,동구,차대사람,기타,기타,운전자법규위반,안전운전 의무 불이행,단일로,기타단일로,화물차,소형,보행자,보행자,1102428,1764782,128.6346554,35.87426397
2013,2013-08-20,53,야간,화,1,1,0,0,0,경북,김천시,차대사람,기타,기타,운전자법규위반,보행자 보호의무 위반,교차로,교차로내,승용차,중형,보행자,보행자,1057138,1792934,128.1363704,36.13087462
2013,2013-08-16,30,주간,금,1,1,0,0,0,울산,남구,차대차,기타,기타,운전자법규위반,안전운전 의무 불이행,단일로,기타단일로,화물차,소형,자전거,자전거,1160221,1728431,129.2670645,35.53897953
2013,2013-08-16,15,야간,금,1,2,0,0,1,인천,계양구,차량단독,공작물충돌,공작물충돌,운전자법규위반,안전운전 의무 불이행,단일로,기타단일로,이륜차,중형,0,0,933164,1948712,126.7435012,37.53530507
2013,2013-08-16,46,주간,금,1,1,0,0,0,서울,강남구,차대사람,횡단중,횡단중,운전자법규위반,안전운전 의무 불이행,단일로,기타단일로,승합차,대형,보행자,보행자,957365,1947063,127.0175101,37.5218792
2013,2013-08-24,0,주간,토,1,1,0,0,0,경북,경주시,차량단독,공작물충돌,공작물충돌,운전자법규위반,안전운전 의무 불이행,교차로,교차로부근,승용차,중형,0,0,1155651,1764800,129.2239228,35.86744013
2013,2013-08-24,0,야간,토,1,1,0,0,0,경북,구미시,차대차,기타,기타,운전자법규위반,안전운전 의무 불이행,단일로,기타단일로,승용차,중형,자전거,자전거,1076454,1798755,128.3505169,36.18221074
2013,2013-08-24,45,주간,토,1,1,0,0,0,경기,평택시,차량단독,공작물충돌,공작물충돌,운전자법규위반,안전운전 의무 불이행,단일로,기타단일로,화물차,중형,0,0,957075,1893786,127.0194452,37.03038489
2013,2013-08-24,20,야간,토,1,1,0,0,0,부산,기장군,차대사람,차도통행중,차도통행중,운전자법규위반,안전운전 의무 불이행,단일로,기타단일로,승용차,소형,보행자,보행자,1153731,1696349,129.1888107,35.25057025
2013,2013-08-24,23,주간,토,1,3,2,0,0,부산,해운대구,차대사람,횡단중,횡단중,운전자법규위반,신호위반,단일로,횡단보도상,화물차,소형,보행자,보행자,1154812,1688797,129.2002396,35.18255742
2013,2013-08-24,58,주간,토,1,3,0,0,2,경기,고양시,차대차,추돌,진행중 추돌,운전자법규위반,안전운전 의무 불이행,단일로,기타단일로,승용차,중형,화물차,중형,941644,1956264,126.8388764,37.60394678
2013,2013-08-23,0,주간,금,1,3,2,0,0,서울,강남구,차대차,측면직각충돌,측면직각충돌,운전자법규위반,중앙선 침범,교차로,교차로부근,승용차,중형,승합차,소형,957143,1947407,127.0171101,37.52301507
2013,2013-08-22,0,야간,목,1,1,0,0,0,강원,춘천시,차량단독,도로이탈,도로이탈 추락,운전자법규위반,안전운전 의무 불이행,단일로,기타단일로,화물차,소형,0,0,1006535,1967600,127.5728052,37.70760438
2013,2013-08-23,30,야간,금,1,1,0,0,0,경기,파주시,차대사람,기타,기타,운전자법규위반,안전운전 의무 불이행,교차로,교차로부근,승용차,중형,보행자,보행자,938213,1984758,126.7975868,37.86052864
2013,2013-08-23,15,야간,금,1,1,0,0,0,경남,창원시(통합),차대사람,횡단중,횡단중,운전자법규위반,안전운전 의무 불이행,단일로,기타단일로,승용차,중형,보행자,보행자,1107131,1690752,128.6769522,35.20640156
2013,2013-08-21,0,주간,수,1,1,0,0,0,경기,용인시,차대차,측면직각충돌,측면직각충돌,운전자법규위반,안전운전 의무 불이행,단일로,기타단일로,건설기계,건설기계,승용차,대형,966857,1917415,127.1049632,37.25410242
2013,2013-08-20,10,야간,화,1,1,0,0,0,전북,전주시,차대사람,횡단중,횡단중,운전자법규위반,안전운전 의무 불이행,교차로,교차로부근,화물차,소형,보행자,보행자,966612,1756050,127.1304776,35.80032583
2013,2013-08-21,5,주간,수,1,1,0,0,0,전북,전주시,차대사람,기타,기타,운전자법규위반,안전운전 의무 불이행,교차로,교차로내,승합차,대형,보행자,보행자,968596,1758262,127.1523483,35.82033485
2013,2013-08-22,5,주간,목,1,1,0,0,0,경기,양평군,차대차,측면직각충돌,측면직각충돌,운전자법규위반,안전운전 의무 불이행,교차로,교차로내,자전거,자전거,승용차,대형,990903,1941062,127.3971241,37.46872889
2013,2013-08-29,30,주간,목,1,1,0,0,0,충남,천안시,차대사람,기타,기타,운전자법규위반,안전운전 의무 불이행,단일로,기타단일로,승용차,소형,보행자,보행자,967603,1865247,127.1369122,36.78480525
2013,2013-08-30,55,주간,금,1,2,0,1,0,경북,안동시,차대차,기타,기타,운전자법규위반,중앙선 침범,단일로,기타단일로,이륜차,소형,승용차,소형,1123954,1832025,128.8836723,36.47784079
2013,2013-08-30,45,주간,금,1,2,0,1,0,전북,군산시,차대차,측면직각충돌,측면직각충돌,운전자법규위반,안전운전 의무 불이행,교차로,교차로내,원동기장치자전거,원동기장치자전거,화물차,경형,941047,1771508,126.8464059,35.9384858
2013,2013-08-29,30,주간,목,1,1,0,0,0,경남,합천군,차량단독,공작물충돌,공작물충돌,운전자법규위반,안전운전 의무 불이행,단일로,기타단일로,이륜차,소형,0,0,1067738,1729545,128.2474381,35.55959653
2013,2013-08-29,50,주간,목,1,1,0,0,0,경남,거창군,차량단독,공작물충돌,공작물충돌,운전자법규위반,안전운전 의무 불이행,단일로,기타단일로,원동기장치자전거,원동기장치자전거,0,0,1035663,1743973,127.8941633,35.69135823
2013,2013-09-20,48,야간,금,1,1,0,0,0,충북,단양군,차대차,정면충돌,정면충돌,운전자법규위반,중앙선 침범,단일로,기타단일로,이륜차,소형,승합차,대형,1087552,1894567,128.4845696,37.04558069
2013,2013-09-17,40,주간,화,1,1,0,0,0,전북,전주시,차대사람,횡단중,횡단중,운전자법규위반,신호위반,교차로,교차로내,건설기계,건설기계,보행자,보행자,964825,1760597,127.1105001,35.8412592
2013,2013-09-18,0,주간,수,1,2,0,1,0,충북,음성군,차대차,측면직각충돌,측면직각충돌,운전자법규위반,신호위반,교차로,교차로내,승용차,중형,승용차,경형,1002693,1886578,127.5302577,36.97764617
2013,2013-09-16,25,주간,월,1,1,0,0,0,경북,영주시,차대차,측면직각충돌,측면직각충돌,운전자법규위반,신호위반,교차로,교차로내,원동기장치자전거,원동기장치자전거,화물차,소형,1101407,1869951,128.6370496,36.82232778
2013,2013-09-16,15,야간,월,1,1,0,0,0,충북,청원군,차대사람,길가장자리구역통행중,길가장자리구역통행중,운전자법규위반,안전운전 의무 불이행,단일로,기타단일로,승용차,중형,보행자,보행자,986799,1845630,127.3523878,36.60842286
2013,2013-09-17,30,주간,화,1,1,0,0,0,경기,여주시,차량단독,전도전복,전도전복,운전자법규위반,안전운전 의무 불이행,단일로,기타단일로,원동기장치자전거,원동기장치자전거,0,0,1007169,1921321,127.5808813,37.29080362
2013,2013-09-17,0,주간,화,1,1,0,0,0,전남,영암군,차량단독,도로이탈,도로이탈 추락,운전자법규위반,안전운전 의무 불이행,단일로,기타단일로,농기계,농기계,0,0,930754,1645407,126.7429906,34.80087239
2013,2013-09-25,20,주간,수,1,1,0,0,0,충북,괴산군,차량단독,전도전복,전도전복,운전자법규위반,안전운전 의무 불이행,단일로,기타단일로,농기계,농기계,0,0,1025325,1851192,127.7845298,36.65893782
2013,2013-09-25,51,주간,수,1,1,0,0,0,제주,제주시,차대차,측면직각충돌,측면직각충돌,운전자법규위반,교차로 통행방법 위반,교차로,교차로내,승용차,소형,이륜차,소형,906014,1499794,126.4883359,33.48585692
2013,2013-10-03,57,야간,목,1,1,0,0,0,경기,양평군,차대사람,횡단중,횡단중,운전자법규위반,과속,단일로,기타단일로,승용차,대형,보행자,보행자,999432,1945006,127.4945908,37.50358739
2013,2013-09-30,40,주간,월,1,1,0,0,0,경남,양산시,차대사람,기타,기타,운전자법규위반,안전운전 의무 불이행,기타/불명,기타/불명,화물차,소형,보행자,보행자,1142413,1719267,129.1455103,35.38861159
2013,2013-09-28,40,주간,토,1,1,0,0,0,대구,수성구,차대사람,차도통행중,차도통행중,운전자법규위반,안전운전 의무 불이행,교차로,교차로내,승용차,중형,보행자,보행자,1102627,1759149,128.6361349,35.82346505
2013,2013-10-06,20,주간,일,1,1,0,0,0,경북,포항시,차량단독,공작물충돌,공작물충돌,운전자법규위반,안전운전 의무 불이행,단일로,기타단일로,화물차,소형,0,0,1168801,1784413,129.3738006,36.04197061
2013,2013-10-07,20,주간,월,1,2,1,0,0,전북,남원시,차량단독,기타,기타,운전자법규위반,안전운전 의무 불이행,교차로,교차로부근,이륜차,사발이,0,0,984780,1721485,127.332204,35.48912247
2013,2013-10-07,40,야간,월,1,1,0,0,0,전남,나주시,차량단독,도로이탈,도로이탈 추락,운전자법규위반,안전운전 의무 불이행,단일로,기타단일로,농기계,농기계,0,0,936821,1668011,126.8076029,35.00508548
2013,2013-10-05,53,주간,토,1,1,0,0,0,전북,남원시,차량단독,전도전복,전도전복,운전자법규위반,안전운전 의무 불이행,교차로,교차로내,원동기장치자전거,원동기장치자전거,0,0,983877,1721064,127.3222571,35.4853122
2013,2013-10-05,10,야간,토,1,1,0,0,0,경기,하남시,차대사람,횡단중,횡단중,운전자법규위반,과속,교차로,교차로부근,승용차,중형,보행자,보행자,975380,1947046,127.221379,37.52238286
2013,2013-10-12,25,야간,토,1,1,0,0,0,경남,통영시,차대사람,횡단중,횡단중,운전자법규위반,안전운전 의무 불이행,교차로,교차로내,승합차,중형,보행자,보행자,1084023,1650030,128.4190003,34.84144391
2013,2013-10-10,25,야간,목,1,1,0,0,0,경남,양산시,차대사람,횡단중,횡단중,운전자법규위반,안전운전 의무 불이행,단일로,기타단일로,승용차,중형,보행자,보행자,1150357,1711149,129.155427,35.38469854
2013,2013-10-11,33,야간,금,1,2,1,0,0,충북,충주시,차대사람,횡단중,횡단중,운전자법규위반,안전운전 의무 불이행,교차로,교차로부근,승용차,대형,보행자,보행자,1038425,1887795,127.9317878,36.98783535
2013,2013-10-10,30,야간,목,1,1,0,0,0,광주,남구,차대사람,횡단중,횡단중,운전자법규위반,안전운전 의무 불이행,교차로,교차로부근,승용차,중형,보행자,보행자,945126,1678872,126.8978966,35.10350265
2013,2013-10-10,39,야간,목,1,1,0,0,0,대전,중구,차대사람,횡단중,횡단중,운전자법규위반,보행자 보호의무 위반,교차로,교차로부근,승합차,소형,보행자,보행자,990056,1812855,127.3892282,36.31298819
2013,2013-10-11,54,주간,금,2,2,0,0,0,울산,동구,차대차,측면직각충돌,측면직각충돌,운전자법규위반,교차로 통행방법 위반,교차로,교차로내,승용차,경형,이륜차,소형,1177004,1730332,129.4528458,35.55319119
2013,2013-10-11,0,야간,금,1,1,0,0,0,경북,예천군,차대차,기타,기타,운전자법규위반,안전운전 의무 불이행,교차로,교차로내,화물차,대형,이륜차,소형,1070534,1834409,128.2876439,36.50475565
2013,2013-10-12,0,야간,토,1,1,0,0,0,부산,진구,차량단독,기타,기타,운전자법규위반,안전운전 의무 불이행,단일로,기타단일로,승용차,중형,0,0,1139618,1685985,129.0322163,35.15930895
2013,2013-10-09,50,주간,수,1,1,0,0,0,경기,안양시,차대사람,기타,기타,운전자법규위반,안전운전 의무 불이행,단일로,기타단일로,승합차,소형,보행자,보행자,950072,1931514,126.9360337,37.38136537
2013,2013-09-02,0,야간,월,1,1,0,0,0,경기,성남시,차대사람,횡단중,횡단중,운전자법규위반,안전운전 의무 불이행,교차로,교차로부근,승용차,중형,보행자,보행자,968635,1938633,127.1454066,37.4463474
2013,2013-09-08,30,야간,일,1,1,0,0,0,경기,화성시,차대차,추돌,진행중 추돌,운전자법규위반,안전운전 의무 불이행,단일로,기타단일로,승용차,중형,농기계,농기계,948607,1905768,126.9275475,37.15574014
2013,2013-09-08,55,주간,일,1,1,0,0,0,전남,곡성군,차대차,기타,기타,운전자법규위반,안전운전 의무 불이행,교차로,교차로내,화물차,소형,자전거,자전거,971950,1701186,127.1914565,35.30581254
2013,2013-09-08,45,주간,일,1,2,1,0,0,강원,횡성군,차량단독,공작물충돌,공작물충돌,운전자법규위반,안전운전 의무 불이행,단일로,기타단일로,승용차,소형,0,0,1060788,1943794,128.1875799,37.49126209
2013,2013-09-07,6,야간,토,2,4,1,1,0,경북,상주시,차량단독,전도전복,전도전복,운전자법규위반,안전운전 의무 불이행,교차로,교차로부근,승용차,대형,0,0,1059925,1823109,128.168308,36.40361352
2013,2013-09-15,1,야간,일,1,5,3,1,0,충북,청원군,차대차,측면직각충돌,측면직각충돌,운전자법규위반,안전운전 의무 불이행,교차로,교차로부근,승용차,중형,승용차,중형,1001416,1854833,127.5158506,36.69147791
2013,2013-09-14,25,야간,토,1,1,0,0,0,충북,충주시,차대사람,기타,기타,운전자법규위반,보행자 보호의무 위반,단일로,기타단일로,승용차,경형,보행자,보행자,1037075,1892193,127.9168344,37.02753392
2013,2013-09-12,10,야간,목,1,1,0,0,0,경북,경산시,차대사람,차도통행중,차도통행중,운전자법규위반,안전운전 의무 불이행,교차로,교차로내,승용차,경형,보행자,보행자,1118811,1766562,128.8163651,35.88845735
2012,2012-07-27,40,주간,금,1,1,0,0,0,경기,파주시,차대차,기타,기타,운전자법규위반,안전운전 의무 불이행,교차로,교차로내,화물차,중형,화물차,대형,954505,1999293,126.9818725,37.99248661
2012,2012-07-27,13,주간,금,1,1,0,0,0,경남,함안군,차대차,측면직각충돌,측면직각충돌,운전자법규위반,안전운전 의무 불이행,교차로,교차로내,화물차,소형,자전거,자전거,1092512,1701772,128.5176118,35.30720841
2012,2012-07-30,4,주간,월,1,3,1,0,1,서울,강동구,차대차,기타,기타,운전자법규위반,중앙선 침범,단일로,기타단일로,이륜차,소형,승용차,중형,968910,1947682,127.1481332,37.52791999
2012,2012-06-18,40,주간,월,1,1,0,0,0,경북,구미시,차대차,기타,기타,운전자법규위반,안전운전 의무 불이행,기타/불명,기타/불명,화물차,소형,농기계,농기계,1078435,1803304,128.3727277,36.22374943
2012,2012-06-19,50,주간,화,1,1,0,0,0,전북,남원시,차량단독,전도전복,전도전복,운전자법규위반,안전운전 의무 불이행,교차로,교차로부근,화물차,중형,0,0,998721,1721455,127.4858994,35.48896781
2012,2012-06-22,0,주간,금,1,1,0,0,0,제주,제주시,차량단독,공작물충돌,공작물충돌,운전자법규위반,안전운전 의무 불이행,기타/불명,기타/불명,농기계,농기계,0,0,931278,1506450,126.7597428,33.54780807
2012,2012-06-23,23,주간,토,1,1,0,0,0,강원,철원군,차대사람,횡단중,횡단중,운전자법규위반,안전운전 의무 불이행,단일로,기타단일로,화물차,소형,보행자,보행자,993356,2022093,127.4241201,38.1990941
2012,2012-06-23,27,야간,토,1,1,0,0,0,경기,남양주시,차대사람,기타,기타,운전자법규위반,안전운전 의무 불이행,단일로,기타단일로,승합차,대형,보행자,보행자,972070,1968868,127.1830869,37.71897775
2012,2012-06-23,45,야간,토,1,1,0,0,0,경기,평택시,차량단독,기타,기타,운전자법규위반,안전운전 의무 불이행,단일로,기타단일로,승용차,소형,0,0,949815,1893337,126.938522,37.03105719
2012,2012-05-29,30,야간,화,1,2,0,1,0,충남,천안시,차량단독,전도전복,전도전복,운전자법규위반,안전운전 의무 불이행,단일로,기타단일로,승용차,중형,0,0,968812,1853041,127.1509602,36.67481274
2012,2012-06-05,7,야간,화,1,1,0,0,0,인천,연수구,차대차,측면직각충돌,측면직각충돌,운전자법규위반,안전거리 미확보,교차로,교차로부근,승용차,대형,이륜차,소형,924717,1932899,126.6495169,37.3921357
2012,2012-06-05,30,야간,화,1,3,0,2,0,강원,원주시,차대차,기타,기타,운전자법규위반,보행자 보호의무 위반,교차로,교차로부근,승용차,중형,승용차,중형,1030830,1925682,127.8480051,37.32962934
2012,2012-06-10,56,야간,일,1,2,0,1,0,경남,거제시,차대차,추돌,진행중 추돌,운전자법규위반,안전운전 의무 불이행,단일로,기타단일로,승용차,중형,승용차,경형,1096514,1656913,128.5563947,34.90239288
2013,2013-12-11,35,야간,수,1,4,1,2,0,전북,무주군,차대차,추돌,진행중 추돌,운전자법규위반,안전거리 미확보,단일로,터널안,승용차,소형,승용차,소형,1013838,1774817,127.6534797,35.970001
2013,2013-02-15,0,주간,금,1,1,0,0,0,경북,청도군,차량단독,전도전복,전도전복,운전자법규위반,안전운전 의무 불이행,단일로,기타단일로,이륜차,사발이,0,0,1123738,1749673,128.8683254,35.73561529
2013,2013-09-14,25,야간,토,1,2,0,1,0,경기,가평군,차대사람,길가장자리구역통행중,길가장자리구역통행중,운전자법규위반,안전운전 의무 불이행,단일로,기타단일로,승용차,중형,보행자,보행자,986401,1981711,127.3454547,37.83505936
2013,2013-10-02,50,주간,수,1,2,0,1,0,경남,거제시,차대차,기타,기타,운전자법규위반,안전운전 의무 불이행,단일로,기타단일로,화물차,소형,화물차,소형,1101166,1655445,128.6071274,34.88870434
2014,2014-06-29,15,주간,일,1,1,0,0,0,강원,횡성군,차대사람,횡단중,횡단중,운전자법규위반,과속,단일로,기타단일로,화물차,소형,보행자,보행자,1056715,1957980,128.1426667,37.61951564