발생년,발생년월일시분,발생분,주야,요일,사망자수,사상자수,중상자수,경상자수,부상신고자수,발생지시도,발생지시군구,사고유형_대분류,사고유형_중분류,사고유형,법규위반_대분류,법규위반,도로형태_대분류,도로형태,당사자종별_1당_대분류,당사자종별_1당,당사자종별_2당_대분류,당사자종별_2당,발생위치X_UTMK,발생위치Y_UTMK,경도,위도
2012,2012-06-12,10,야간,화,1,1,0,0,0,서울,강서구,차대사람,횡단중,횡단중,운전자법규위반,안전운전 의무 불이행,단일로,기타단일로,화물차,중형,보행자,보행자,940123,1949635,126.8221876,37.54410234
2012,2012-06-19,50,야간,화,1,4,3,0,0,경기,용인시,차대차,추돌,주정차중 추돌,운전자법규위반,안전운전 의무 불이행,교차로,교차로부근,승용차,중형,화물차,소형,974139,1915442,127.2084399,37.23747888
2012,2012-06-20,13,야간,수,1,2,0,1,0,강원,횡성군,차대차,정면충돌,정면충돌,운전자법규위반,중앙선 침범,단일로,기타단일로,화물차,소형,화물차,대형,1036360,1953141,127.9117803,37.57693113
2012,2012-06-19,30,주간,화,1,1,0,0,0,경기,고양시,차대사람,횡단중,횡단중,운전자법규위반,안전운전 의무 불이행,단일로,횡단보도상,승합차,대형,보행자,보행자,934813,1963679,126.7608308,37.67031711
2012,2012-06-19,35,야간,화,1,1,0,0,0,전남,나주시,차대사람,횡단중,횡단중,운전자법규위반,안전운전 의무 불이행,교차로,교차로내,승용차,중형,보행자,보행자,928454,1671206,126.7156387,35.03333576
2012,2012-06-19,45,야간,화,1,1,0,0,0,경기,광주시,차대차,측면직각충돌,측면직각충돌,운전자법규위반,신호위반,교차로,교차로내,이륜차,중형,승용차,중형,978434,1935589,127.2562759,37.41919018
2012,2012-06-18,5,주간,월,1,1,0,0,0,대전,중구,차대사람,횡단중,횡단중,운전자법규위반,중앙선 침범,단일로,기타단일로,승용차,중형,보행자,보행자,990736,1814138,127.3967879,36.32456179
2012,2012-06-18,25,주간,월,1,1,0,0,0,경기,부천시,차대차,기타,기타,운전자법규위반,신호위반,교차로,교차로내,승합차,대형,자전거,자전거,934695,1946997,126.7609813,37.51995772
2012,2012-06-17,30,야간,일,1,1,0,0,0,서울,강서구,차량단독,전도전복,전도전복,운전자법규위반,안전운전 의무 불이행,기타/불명,기타/불명,승용차,대형,0,0,942391,1952710,126.8476184,37.57196187
2014,2014-06-10,10,야간,화,1,1,0,0,0,서울,성북구,차량단독,공작물충돌,공작물충돌,운전자법규위반,안전운전 의무 불이행,단일로,기타단일로,원동기장치자전거,원동기장치자전거,0,0,955875,1956688,127.0000693,37.60856138
2014,2014-01-26,48,야간,일,1,1,0,0,0,경기,수원시,차대사람,횡단중,횡단중,운전자법규위반,안전운전 의무 불이행,단일로,기타단일로,승용차,중형,보행자,보행자,955964,1919958,127.0032711,37.27750301
2014,2014-06-15,15,야간,일,1,1,0,0,0,대구,수성구,차대사람,횡단중,횡단중,운전자법규위반,안전운전 의무 불이행,단일로,기타단일로,승용차,중형,보행자,보행자,1101732,1763830,128.6268253,35.86575484
2012,2012-09-09,35,야간,일,1,1,0,0,0,울산,남구,차대사람,기타,기타,운전자법규위반,안전운전 의무 불이행,단일로,기타단일로,승용차,대형,보행자,보행자,1164027,1725017,129.3086642,35.50752527
2012,2012-09-07,45,야간,금,1,1,0,0,0,울산,북구,차대차,측면직각충돌,측면직각충돌,운전자법규위반,신호위반,교차로,교차로내,승용차,소형,이륜차,소형,1168289,1734639,129.3576377,35.5935239
2012,2012-09-06,25,야간,목,1,1,0,0,0,경북,군위군,차량단독,공작물충돌,공작물충돌,운전자법규위반,안전운전 의무 불이행,단일로,기타단일로,화물차,소형,0,0,1112859,1791575,128.7539996,36.11462368
2012,2012-09-13,7,야간,목,1,1,0,0,0,경기,남양주시,차량단독,공작물충돌,공작물충돌,운전자법규위반,안전운전 의무 불이행,교차로,교차로부근,이륜차,소형,0,0,971106,1957090,127.1726155,37.6127896
2012,2012-09-13,50,주간,목,1,1,0,0,0,경북,상주시,차대차,기타,기타,운전자법규위반,안전운전 의무 불이행,단일로,기타단일로,화물차,중형,원동기장치자전거,원동기장치자전거,1063581,1824554,128.2091969,36.41640455
2012,2012-09-13,8,야간,목,1,1,0,0,0,광주,광산구,차대차,측면직각충돌,측면직각충돌,운전자법규위반,부당한 회전,단일로,횡단보도상,자전거,자전거,특수차,소형,937853,1686737,126.8175069,35.17399559
2012,2012-09-12,0,주간,수,1,1,0,0,0,경기,남양주시,차대사람,보도통행중,보도통행중,운전자법규위반,신호위반,교차로,교차로부근,화물차,중형,보행자,보행자,969214,1961216,127.1510046,37.64991705
2012,2012-09-18,10,주간,화,1,1,0,0,0,경남,창녕군,차대차,추돌,진행중 추돌,운전자법규위반,안전운전 의무 불이행,단일로,기타단일로,화물차,대형,농기계,농기계,1088317,1730925,128.4746367,35.57041623
2012,2012-09-18,45,야간,화,1,1,0,0,0,제주,서귀포시,차량단독,기타,기타,운전자법규위반,안전운전 의무 불이행,단일로,기타단일로,승합차,소형,0,0,913349,1473027,126.5698527,33.24507401
2012,2012-09-16,25,주간,일,1,6,3,1,1,전남,화순군,차량단독,공작물충돌,공작물충돌,운전자법규위반,안전운전 의무 불이행,단일로,기타단일로,승합차,중형,0,0,954087,1656310,126.9974627,34.9005075
2012,2012-09-16,50,야간,일,1,1,0,0,0,경북,칠곡군,차대차,추돌,진행중 추돌,운전자법규위반,안전운전 의무 불이행,단일로,기타단일로,승용차,중형,이륜차,소형,1094781,1779183,128.551677,36.00485221
2012,2012-09-15,35,야간,토,1,1,0,0,0,전남,순천시,차대사람,보도통행중,보도통행중,운전자법규위반,보행자 보호의무 위반,단일로,횡단보도상,화물차,소형,보행자,보행자,1001904,1660912,127.5236216,34.94301582
2012,2012-09-26,40,주간,수,1,1,0,0,0,경북,영천시,차대차,추돌,진행중 추돌,운전자법규위반,앞지르기 금지위반,단일로,기타단일로,화물차,대형,원동기장치자전거,원동기장치자전거,1125201,1769141,128.8875506,35.91090631
2012,2012-09-22,13,주간,토,1,1,0,0,0,경남,양산시,차량단독,공작물충돌,공작물충돌,운전자법규위반,안전운전 의무 불이행,단일로,기타단일로,이륜차,소형,0,0,1143988,1721825,129.0841709,35.48673758
2012,2012-08-07,55,주간,화,1,1,0,0,0,경기,김포시,차량단독,전도전복,전도전복,운전자법규위반,안전운전 의무 불이행,단일로,기타단일로,농기계,농기계,0,0,936076,1954386,126.7759641,37.58665053
2012,2012-08-05,50,주간,일,1,1,0,0,0,울산,중구,차대차,측면직각충돌,측면직각충돌,운전자법규위반,안전운전 의무 불이행,단일로,기타단일로,화물차,소형,자전거,자전거,1165306,1729975,129.323772,35.55199489
2012,2012-08-11,25,야간,토,1,2,1,0,0,부산,진구,차대차,기타,기타,운전자법규위반,안전운전 의무 불이행,기타/불명,기타/불명,이륜차,소형,승용차,중형,1140366,1686269,129.0412083,35.16189339
2012,2012-08-10,45,야간,금,1,1,0,0,0,울산,북구,차대차,기타,기타,운전자법규위반,안전운전 의무 불이행,단일로,기타단일로,승용차,소형,승용차,중형,1167579,1739354,129.350783,35.63613511
2012,2012-08-19,20,야간,일,1,2,0,1,0,서울,서초구,차대사람,기타,기타,운전자법규위반,신호위반,단일로,횡단보도부근,승용차,중형,보행자,보행자,954221,1943334,126.9821637,37.48811793
2012,2012-08-25,50,주간,토,2,4,1,1,0,서울,동작구,차대차,기타,기타,운전자법규위반,안전운전 의무 불이행,단일로,기타단일로,건설기계,건설기계,승용차,중형,952525,1945729,126.9628253,37.50961907
2012,2012-08-25,30,주간,토,1,5,4,0,0,충남,부여군,차대차,측면직각충돌,측면직각충돌,운전자법규위반,안전운전 의무 불이행,단일로,기타단일로,승용차,중형,승용차,경형,955405,1805290,127.0066338,36.24348619
2012,2012-08-23,50,야간,목,1,1,0,0,0,부산,동구,차대사람,횡단중,횡단중,운전자법규위반,안전운전 의무 불이행,단일로,기타단일로,승용차,중형,보행자,보행자,1141798,1684052,129.0565457,35.1417086
2012,2012-08-22,20,야간,수,1,1,0,0,0,경남,창원시(통합),차대사람,횡단중,횡단중,운전자법규위반,안전운전 의무 불이행,단일로,기타단일로,승용차,중형,보행자,보행자,1098612,1692318,128.5835647,35.22139336
2012,2012-08-28,51,주간,화,1,1,0,0,0,인천,연수구,차대차,측면직각충돌,측면직각충돌,운전자법규위반,안전운전 의무 불이행,교차로,교차로내,건설기계,건설기계,원동기장치자전거,원동기장치자전거,929088,1937195,126.6984797,37.43120003
2012,2012-08-27,14,주간,월,1,1,0,0,0,서울,종로구,차대사람,보도통행중,보도통행중,운전자법규위반,신호위반,단일로,기타단일로,화물차,소형,보행자,보행자,955005,1953108,126.9904327,37.57625208
2012,2012-09-02,30,주간,일,1,1,0,0,0,경북,상주시,차량단독,기타,기타,운전자법규위반,안전운전 의무 불이행,단일로,기타단일로,농기계,농기계,0,0,1056276,1838991,128.1287707,36.5470055
2012,2012-09-01,30,야간,토,1,1,0,0,0,대구,북구,차대사람,기타,기타,운전자법규위반,안전운전 의무 불이행,단일로,기타단일로,화물차,소형,보행자,보행자,1098902,1768385,128.59605,35.90710561
2012,2012-09-01,35,주간,토,2,6,2,2,0,전북,순창군,차대사람,길가장자리구역통행중,길가장자리구역통행중,운전자법규위반,과속,단일로,기타단일로,승용차,소형,보행자,보행자,965211,1708577,127.117016,35.37224339
2012,2012-08-31,0,주간,금,1,1,0,0,0,경남,진주시,차대사람,보도통행중,보도통행중,운전자법규위반,기타(운전자법규위반),단일로,기타단일로,승합차,대형,보행자,보행자,1054043,1686646,128.0934942,35.1736438
2012,2012-08-31,20,야간,금,1,1,0,0,0,경기,평택시,차대사람,차도통행중,차도통행중,운전자법규위반,안전운전 의무 불이행,단일로,기타단일로,승용차,중형,보행자,보행자,965817,1885928,127.1159638,36.97116954
2012,2012-08-29,0,주간,수,1,1,0,0,0,전남,화순군,차대차,추돌,진행중 추돌,운전자법규위반,과속,교차로,교차로내,승합차,대형,이륜차,사발이,943964,1664180,126.8861388,34.97096286
2012,2012-09-06,0,주간,목,1,1,0,0,0,전남,고흥군,차량단독,기타,기타,운전자법규위반,안전운전 의무 불이행,단일로,기타단일로,농기계,농기계,0,0,977594,1625694,127.2524702,34.61801013
2012,2012-09-05,7,주간,수,1,1,0,0,0,경기,파주시,차대사람,횡단중,횡단중,운전자법규위반,안전운전 의무 불이행,교차로,교차로부근,승합차,중형,보행자,보행자,930247,1970082,126.7350416,37.84160833
2012,2012-09-05,40,야간,수,1,1,0,0,0,충북,진천군,차대사람,길가장자리구역통행중,길가장자리구역통행중,운전자법규위반,안전운전 의무 불이행,단일로,기타단일로,화물차,소형,보행자,보행자,1000952,1879509,127.5106875,36.91392596
2012,2012-09-02,0,야간,일,1,1,0,0,0,전남,진도군,차대차,측면직각충돌,측면직각충돌,운전자법규위반,중앙선 침범,단일로,횡단보도부근,이륜차,소형,화물차,소형,879722,1597839,126.1925311,34.36700162
2012,2012-09-04,30,주간,화,1,1,0,0,0,인천,강화군,차량단독,전도전복,전도전복,운전자법규위반,안전운전 의무 불이행,단일로,기타단일로,농기계,농기계,0,0,903359,1978848,126.402419,37.80405344
2012,2012-09-04,12,주간,화,1,2,1,0,0,전남,신안군,차대차,측면직각충돌,측면직각충돌,운전자법규위반,직진 및 우회전차의 통행방해,교차로,교차로내,승용차,대형,승용차,중형,866964,1655463,126.0441829,34.88519049
2013,2013-12-05,30,야간,목,1,1,0,0,0,충남,당진시,차대사람,횡단중,횡단중,운전자법규위반,보행자 보호의무 위반,교차로,교차로부근,승용차,중형,보행자,보행자,922220,1877159,126.627103,36.88953596
2013,2013-12-05,43,주간,목,1,1,0,0,0,전남,광양시,차대차,측면직각충돌,측면직각충돌,운전자법규위반,교차로 통행방법 위반,교차로,교차로내,화물차,중형,이륜차,소형,1008478,1664894,127.5928841,34.97891733
2013,2013-12-05,40,주간,목,1,1,0,0,0,충북,청원군,차량단독,공작물충돌,공작물충돌,운전자법규위반,안전운전 의무 불이행,단일로,기타단일로,농기계,농기계,0,0,999641,1863384,127.4959774,36.7685648
2013,2013-10-25,30,주간,금,1,1,0,0,0,충북,청원군,차대차,측면직각충돌,측면직각충돌,운전자법규위반,안전운전 의무 불이행,교차로,교차로내,승합차,소형,자전거,자전거,983581,1845479,127.3163996,36.60719639
2013,2013-10-24,30,야간,목,1,1,0,0,0,전북,군산시,차대사람,횡단중,횡단중,운전자법규위반,안전운전 의무 불이행,교차로,교차로내,승용차,중형,보행자,보행자,927173,1774178,126.6923565,35.96162019
2013,2013-10-24,50,주간,목,1,1,0,0,0,경기,이천시,차대사람,길가장자리구역통행중,길가장자리구역통행중,운전자법규위반,안전운전 의무 불이행,단일로,기타단일로,화물차,중형,보행자,보행자,999112,1920949,127.489982,37.28747762
2013,2013-09-07,30,야간,토,1,1,0,0,0,전북,전주시,차대차,측면직각충돌,측면직각충돌,운전자법규위반,안전운전 의무 불이행,교차로,교차로부근,승용차,중형,자전거,자전거,962085,1763297,127.0800319,35.86550002
2013,2013-09-07,30,야간,토,1,1,0,0,0,전남,순천시,차대사람,횡단중,횡단중,운전자법규위반,안전운전 의무 불이행,단일로,기타단일로,승용차,대형,보행자,보행자,1001323,1661291,127.5145284,34.94679559
2013,2013-09-07,1,야간,토,1,1,0,0,0,전남,보성군,차대사람,차도통행중,차도통행중,운전자법규위반,안전운전 의무 불이행,단일로,기타단일로,화물차,중형,보행자,보행자,982567,1649276,127.3093321,34.8379669
2013,2013-09-14,30,야간,토,1,1,0,0,0,충북,청주시,차대사람,횡단중,횡단중,운전자법규위반,안전운전 의무 불이행,단일로,기타단일로,승용차,중형,보행자,보행자,998149,1849436,127.4792931,36.64282356
2013,2013-09-15,36,야간,일,1,1,0,0,0,전북,전주시,차대차,추돌,진행중 추돌,운전자법규위반,안전운전 의무 불이행,교차로,교차로내,승용차,소형,이륜차,소형,967111,1759878,127.1358426,35.83485607
2013,2013-09-16,0,야간,월,1,2,0,1,0,울산,북구,차량단독,공작물충돌,공작물충돌,운전자법규위반,안전운전 의무 불이행,단일로,기타단일로,이륜차,중형,0,0,1172712,1727369,129.4048852,35.52724724
2013,2013-09-11,45,야간,수,1,1,0,0,0,경북,포항시,차대사람,기타,기타,운전자법규위반,안전운전 의무 불이행,교차로,교차로내,승용차,중형,보행자,보행자,1168473,1785999,129.3704995,36.05631897
2013,2013-09-27,44,야간,금,1,1,0,0,0,서울,서초구,차량단독,기타,기타,운전자법규위반,안전운전 의무 불이행,단일로,기타단일로,이륜차,소형,0,0,953438,1945413,126.9731754,37.50681741
2013,2013-09-26,55,주간,목,1,2,0,1,0,경북,성주군,차대차,정면충돌,정면충돌,운전자법규위반,중앙선 침범,교차로,교차로부근,승용차,중형,승용차,소형,1067362,1768703,128.2465778,35.91265413
2013,2013-09-30,10,주간,월,1,1,0,0,0,경남,남해군,차량단독,기타,기타,운전자법규위반,안전운전 의무 불이행,기타/불명,기타/불명,화물차,소형,0,0,1032184,1641586,127.8517055,34.76826198
2013,2013-09-30,24,주간,월,1,1,0,0,0,충남,홍성군,차대사람,기타,기타,운전자법규위반,안전운전 의무 불이행,교차로,교차로부근,화물차,중형,보행자,보행자,925869,1845238,126.6710964,36.60090776
2013,2013-09-30,0,주간,월,1,1,0,0,0,전북,순창군,차량단독,공작물충돌,공작물충돌,운전자법규위반,안전운전 의무 불이행,단일로,기타단일로,승용차,소형,0,0,964394,1718321,127.1075963,35.46007239
2013,2013-09-28,30,야간,토,1,1,0,0,0,전북,군산시,차대사람,기타,기타,운전자법규위반,안전운전 의무 불이행,단일로,기타단일로,승용차,중형,보행자,보행자,909501,1761649,126.4978254,35.84719613
2013,2013-10-20,15,야간,일,1,1,0,0,0,경기,안성시,차량단독,기타,기타,운전자법규위반,안전운전 의무 불이행,단일로,기타단일로,이륜차,중형,0,0,978127,1901910,127.2537968,37.11560255
2013,2013-10-19,11,주간,토,1,1,0,0,0,경기,용인시,차량단독,기타,기타,운전자법규위반,안전운전 의무 불이행,단일로,기타단일로,이륜차,중형,0,0,971321,1915030,127.1766857,37.23368266
2013,2013-10-18,57,야간,금,1,1,0,0,0,대전,중구,차대사람,횡단중,횡단중,운전자법규위반,안전운전 의무 불이행,단일로,횡단보도상,승용차,경형,보행자,보행자,990365,1814347,127.3926519,36.32644238
2013,2013-10-20,45,주간,일,1,1,0,0,0,충북,옥천군,차량단독,전도전복,전도전복,운전자법규위반,안전운전 의무 불이행,단일로,기타단일로,이륜차,소형,0,0,1005327,1810830,127.5593266,36.29476844
2013,2013-09-16,0,주간,월,1,1,0,0,0,경기,성남시,차대차,기타,기타,운전자법규위반,안전운전 의무 불이행,교차로,교차로부근,화물차,대형,이륜차,중형,968282,1940453,127.1406377,37.46331271
2013,2013-09-22,50,주간,일,1,2,0,1,0,경기,안산시,차대차,추돌,진행중 추돌,운전자법규위반,신호위반,교차로,교차로내,이륜차,중형,승용차,중형,931677,1923921,126.7289663,37.31175569
2013,2013-09-21,32,주간,토,1,1,0,0,0,경북,경산시,차대사람,횡단중,횡단중,운전자법규위반,안전운전 의무 불이행,단일로,횡단보도상,승용차,대형,보행자,보행자,1119776,1769587,128.8275096,35.91560605
2013,2013-09-23,58,주간,월,1,7,5,1,0,제주,제주시,차대차,측면직각충돌,측면직각충돌,운전자법규위반,중앙선 침범,단일로,기타단일로,승용차,소형,승용차,소형,902372,1500785,126.4490312,33.4944677
2013,2013-06-04,20,야간,화,1,4,3,0,0,경남,양산시,차대차,측면직각충돌,측면직각충돌,운전자법규위반,안전운전 의무 불이행,교차로,교차로내,승용차,중형,승용차,중형,1150959,1712678,129.1623354,35.39838851
2013,2013-07-03,20,주간,수,1,1,0,0,0,경북,고령군,차량단독,공작물충돌,공작물충돌,운전자법규위반,안전운전 의무 불이행,단일로,기타단일로,승용차,소형,0,0,1074666,1746258,128.3254245,35.70977542
2013,2013-07-14,54,야간,일,1,1,0,0,0,전북,김제시,차대사람,횡단중,횡단중,운전자법규위반,안전운전 의무 불이행,단일로,기타단일로,승용차,대형,보행자,보행자,947071,1756987,126.9138969,35.80787532
2013,2013-05-29,45,주간,수,1,1,0,0,0,서울,강남구,차대차,추돌,진행중 추돌,운전자법규위반,교차로 통행방법 위반,교차로,교차로부근,승용차,중형,이륜차,중형,960294,1941464,127.0509582,37.47154396
2013,2013-06-22,30,주간,토,1,1,0,0,0,전북,김제시,차대사람,기타,기타,운전자법규위반,안전운전 의무 불이행,단일로,기타단일로,승용차,소형,보행자,보행자,945707,1754899,126.8991984,35.78901503
2012,2012-09-27,50,주간,목,1,1,0,0,0,서울,마포구,차대차,추돌,주정차중 추돌,운전자법규위반,신호위반,단일로,교량위,건설기계,건설기계,화물차,중형,943402,1952155,126.8591094,37.56702237
2012,2012-08-17,35,야간,금,1,6,3,2,0,전북,군산시,차대차,추돌,진행중 추돌,운전자법규위반,안전운전 의무 불이행,단일로,기타단일로,승용차,소형,화물차,소형,934714,1771869,126.7761689,35.94133753
2012,2012-02-27,10,야간,월,1,3,2,0,0,전북,익산시,차대차,측면직각충돌,측면직각충돌,운전자법규위반,중앙선 침범,단일로,기타단일로,농기계,농기계,승용차,소형,961115,1777862,127.0685751,35.996777
2012,2012-06-14,5,야간,목,1,3,2,0,0,서울,광진구,차대사람,횡단중,횡단중,운전자법규위반,과속,교차로,교차로내,승용차,중형,보행자,보행자,962801,1952140,127.078769,37.56787528
2013,2013-07-08,33,주간,월,1,5,3,1,0,경기,가평군,차량단독,도로이탈,도로이탈 추락,운전자법규위반,안전운전 의무 불이행,단일로,기타단일로,승용차,중형,0,0,1002898,1964968,127.5328674,37.68424701
2013,2013-07-20,45,야간,토,1,2,0,0,1,서울,서초구,차대사람,보도통행중,보도통행중,운전자법규위반,과속,단일로,기타단일로,이륜차,소형,보행자,보행자,957645,1943096,127.0209073,37.48613616
2013,2013-07-29,50,야간,월,1,1,0,0,0,경북,구미시,차대사람,기타,기타,운전자법규위반,보행자 보호의무 위반,단일로,횡단보도상,승용차,중형,보행자,보행자,1076353,1791794,128.3484448,36.12015703
2013,2013-08-30,0,주간,금,1,1,0,0,0,부산,수영구,차대차,추돌,주정차중 추돌,운전자법규위반,안전운전 의무 불이행,단일로,기타단일로,승용차,대형,화물차,대형,1145753,1685472,129.1001963,35.15394267
2013,2013-08-29,20,야간,목,1,1,0,0,0,충북,옥천군,차대사람,차도통행중,차도통행중,운전자법규위반,안전운전 의무 불이행,단일로,기타단일로,화물차,소형,보행자,보행자,1011612,1800512,127.6291692,36.20169081
2013,2013-06-16,50,주간,일,1,2,1,0,0,경남,김해시,차대차,기타,기타,운전자법규위반,안전운전 의무 불이행,단일로,기타단일로,승합차,소형,승용차,경형,1125253,1695567,128.876728,35.24770774
2013,2013-07-19,3,야간,금,1,1,0,0,0,대구,북구,차대차,측면직각충돌,측면직각충돌,운전자법규위반,안전운전 의무 불이행,단일로,기타단일로,이륜차,중형,이륜차,중형,1099095,1771235,128.5985437,35.93277712
2013,2013-07-14,35,주간,일,2,2,0,0,0,경기,화성시,차량단독,기타,기타,운전자법규위반,안전운전 의무 불이행,단일로,기타단일로,승용차,중형,0,0,963549,1907153,127.0894542,37.1624086
2014,2014-10-27,11,주간,월,1,1,0,0,0,광주,북구,차대사람,보도통행중,보도통행중,운전자법규위반,기타(운전자법규위반),단일로,기타단일로,화물차,소형,보행자,보행자,942818,1689329,126.8718493,35.1976616
2014,2014-11-01,10,야간,토,1,2,1,0,0,광주,북구,차량단독,공작물충돌,공작물충돌,운전자법규위반,안전운전 의무 불이행,단일로,기타단일로,승용차,소형,0,0,950050,1685295,126.9515345,35.16167402
2013,2013-01-23,0,야간,수,1,13,5,7,0,경남,통영시,차량단독,공작물충돌,공작물충돌,운전자법규위반,안전운전 의무 불이행,단일로,기타단일로,승합차,중형,0,0,1083799,1643713,128.41592,34.78450476
2013,2013-01-04,25,야간,금,1,1,0,0,0,경북,성주군,차대사람,차도통행중,차도통행중,운전자법규위반,안전운전 의무 불이행,단일로,기타단일로,승합차,소형,보행자,보행자,1051689,1769255,128.0729177,35.91858512
2013,2013-01-03,25,야간,목,1,1,0,0,0,경기,군포시,차대차,측면직각충돌,측면직각충돌,운전자법규위반,기타(운전자법규위반),교차로,교차로부근,특수차,중형,화물차,대형,949905,1925822,126.9303841,37.33011178
2013,2013-04-30,55,주간,화,1,2,0,1,0,강원,삼척시,차량단독,도로이탈,도로이탈 추락,운전자법규위반,안전운전 의무 불이행,단일로,기타단일로,승용차,소형,0,0,1162648,1909111,129.331917,37.16660676
2013,2013-04-30,43,야간,화,1,1,0,0,0,서울,마포구,차대사람,횡단중,횡단중,운전자법규위반,안전운전 의무 불이행,단일로,기타단일로,승용차,중형,보행자,보행자,946991,1952025,126.899757,37.56606429
2013,2013-05-11,10,야간,토,1,2,0,1,0,전남,해남군,차량단독,공작물충돌,공작물충돌,운전자법규위반,안전운전 의무 불이행,단일로,기타단일로,승용차,경형,0,0,890614,1639520,126.3277499,34.67085366
2013,2013-05-17,0,주간,금,1,1,0,0,0,충남,당진시,차량단독,전도전복,전도전복,운전자법규위반,안전운전 의무 불이행,교차로,교차로내,이륜차,소형,0,0,934243,1882865,126.761526,36.9418833
2013,2013-03-18,25,야간,월,1,1,0,0,0,경기,양평군,차대사람,횡단중,횡단중,운전자법규위반,안전운전 의무 불이행,단일로,기타단일로,승용차,대형,보행자,보행자,999039,1944211,127.4899351,37.49735585
2013,2013-04-11,20,주간,목,1,2,1,0,0,전남,무안군,차대차,측면직각충돌,측면직각충돌,운전자법규위반,신호위반,교차로,교차로내,화물차,소형,승용차,소형,904897,1646141,126.4602698,34.80540397
2013,2013-04-07,25,주간,일,1,1,0,0,0,전북,김제시,차량단독,도로이탈,도로이탈 기타,운전자법규위반,안전운전 의무 불이행,단일로,기타단일로,특수차,소형,0,0,940628,1763264,126.842376,35.86413667
2013,2013-07-24,20,야간,수,1,1,0,0,0,경기,평택시,차대차,기타,기타,운전자법규위반,안전운전 의무 불이행,단일로,기타단일로,화물차,대형,화물차,대형,964304,1889260,127.0966804,37.00136303
2013,2013-08-04,30,야간,일,2,3,1,0,0,전남,광양시,차대차,측면직각충돌,측면직각충돌,운전자법규위반,중앙선 침범,단일로,기타단일로,승용차,대형,화물차,소형,1008860,1665719,127.597078,34.98635345
2013,2013-08-10,55,야간,토,1,5,2,2,0,강원,원주시,차대차,측면직각충돌,측면직각충돌,운전자법규위반,신호위반,교차로,교차로내,승용차,경형,승합차,대형,1040985,1935725,127.9629953,37.41968673
2013,2013-09-23,55,주간,월,1,1,0,0,0,울산,중구,차대사람,횡단중,횡단중,운전자법규위반,보행자 보호의무 위반,단일로,횡단보도상,건설기계,건설기계,보행자,보행자,1166372,1731351,129.3358103,35.56421693
2013,2013-10-02,30,야간,수,1,1,0,0,0,충남,홍성군,차대사람,횡단중,횡단중,운전자법규위반,안전운전 의무 불이행,단일로,기타단일로,승용차,경형,보행자,보행자,922213,1837966,126.6310123,36.53625667
2013,2013-10-02,11,주간,수,1,1,0,0,0,충남,태안군,차대사람,횡단중,횡단중,운전자법규위반,보행자 보호의무 위반,단일로,기타단일로,화물차,중형,보행자,보행자,892094,1862555,126.2911409,36.75495047
2013,2013-10-17,10,야간,목,1,1,0,0,0,서울,중구,차대사람,횡단중,횡단중,운전자법규위반,안전운전 의무 불이행,단일로,기타단일로,승용차,중형,보행자,보행자,956383,1951225,127.0061501,37.5593465
2013,2013-10-01,17,야간,화,1,1,0,0,0,강원,속초시,차대차,추돌,진행중 추돌,운전자법규위반,안전운전 의무 불이행,단일로,기타단일로,승용차,대형,자전거,자전거,1095127,2021344,128.5855916,38.18735217
2013,2013-06-03,58,주간,월,1,1,0,0,0,충북,보은군,차량단독,전도전복,전도전복,운전자법규위반,안전운전 의무 불이행,단일로,기타단일로,농기계,농기계,0,0,1029308,1825849,127.8269101,36.42971983
2013,2013-06-04,33,주간,화,1,2,0,1,0,서울,강서구,차대사람,기타,기타,운전자법규위반,안전거리 미확보,단일로,기타단일로,화물차,소형,보행자,보행자,941606,1953258,126.8386856,37.57685151
2013,2013-06-30,50,주간,일,1,1,0,0,0,경북,칠곡군,차대사람,기타,기타,운전자법규위반,안전운전 의무 불이행,단일로,기타단일로,승용차,중형,보행자,보행자,1084348,1781779,128.4362054,36.02921347
2012,2012-04-12,10,야간,목,1,1,0,0,0,전북,김제시,차대사람,기타,기타,운전자법규위반,안전운전 의무 불이행,단일로,기타단일로,승용차,중형,보행자,보행자,950549,1763513,127.0058085,35.87082561
2012,2012-11-24,0,야간,토,1,1,0,0,0,전북,김제시,차량단독,전도전복,전도전복,운전자법규위반,안전운전 의무 불이행,교차로,교차로내,농기계,농기계,0,0,949887,1762073,126.9450019,35.85391651
2014,2014-10-29,55,야간,수,1,1,0,0,0,전북,익산시,차대사람,횡단중,횡단중,운전자법규위반,과속,단일로,기타단일로,화물차,소형,보행자,보행자,952738,1772827,126.9759365,35.95101318
2014,2014-04-15,20,야간,화,1,2,1,0,0,경남,거제시,차대차,측면직각충돌,측면직각충돌,운전자법규위반,신호위반,교차로,교차로내,승합차,대형,승용차,중형,1106486,1658053,128.6550495,34.95525413
2012,2012-02-24,45,주간,금,1,1,0,0,0,제주,제주시,차대사람,기타,기타,운전자법규위반,안전운전 의무 불이행,단일로,기타단일로,승합차,소형,보행자,보행자,939337,1503699,126.8467338,33.52348533
2013,2013-01-29,15,야간,화,1,1,0,0,0,경기,평택시,차량단독,공작물충돌,공작물충돌,운전자법규위반,안전운전 의무 불이행,단일로,기타단일로,승용차,중형,0,0,948264,1890298,126.9184687,37.00975905