발생년,발생년월일시분,발생분,주야,요일,사망자수,사상자수,중상자수,경상자수,부상신고자수,발생지시도,발생지시군구,사고유형_대분류,사고유형_중분류,사고유형,법규위반_대분류,법규위반,도로형태_대분류,도로형태,당사자종별_1당_대분류,당사자종별_1당,당사자종별_2당_대분류,당사자종별_2당,발생위치X_UTMK,발생위치Y_UTMK,경도,위도
2013,2013-06-30,57,주간,일,1,1,0,0,0,부산,강서구,차대차,기타,기타,운전자법규위반,안전운전 의무 불이행,단일로,기타단일로,원동기장치자전거,원동기장치자전거,승용차,중형,1132040,1685340,128.9496677,35.15464752
2013,2013-04-28,20,주간,일,1,2,0,1,0,대전,동구,차대차,측면직각충돌,측면직각충돌,운전자법규위반,신호위반,교차로,교차로내,이륜차,소형,승합차,소형,993957,1814864,127.432668,36.3311326
2014,2014-07-22,40,야간,화,1,1,0,0,0,부산,동래구,차대사람,횡단중,횡단중,운전자법규위반,안전운전 의무 불이행,단일로,기타단일로,승용차,중형,보행자,보행자,1142985,1691365,129.0708391,35.20745836
2014,2014-07-21,0,야간,월,1,1,0,0,0,경남,함안군,차대사람,기타,기타,운전자법규위반,안전운전 의무 불이행,단일로,기타단일로,승용차,대형,보행자,보행자,1088922,1697137,128.4776253,35.26574648
2014,2014-04-10,52,야간,목,1,2,1,0,0,충북,옥천군,차대차,측면직각충돌,측면직각충돌,운전자법규위반,안전운전 의무 불이행,교차로,교차로내,화물차,대형,화물차,대형,1006186,1810395,127.5688898,36.29084157
2014,2014-04-06,35,주간,일,1,1,0,0,0,충남,서산시,차대차,측면직각충돌,측면직각충돌,운전자법규위반,안전운전 의무 불이행,교차로,교차로내,승합차,대형,자전거,자전거,922256,1865752,126.6286742,36.78672046
2014,2014-04-08,45,주간,화,1,1,0,0,0,전북,전주시,차대사람,차도통행중,차도통행중,운전자법규위반,안전운전 의무 불이행,단일로,기타단일로,승용차,중형,보행자,보행자,969301,1759116,127.1601199,35.82805687
2014,2014-01-14,12,주간,화,1,1,0,0,0,충남,서산시,차대사람,횡단중,횡단중,운전자법규위반,안전운전 의무 불이행,교차로,교차로부근,승용차,대형,보행자,보행자,907440,1864741,126.4627675,36.7762759
2014,2014-07-21,20,주간,월,1,1,0,0,0,대구,동구,차대차,측면직각충돌,측면직각충돌,운전자법규위반,신호위반,교차로,교차로내,원동기장치자전거,원동기장치자전거,화물차,소형,1111958,1764706,128.740193,35.87253547
2014,2014-04-11,25,주간,금,1,1,0,0,0,경남,창원시(통합),차대차,측면직각충돌,측면직각충돌,운전자법규위반,안전거리 미확보,단일로,기타단일로,화물차,소형,이륜차,소형,1094521,1683976,128.551046,35.15611103
2014,2014-11-06,50,주간,목,1,1,0,0,0,경기,성남시,차대사람,기타,기타,운전자법규위반,안전운전 의무 불이행,단일로,횡단보도상,화물차,중형,보행자,보행자,966380,1938430,127.1199227,37.44443841
2014,2014-01-28,20,야간,화,1,1,0,0,0,서울,동대문구,차대사람,차도통행중,차도통행중,운전자법규위반,안전운전 의무 불이행,단일로,기타단일로,승용차,중형,보행자,보행자,961336,1954593,127.0620507,37.58992451
2014,2014-07-20,40,주간,일,1,1,0,0,0,충북,청주시,차대사람,기타,기타,운전자법규위반,안전운전 의무 불이행,교차로,교차로내,승용차,경형,보행자,보행자,1000499,1848756,127.5055818,36.63669504
2014,2014-04-24,30,야간,목,1,1,0,0,0,경기,수원시,차대사람,기타,기타,운전자법규위반,안전운전 의무 불이행,교차로,교차로부근,승합차,대형,보행자,보행자,959744,1915590,127.0461447,37.23830217
2014,2014-11-13,0,야간,목,1,1,0,0,0,인천,동구,차대차,측면직각충돌,측면직각충돌,운전자법규위반,안전운전 의무 불이행,교차로,교차로부근,화물차,대형,자전거,자전거,925669,1943289,126.6592236,37.48585543
2014,2014-11-09,55,야간,일,1,2,1,0,0,부산,진구,차대사람,횡단중,횡단중,운전자법규위반,안전운전 의무 불이행,단일로,기타단일로,승용차,중형,보행자,보행자,1138903,1685303,129.0249873,35.15338913
2014,2014-02-24,30,주간,월,1,1,0,0,0,충남,천안시,차대사람,횡단중,횡단중,운전자법규위반,안전운전 의무 불이행,단일로,기타단일로,승용차,대형,보행자,보행자,965790,1868783,127.1164346,36.81661688
2014,2014-07-18,35,주간,금,1,2,1,0,0,경기,화성시,차대차,측면직각충돌,측면직각충돌,운전자법규위반,안전운전 의무 불이행,단일로,기타단일로,화물차,중형,승용차,중형,939989,1903980,126.824367,37.13259224
2014,2014-12-19,30,야간,금,1,2,0,1,0,경남,김해시,차대차,추돌,주정차중 추돌,운전자법규위반,안전운전 의무 불이행,단일로,기타단일로,특수차,대형,화물차,중형,1110219,1698826,128.7119533,35.27885466
2014,2014-06-30,10,주간,월,1,1,0,0,0,경남,합천군,차대사람,차도통행중,차도통행중,운전자법규위반,안전운전 의무 불이행,단일로,기타단일로,승합차,소형,보행자,보행자,1055515,1727709,128.1124482,35.54380364
2014,2014-09-14,50,주간,일,1,1,0,0,0,충북,청주시,차대차,추돌,진행중 추돌,운전자법규위반,안전운전 의무 불이행,단일로,기타단일로,화물차,소형,자전거,자전거,1010112,1847298,127.6130934,36.62349765
2014,2014-03-31,30,주간,월,1,1,0,0,0,경북,칠곡군,차량단독,전도전복,전도전복,운전자법규위반,안전운전 의무 불이행,단일로,기타단일로,화물차,대형,0,0,1083372,1776434,128.4248108,35.98111367
2013,2013-07-27,33,야간,토,1,1,0,0,0,전남,무안군,차대사람,횡단중,횡단중,운전자법규위반,기타(운전자법규위반),단일로,기타단일로,승용차,중형,보행자,보행자,902131,1650019,126.4295824,34.84010641
2013,2013-07-27,55,주간,토,1,1,0,0,0,경기,평택시,차대차,측면직각충돌,측면직각충돌,운전자법규위반,신호위반,교차로,교차로내,원동기장치자전거,원동기장치자전거,승용차,중형,961624,1885145,127.0688976,36.9639497
2013,2013-07-25,54,주간,목,1,1,0,0,0,부산,강서구,차대사람,횡단중,횡단중,운전자법규위반,안전운전 의무 불이행,단일로,횡단보도상,화물차,대형,보행자,보행자,1132097,1684079,128.9500916,35.14327297
2013,2013-07-25,0,주간,목,1,1,0,0,0,부산,남구,차대차,측면직각충돌,측면직각충돌,운전자법규위반,차로위반(진로변경 위반),교차로,교차로부근,원동기장치자전거,원동기장치자전거,승용차,소형,1143657,1683265,129.0768087,35.13435092
2013,2013-08-04,10,주간,일,1,1,0,0,0,충북,제천시,차대차,기타,기타,운전자법규위반,중앙선 침범,단일로,기타단일로,이륜차,대형,승용차,중형,1059559,1894780,128.1698142,37.04969535
2013,2013-08-05,18,주간,월,1,1,0,0,0,전남,여수시,차대사람,기타,기타,운전자법규위반,안전운전 의무 불이행,단일로,기타단일로,승용차,대형,보행자,보행자,1019145,1641745,127.7090455,34.76951121
2013,2013-07-31,40,주간,수,1,1,0,0,0,강원,원주시,차대사람,횡단중,횡단중,운전자법규위반,과속,교차로,교차로내,화물차,소형,보행자,보행자,1039541,1928525,127.9465181,37.35493032
2013,2013-07-31,30,야간,수,1,1,0,0,0,경기,부천시,차량단독,기타,기타,운전자법규위반,안전운전 의무 불이행,단일로,기타단일로,승합차,대형,0,0,937537,1944813,126.7933259,37.50047026
2013,2013-07-31,20,주간,수,1,1,0,0,0,전남,순천시,차량단독,기타,기타,운전자법규위반,안전운전 의무 불이행,교차로,교차로부근,원동기장치자전거,원동기장치자전거,0,0,999736,1666330,127.4974644,34.99169721
2013,2013-08-02,10,주간,금,1,5,2,2,0,충북,옥천군,차량단독,기타,기타,운전자법규위반,안전운전 의무 불이행,단일로,기타단일로,승용차,중형,0,0,1011702,1800500,127.6301702,36.20158153
2013,2013-07-31,10,주간,수,1,1,0,0,0,광주,동구,차대사람,기타,기타,운전자법규위반,안전운전 의무 불이행,단일로,기타단일로,화물차,경형,보행자,보행자,948325,1684565,126.9326401,35.15500456
2012,2012-06-28,9,주간,목,1,1,0,0,0,대전,서구,차대차,측면직각충돌,측면직각충돌,운전자법규위반,신호위반,교차로,교차로내,승용차,경형,원동기장치자전거,원동기장치자전거,989481,1817107,127.3827656,36.35131567
2012,2012-06-24,55,주간,일,1,3,1,1,0,경북,포항시,차량단독,공작물충돌,공작물충돌,운전자법규위반,안전운전 의무 불이행,단일로,기타단일로,승용차,중형,0,0,1144263,1793824,129.1032385,36.13073243
2012,2012-06-25,5,야간,월,1,3,2,0,0,대전,중구,차대차,기타,기타,운전자법규위반,중앙선 침범,단일로,기타단일로,승용차,중형,승용차,대형,993326,1813311,127.4256506,36.31712744
2012,2012-06-30,45,야간,토,1,1,0,0,0,전북,임실군,차량단독,전도전복,전도전복,운전자법규위반,안전운전 의무 불이행,단일로,기타단일로,화물차,소형,0,0,979875,1742843,127.2775962,35.68160956
2012,2012-07-05,10,주간,목,1,1,0,0,0,충남,보령시,차량단독,공작물충돌,공작물충돌,운전자법규위반,안전운전 의무 불이행,단일로,기타단일로,승용차,중형,0,0,916912,1823588,126.5733438,36.4062065
2012,2012-07-04,20,주간,수,1,1,0,0,0,경남,남해군,차대사람,기타,기타,운전자법규위반,안전운전 의무 불이행,단일로,기타단일로,화물차,소형,보행자,보행자,1034320,1654398,127.8747342,34.88252785
2012,2012-07-03,40,주간,화,1,1,0,0,0,전남,여수시,차대사람,횡단중,횡단중,운전자법규위반,보행자 보호의무 위반,단일로,횡단보도상,승용차,대형,보행자,보행자,1015599,1640444,127.6704452,34.75835234
2012,2012-07-03,25,주간,화,1,1,0,0,0,충남,보령시,차대차,측면직각충돌,측면직각충돌,운전자법규위반,중앙선 침범,교차로,교차로부근,화물차,대형,자전거,자전거,917217,1825551,126.5765355,36.42392761
2012,2012-07-07,45,주간,토,1,8,0,7,0,전남,여수시,차대차,측면직각충돌,측면직각충돌,운전자법규위반,안전운전 의무 불이행,단일로,기타단일로,승용차,중형,승합차,대형,1010254,1647569,127.601791,34.81020003
2012,2012-07-07,50,야간,토,1,4,1,2,0,경기,안산시,차대차,추돌,진행중 추돌,운전자법규위반,신호위반,교차로,교차로내,승용차,중형,승용차,중형,939349,1924335,126.8155059,37.31601962
2012,2012-07-06,35,야간,금,1,1,0,0,0,경남,창원시(통합),차대사람,횡단중,횡단중,운전자법규위반,신호위반,단일로,횡단보도상,원동기장치자전거,원동기장치자전거,보행자,보행자,1091402,1693699,128.5045048,35.23452722
2012,2012-07-07,30,주간,토,1,1,0,0,0,서울,중구,차대사람,차도통행중,차도통행중,운전자법규위반,안전운전 의무 불이행,교차로,교차로내,승용차,중형,보행자,보행자,954737,1951826,126.987477,37.56468402
2012,2012-07-07,22,야간,토,1,1,0,0,0,경북,구미시,차대차,기타,기타,운전자법규위반,중앙선 침범,단일로,기타단일로,이륜차,소형,승합차,소형,1082244,1793746,128.4141032,36.13727205
2012,2012-07-17,30,야간,화,1,1,0,0,0,충북,음성군,차대사람,기타,기타,운전자법규위반,안전운전 의무 불이행,교차로,교차로부근,승용차,소형,보행자,보행자,1001383,1886079,127.5146729,36.97297963
2012,2012-07-17,10,야간,화,1,1,0,0,0,충북,충주시,차대사람,기타,기타,운전자법규위반,안전운전 의무 불이행,단일로,기타단일로,화물차,중형,보행자,보행자,1038058,1886140,127.9282768,36.97291123
2012,2012-07-14,14,주간,토,1,12,7,4,0,대구,동구,차대차,추돌,진행중 추돌,운전자법규위반,중앙선 침범,단일로,기타단일로,승용차,대형,승용차,중형,1102289,1773487,128.6358431,35.9496315
2012,2012-07-22,10,주간,일,1,1,0,0,0,전북,전주시,차량단독,공작물충돌,공작물충돌,운전자법규위반,안전운전 의무 불이행,교차로,교차로내,승용차,중형,0,0,961443,1756959,127.0732271,35.80833194
2012,2012-07-18,50,주간,수,1,1,0,0,0,광주,남구,차대사람,횡단중,횡단중,운전자법규위반,안전운전 의무 불이행,단일로,기타단일로,건설기계,건설기계,보행자,보행자,945202,1680936,126.8986264,35.12155671
2012,2012-07-24,55,주간,화,1,1,0,0,0,인천,남동구,차량단독,기타,기타,운전자법규위반,안전운전 의무 불이행,단일로,기타단일로,이륜차,소형,0,0,931312,1934838,126.7104439,37.4091162
2012,2012-07-25,15,야간,수,1,1,0,0,0,경북,구미시,차량단독,공작물충돌,공작물충돌,운전자법규위반,안전운전 의무 불이행,단일로,기타단일로,이륜차,소형,0,0,1076257,1790510,128.3472538,36.1085896
2012,2012-07-22,58,주간,일,1,1,0,0,0,경북,성주군,차대차,추돌,주정차중 추돌,운전자법규위반,안전운전 의무 불이행,단일로,기타단일로,승용차,소형,원동기장치자전거,원동기장치자전거,1072335,1769440,128.3017562,35.91894301
2012,2012-07-29,50,야간,일,1,1,0,0,0,경남,거제시,차량단독,공작물충돌,공작물충돌,운전자법규위반,안전운전 의무 불이행,단일로,기타단일로,승합차,소형,0,0,1109106,1654304,128.6938552,34.87759514
2012,2012-07-29,30,야간,일,1,1,0,0,0,경기,김포시,차대사람,차도통행중,차도통행중,운전자법규위반,안전운전 의무 불이행,단일로,기타단일로,화물차,소형,보행자,보행자,930793,1956118,126.7197901,37.60139888
2012,2012-07-28,10,주간,토,1,2,0,0,1,울산,북구,차량단독,도로이탈,도로이탈 추락,운전자법규위반,기타(운전자법규위반),단일로,기타단일로,승용차,중형,0,0,1170899,1742260,129.3880485,35.66175385
2012,2012-07-29,3,주간,일,1,1,0,0,0,전남,장성군,차량단독,기타,기타,운전자법규위반,안전운전 의무 불이행,교차로,교차로내,승용차,중형,0,0,921591,1693472,126.6382939,35.23358133
2012,2012-07-29,37,주간,일,1,1,0,0,0,충북,충주시,차대차,측면직각충돌,측면직각충돌,운전자법규위반,안전운전 의무 불이행,교차로,교차로내,승용차,중형,이륜차,소형,1038056,1893930,127.9279514,37.0431522
2012,2012-08-02,57,야간,목,1,1,0,0,0,제주,제주시,차대사람,횡단중,횡단중,운전자법규위반,안전운전 의무 불이행,교차로,교차로내,승용차,중형,보행자,보행자,910844,1499943,126.5403046,33.48761414
2012,2012-08-02,50,주간,목,1,1,0,0,0,경기,안양시,차량단독,공작물충돌,공작물충돌,운전자법규위반,안전운전 의무 불이행,고가도로위,고가도로위,원동기장치자전거,원동기장치자전거,0,0,948549,1935244,126.9185716,37.4149019
2013,2013-03-12,0,주간,화,1,1,0,0,0,전남,보성군,차대차,측면직각충돌,측면직각충돌,운전자법규위반,안전운전 의무 불이행,교차로,교차로내,이륜차,소형,승합차,중형,965652,1635221,127.1250367,34.71092979
2013,2013-03-11,15,주간,월,1,1,0,0,0,제주,제주시,차대사람,횡단중,횡단중,운전자법규위반,보행자 보호의무 위반,단일로,횡단보도상,승용차,소형,보행자,보행자,891740,1497346,126.3350122,33.46243194
2013,2013-03-20,10,주간,수,1,1,0,0,0,인천,동구,차대차,측면직각충돌,측면직각충돌,운전자법규위반,직진 및 우회전차의 통행방해,교차로,교차로내,화물차,경형,이륜차,중형,925431,1943277,126.656533,37.48572809
2013,2013-03-24,24,주간,일,1,1,0,0,0,충남,공주시,차량단독,공작물충돌,공작물충돌,운전자법규위반,안전운전 의무 불이행,단일로,기타단일로,승용차,소형,0,0,962187,1820825,127.0807955,36.38813256
2013,2013-03-25,3,주간,월,1,2,1,0,0,충남,아산시,차대차,측면직각충돌,측면직각충돌,운전자법규위반,신호위반,교차로,교차로내,이륜차,중형,승용차,중형,948483,1876055,126.9219011,36.88138394
2013,2013-03-25,40,주간,월,1,1,0,0,0,서울,금천구,차대사람,횡단중,횡단중,운전자법규위반,안전운전 의무 불이행,단일로,기타단일로,승용차,대형,보행자,보행자,945571,1940729,126.8845153,37.46416923
2013,2013-03-26,25,주간,화,1,1,0,0,0,경북,김천시,차대사람,기타,기타,운전자법규위반,안전운전 의무 불이행,교차로,교차로부근,승합차,대형,보행자,보행자,1043107,1786142,127.9787177,36.07124838
2013,2013-03-26,35,야간,화,1,3,2,0,0,제주,제주시,차대차,추돌,진행중 추돌,운전자법규위반,안전운전 의무 불이행,단일로,기타단일로,화물차,소형,농기계,농기계,877360,1483804,126.1821474,33.33876774
2013,2013-03-22,20,야간,금,2,2,0,0,0,인천,남구,차대차,기타,기타,운전자법규위반,안전운전 의무 불이행,단일로,기타단일로,화물차,경형,승용차,소형,928326,1939621,126.6896318,37.45300649
2013,2013-03-28,50,야간,목,1,1,0,0,0,전북,전주시,차량단독,공작물충돌,공작물충돌,운전자법규위반,안전운전 의무 불이행,교차로,교차로부근,이륜차,중형,0,0,967628,1762075,127.1290906,35.82966016
2013,2013-03-29,16,야간,금,1,1,0,0,0,전북,전주시,차대사람,횡단중,횡단중,운전자법규위반,안전운전 의무 불이행,단일로,기타단일로,승용차,중형,보행자,보행자,967213,1760670,127.1369395,35.84200016
2013,2013-03-27,50,주간,수,1,1,0,0,0,부산,사상구,차대차,추돌,주정차중 추돌,운전자법규위반,안전거리 미확보,단일로,기타단일로,자전거,자전거,자전거,자전거,1134320,1688707,128.9752407,35.18469624
2013,2013-04-06,36,주간,토,1,1,0,0,0,충남,천안시,차대차,기타,기타,운전자법규위반,안전운전 의무 불이행,단일로,기타단일로,승용차,소형,승용차,소형,966890,1865395,127.128915,36.78611475
2013,2013-04-05,30,주간,금,1,1,0,0,0,경기,성남시,차대사람,기타,기타,운전자법규위반,안전운전 의무 불이행,단일로,기타단일로,화물차,소형,보행자,보행자,969299,1939481,127.152878,37.4540132
2013,2013-04-02,55,야간,화,1,1,0,0,0,경남,합천군,차량단독,도로이탈,도로이탈 기타,운전자법규위반,안전운전 의무 불이행,단일로,기타단일로,이륜차,소형,0,0,1053581,1748959,128.0925705,35.73556307
2013,2013-09-03,35,주간,화,1,1,0,0,0,충북,음성군,차대사람,기타,기타,운전자법규위반,안전운전 의무 불이행,교차로,교차로내,화물차,중형,보행자,보행자,1016915,1882067,127.6899502,36.93683375
2013,2013-09-24,20,주간,화,1,2,1,0,0,전북,장수군,차대차,추돌,진행중 추돌,운전자법규위반,안전운전 의무 불이행,기타/불명,기타/불명,화물차,대형,농기계,농기계,1001637,1742670,127.5180904,35.68025377
2013,2013-06-13,15,야간,목,1,1,0,0,0,경북,군위군,차대사람,차도통행중,차도통행중,운전자법규위반,안전운전 의무 불이행,단일로,기타단일로,승용차,소형,보행자,보행자,1095664,1801481,128.564181,36.20576521
2013,2013-06-17,0,주간,월,1,1,0,0,0,경기,광주시,차량단독,기타,기타,운전자법규위반,안전운전 의무 불이행,단일로,기타단일로,이륜차,중형,0,0,978771,1933802,127.2601358,37.40309045
2013,2013-06-23,10,주간,일,2,4,1,1,0,경기,안성시,차대차,정면충돌,정면충돌,운전자법규위반,중앙선 침범,단일로,기타단일로,승용차,중형,화물차,소형,994690,1891531,127.4410119,37.02226581
2013,2013-07-02,5,야간,화,1,1,0,0,0,충남,논산시,차대사람,차도통행중,차도통행중,운전자법규위반,과속,교차로,교차로내,승용차,중형,보행자,보행자,967353,1801907,127.1367871,36.21378613
2013,2013-06-18,50,야간,화,2,2,0,0,0,인천,서구,차량단독,공작물충돌,공작물충돌,운전자법규위반,안전운전 의무 불이행,단일로,기타단일로,승용차,중형,0,0,929815,1955028,126.7049933,37.59198038
2013,2013-01-19,1,주간,토,1,1,0,0,0,제주,제주시,차대사람,횡단중,횡단중,운전자법규위반,안전운전 의무 불이행,단일로,기타단일로,승용차,소형,보행자,보행자,881536,1489226,126.2262993,33.38812927
2013,2013-02-19,48,야간,화,1,1,0,0,0,인천,남동구,차대사람,횡단중,횡단중,운전자법규위반,안전운전 의무 불이행,단일로,기타단일로,승합차,소형,보행자,보행자,929859,1938692,126.7069348,37.4440022
2013,2013-02-15,25,주간,금,1,3,2,0,0,경기,파주시,차대차,추돌,진행중 추돌,운전자법규위반,안전운전 의무 불이행,단일로,기타단일로,승합차,소형,농기계,농기계,942631,1992363,126.8472039,37.92935741
2013,2013-02-14,50,야간,목,1,3,2,0,0,울산,울주군,차대사람,기타,기타,운전자법규위반,안전운전 의무 불이행,교차로,교차로부근,승용차,중형,보행자,보행자,1155029,1720022,129.2085339,35.4639534
2013,2013-04-30,2,주간,화,1,4,2,1,0,경기,수원시,차대차,측면직각충돌,측면직각충돌,운전자법규위반,안전운전 의무 불이행,단일로,기타단일로,승용차,소형,승용차,소형,959877,1922597,127.0398912,37.30602759
2013,2013-03-18,7,야간,월,1,2,0,1,0,전북,군산시,차대차,기타,기타,운전자법규위반,안전운전 의무 불이행,단일로,기타단일로,승용차,중형,승합차,소형,925698,1776257,126.6095483,35.96278334
2013,2013-03-23,0,야간,토,1,1,0,0,0,경기,수원시,차대사람,기타,기타,운전자법규위반,신호위반,교차로,교차로내,승용차,중형,보행자,보행자,961671,1916689,127.068017,37.24842538
2013,2013-03-31,26,야간,일,1,1,0,0,0,전남,목포시,차량단독,공작물충돌,공작물충돌,운전자법규위반,안전운전 의무 불이행,단일로,기타단일로,승용차,중형,0,0,898222,1648250,126.3870503,34.82377342
2013,2013-03-30,0,야간,토,1,1,0,0,0,전남,해남군,차량단독,도로이탈,도로이탈 기타,운전자법규위반,안전운전 의무 불이행,단일로,기타단일로,농기계,농기계,0,0,905309,1621421,126.4675453,34.58255637
2013,2013-03-29,0,주간,금,1,1,0,0,0,경기,용인시,차대사람,횡단중,횡단중,운전자법규위반,안전운전 의무 불이행,교차로,교차로내,화물차,경형,보행자,보행자,968946,1921301,127.1496497,37.29013247
2013,2013-03-28,50,주간,목,1,1,0,0,0,울산,중구,차대차,측면직각충돌,측면직각충돌,운전자법규위반,안전운전 의무 불이행,단일로,기타단일로,승용차,중형,이륜차,중형,1161641,1730122,129.2833842,35.55392443
2013,2013-03-28,20,주간,목,1,1,0,0,0,울산,북구,차량단독,공작물충돌,공작물충돌,운전자법규위반,안전운전 의무 불이행,단일로,기타단일로,승용차,대형,0,0,1168274,1734642,129.3574728,35.59355349
2013,2013-03-29,30,주간,금,1,2,0,1,0,경기,오산시,차대차,추돌,주정차중 추돌,운전자법규위반,중앙선 침범,단일로,기타단일로,화물차,경형,승합차,대형,959348,1910069,127.0464519,37.19024335
2013,2013-04-07,10,야간,일,1,1,0,0,0,경남,하동군,차량단독,공작물충돌,공작물충돌,운전자법규위반,안전운전 의무 불이행,단일로,기타단일로,승용차,중형,0,0,1035830,1670522,127.8927883,35.02906729
2013,2013-04-07,18,야간,일,1,1,0,0,0,경북,포항시,차대사람,횡단중,횡단중,운전자법규위반,안전운전 의무 불이행,단일로,횡단보도상,승용차,중형,보행자,보행자,1169329,1786483,129.3801026,36.06053165
2013,2013-04-07,10,야간,일,1,1,0,0,0,경북,영주시,차량단독,도로이탈,도로이탈 추락,운전자법규위반,안전운전 의무 불이행,교차로,교차로부근,농기계,농기계,0,0,1089199,1864910,128.4995941,36.77812157
2013,2013-04-08,15,주간,월,1,1,0,0,0,서울,강서구,차대차,기타,기타,운전자법규위반,안전운전 의무 불이행,단일로,기타단일로,승합차,중형,승용차,중형,938249,1955008,126.8030926,37.59374509
2013,2013-04-14,0,야간,일,1,1,0,0,0,경남,합천군,차량단독,기타,기타,운전자법규위반,안전운전 의무 불이행,단일로,기타단일로,이륜차,소형,0,0,1048004,1725584,128.0294634,35.52503645
2013,2013-04-17,20,야간,수,1,3,0,2,0,경기,용인시,차량단독,공작물충돌,공작물충돌,운전자법규위반,안전운전 의무 불이행,단일로,기타단일로,승용차,중형,0,0,962489,1922940,127.0775749,37.30531097
2013,2013-04-17,2,주간,수,1,4,3,0,0,전남,나주시,차량단독,공작물충돌,공작물충돌,운전자법규위반,안전운전 의무 불이행,단일로,기타단일로,승용차,중형,0,0,934021,1667010,126.7769984,34.99588083
2013,2013-04-17,30,주간,수,2,6,1,3,0,경기,의왕시,차대차,기타,기타,운전자법규위반,과속,단일로,기타단일로,승용차,소형,자전거,자전거,957171,1932832,127.0161419,37.39360039
2013,2013-04-13,13,야간,토,1,1,0,0,0,경기,고양시,차대차,측면직각충돌,측면직각충돌,운전자법규위반,중앙선 침범,단일로,기타단일로,승용차,중형,이륜차,대형,939775,1958688,126.8175039,37.62567341
2013,2013-04-12,18,주간,금,1,1,0,0,0,강원,춘천시,차량단독,전도전복,전도전복,운전자법규위반,안전운전 의무 불이행,단일로,기타단일로,승용차,대형,0,0,1018958,1983464,127.7148338,37.85077384
2013,2013-04-13,10,야간,토,1,1,0,0,0,경기,남양주시,차대사람,횡단중,횡단중,운전자법규위반,안전운전 의무 불이행,단일로,기타단일로,승용차,소형,보행자,보행자,973866,1959316,127.2038078,37.63293595
2013,2013-04-12,10,야간,금,1,1,0,0,0,경남,밀양시,차량단독,공작물충돌,공작물충돌,운전자법규위반,안전운전 의무 불이행,단일로,기타단일로,화물차,소형,0,0,1106334,1710322,128.670736,35.38291222
2013,2013-04-20,43,야간,토,1,2,1,0,0,충북,청주시,차대사람,횡단중,횡단중,운전자법규위반,안전운전 의무 불이행,단일로,기타단일로,승용차,대형,보행자,보행자,998160,1850321,127.479414,36.65080183
2013,2013-02-25,35,주간,월,1,1,0,0,0,경기,용인시,차량단독,공작물충돌,공작물충돌,운전자법규위반,안전운전 의무 불이행,단일로,기타단일로,승용차,대형,0,0,963992,1917741,127.0939324,37.25786477
2013,2013-03-02,40,야간,토,1,4,3,0,0,인천,중구,차량단독,공작물충돌,공작물충돌,운전자법규위반,안전운전 의무 불이행,교차로,교차로내,승용차,중형,0,0,901483,1940219,126.386102,37.45592521
2013,2013-03-09,11,주간,토,1,1,0,0,0,경기,의왕시,차대차,기타,기타,운전자법규위반,신호위반,교차로,교차로내,승용차,대형,원동기장치자전거,원동기장치자전거,952315,1926349,126.9617012,37.33492883
2013,2013-03-09,45,주간,토,1,1,0,0,0,부산,금정구,차대사람,횡단중,횡단중,운전자법규위반,안전운전 의무 불이행,단일로,기타단일로,승합차,대형,보행자,보행자,1145108,1692581,129.0943399,35.21809738
2013,2013-03-07,0,야간,목,1,2,0,0,1,전남,화순군,차대사람,기타,기타,운전자법규위반,안전운전 의무 불이행,단일로,기타단일로,화물차,중형,보행자,보행자,951648,1673246,126.9844506,35.05928453
2013,2013-04-06,8,야간,토,1,1,0,0,0,대구,동구,차대사람,횡단중,횡단중,운전자법규위반,안전운전 의무 불이행,단일로,횡단보도부근,승합차,소형,보행자,보행자,1101362,1765208,128.622903,35.87821505
2013,2013-04-03,35,주간,수,1,1,0,0,0,강원,원주시,차대차,추돌,진행중 추돌,운전자법규위반,차로위반(진로변경 위반),단일로,기타단일로,자전거,자전거,승용차,경형,1029328,1925689,127.8300172,37.32946004
2013,2013-04-01,0,주간,월,1,1,0,0,0,서울,강남구,차대사람,기타,기타,운전자법규위반,안전운전 의무 불이행,단일로,기타단일로,승합차,중형,보행자,보행자,961566,1944811,127.0651683,37.50176569
2013,2013-04-03,55,야간,수,1,1,0,0,0,경남,창원시(통합),차량단독,공작물충돌,공작물충돌,운전자법규위반,안전운전 의무 불이행,단일로,기타단일로,화물차,소형,0,0,1104685,1694576,128.6505716,35.24113422
2013,2013-04-03,45,야간,수,1,1,0,0,0,경기,평택시,차대차,기타,기타,운전자법규위반,신호위반,교차로,교차로내,화물차,중형,승용차,중형,942125,1885538,126.849731,36.9669565
2013,2013-04-02,50,주간,화,1,1,0,0,0,경남,양산시,차대차,추돌,주정차중 추돌,운전자법규위반,안전운전 의무 불이행,기타/불명,기타/불명,화물차,대형,승용차,소형,1138192,1710729,129.0214635,35.38267359
2013,2013-04-01,41,야간,월,1,1,0,0,0,경남,창원시(통합),차대사람,차도통행중,차도통행중,운전자법규위반,안전운전 의무 불이행,단일로,기타단일로,화물차,중형,보행자,보행자,1092806,1684752,128.5189248,35.15373453
2013,2013-04-12,35,야간,금,1,2,1,0,0,경북,경주시,차량단독,공작물충돌,공작물충돌,운전자법규위반,안전운전 의무 불이행,단일로,기타단일로,승용차,중형,0,0,1155983,1766000,129.2279537,35.87817387