발생년,발생년월일시분,발생분,주야,요일,사망자수,사상자수,중상자수,경상자수,부상신고자수,발생지시도,발생지시군구,사고유형_대분류,사고유형_중분류,사고유형,법규위반_대분류,법규위반,도로형태_대분류,도로형태,당사자종별_1당_대분류,당사자종별_1당,당사자종별_2당_대분류,당사자종별_2당,발생위치X_UTMK,발생위치Y_UTMK,경도,위도
2014,2014-04-07,0,야간,월,1,1,0,0,0,충남,태안군,차대차,추돌,주정차중 추돌,운전자법규위반,안전운전 의무 불이행,교차로,교차로부근,화물차,소형,건설기계,건설기계,894778,1862307,126.3217598,36.75338718
2014,2014-10-14,10,야간,화,1,1,0,0,0,충북,영동군,차량단독,도로이탈,도로이탈 기타,운전자법규위반,안전운전 의무 불이행,단일로,기타단일로,이륜차,소형,0,0,1035276,1802239,127.8924761,36.2166869
2014,2014-09-21,20,야간,일,1,1,0,0,0,전남,순천시,차대사람,기타,기타,운전자법규위반,안전운전 의무 불이행,단일로,기타단일로,승용차,소형,보행자,보행자,996293,1682747,127.4597454,35.14065435
2014,2014-01-22,37,주간,수,1,1,0,0,0,전북,군산시,차대차,측면직각충돌,측면직각충돌,운전자법규위반,안전운전 의무 불이행,단일로,기타단일로,화물차,소형,자전거,자전거,934817,1771797,126.7773167,35.9406953
2014,2014-02-24,3,주간,월,1,1,0,0,0,충북,청원군,차대차,추돌,진행중 추돌,운전자법규위반,차로위반(진로변경 위반),단일로,기타단일로,원동기장치자전거,원동기장치자전거,승용차,중형,984529,1845882,127.3269999,36.61066049
2014,2014-01-12,40,주간,일,1,1,0,0,0,강원,횡성군,차대차,정면충돌,정면충돌,운전자법규위반,중앙선 침범,단일로,기타단일로,승용차,중형,화물차,소형,1050626,1949404,128.0730797,37.54257498
2014,2014-01-26,10,주간,일,1,1,0,0,0,대전,중구,차대사람,횡단중,횡단중,운전자법규위반,안전운전 의무 불이행,단일로,기타단일로,승용차,소형,보행자,보행자,992835,1813677,127.4201775,36.32042357
2014,2014-05-21,32,주간,수,1,1,0,0,0,경기,남양주시,차대차,측면직각충돌,측면직각충돌,운전자법규위반,안전운전 의무 불이행,단일로,기타단일로,건설기계,건설기계,자전거,자전거,970408,1959771,127.1645983,37.63693211
2014,2014-05-28,0,주간,수,1,1,0,0,0,경남,창원시(통합),차대사람,기타,기타,운전자법규위반,기타(운전자법규위반),기타/불명,기타/불명,승용차,중형,보행자,보행자,1106926,1694136,128.6751402,35.2369309
2014,2014-08-02,18,야간,토,1,2,0,1,0,울산,울주군,차대차,추돌,주정차중 추돌,운전자법규위반,안전운전 의무 불이행,교차로,교차로부근,승용차,중형,화물차,중형,1158246,1731518,129.2462159,35.56705387
2013,2013-05-18,0,야간,토,1,4,3,0,0,충남,공주시,차대차,기타,기타,운전자법규위반,기타(운전자법규위반),교차로,교차로부근,승용차,경형,화물차,대형,956915,1833537,127.0189112,36.49852463
2013,2013-07-05,0,주간,금,1,1,0,0,0,충북,청원군,차량단독,공작물충돌,공작물충돌,운전자법규위반,안전운전 의무 불이행,단일로,기타단일로,승용차,중형,0,0,1017110,1851836,127.6899104,36.66195695
2014,2014-05-27,20,야간,화,1,2,1,0,0,전북,전주시,차대차,정면충돌,정면충돌,운전자법규위반,안전운전 의무 불이행,단일로,기타단일로,원동기장치자전거,원동기장치자전거,자전거,자전거,970935,1756071,127.178321,35.8006527
2012,2012-08-10,0,야간,금,1,1,0,0,0,충북,영동군,차대사람,기타,기타,운전자법규위반,안전운전 의무 불이행,단일로,기타단일로,화물차,소형,보행자,보행자,1019577,1790703,127.7175252,36.11312797
2012,2012-09-03,20,주간,월,1,1,0,0,0,인천,서구,차대사람,횡단중,횡단중,운전자법규위반,안전운전 의무 불이행,단일로,기타단일로,승용차,소형,보행자,보행자,924826,1956190,126.661702,37.58684972
2014,2014-04-06,10,야간,일,1,1,0,0,0,서울,동작구,차대사람,횡단중,횡단중,운전자법규위반,신호위반,단일로,횡단보도부근,자전거,자전거,보행자,보행자,951518,1944537,126.9515103,37.49882292
2014,2014-05-04,5,야간,일,1,1,0,0,0,전북,익산시,차대사람,기타,기타,운전자법규위반,안전운전 의무 불이행,단일로,기타단일로,승용차,중형,보행자,보행자,957161,1784412,127.0099458,36.07809058
2014,2014-05-02,0,주간,금,1,1,0,0,0,경기,안양시,차량단독,전도전복,전도전복,운전자법규위반,안전운전 의무 불이행,단일로,터널안,이륜차,대형,0,0,951981,1930598,126.9576555,37.37320991
2014,2014-03-18,55,주간,화,1,4,0,3,0,경남,하동군,차대차,정면충돌,정면충돌,운전자법규위반,중앙선 침범,단일로,기타단일로,승용차,소형,화물차,소형,1034925,1673626,127.882998,35.05708831
2014,2014-11-19,35,주간,수,1,1,0,0,0,광주,북구,차대차,추돌,진행중 추돌,운전자법규위반,안전운전 의무 불이행,교차로,교차로부근,자전거,자전거,승용차,중형,946405,1684895,126.9115392,35.15787953
2014,2014-10-08,8,주간,수,1,1,0,0,0,경북,칠곡군,차대차,추돌,진행중 추돌,운전자법규위반,안전운전 의무 불이행,단일로,기타단일로,화물차,대형,원동기장치자전거,원동기장치자전거,1089625,1791387,128.4958601,36.11535297
2014,2014-09-20,45,야간,토,1,1,0,0,0,경기,수원시,차대사람,횡단중,횡단중,운전자법규위반,안전운전 의무 불이행,단일로,기타단일로,승용차,중형,보행자,보행자,958649,1918738,127.0336249,37.26662948
2014,2014-01-26,5,주간,일,1,1,0,0,0,제주,서귀포시,차대차,기타,기타,운전자법규위반,안전운전 의무 불이행,교차로,교차로내,화물차,중형,이륜차,소형,878405,1476372,126.1943733,33.27186769
2012,2012-06-14,20,주간,목,1,1,0,0,0,경기,이천시,차대사람,차도통행중,차도통행중,운전자법규위반,신호위반,교차로,교차로내,원동기장치자전거,원동기장치자전거,보행자,보행자,995421,1920743,127.4483429,37.28560989
2012,2012-03-19,10,야간,월,1,1,0,0,0,서울,도봉구,차량단독,공작물충돌,공작물충돌,운전자법규위반,안전운전 의무 불이행,기타/불명,기타/불명,이륜차,소형,0,0,960111,1961082,127.0478214,37.64835888
2012,2012-03-24,48,주간,토,1,2,0,1,0,충남,보령시,차대차,측면직각충돌,측면직각충돌,운전자법규위반,안전운전 의무 불이행,단일로,기타단일로,승용차,소형,승용차,중형,917710,1819594,126.5826657,36.37027252
2012,2012-04-01,0,야간,일,1,1,0,0,0,충북,옥천군,차대사람,차도통행중,차도통행중,운전자법규위반,안전운전 의무 불이행,단일로,기타단일로,화물차,소형,보행자,보행자,1011493,1806194,127.6279289,36.25291875
2012,2012-03-31,45,야간,토,1,1,0,0,0,울산,중구,차대사람,횡단중,횡단중,운전자법규위반,안전운전 의무 불이행,단일로,기타단일로,승용차,중형,보행자,보행자,1164128,1730054,129.3107973,35.5529027
2012,2012-04-01,40,야간,일,1,1,0,0,0,경기,수원시,차량단독,공작물충돌,공작물충돌,운전자법규위반,안전운전 의무 불이행,단일로,기타단일로,이륜차,소형,0,0,954582,1924609,126.9873982,37.31935888
2012,2012-01-22,50,야간,일,1,9,2,6,0,경북,경산시,차대차,추돌,주정차중 추돌,운전자법규위반,안전운전 의무 불이행,교차로,교차로부근,승용차,소형,승용차,중형,1112774,1760499,128.7486353,35.83451985
2012,2012-02-22,20,주간,수,1,1,0,0,0,경기,수원시,차대사람,보도통행중,보도통행중,운전자법규위반,안전운전 의무 불이행,교차로,교차로내,승용차,중형,보행자,보행자,954491,1917054,126.9868338,37.25125644
2012,2012-01-31,30,주간,화,1,1,0,0,0,제주,제주시,차량단독,공작물충돌,공작물충돌,운전자법규위반,안전운전 의무 불이행,단일로,기타단일로,승용차,소형,0,0,910674,1498890,126.5373528,33.47811209
2012,2012-12-01,40,야간,토,1,1,0,0,0,전남,순천시,차대사람,차도통행중,차도통행중,운전자법규위반,안전운전 의무 불이행,단일로,기타단일로,승용차,대형,보행자,보행자,997844,1655027,127.4764046,34.8899745
2012,2012-12-16,30,주간,일,1,2,1,0,0,부산,동구,차대사람,횡단중,횡단중,운전자법규위반,안전운전 의무 불이행,단일로,기타단일로,승용차,대형,보행자,보행자,1140335,1681538,129.0400645,35.11925266
2012,2012-12-12,0,주간,수,2,3,1,0,0,강원,영월군,차대차,정면충돌,정면충돌,운전자법규위반,중앙선 침범,단일로,기타단일로,화물차,소형,화물차,중형,1079569,1912066,128.3964629,37.20402307
2012,2012-09-18,10,주간,화,1,3,2,0,0,경남,김해시,차대차,추돌,주정차중 추돌,운전자법규위반,안전운전 의무 불이행,단일로,기타단일로,화물차,소형,화물차,소형,1129048,1692392,128.9171891,35.22644935
2012,2012-11-23,15,주간,금,1,1,0,0,0,경북,상주시,차량단독,도로이탈,도로이탈 기타,운전자법규위반,안전운전 의무 불이행,단일로,기타단일로,이륜차,소형,0,0,1052532,1817189,128.0854623,36.35067821
2012,2012-10-21,45,야간,토,1,1,0,0,0,울산,중구,차대사람,횡단중,횡단중,운전자법규위반,안전운전 의무 불이행,교차로,교차로부근,승용차,중형,보행자,보행자,1167285,1733190,129.3462604,35.58063599
2012,2012-10-10,3,야간,수,1,1,0,0,0,충북,음성군,차대사람,보도통행중,보도통행중,운전자법규위반,안전운전 의무 불이행,단일로,기타단일로,화물차,소형,보행자,보행자,1003437,1893733,127.5386497,37.04214187
2012,2012-07-22,5,주간,일,1,5,2,2,0,경남,김해시,차량단독,공작물충돌,공작물충돌,운전자법규위반,안전운전 의무 불이행,교차로,교차로내,승용차,중형,0,0,1111788,1702259,128.7296703,35.30962883
2012,2012-07-29,10,주간,일,1,4,1,2,0,인천,남동구,차대차,추돌,주정차중 추돌,운전자법규위반,안전운전 의무 불이행,단일로,기타단일로,승용차,중형,승용차,중형,931265,1934411,126.7233435,37.40627223
2014,2014-05-24,26,야간,토,1,5,1,3,0,경북,구미시,차대차,추돌,주정차중 추돌,운전자법규위반,안전거리 미확보,단일로,기타단일로,화물차,대형,화물차,대형,1068561,1802409,128.2627931,36.21643201
2014,2014-10-03,5,주간,금,1,1,0,0,0,경북,문경시,차대차,기타,기타,운전자법규위반,안전운전 의무 불이행,단일로,기타단일로,원동기장치자전거,원동기장치자전거,자전거,자전거,1063255,1846173,128.2073322,36.61131015
2013,2013-10-28,30,주간,월,1,20,6,11,2,부산,금정구,차대차,추돌,주정차중 추돌,운전자법규위반,과속,단일로,기타단일로,승용차,중형,화물차,경형,1144953,1695735,129.0932222,35.24656544
2014,2014-03-25,20,야간,화,1,1,0,0,0,경북,김천시,차대사람,보도통행중,보도통행중,운전자법규위반,안전운전 의무 불이행,교차로,교차로부근,승합차,대형,보행자,보행자,1048195,1793179,128.03565,36.13445073
2014,2014-04-03,32,야간,목,1,1,0,0,0,대구,달성군,차대사람,차도통행중,차도통행중,운전자법규위반,안전운전 의무 불이행,교차로,교차로부근,승용차,대형,보행자,보행자,1103961,1751564,128.6499148,35.75495005
2014,2014-03-31,0,야간,월,1,1,0,0,0,울산,남구,차대차,측면직각충돌,측면직각충돌,운전자법규위반,차로위반(진로변경 위반),단일로,기타단일로,승용차,중형,이륜차,중형,1167246,1725387,129.3442189,35.51032243
2014,2014-04-01,30,주간,화,1,2,0,1,0,경기,고양시,차대차,기타,기타,운전자법규위반,안전운전 의무 불이행,단일로,기타단일로,화물차,중형,화물차,중형,939162,1955734,126.8108033,37.5990091
2014,2014-04-09,20,주간,수,1,3,0,2,0,대구,서구,차대차,측면직각충돌,측면직각충돌,운전자법규위반,안전운전 의무 불이행,교차로,교차로내,승용차,중형,승용차,중형,1096706,1764485,128.5712437,35.8721686
2014,2014-04-10,45,주간,목,1,1,0,0,0,경기,용인시,차량단독,기타,기타,운전자법규위반,기타(운전자법규위반),단일로,기타단일로,화물차,소형,0,0,962586,1925541,127.0776843,37.32811648
2014,2014-04-10,7,야간,목,1,1,0,0,0,경남,진주시,차대사람,기타,기타,운전자법규위반,안전운전 의무 불이행,단일로,기타단일로,승용차,중형,보행자,보행자,1052017,1687368,128.0712915,35.18026085
2014,2014-04-11,14,야간,금,1,1,0,0,0,강원,춘천시,차량단독,기타,기타,운전자법규위반,기타(운전자법규위반),교차로,교차로내,승합차,경형,0,0,1019506,1986464,127.7218031,37.87779118
2014,2014-04-10,50,야간,목,1,1,0,0,0,충남,홍성군,차대사람,기타,기타,운전자법규위반,안전운전 의무 불이행,단일로,기타단일로,승용차,중형,보행자,보행자,928012,1837048,126.6968132,36.52626074
2014,2014-04-11,30,야간,금,1,1,0,0,0,울산,동구,차대사람,보도통행중,보도통행중,운전자법규위반,안전운전 의무 불이행,단일로,기타단일로,승용차,중형,보행자,보행자,1174666,1726459,129.4262295,35.51870449
2014,2014-04-11,10,야간,금,1,1,0,0,0,충남,논산시,차량단독,공작물충돌,공작물충돌,운전자법규위반,안전운전 의무 불이행,단일로,기타단일로,화물차,소형,0,0,960999,1795957,127.0663934,36.15990906
2014,2014-04-11,57,야간,금,1,1,0,0,0,강원,양구군,차대사람,횡단중,횡단중,운전자법규위반,중앙선 침범,교차로,교차로내,승용차,소형,보행자,보행자,1046713,2012106,128.0328347,38.10790098
2014,2014-04-11,0,야간,금,1,2,1,0,0,경기,안산시,차대사람,횡단중,횡단중,운전자법규위반,안전운전 의무 불이행,기타/불명,기타/불명,승합차,대형,보행자,보행자,942243,1925620,126.848065,37.32778619
2014,2014-04-08,40,야간,화,1,1,0,0,0,대구,수성구,차대사람,기타,기타,운전자법규위반,안전운전 의무 불이행,단일로,횡단보도부근,승용차,중형,보행자,보행자,1104623,1762473,128.6586633,35.85321784
2014,2014-04-16,50,주간,수,1,1,0,0,0,경북,김천시,차량단독,도로이탈,도로이탈 추락,운전자법규위반,안전운전 의무 불이행,기타/불명,기타/불명,원동기장치자전거,원동기장치자전거,0,0,1059919,1803601,128.1684877,36.22894142
2014,2014-04-16,25,주간,수,1,1,0,0,0,충남,부여군,차대차,추돌,진행중 추돌,운전자법규위반,안전운전 의무 불이행,단일로,교량위,이륜차,소형,승용차,대형,948092,1811996,126.9218377,36.30389724
2014,2014-04-17,40,주간,목,1,1,0,0,0,서울,종로구,차대사람,보도통행중,보도통행중,운전자법규위반,안전운전 의무 불이행,단일로,횡단보도상,화물차,소형,보행자,보행자,952270,1956520,126.9592377,37.6068671
2014,2014-04-18,35,주간,금,1,2,1,0,0,경남,하동군,차대차,정면충돌,정면충돌,운전자법규위반,중앙선 침범,단일로,기타단일로,화물차,소형,화물차,중형,1029133,1666769,127.8166241,34.99579037
2014,2014-04-17,14,주간,목,1,1,0,0,0,대구,북구,차량단독,도로이탈,도로이탈 추락,운전자법규위반,안전운전 의무 불이행,단일로,기타단일로,승합차,대형,0,0,1098117,1769014,128.5874295,35.91285479
2014,2014-04-16,0,주간,수,1,2,0,1,0,충남,청양군,차대차,기타,기타,운전자법규위반,직진 및 우회전차의 통행방해,교차로,교차로내,이륜차,소형,화물차,소형,956326,1821931,127.012989,36.39387049
2014,2014-04-16,50,주간,수,1,1,0,0,0,대구,중구,차대사람,기타,기타,운전자법규위반,안전운전 의무 불이행,교차로,교차로내,화물차,경형,보행자,보행자,1097442,1764398,128.5793846,35.87131136
2014,2014-04-12,0,주간,토,1,6,0,5,0,전남,여수시,차대차,추돌,진행중 추돌,운전자법규위반,안전운전 의무 불이행,교차로,교차로부근,승용차,중형,승용차,중형,1016003,1640156,127.6748541,34.75574897
2014,2014-04-13,50,야간,일,1,1,0,0,0,충남,금산군,차대사람,기타,기타,운전자법규위반,안전운전 의무 불이행,단일로,기타단일로,화물차,소형,보행자,보행자,998670,1800422,127.4852055,36.20094818
2014,2014-04-22,10,주간,화,1,1,0,0,0,부산,금정구,차대사람,횡단중,횡단중,운전자법규위반,보행자 보호의무 위반,교차로,교차로부근,승용차,대형,보행자,보행자,1147059,1693401,129.1159444,35.22522104
2014,2014-04-23,10,야간,수,1,2,1,0,0,서울,구로구,차대차,정면충돌,정면충돌,운전자법규위반,중앙선 침범,단일로,기타단일로,승용차,대형,승용차,소형,941406,1943962,126.8371628,37.49305388
2014,2014-04-24,0,주간,목,1,1,0,0,0,경기,평택시,차량단독,전도전복,전도전복,운전자법규위반,안전운전 의무 불이행,단일로,기타단일로,이륜차,소형,0,0,956302,1889296,127.0088735,37.00113522
2014,2014-04-23,0,야간,수,1,1,0,0,0,경기,동두천시,차대차,기타,기타,운전자법규위반,안전운전 의무 불이행,단일로,기타단일로,화물차,소형,자전거,자전거,961743,1995850,127.0644847,37.96179022
2014,2014-04-24,50,야간,목,1,1,0,0,0,충남,논산시,차대차,측면직각충돌,측면직각충돌,운전자법규위반,안전운전 의무 불이행,교차로,교차로내,승용차,중형,원동기장치자전거,원동기장치자전거,964032,1799223,127.0999634,36.18947091
2014,2014-04-24,12,주간,목,1,1,0,0,0,대전,중구,차대차,기타,기타,운전자법규위반,직진 및 우회전차의 통행방해,교차로,교차로내,화물차,중형,자전거,자전거,990025,1812716,127.3888847,36.31173472
2014,2014-04-25,46,야간,금,1,1,0,0,0,서울,강남구,차대사람,횡단중,횡단중,운전자법규위반,안전운전 의무 불이행,단일로,횡단보도상,승용차,대형,보행자,보행자,958701,1943163,127.0328479,37.48678789
2014,2014-04-20,30,주간,일,1,3,1,1,0,경기,성남시,차대차,추돌,진행중 추돌,운전자법규위반,안전거리 미확보,기타/불명,기타/불명,승용차,소형,승용차,소형,966220,1935563,127.1182452,37.41859068
2014,2014-04-20,40,야간,일,1,3,2,0,0,서울,은평구,차대사람,횡단중,횡단중,운전자법규위반,보행자 보호의무 위반,단일로,횡단보도상,승용차,중형,보행자,보행자,948656,1954581,126.9184304,37.58919608
2014,2014-04-20,10,야간,일,1,1,0,0,0,경남,진주시,차량단독,공작물충돌,공작물충돌,운전자법규위반,안전운전 의무 불이행,교차로,교차로내,원동기장치자전거,원동기장치자전거,0,0,1050877,1686371,128.0587101,35.17132955
2014,2014-04-28,55,야간,월,1,8,0,7,0,경북,경산시,차대차,기타,기타,운전자법규위반,안전운전 의무 불이행,단일로,기타단일로,화물차,경형,승합차,대형,1113792,1758700,128.7596479,35.818186
2013,2013-02-24,40,주간,일,1,3,2,0,0,경북,구미시,차대차,정면충돌,정면충돌,운전자법규위반,안전운전 의무 불이행,교차로,교차로내,화물차,소형,승용차,중형,1074141,1802064,128.3248366,36.21291015
2014,2014-05-04,15,야간,일,1,1,0,0,0,서울,서초구,차대사람,기타,기타,운전자법규위반,안전운전 의무 불이행,단일로,기타단일로,승용차,중형,보행자,보행자,962192,1940397,127.0724772,37.46200621
2014,2014-05-11,5,야간,일,1,1,0,0,0,충남,아산시,차대사람,횡단중,횡단중,운전자법규위반,안전운전 의무 불이행,기타/불명,기타/불명,원동기장치자전거,원동기장치자전거,보행자,보행자,956539,1865287,127.0129142,36.78472273
2014,2014-05-11,30,주간,일,1,1,0,0,0,경북,의성군,차량단독,도로이탈,도로이탈 추락,운전자법규위반,안전운전 의무 불이행,단일로,기타단일로,농기계,농기계,0,0,1076197,1828884,128.3512411,36.45299682
2014,2014-05-13,43,주간,화,1,1,0,0,0,경북,울릉군,차량단독,기타,기타,운전자법규위반,안전운전 의무 불이행,교차로,교차로부근,농기계,농기계,0,0,1295333,1946260,130.8379296,37.47040962
2014,2014-05-13,18,주간,화,1,1,0,0,0,강원,강릉시,차량단독,공작물충돌,공작물충돌,운전자법규위반,안전운전 의무 불이행,단일로,기타단일로,이륜차,소형,0,0,1124790,1975322,128.9168733,37.76905657
2014,2014-05-14,35,주간,수,1,2,0,1,0,충남,홍성군,차대차,추돌,주정차중 추돌,운전자법규위반,안전운전 의무 불이행,단일로,기타단일로,승용차,중형,농기계,농기계,925525,1842142,126.6676046,36.57416362
2014,2014-03-18,25,주간,화,1,1,0,0,0,대전,서구,차대차,측면직각충돌,측면직각충돌,운전자법규위반,신호위반,단일로,횡단보도상,승용차,소형,자전거,자전거,990557,1818398,127.3947419,36.3629657
2014,2014-03-24,15,주간,월,1,1,0,0,0,서울,노원구,차량단독,공작물충돌,공작물충돌,운전자법규위반,안전운전 의무 불이행,단일로,기타단일로,승용차,중형,0,0,963404,1957922,127.0853079,37.62001427
2014,2014-04-05,10,야간,토,1,3,0,2,0,서울,서대문구,차대차,정면충돌,정면충돌,운전자법규위반,중앙선 침범,고가도로위,고가도로위,이륜차,중형,승용차,중형,952369,1952693,126.9609287,37.57285996
2014,2014-04-04,20,야간,금,1,1,0,0,0,전남,장흥군,차대사람,길가장자리구역통행중,길가장자리구역통행중,운전자법규위반,안전운전 의무 불이행,단일로,기타단일로,승용차,대형,보행자,보행자,943908,1630302,126.8877896,34.66547527
2014,2014-04-06,0,야간,일,1,1,0,0,0,경기,화성시,차대사람,기타,기타,운전자법규위반,안전운전 의무 불이행,단일로,횡단보도부근,승용차,중형,보행자,보행자,949128,1906421,126.9283632,37.15768472
2014,2014-04-03,43,야간,목,2,2,0,0,0,전남,나주시,차량단독,도로이탈,도로이탈 추락,운전자법규위반,안전운전 의무 불이행,단일로,교량위,승용차,대형,0,0,928141,1667796,126.7125023,35.00256706
2014,2014-03-30,50,야간,일,4,4,0,0,0,충남,아산시,차량단독,공작물충돌,공작물충돌,운전자법규위반,과속,단일로,기타단일로,승용차,소형,0,0,951823,1875047,126.9594435,36.87247403
2014,2014-04-02,46,주간,수,1,1,0,0,0,강원,강릉시,차량단독,도로이탈,도로이탈 추락,운전자법규위반,안전운전 의무 불이행,단일로,기타단일로,원동기장치자전거,원동기장치자전거,0,0,1125058,1972465,128.9194065,37.74322668
2014,2014-04-09,3,주간,수,1,1,0,0,0,전남,곡성군,차대사람,기타,기타,운전자법규위반,안전운전 의무 불이행,단일로,기타단일로,특수차,대형,보행자,보행자,973277,1701775,127.2060338,35.31115984
2014,2014-04-05,30,주간,토,1,1,0,0,0,충남,서천군,차량단독,기타,기타,운전자법규위반,안전운전 의무 불이행,단일로,기타단일로,농기계,농기계,0,0,926408,1789583,126.6824396,36.10043854
2014,2014-04-18,50,주간,금,1,1,0,0,0,경남,거제시,차량단독,기타,기타,운전자법규위반,안전운전 의무 불이행,단일로,기타단일로,이륜차,소형,0,0,1104420,1657176,128.6429481,34.90398118
2014,2014-04-14,50,주간,월,1,1,0,0,0,경북,칠곡군,차대사람,횡단중,횡단중,운전자법규위반,보행자 보호의무 위반,교차로,교차로부근,승용차,소형,보행자,보행자,1083114,1775238,128.4218239,35.97035398
2014,2014-04-14,30,야간,월,1,1,0,0,0,강원,정선군,차량단독,공작물충돌,공작물충돌,운전자법규위반,안전운전 의무 불이행,단일로,기타단일로,이륜차,소형,0,0,1119280,1908702,128.8435393,37.1694654
2014,2014-04-13,5,야간,일,1,1,0,0,0,충북,충주시,차대차,추돌,주정차중 추돌,운전자법규위반,안전운전 의무 불이행,단일로,기타단일로,원동기장치자전거,원동기장치자전거,자전거,자전거,1038895,1886046,127.936979,36.9720502
2014,2014-04-23,3,야간,수,1,1,0,0,0,제주,제주시,차대사람,기타,기타,운전자법규위반,안전운전 의무 불이행,단일로,기타단일로,승용차,소형,보행자,보행자,907550,1500595,126.5047846,33.49321444
2014,2014-04-21,15,야간,월,1,1,0,0,0,경남,밀양시,차대사람,횡단중,횡단중,운전자법규위반,안전운전 의무 불이행,단일로,횡단보도상,화물차,소형,보행자,보행자,1112133,1723993,128.7364536,35.50551639
2014,2014-04-22,30,주간,화,1,1,0,0,0,전남,여수시,차량단독,전도전복,전도전복,운전자법규위반,안전운전 의무 불이행,단일로,기타단일로,원동기장치자전거,원동기장치자전거,0,0,1005080,1652640,127.5595789,34.87387477
2014,2014-05-12,0,주간,월,1,1,0,0,0,경남,함양군,차량단독,전도전복,전도전복,운전자법규위반,안전거리 미확보,단일로,기타단일로,화물차,소형,0,0,1023173,1718590,127.7553923,35.46286552
2014,2014-05-13,57,야간,화,1,1,0,0,0,전북,익산시,차대사람,횡단중,횡단중,운전자법규위반,안전운전 의무 불이행,단일로,기타단일로,화물차,소형,보행자,보행자,950708,1774009,126.9533544,35.96156922
2014,2014-05-01,35,주간,목,1,1,0,0,0,인천,서구,차대사람,횡단중,횡단중,운전자법규위반,안전운전 의무 불이행,단일로,기타단일로,승용차,중형,보행자,보행자,926524,1946226,126.6686004,37.51239421
2014,2014-04-30,15,주간,수,1,5,0,4,0,경기,남양주시,차대차,정면충돌,정면충돌,운전자법규위반,중앙선 침범,교차로,교차로부근,승용차,경형,승용차,경형,971963,1956717,127.1823399,37.60945416
2014,2014-04-30,0,주간,수,1,1,0,0,0,경남,창원시(통합),차대차,측면직각충돌,측면직각충돌,운전자법규위반,교차로 통행방법 위반,교차로,교차로내,건설기계,건설기계,이륜차,중형,1078798,1682109,128.3648946,35.13110045
2014,2014-04-29,0,주간,화,1,1,0,0,0,경기,가평군,차량단독,기타,기타,운전자법규위반,기타(운전자법규위반),기타/불명,기타/불명,자전거,자전거,0,0,997777,1978816,127.4747457,37.80906491
2014,2014-04-29,30,야간,화,1,2,0,1,0,전남,목포시,차대차,기타,기타,운전자법규위반,중앙선 침범,기타/불명,기타/불명,원동기장치자전거,원동기장치자전거,승용차,중형,900652,1644756,126.4140316,34.79251132
2014,2014-05-03,40,야간,토,1,1,0,0,0,서울,노원구,차량단독,기타,기타,운전자법규위반,안전운전 의무 불이행,단일로,기타단일로,이륜차,소형,0,0,961126,1962498,127.05845,37.66269523
2014,2014-05-03,14,주간,토,1,1,0,0,0,대전,서구,차대차,측면직각충돌,측면직각충돌,운전자법규위반,안전운전 의무 불이행,교차로,교차로내,이륜차,중형,승용차,중형,989867,1815835,127.3870841,36.33985222
2014,2014-05-03,55,주간,토,1,1,0,0,0,전북,순창군,차대차,측면직각충돌,측면직각충돌,운전자법규위반,안전운전 의무 불이행,단일로,기타단일로,화물차,소형,원동기장치자전거,원동기장치자전거,968808,1709223,127.1565892,35.37818721
2014,2014-05-03,13,야간,토,1,1,0,0,0,경기,이천시,차대사람,기타,기타,운전자법규위반,안전운전 의무 불이행,단일로,기타단일로,화물차,경형,보행자,보행자,995685,1912794,127.4513672,37.21395851
2014,2014-04-18,50,야간,금,1,2,1,0,0,대구,달성군,차대차,추돌,주정차중 추돌,운전자법규위반,안전운전 의무 불이행,단일로,기타단일로,이륜차,소형,화물차,중형,1086381,1754838,128.4558419,35.78616689
2014,2014-05-12,50,주간,월,1,1,0,0,0,충남,계룡시,차대차,측면직각충돌,측면직각충돌,운전자법규위반,중앙선 침범,단일로,기타단일로,이륜차,소형,승용차,중형,976566,1811039,127.2390111,36.29638255
2014,2014-05-13,50,주간,화,1,1,0,0,0,충남,부여군,차량단독,도로이탈,도로이탈 추락,운전자법규위반,안전운전 의무 불이행,단일로,기타단일로,이륜차,소형,0,0,949852,1812366,126.9414163,36.307326
2014,2014-05-13,45,주간,화,1,1,0,0,0,부산,남구,차대차,측면직각충돌,측면직각충돌,운전자법규위반,안전운전 의무 불이행,단일로,기타단일로,자전거,자전거,승용차,중형,1143937,1682337,129.0797194,35.12594608
2014,2014-05-13,45,주간,화,1,1,0,0,0,강원,원주시,차량단독,공작물충돌,공작물충돌,운전자법규위반,안전운전 의무 불이행,단일로,기타단일로,승용차,경형,0,0,1044763,1920193,127.994365,37.28962579
2014,2014-05-14,20,주간,수,1,1,0,0,0,광주,광산구,차대차,측면직각충돌,측면직각충돌,운전자법규위반,안전운전 의무 불이행,교차로,교차로내,특수차,중형,자전거,자전거,941565,1688396,126.8581519,35.18917695
2014,2014-05-12,40,주간,월,1,1,0,0,0,강원,평창군,차량단독,도로이탈,도로이탈 추락,운전자법규위반,안전운전 의무 불이행,단일로,기타단일로,농기계,농기계,0,0,1076325,1923170,128.361938,37.30313693
2014,2014-05-12,0,주간,월,1,2,0,1,0,전남,화순군,차대차,추돌,주정차중 추돌,운전자법규위반,안전운전 의무 불이행,교차로,교차로부근,특수차,대형,화물차,대형,956921,1652338,127.0256435,34.86569504