발생년,발생년월일시분,발생분,주야,요일,사망자수,사상자수,중상자수,경상자수,부상신고자수,발생지시도,발생지시군구,사고유형_대분류,사고유형_중분류,사고유형,법규위반_대분류,법규위반,도로형태_대분류,도로형태,당사자종별_1당_대분류,당사자종별_1당,당사자종별_2당_대분류,당사자종별_2당,발생위치X_UTMK,발생위치Y_UTMK,경도,위도
2014,2014-04-29,0,주간,화,1,1,0,0,0,부산,진구,차량단독,공작물충돌,공작물충돌,운전자법규위반,안전운전 의무 불이행,단일로,기타단일로,특수차,대형,0,0,1139396,1686342,129.0305735,35.16268642
2014,2014-04-27,50,주간,일,1,1,0,0,0,경기,안양시,차대차,정면충돌,정면충돌,운전자법규위반,신호위반,교차로,교차로내,승합차,대형,승용차,중형,946514,1933952,126.8956695,37.40314139
2014,2014-03-31,9,주간,월,1,1,0,0,0,서울,광진구,차대차,측면직각충돌,측면직각충돌,운전자법규위반,신호위반,단일로,횡단보도상,승용차,중형,원동기장치자전거,원동기장치자전거,963644,1949585,127.0884413,37.54487985
2014,2014-03-31,35,주간,월,1,1,0,0,0,서울,종로구,차대차,측면직각충돌,측면직각충돌,운전자법규위반,부당한 회전,단일로,횡단보도상,자전거,자전거,승용차,중형,953832,1952689,126.9771755,37.57241747
2014,2014-04-12,40,야간,토,1,1,0,0,0,경기,안산시,차대사람,기타,기타,운전자법규위반,안전운전 의무 불이행,단일로,기타단일로,승용차,중형,보행자,보행자,939629,1927238,126.8184294,37.34220343
2014,2014-03-25,35,야간,화,1,1,0,0,0,경기,김포시,차대차,정면충돌,정면충돌,운전자법규위반,중앙선 침범,단일로,기타단일로,승용차,중형,승용차,대형,935563,1957683,126.7698637,37.61632987
2014,2014-03-25,20,주간,화,1,2,1,0,0,강원,춘천시,차대차,정면충돌,정면충돌,운전자법규위반,중앙선 침범,단일로,기타단일로,승용차,중형,특수차,대형,1023761,1978902,127.7699378,37.80953348
2014,2014-04-04,10,주간,금,1,1,0,0,0,경남,함안군,차대사람,횡단중,횡단중,운전자법규위반,안전운전 의무 불이행,단일로,기타단일로,승용차,대형,보행자,보행자,1077126,1697794,128.3480132,35.27264836
2014,2014-04-01,50,야간,화,1,1,0,0,0,경북,안동시,차대사람,기타,기타,운전자법규위반,안전운전 의무 불이행,기타/불명,기타/불명,승용차,중형,보행자,보행자,1110607,1841369,128.7360548,36.56369323
2014,2014-04-06,33,야간,일,1,1,0,0,0,서울,영등포구,차대사람,차도통행중,차도통행중,운전자법규위반,안전운전 의무 불이행,교차로,교차로내,승합차,대형,보행자,보행자,945582,1946560,126.8842084,37.51672561
2014,2014-04-07,48,주간,월,1,2,1,0,0,경북,김천시,차대차,측면직각충돌,측면직각충돌,운전자법규위반,교차로 통행방법 위반,교차로,교차로내,승합차,경형,이륜차,소형,1053013,1793902,128.0892447,36.14071733
2014,2014-04-18,50,주간,금,1,3,2,0,0,서울,동대문구,차대차,기타,기타,운전자법규위반,안전운전 의무 불이행,교차로,교차로내,승용차,대형,승합차,소형,959125,1954226,127.0370278,37.58652107
2014,2014-04-22,50,야간,화,1,1,0,0,0,대전,대덕구,차대사람,기타,기타,운전자법규위반,안전운전 의무 불이행,단일로,기타단일로,화물차,소형,보행자,보행자,993615,1828399,127.4287462,36.45315309
2014,2014-05-02,40,주간,금,1,2,0,1,0,서울,은평구,차대사람,횡단중,횡단중,운전자법규위반,보행자 보호의무 위반,단일로,횡단보도상,이륜차,소형,보행자,보행자,949243,1958058,126.9248377,37.62056703
2014,2014-05-01,35,주간,목,1,1,0,0,0,경북,안동시,차량단독,공작물충돌,공작물충돌,운전자법규위반,안전운전 의무 불이행,단일로,기타단일로,승합차,소형,0,0,1105784,1828684,128.6804301,36.44990663
2014,2014-04-29,0,야간,화,1,1,0,0,0,대구,달서구,차대사람,길가장자리구역통행중,길가장자리구역통행중,운전자법규위반,안전운전 의무 불이행,교차로,교차로내,승용차,중형,보행자,보행자,1095105,1759295,128.5528929,35.82553943
2014,2014-05-12,20,야간,월,1,1,0,0,0,충남,아산시,차대사람,기타,기타,운전자법규위반,안전운전 의무 불이행,기타/불명,기타/불명,승용차,소형,보행자,보행자,958536,1877884,127.0346072,36.89836632
2014,2014-05-13,20,주간,화,1,2,1,0,0,대전,서구,차대차,기타,기타,운전자법규위반,안전운전 의무 불이행,단일로,교량위,화물차,소형,승용차,중형,989729,1816137,127.3855423,36.34257341
2014,2014-05-13,0,주간,화,1,4,0,3,0,대구,북구,차대차,기타,기타,운전자법규위반,안전운전 의무 불이행,교차로,교차로부근,승용차,중형,원동기장치자전거,원동기장치자전거,1097420,1766029,128.5783834,35.88652069
2014,2014-05-13,35,주간,화,1,9,1,6,1,인천,남동구,차대차,추돌,주정차중 추돌,운전자법규위반,안전운전 의무 불이행,단일로,교량위,화물차,대형,화물차,중형,931136,1931596,126.7221482,37.38089106
2014,2014-04-29,35,주간,화,1,1,0,0,0,광주,서구,차대사람,횡단중,횡단중,운전자법규위반,안전운전 의무 불이행,단일로,횡단보도상,승합차,대형,보행자,보행자,943290,1685330,126.8771664,35.16161298
2014,2014-04-29,55,야간,화,1,2,0,1,0,전북,전주시,차대차,기타,기타,운전자법규위반,신호위반,교차로,교차로내,원동기장치자전거,원동기장치자전거,승용차,중형,968290,1756502,127.1490307,35.80445674
2014,2014-04-29,55,야간,화,1,2,0,1,0,강원,홍천군,차량단독,공작물충돌,공작물충돌,운전자법규위반,안전운전 의무 불이행,단일로,기타단일로,승용차,중형,0,0,1039128,1964145,127.9437166,37.6759989
2014,2014-04-27,38,야간,일,1,1,0,0,0,서울,노원구,차대사람,횡단중,횡단중,운전자법규위반,보행자 보호의무 위반,교차로,교차로부근,승용차,중형,보행자,보행자,962179,1958897,127.0713766,37.62875256
2014,2014-04-26,10,주간,토,1,2,0,0,1,경기,수원시,차량단독,공작물충돌,공작물충돌,운전자법규위반,안전운전 의무 불이행,단일로,기타단일로,이륜차,소형,0,0,958634,1917252,127.0335384,37.25323441
2014,2014-04-27,30,야간,일,1,2,0,0,1,충남,아산시,차대차,정면충돌,정면충돌,운전자법규위반,중앙선 침범,단일로,기타단일로,승용차,중형,승합차,대형,957767,1861843,127.0268673,36.75373244
2014,2014-04-26,20,야간,토,1,1,0,0,0,제주,서귀포시,차대차,추돌,주정차중 추돌,운전자법규위반,안전운전 의무 불이행,단일로,기타단일로,승용차,중형,농기계,농기계,937228,1484148,126.8253897,33.34703069
2014,2014-03-30,29,야간,일,2,2,0,0,0,서울,강서구,차대사람,횡단중,횡단중,운전자법규위반,안전운전 의무 불이행,단일로,기타단일로,승합차,대형,보행자,보행자,939249,1951535,126.8121371,37.56116971
2013,2013-06-24,45,야간,월,1,1,0,0,0,경북,김천시,차대사람,기타,기타,운전자법규위반,안전운전 의무 불이행,단일로,횡단보도상,승용차,대형,보행자,보행자,1053142,1793477,128.0906497,36.13687878
2013,2013-06-25,34,야간,화,1,2,1,0,0,충남,서산시,차대차,측면직각충돌,측면직각충돌,운전자법규위반,직진 및 우회전차의 통행방해,교차로,교차로내,승용차,소형,승용차,경형,907147,1865566,126.4593841,36.78368318
2014,2014-05-31,10,주간,토,1,3,2,0,0,충남,예산군,차량단독,전도전복,전도전복,운전자법규위반,안전운전 의무 불이행,단일로,기타단일로,승용차,중형,0,0,923023,1852667,126.638588,36.66883728
2014,2014-06-13,9,주간,금,2,5,2,1,0,서울,노원구,차대차,정면충돌,정면충돌,운전자법규위반,중앙선 침범,단일로,기타단일로,승용차,중형,승용차,경형,963933,1963867,127.0910085,37.67361872
2014,2014-07-11,35,주간,금,1,2,0,1,0,충남,보령시,차량단독,공작물충돌,공작물충돌,운전자법규위반,안전운전 의무 불이행,단일로,횡단보도부근,화물차,소형,0,0,911635,1813653,126.5156271,36.31618065
2014,2014-07-03,13,주간,목,1,1,0,0,0,경기,양평군,차대차,추돌,주정차중 추돌,운전자법규위반,안전운전 의무 불이행,단일로,기타단일로,이륜차,소형,화물차,경형,1021957,1952332,127.7486427,37.57009552
2014,2014-02-25,20,야간,화,1,1,0,0,0,경기,화성시,차대사람,횡단중,횡단중,운전자법규위반,안전운전 의무 불이행,단일로,기타단일로,승합차,소형,보행자,보행자,951019,1913524,126.9479167,37.21926211
2014,2014-04-16,8,야간,수,1,3,2,0,0,경기,성남시,차대차,추돌,진행중 추돌,운전자법규위반,안전운전 의무 불이행,지하도로내,지하도로내,승용차,중형,승용차,경형,966253,1934430,127.1186699,37.40837947
2014,2014-08-17,53,주간,일,2,9,6,1,0,경북,경주시,차량단독,전도전복,전도전복,운전자법규위반,안전운전 의무 불이행,단일로,기타단일로,승합차,중형,0,0,1159659,1777742,129.2710176,35.98339706
2014,2014-09-17,5,야간,수,1,1,0,0,0,경기,평택시,차량단독,도로이탈,도로이탈 기타,운전자법규위반,안전운전 의무 불이행,단일로,기타단일로,승용차,대형,0,0,957637,1893331,127.0236503,37.0375682
2014,2014-01-29,40,야간,수,1,2,0,1,0,경북,포항시,차대차,측면직각충돌,측면직각충돌,운전자법규위반,안전운전 의무 불이행,교차로,교차로내,승용차,중형,원동기장치자전거,원동기장치자전거,1165853,1783279,129.3408533,36.03225877
2014,2014-01-27,40,주간,월,1,1,0,0,0,경기,남양주시,차대사람,횡단중,횡단중,운전자법규위반,신호위반,교차로,교차로부근,승용차,대형,보행자,보행자,973558,1959250,127.2003195,37.63233225
2014,2014-01-27,38,주간,월,1,1,0,0,0,경남,거창군,차대차,기타,기타,운전자법규위반,안전운전 의무 불이행,단일로,기타단일로,화물차,중형,승용차,중형,1036761,1741101,127.9061674,35.66542335
2014,2014-05-09,35,야간,금,1,1,0,0,0,대구,동구,차대차,기타,기타,운전자법규위반,신호위반,교차로,교차로내,이륜차,중형,승용차,중형,1103085,1766062,128.6420978,35.88573335
2014,2014-07-25,15,주간,금,1,1,0,0,0,전남,해남군,차량단독,전도전복,전도전복,운전자법규위반,안전운전 의무 불이행,단일로,기타단일로,화물차,소형,0,0,891353,1627585,126.3146145,34.63674956
2014,2014-07-06,50,야간,일,1,2,0,1,0,강원,평창군,차량단독,도로이탈,도로이탈 기타,운전자법규위반,안전운전 의무 불이행,단일로,기타단일로,이륜차,소형,0,0,1083164,1955959,128.4737765,37.59246147
2013,2013-06-02,10,주간,일,1,1,0,0,0,서울,영등포구,차대차,측면직각충돌,측면직각충돌,운전자법규위반,안전운전 의무 불이행,교차로,교차로내,자전거,자전거,승용차,대형,947270,1944398,126.9034638,37.49733718
2013,2013-06-09,0,주간,일,1,1,0,0,0,충북,영동군,차량단독,기타,기타,운전자법규위반,안전운전 의무 불이행,단일로,기타단일로,자전거,자전거,0,0,1024776,1798545,127.7755392,36.18370962
2013,2013-06-08,57,주간,토,1,1,0,0,0,전북,군산시,차대차,추돌,진행중 추돌,운전자법규위반,안전운전 의무 불이행,단일로,기타단일로,승합차,대형,이륜차,소형,930105,1766100,126.7255797,35.88900957
2013,2013-06-11,40,주간,화,2,3,0,1,0,인천,남구,차대차,정면충돌,정면충돌,운전자법규위반,중앙선 침범,단일로,기타단일로,화물차,경형,승합차,대형,924812,1938571,126.6500124,37.44326401
2013,2013-06-11,50,야간,화,1,1,0,0,0,경북,영천시,차대사람,횡단중,횡단중,운전자법규위반,보행자 보호의무 위반,교차로,교차로부근,화물차,중형,보행자,보행자,1129502,1775031,128.9372237,35.96348067
2013,2013-06-12,20,주간,수,1,1,0,0,0,대구,달성군,차대차,측면직각충돌,측면직각충돌,운전자법규위반,중앙선 침범,단일로,기타단일로,승용차,중형,농기계,농기계,1081903,1737879,128.4045674,35.63366089
2013,2013-06-18,40,야간,화,1,1,0,0,0,전남,영광군,차량단독,공작물충돌,공작물충돌,운전자법규위반,안전운전 의무 불이행,교차로,교차로내,이륜차,대형,0,0,908629,1699077,126.4952375,35.28301629
2013,2013-06-18,55,주간,화,1,1,0,0,0,광주,서구,차대차,측면직각충돌,측면직각충돌,운전자법규위반,안전거리 미확보,단일로,기타단일로,승용차,중형,이륜차,소형,942911,1684230,126.8732238,35.15169105
2013,2013-06-15,15,야간,토,1,1,0,0,0,경기,용인시,차량단독,기타,기타,운전자법규위반,안전운전 의무 불이행,단일로,기타단일로,승용차,소형,0,0,962917,1919979,127.0816982,37.27799541
2013,2013-06-16,50,주간,일,1,1,0,0,0,경기,고양시,차대사람,기타,기타,운전자법규위반,안전운전 의무 불이행,단일로,기타단일로,승용차,중형,보행자,보행자,935974,1965330,126.7738496,37.68527879
2013,2013-06-16,20,야간,일,1,1,0,0,0,전북,익산시,차대차,추돌,진행중 추돌,운전자법규위반,안전운전 의무 불이행,단일로,기타단일로,승용차,중형,자전거,자전거,954085,1792661,126.9897197,36.1298914
2013,2013-06-16,25,주간,일,1,1,0,0,0,경기,시흥시,차대사람,횡단중,횡단중,운전자법규위반,신호위반,단일로,기타단일로,승용차,대형,보행자,보행자,937300,1937657,126.7919725,37.43887269
2013,2013-06-15,14,주간,토,1,2,1,0,0,충남,당진시,차대차,정면충돌,정면충돌,운전자법규위반,중앙선 침범,단일로,기타단일로,승용차,중형,특수차,대형,917566,1888374,126.573656,36.99022546
2013,2013-06-14,43,야간,금,1,1,0,0,0,서울,동대문구,차대사람,기타,기타,운전자법규위반,안전운전 의무 불이행,교차로,교차로내,승용차,중형,보행자,보행자,960340,1952187,127.0509544,37.56810806
2013,2013-06-21,3,야간,금,3,4,1,0,0,경북,포항시,차량단독,기타,기타,운전자법규위반,안전운전 의무 불이행,교차로,교차로내,승용차,소형,0,0,1171526,1779293,129.4029901,35.99534002
2013,2013-06-21,38,야간,금,1,1,0,0,0,경북,경주시,건널목,기타,기타,운전자법규위반,철길건널목 통과방법위반,건널목,건널목,이륜차,소형,열차,열차,1156181,1761232,129.2292125,35.8351729
2013,2013-06-20,8,주간,목,1,3,2,0,0,경기,파주시,차대차,기타,기타,운전자법규위반,중앙선 침범,단일로,기타단일로,승용차,경형,승합차,대형,932555,1967887,126.7348393,37.70807878
2013,2013-06-18,35,주간,화,1,1,0,0,0,서울,강북구,차대사람,횡단중,횡단중,운전자법규위반,안전운전 의무 불이행,단일로,기타단일로,승용차,소형,보행자,보행자,957829,1960427,127.0222903,37.64240228
2014,2014-04-30,10,주간,수,1,5,2,2,0,경기,수원시,차대사람,보도통행중,보도통행중,운전자법규위반,안전운전 의무 불이행,단일로,기타단일로,승용차,중형,보행자,보행자,953173,1922434,126.9716336,37.29968441
2014,2014-03-17,30,야간,월,1,2,0,1,0,경북,포항시,차대차,기타,기타,운전자법규위반,안전운전 의무 불이행,교차로,교차로부근,승용차,경형,승용차,대형,1169468,1786758,129.3817042,36.06298546
2014,2014-03-28,5,주간,금,1,1,0,0,0,울산,남구,차대차,기타,기타,운전자법규위반,신호위반,교차로,교차로내,화물차,대형,화물차,소형,1168777,1720843,129.360149,35.46911293
2014,2014-04-04,35,주간,금,1,1,0,0,0,경기,화성시,차대사람,횡단중,횡단중,운전자법규위반,보행자 보호의무 위반,단일로,횡단보도상,승합차,중형,보행자,보행자,960597,1911505,127.0559773,37.20151717
2014,2014-04-11,22,주간,금,1,5,0,3,1,경북,경주시,차량단독,전도전복,전도전복,운전자법규위반,안전운전 의무 불이행,단일로,기타단일로,승용차,중형,0,0,1153832,1760945,129.2031598,35.83295775
2014,2014-04-11,28,주간,금,1,1,0,0,0,경북,경주시,차대차,기타,기타,운전자법규위반,중앙선 침범,교차로,교차로부근,자전거,자전거,승용차,중형,1155313,1763860,129.2201176,35.85899458
2014,2014-04-12,29,주간,토,1,1,0,0,0,충남,천안시,차대사람,기타,기타,운전자법규위반,안전운전 의무 불이행,단일로,기타단일로,승용차,중형,보행자,보행자,969203,1873285,127.1545183,36.85731749
2014,2014-04-05,30,야간,토,1,1,0,0,0,충북,청원군,차대사람,기타,기타,운전자법규위반,안전운전 의무 불이행,단일로,기타단일로,승용차,중형,보행자,보행자,1004232,1835261,127.5474894,36.51691147
2014,2014-04-28,35,야간,월,1,1,0,0,0,부산,사상구,차대사람,횡단중,횡단중,운전자법규위반,과속,단일로,기타단일로,승용차,중형,보행자,보행자,1135524,1685852,128.9879913,35.15879911
2014,2014-03-27,15,야간,목,1,1,0,0,0,경북,문경시,차대사람,차도통행중,차도통행중,운전자법규위반,안전운전 의무 불이행,단일로,기타단일로,화물차,중형,보행자,보행자,1055474,1855113,128.1209749,36.69238382
2014,2014-03-24,0,야간,월,1,1,0,0,0,경기,시흥시,차량단독,공작물충돌,공작물충돌,운전자법규위반,안전운전 의무 불이행,교차로,교차로부근,원동기장치자전거,원동기장치자전거,0,0,930039,1928373,126.7100628,37.35175998
2014,2014-03-25,25,야간,화,1,1,0,0,0,전남,광양시,차대사람,길가장자리구역통행중,길가장자리구역통행중,운전자법규위반,안전운전 의무 불이행,단일로,기타단일로,승합차,소형,보행자,보행자,1019244,1661095,127.710747,34.94451257
2014,2014-04-03,50,야간,목,1,1,0,0,0,경북,영천시,차량단독,공작물충돌,공작물충돌,운전자법규위반,안전운전 의무 불이행,단일로,기타단일로,화물차,소형,0,0,1145657,1785473,129.1171819,36.05526322
2014,2014-03-31,5,야간,월,1,1,0,0,0,인천,남구,차대차,측면직각충돌,측면직각충돌,운전자법규위반,안전운전 의무 불이행,단일로,기타단일로,원동기장치자전거,원동기장치자전거,자전거,자전거,928221,1939395,126.6884667,37.45096145
2014,2014-04-10,50,주간,목,1,1,0,0,0,경기,고양시,차대사람,기타,기타,운전자법규위반,보행자 보호의무 위반,단일로,기타단일로,화물차,대형,보행자,보행자,947565,1969121,126.9050286,37.72018274
2014,2014-04-09,40,야간,수,1,1,0,0,0,경기,안산시,차량단독,공작물충돌,공작물충돌,운전자법규위반,안전운전 의무 불이행,단일로,기타단일로,승용차,중형,0,0,943089,1927758,126.8574495,37.34710895
2014,2014-04-19,5,야간,토,1,1,0,0,0,제주,제주시,차대사람,횡단중,횡단중,운전자법규위반,안전운전 의무 불이행,교차로,교차로내,승용차,경형,보행자,보행자,921896,1505300,126.6587915,33.53679125
2014,2014-04-19,35,주간,토,1,3,2,0,0,경북,경산시,차대차,기타,기타,운전자법규위반,신호위반,교차로,교차로내,승합차,중형,승용차,경형,1110255,1758689,128.7206498,35.81853431
2014,2014-05-11,15,주간,일,1,1,0,0,0,경기,화성시,차대차,정면충돌,정면충돌,운전자법규위반,중앙선 침범,단일로,기타단일로,승용차,대형,원동기장치자전거,원동기장치자전거,957172,1907149,127.0176327,37.16210197
2014,2014-05-11,30,야간,일,1,1,0,0,0,서울,송파구,차대사람,횡단중,횡단중,운전자법규위반,안전운전 의무 불이행,단일로,횡단보도상,승합차,대형,보행자,보행자,965110,1945392,127.1052356,37.50714329
2014,2014-04-29,15,야간,화,1,1,0,0,0,서울,영등포구,차대사람,기타,기타,운전자법규위반,안전운전 의무 불이행,단일로,기타단일로,승용차,중형,보행자,보행자,947063,1946291,126.9009858,37.51438725
2013,2013-06-14,25,주간,금,1,1,0,0,0,경기,가평군,차대사람,횡단중,횡단중,운전자법규위반,과속,단일로,기타단일로,승용차,소형,보행자,보행자,1000582,1983852,127.5066159,37.8544577
2013,2013-07-05,45,야간,금,1,2,0,1,0,경남,창원시(통합),차대사람,횡단중,횡단중,운전자법규위반,보행자 보호의무 위반,단일로,횡단보도상,승용차,소형,보행자,보행자,1107289,1684820,128.6779158,35.15290615
2013,2013-07-04,0,야간,목,1,1,0,0,0,경기,김포시,차대사람,차도통행중,차도통행중,운전자법규위반,안전운전 의무 불이행,단일로,기타단일로,승용차,중형,보행자,보행자,914970,1970115,126.5365502,37.72520099
2013,2013-07-12,28,주간,금,1,1,0,0,0,경남,창녕군,차대차,기타,기타,운전자법규위반,안전운전 의무 불이행,단일로,기타단일로,화물차,소형,농기계,농기계,1087819,1732468,128.4693092,35.58437112
2013,2013-06-27,0,야간,목,1,1,0,0,0,서울,영등포구,차량단독,전도전복,전도전복,운전자법규위반,기타(운전자법규위반),단일로,기타단일로,자전거,자전거,0,0,945359,1947372,126.8816246,37.52403107
2013,2013-06-28,30,야간,금,1,1,0,0,0,강원,삼척시,차대사람,횡단중,횡단중,운전자법규위반,안전운전 의무 불이행,단일로,기타단일로,승용차,중형,보행자,보행자,1149636,1937374,129.1911149,37.42343269
2013,2013-06-28,23,야간,금,1,1,0,0,0,부산,사상구,차대사람,기타,기타,운전자법규위반,안전운전 의무 불이행,단일로,기타단일로,화물차,소형,보행자,보행자,1134753,1689433,128.9801137,35.19118249
2013,2013-06-28,40,주간,금,1,2,1,0,0,부산,북구,차대사람,기타,기타,운전자법규위반,안전운전 의무 불이행,교차로,교차로부근,승용차,중형,보행자,보행자,1135773,1690457,128.9914826,35.20027549
2013,2013-06-27,40,주간,목,1,3,2,0,0,경북,봉화군,차량단독,공작물충돌,공작물충돌,운전자법규위반,안전운전 의무 불이행,단일로,기타단일로,화물차,소형,0,0,1120482,1889388,128.8509047,36.99446344
2013,2013-06-26,18,야간,수,1,3,0,2,0,경기,평택시,차대차,정면충돌,정면충돌,운전자법규위반,신호위반,교차로,교차로부근,승용차,중형,승용차,중형,961904,1891416,127.0718032,37.01912448
2013,2013-06-24,45,주간,월,1,2,0,1,0,경북,문경시,차대차,측면직각충돌,측면직각충돌,운전자법규위반,안전운전 의무 불이행,교차로,교차로내,원동기장치자전거,원동기장치자전거,승용차,중형,1062673,1844870,128.2007183,36.5996029
2013,2013-06-23,0,야간,일,1,1,0,0,0,전남,나주시,차대사람,길가장자리구역통행중,길가장자리구역통행중,운전자법규위반,안전운전 의무 불이행,단일로,기타단일로,승용차,중형,보행자,보행자,938264,1671128,126.8231846,35.03327996
2013,2013-05-26,39,야간,일,1,1,0,0,0,전남,순천시,차대차,기타,기타,운전자법규위반,교차로 통행방법 위반,교차로,교차로내,승용차,중형,원동기장치자전거,원동기장치자전거,1002787,1662564,127.5305022,34.95793647
2013,2013-05-26,40,야간,일,1,1,0,0,0,대구,서구,차대사람,횡단중,횡단중,운전자법규위반,안전운전 의무 불이행,단일로,기타단일로,승용차,중형,보행자,보행자,1097183,1765205,128.5766145,35.87861183
2013,2013-05-25,25,주간,토,1,1,0,0,0,경기,시흥시,차대사람,횡단중,횡단중,운전자법규위반,보행자 보호의무 위반,단일로,횡단보도상,화물차,소형,보행자,보행자,939027,1929643,126.8114355,37.36384092
2013,2013-05-30,25,야간,목,1,1,0,0,0,경기,부천시,차대사람,횡단중,횡단중,운전자법규위반,안전운전 의무 불이행,단일로,기타단일로,승용차,중형,보행자,보행자,938928,1942885,126.8089382,37.48304308
2013,2013-05-31,20,야간,금,2,2,0,0,0,경북,예천군,차량단독,도로이탈,도로이탈 추락,운전자법규위반,안전운전 의무 불이행,단일로,기타단일로,승용차,중형,0,0,1091225,1849390,128.5204434,36.63804009
2013,2013-05-31,50,주간,금,1,1,0,0,0,경기,고양시,차대사람,횡단중,횡단중,운전자법규위반,안전운전 의무 불이행,단일로,횡단보도상,승합차,대형,보행자,보행자,935123,1963503,126.7644322,37.66910572
2013,2013-05-27,36,야간,월,1,1,0,0,0,경기,수원시,차대사람,횡단중,횡단중,운전자법규위반,안전운전 의무 불이행,교차로,교차로내,승합차,중형,보행자,보행자,957930,1915383,127.0257056,37.23635618
2013,2013-06-07,55,야간,금,1,3,1,1,0,울산,남구,차대차,추돌,진행중 추돌,운전자법규위반,안전운전 의무 불이행,단일로,교량위,승용차,중형,이륜차,중형,1160710,1730158,129.2731241,35.55440034
2013,2013-06-08,20,야간,토,1,1,0,0,0,전북,부안군,차대사람,기타,기타,운전자법규위반,안전운전 의무 불이행,단일로,기타단일로,승용차,소형,보행자,보행자,925518,1743218,126.6768911,35.68238233
2013,2013-06-08,20,야간,토,1,1,0,0,0,전북,익산시,차대차,추돌,진행중 추돌,운전자법규위반,과속,단일로,기타단일로,승용차,중형,원동기장치자전거,원동기장치자전거,955096,1793273,127.0009202,36.13545616
2013,2013-06-10,40,주간,월,1,1,0,0,0,충북,보은군,차대차,측면직각충돌,측면직각충돌,운전자법규위반,과속,교차로,교차로내,건설기계,건설기계,승용차,소형,1018102,1837392,127.7022207,36.5340766
2013,2013-06-10,40,주간,월,1,2,1,0,0,충북,충주시,차대차,추돌,진행중 추돌,운전자법규위반,안전운전 의무 불이행,교차로,교차로내,화물차,소형,화물차,소형,1029522,1885829,127.8316682,36.97043495
2013,2013-06-10,55,야간,월,1,1,0,0,0,충남,청양군,차대사람,횡단중,횡단중,운전자법규위반,안전운전 의무 불이행,단일로,기타단일로,승용차,중형,보행자,보행자,949840,1822302,126.9406422,36.39689824
2013,2013-06-07,15,야간,금,1,1,0,0,0,광주,광산구,차대사람,차도통행중,차도통행중,운전자법규위반,안전운전 의무 불이행,단일로,기타단일로,승용차,중형,보행자,보행자,936344,1682984,126.8154849,35.13353394
2013,2013-06-11,30,야간,화,1,1,0,0,0,충북,진천군,차대사람,기타,기타,운전자법규위반,안전운전 의무 불이행,단일로,기타단일로,승용차,중형,보행자,보행자,996843,1874670,127.4648703,36.87042854
2013,2013-06-13,50,야간,목,1,1,0,0,0,전북,전주시,차대사람,횡단중,횡단중,운전자법규위반,신호위반,단일로,횡단보도부근,승용차,중형,보행자,보행자,968167,1758810,127.1475774,35.82526181
2013,2013-06-15,20,야간,토,1,1,0,0,0,서울,강서구,차대사람,횡단중,횡단중,운전자법규위반,안전운전 의무 불이행,단일로,횡단보도상,승용차,중형,보행자,보행자,941699,1951755,126.8398584,37.56331093
2013,2013-06-24,30,주간,월,1,1,0,0,0,전북,익산시,차대차,기타,기타,운전자법규위반,안전거리 미확보,단일로,기타단일로,화물차,대형,이륜차,소형,957303,1774982,127.0264378,35.97065234
2013,2013-07-02,30,주간,화,1,5,1,3,0,대구,달서구,차대차,측면직각충돌,측면직각충돌,운전자법규위반,부당한 회전,교차로,교차로내,이륜차,중형,승합차,대형,1090955,1762133,128.5072788,35.85151707
2013,2013-07-02,32,야간,화,2,4,1,1,0,인천,중구,차량단독,도로이탈,도로이탈 추락,운전자법규위반,안전운전 의무 불이행,교차로,교차로부근,승용차,중형,0,0,900731,1942181,126.3773365,37.47352628
2013,2013-07-03,50,주간,수,1,1,0,0,0,인천,남구,차대사람,기타,기타,운전자법규위반,안전운전 의무 불이행,교차로,교차로부근,건설기계,건설기계,보행자,보행자,924116,1940511,126.6419453,37.46069186
2013,2013-07-03,5,야간,수,1,1,0,0,0,광주,북구,차대차,추돌,주정차중 추돌,운전자법규위반,기타(운전자법규위반),단일로,기타단일로,화물차,대형,화물차,소형,948280,1686406,126.9320306,35.17160209
2013,2013-07-03,35,야간,수,1,1,0,0,0,광주,광산구,차대차,측면직각충돌,측면직각충돌,운전자법규위반,과속,단일로,기타단일로,승용차,중형,자전거,자전거,939479,1687174,126.8353304,35.17803512
2013,2013-07-02,50,야간,화,1,1,0,0,0,서울,용산구,차대사람,기타,기타,운전자법규위반,중앙선 침범,단일로,기타단일로,승용차,중형,보행자,보행자,955373,1948475,126.9948821,37.53451169
2013,2013-07-03,50,주간,수,1,1,0,0,0,충남,아산시,차대사람,기타,기타,운전자법규위반,안전운전 의무 불이행,교차로,교차로부근,승용차,소형,보행자,보행자,956520,1872170,127.0123078,36.84676785
2013,2013-06-28,13,주간,금,1,4,3,0,0,경북,문경시,차대차,측면직각충돌,측면직각충돌,운전자법규위반,직진 및 우회전차의 통행방해,교차로,교차로내,화물차,중형,화물차,소형,1062948,1843832,128.2037078,36.59022787
2013,2013-06-28,55,야간,금,1,2,1,0,0,충북,청주시,차대차,추돌,진행중 추돌,운전자법규위반,안전운전 의무 불이행,단일로,기타단일로,승용차,중형,승용차,중형,999644,1845358,127.4960194,36.60606212