발생년,발생년월일시분,발생분,주야,요일,사망자수,사상자수,중상자수,경상자수,부상신고자수,발생지시도,발생지시군구,사고유형_대분류,사고유형_중분류,사고유형,법규위반_대분류,법규위반,도로형태_대분류,도로형태,당사자종별_1당_대분류,당사자종별_1당,당사자종별_2당_대분류,당사자종별_2당,발생위치X_UTMK,발생위치Y_UTMK,경도,위도
2013,2013-06-30,44,주간,일,1,1,0,0,0,전남,나주시,차대사람,기타,기타,운전자법규위반,안전운전 의무 불이행,기타/불명,기타/불명,화물차,중형,보행자,보행자,932257,1667276,126.7576482,34.99816262
2013,2013-06-29,35,야간,토,1,1,0,0,0,광주,광산구,차대사람,차도통행중,차도통행중,운전자법규위반,과속,교차로,교차로부근,화물차,경형,보행자,보행자,939506,1692158,126.8352608,35.22297515
2013,2013-06-30,15,주간,일,1,1,0,0,0,경기,용인시,차대차,측면직각충돌,측면직각충돌,운전자법규위반,신호위반,교차로,교차로내,원동기장치자전거,원동기장치자전거,화물차,소형,967812,1900510,127.1377528,37.10268489
2013,2013-07-08,47,야간,월,1,2,0,1,0,울산,중구,차량단독,공작물충돌,공작물충돌,운전자법규위반,안전운전 의무 불이행,단일로,기타단일로,승용차,소형,0,0,1167135,1733579,129.3446861,35.58416696
2013,2013-07-06,0,야간,토,1,1,0,0,0,전북,남원시,차대차,기타,기타,운전자법규위반,중앙선 침범,단일로,기타단일로,화물차,소형,농기계,농기계,1011214,1718682,127.6235925,35.46390197
2013,2013-07-06,30,주간,토,1,2,1,0,0,전북,완주군,차량단독,도로이탈,도로이탈 추락,운전자법규위반,안전운전 의무 불이행,단일로,기타단일로,승용차,중형,0,0,982261,1761611,127.3035484,35.85087222
2013,2013-07-07,50,야간,일,1,1,0,0,0,경북,포항시,차량단독,공작물충돌,공작물충돌,운전자법규위반,안전운전 의무 불이행,단일로,기타단일로,원동기장치자전거,원동기장치자전거,0,0,1165832,1789405,129.3367619,36.08447897
2013,2013-07-07,0,야간,일,1,1,0,0,0,전남,여수시,차대사람,기타,기타,운전자법규위반,안전운전 의무 불이행,단일로,기타단일로,화물차,중형,보행자,보행자,1024441,1635665,127.7669195,34.71508303
2013,2013-07-05,15,야간,금,1,1,0,0,0,강원,영월군,차량단독,전도전복,전도전복,운전자법규위반,안전운전 의무 불이행,단일로,기타단일로,승용차,소형,0,0,1079589,1907496,128.3876512,37.17394082
2013,2013-07-03,0,주간,수,1,2,1,0,0,경기,김포시,차대차,측면직각충돌,측면직각충돌,운전자법규위반,과속,교차로,교차로내,승용차,중형,승용차,중형,918506,1961451,126.5766904,37.64910616
2013,2013-05-20,18,주간,월,1,1,0,0,0,경남,창원시(통합),차대차,기타,기타,운전자법규위반,안전운전 의무 불이행,교차로,교차로부근,원동기장치자전거,원동기장치자전거,화물차,대형,1107606,1698621,128.6838142,35.27720382
2013,2013-05-20,20,주간,월,1,1,0,0,0,경기,평택시,차대차,기타,기타,운전자법규위반,안전운전 의무 불이행,단일로,기타단일로,화물차,경형,승용차,소형,966599,1892460,127.1244597,37.03007862
2012,2012-10-21,30,야간,일,1,3,0,2,0,전남,보성군,차대차,추돌,주정차중 추돌,운전자법규위반,안전운전 의무 불이행,단일로,기타단일로,화물차,소형,화물차,소형,968574,1642443,127.1565457,34.77601372
2012,2012-10-08,15,야간,월,1,1,0,0,0,강원,홍천군,차대사람,기타,기타,운전자법규위반,신호위반,교차로,교차로부근,승합차,중형,보행자,보행자,1029919,1961500,127.8391788,37.65250549
2012,2012-10-09,57,주간,화,1,1,0,0,0,서울,동작구,차대차,측면직각충돌,측면직각충돌,운전자법규위반,신호위반,교차로,교차로내,이륜차,중형,승합차,대형,947618,1943626,126.9074555,37.49039881
2012,2012-10-19,25,야간,금,1,1,0,0,0,충남,홍성군,차대사람,차도통행중,차도통행중,운전자법규위반,안전운전 의무 불이행,단일로,기타단일로,승용차,대형,보행자,보행자,934368,1836109,126.7669474,36.52042902
2012,2012-10-19,50,야간,금,1,1,0,0,0,충남,당진시,차대사람,길가장자리구역통행중,길가장자리구역통행중,운전자법규위반,안전운전 의무 불이행,단일로,기타단일로,승용차,대형,보행자,보행자,928009,1884385,126.6929146,36.97016525
2012,2012-10-02,15,야간,화,1,1,0,0,0,경북,안동시,차대사람,횡단중,횡단중,운전자법규위반,안전운전 의무 불이행,단일로,횡단보도상,승용차,중형,보행자,보행자,1114126,1842233,128.722853,36.5634057
2012,2012-07-24,28,주간,화,1,1,0,0,0,서울,관악구,차대차,측면직각충돌,측면직각충돌,운전자법규위반,기타(운전자법규위반),교차로,교차로내,자전거,자전거,화물차,중형,948140,1943247,126.9133868,37.48701227
2012,2012-07-23,9,야간,월,1,1,0,0,0,서울,동대문구,차대사람,기타,기타,운전자법규위반,안전운전 의무 불이행,단일로,기타단일로,자전거,자전거,보행자,보행자,962410,1951848,127.0743565,37.56522751
2012,2012-08-02,55,야간,목,1,3,2,0,0,경북,군위군,차대차,추돌,진행중 추돌,운전자법규위반,안전운전 의무 불이행,단일로,교량위,승용차,소형,농기계,농기계,1105376,1801246,128.6721677,36.20263767
2012,2012-06-12,30,주간,화,1,1,0,0,0,서울,영등포구,차대차,정면충돌,정면충돌,운전자법규위반,중앙선 침범,단일로,기타단일로,자전거,자전거,승용차,대형,947072,1944207,126.9012377,37.49560433
2012,2012-06-24,47,야간,일,1,1,0,0,0,전북,정읍시,차대차,정면충돌,정면충돌,운전자법규위반,중앙선 침범,단일로,기타단일로,이륜차,중형,승용차,중형,940535,1746876,126.8421969,35.71665081
2012,2012-07-04,30,주간,수,1,1,0,0,0,경남,창원시(통합),차량단독,전도전복,전도전복,운전자법규위반,안전운전 의무 불이행,단일로,기타단일로,원동기장치자전거,원동기장치자전거,0,0,1105926,1706123,128.6657004,35.34510156
2013,2013-01-14,20,야간,월,1,1,0,0,0,경기,고양시,차대사람,횡단중,횡단중,운전자법규위반,안전운전 의무 불이행,단일로,기타단일로,승용차,중형,보행자,보행자,941351,1957943,126.8354225,37.61906077
2013,2013-01-21,2,주간,월,1,1,0,0,0,서울,강서구,차대사람,기타,기타,운전자법규위반,안전운전 의무 불이행,단일로,기타단일로,승용차,중형,보행자,보행자,940935,1952784,126.8309999,37.57261697
2013,2013-01-22,10,야간,화,1,1,0,0,0,경북,영천시,차대사람,횡단중,횡단중,운전자법규위반,안전운전 의무 불이행,교차로,교차로내,승용차,중형,보행자,보행자,1125672,1784556,128.895213,36.04978587
2013,2013-09-11,53,주간,수,1,1,0,0,0,경남,창녕군,차대차,정면충돌,정면충돌,운전자법규위반,중앙선 침범,단일로,기타단일로,이륜차,소형,화물차,중형,1080382,1716330,128.3856326,35.43950961
2013,2013-09-08,25,야간,일,1,1,0,0,0,전북,진안군,차대차,추돌,진행중 추돌,운전자법규위반,안전운전 의무 불이행,단일로,기타단일로,승용차,경형,건설기계,건설기계,988968,1753058,127.3779434,35.77385509
2013,2013-06-20,15,주간,목,1,1,0,0,0,경기,평택시,차대사람,기타,기타,운전자법규위반,안전운전 의무 불이행,교차로,교차로부근,승용차,경형,보행자,보행자,951796,1893814,126.9579428,37.0416401
2013,2013-06-27,36,주간,목,1,3,1,1,0,서울,노원구,차대차,측면직각충돌,측면직각충돌,운전자법규위반,중앙선 침범,단일로,기타단일로,승용차,소형,승용차,소형,962488,1957846,127.0745456,37.62092957
2013,2013-06-27,0,주간,목,1,1,0,0,0,경기,여주시,차량단독,전도전복,전도전복,운전자법규위반,안전운전 의무 불이행,단일로,기타단일로,승용차,소형,0,0,1011543,1919835,127.630206,37.27736485
2013,2013-06-26,5,주간,수,2,25,1,22,0,경기,화성시,차대차,측면직각충돌,측면직각충돌,운전자법규위반,신호위반,교차로,교차로내,승합차,소형,승합차,대형,949415,1907079,126.9309231,37.16243113
2013,2013-06-25,55,주간,화,1,1,0,0,0,전남,신안군,차대차,정면충돌,정면충돌,운전자법규위반,중앙선 침범,단일로,기타단일로,이륜차,소형,화물차,소형,873241,1677058,126.1095662,35.0806684
2013,2013-06-24,5,야간,월,1,1,0,0,0,울산,중구,차대사람,횡단중,횡단중,운전자법규위반,안전운전 의무 불이행,단일로,기타단일로,승용차,대형,보행자,보행자,1165310,1729974,129.3238159,35.55198521
2013,2013-06-25,30,주간,화,1,3,1,1,0,광주,동구,차대사람,횡단중,횡단중,운전자법규위반,중앙선 침범,단일로,횡단보도상,승합차,중형,보행자,보행자,947419,1682862,126.9228016,35.13960202
2013,2013-05-20,50,야간,월,1,3,2,0,0,경기,평택시,차대차,기타,기타,운전자법규위반,중앙선 침범,단일로,기타단일로,승용차,소형,화물차,소형,948887,1884999,126.9258302,36.96202798
2013,2013-05-27,54,야간,월,1,1,0,0,0,충남,서천군,차량단독,도로이탈,도로이탈 추락,운전자법규위반,안전운전 의무 불이행,교차로,교차로부근,승용차,중형,0,0,928485,1784571,126.7059661,36.05541078
2013,2013-05-23,40,주간,목,1,1,0,0,0,경기,안양시,차대사람,기타,기타,운전자법규위반,기타(운전자법규위반),단일로,기타단일로,승용차,소형,보행자,보행자,951484,1930976,126.9469255,37.40067372
2013,2013-05-30,0,야간,목,1,1,0,0,0,대구,수성구,차대사람,횡단중,횡단중,운전자법규위반,안전운전 의무 불이행,단일로,기타단일로,승용차,중형,보행자,보행자,1101890,1763077,128.6284788,35.85895057
2013,2013-06-06,10,주간,목,1,4,0,3,0,경남,남해군,차대차,추돌,주정차중 추돌,운전자법규위반,안전운전 의무 불이행,기타/불명,기타/불명,화물차,소형,승용차,중형,1048928,1646061,128.0349379,34.80794865
2013,2013-06-06,0,야간,목,1,1,0,0,0,충북,증평군,차량단독,공작물충돌,공작물충돌,운전자법규위반,안전운전 의무 불이행,단일로,기타단일로,승용차,중형,0,0,1010035,1869164,127.6125194,36.82061684
2013,2013-06-03,35,주간,월,1,1,0,0,0,강원,삼척시,차대차,측면직각충돌,측면직각충돌,운전자법규위반,중앙선 침범,단일로,기타단일로,원동기장치자전거,원동기장치자전거,화물차,소형,1144184,1939336,129.1298849,37.44185894
2013,2013-06-05,50,주간,수,1,1,0,0,0,경북,안동시,차대사람,기타,기타,운전자법규위반,과속,단일로,기타단일로,승용차,중형,보행자,보행자,1113310,1839955,128.7642117,36.5511473
2013,2013-06-03,10,야간,월,1,5,3,1,0,전남,신안군,차대차,기타,기타,운전자법규위반,안전운전 의무 불이행,기타/불명,기타/불명,승용차,중형,승용차,중형,875010,1662922,126.1310913,34.95345566
2013,2013-06-03,55,주간,월,1,2,1,0,0,경기,이천시,차량단독,도로이탈,도로이탈 기타,운전자법규위반,안전운전 의무 불이행,교차로,교차로부근,이륜차,중형,0,0,987465,1912542,127.358727,37.21161269
2013,2013-06-09,40,야간,일,1,5,1,3,0,충남,서산시,차대차,추돌,주정차중 추돌,운전자법규위반,안전운전 의무 불이행,교차로,교차로부근,승용차,소형,승용차,중형,905775,1878686,126.4423828,36.90179996
2013,2013-06-10,5,야간,월,1,1,0,0,0,서울,중랑구,차대사람,횡단중,횡단중,운전자법규위반,안전운전 의무 불이행,단일로,횡단보도상,화물차,소형,보행자,보행자,962850,1956096,127.0791231,37.60353384
2013,2013-06-08,9,주간,토,1,1,0,0,0,전북,익산시,차대차,측면직각충돌,측면직각충돌,운전자법규위반,안전운전 의무 불이행,교차로,교차로내,화물차,소형,자전거,자전거,952064,1773734,126.9684083,35.95915749
2013,2013-06-10,55,야간,월,1,1,0,0,0,부산,진구,차량단독,전도전복,전도전복,운전자법규위반,안전운전 의무 불이행,단일로,기타단일로,화물차,중형,0,0,1142292,1685036,129.0621362,35.15050847
2013,2013-06-12,35,주간,수,1,2,1,0,0,경기,포천시,차대차,추돌,진행중 추돌,운전자법규위반,안전거리 미확보,단일로,기타단일로,원동기장치자전거,원동기장치자전거,승합차,중형,980169,1982394,127.2746131,37.84110106
2013,2013-06-13,0,야간,목,1,1,0,0,0,경기,이천시,차대차,추돌,주정차중 추돌,운전자법규위반,안전운전 의무 불이행,단일로,기타단일로,승용차,소형,화물차,대형,1000134,1915887,127.5006878,37.24224296
2013,2013-06-12,20,야간,수,1,1,0,0,0,전남,고흥군,차대사람,기타,기타,운전자법규위반,중앙선 침범,교차로,교차로부근,화물차,소형,보행자,보행자,966515,1615308,127.1351172,34.53125091
2012,2012-06-15,10,야간,금,1,1,0,0,0,강원,강릉시,차대차,추돌,진행중 추돌,운전자법규위반,안전운전 의무 불이행,단일로,기타단일로,승용차,중형,농기계,농기계,1115472,1991128,128.8136267,37.91270532
2012,2012-06-14,20,야간,목,1,1,0,0,0,경기,안양시,차대사람,횡단중,횡단중,운전자법규위반,안전운전 의무 불이행,단일로,기타단일로,승용차,중형,보행자,보행자,947620,1934385,126.9021843,37.40230018
2012,2012-03-19,40,주간,월,1,1,0,0,0,충북,청원군,차대사람,기타,기타,운전자법규위반,안전운전 의무 불이행,교차로,교차로내,승합차,중형,보행자,보행자,1008872,1847681,127.5992296,36.62696274
2012,2012-12-03,0,야간,월,1,3,0,2,0,경남,창원시(통합),차대차,추돌,주정차중 추돌,운전자법규위반,안전운전 의무 불이행,단일로,기타단일로,승용차,경형,승용차,중형,1097653,1690253,128.5727838,35.20287012
2012,2012-12-05,30,주간,수,1,2,1,0,0,경북,상주시,차량단독,공작물충돌,공작물충돌,운전자법규위반,안전운전 의무 불이행,단일로,기타단일로,화물차,소형,0,0,1037104,1827801,127.9140313,36.44706522
2012,2012-11-18,12,야간,일,1,2,0,1,0,서울,동대문구,차대사람,기타,기타,운전자법규위반,안전운전 의무 불이행,단일로,기타단일로,승용차,중형,보행자,보행자,962016,1952649,127.0698537,37.572431
2012,2012-10-29,4,야간,월,1,1,0,0,0,경기,안성시,차대차,추돌,주정차중 추돌,운전자법규위반,안전운전 의무 불이행,단일로,기타단일로,승용차,소형,건설기계,건설기계,978586,1898887,127.2590496,37.08836325
2012,2012-10-31,20,주간,수,1,1,0,0,0,경북,의성군,차량단독,도로이탈,도로이탈 기타,운전자법규위반,안전운전 의무 불이행,단일로,기타단일로,이륜차,사발이,0,0,1092941,1823371,128.5365025,36.40334735
2012,2012-11-01,40,주간,목,1,1,0,0,0,경북,의성군,차량단독,전도전복,전도전복,운전자법규위반,안전운전 의무 불이행,단일로,기타단일로,이륜차,소형,0,0,1080332,1824641,128.3961432,36.41591414
2012,2012-09-03,20,야간,월,1,3,2,0,0,광주,북구,차대차,정면충돌,정면충돌,운전자법규위반,중앙선 침범,단일로,기타단일로,승용차,중형,승용차,중형,941922,1686500,126.862547,35.17209494
2012,2012-09-15,40,야간,토,1,1,0,0,0,전남,여수시,차량단독,공작물충돌,공작물충돌,운전자법규위반,안전운전 의무 불이행,교차로,교차로내,승용차,중형,0,0,1010313,1633259,127.612599,34.69362637
2012,2012-09-26,30,주간,수,1,1,0,0,0,경북,포항시,차대사람,횡단중,횡단중,운전자법규위반,중앙선 침범,단일로,기타단일로,화물차,중형,보행자,보행자,1168198,1781387,129.3664666,36.01480742
2012,2012-11-24,25,주간,토,1,1,0,0,0,대전,대덕구,차대사람,횡단중,횡단중,운전자법규위반,안전운전 의무 불이행,단일로,기타단일로,화물차,소형,보행자,보행자,993656,1827299,127.4290238,36.44238002
2014,2014-10-26,35,야간,일,1,1,0,0,0,경북,칠곡군,차대사람,기타,기타,운전자법규위반,안전운전 의무 불이행,단일로,기타단일로,승용차,대형,보행자,보행자,1076142,1785614,128.3455034,36.06446203
2014,2014-10-26,30,야간,일,1,1,0,0,0,전북,고창군,차대차,추돌,진행중 추돌,운전자법규위반,과속,단일로,기타단일로,승용차,중형,농기계,농기계,914106,1715563,126.5532158,35.43237433
2014,2014-10-27,40,야간,월,1,1,0,0,0,경기,평택시,차대차,기타,기타,운전자법규위반,안전운전 의무 불이행,단일로,기타단일로,승용차,중형,승용차,중형,955635,1890670,127.0012964,37.01348931
2014,2014-10-26,40,야간,일,1,1,0,0,0,경기,양평군,차대차,추돌,진행중 추돌,운전자법규위반,안전운전 의무 불이행,단일로,기타단일로,원동기장치자전거,원동기장치자전거,농기계,농기계,1023143,1934994,127.7615274,37.41378894
2014,2014-10-24,45,주간,금,1,1,0,0,0,전남,곡성군,차량단독,공작물충돌,공작물충돌,운전자법규위반,안전운전 의무 불이행,교차로,교차로내,승용차,중형,0,0,972225,1694432,127.19471,35.24492006
2014,2014-10-31,15,야간,금,1,1,0,0,0,경북,문경시,차량단독,도로이탈,도로이탈 추락,운전자법규위반,안전운전 의무 불이행,기타/불명,기타/불명,승용차,중형,0,0,1058556,1849570,128.1550492,36.64223239
2014,2014-10-31,12,주간,금,1,2,1,0,0,전북,전주시,차대사람,기타,기타,운전자법규위반,안전운전 의무 불이행,단일로,기타단일로,화물차,소형,보행자,보행자,965910,1758492,127.1225778,35.82321137
2014,2014-10-30,12,주간,목,1,2,0,1,0,인천,동구,차대차,기타,기타,운전자법규위반,안전거리 미확보,교차로,교차로내,승용차,중형,화물차,대형,923103,1943312,126.6301996,37.48585262
2014,2014-10-29,30,주간,수,1,1,0,0,0,경기,시흥시,차대사람,횡단중,횡단중,운전자법규위반,안전운전 의무 불이행,교차로,교차로부근,화물차,소형,보행자,보행자,928151,1927627,126.6888194,37.34489202
2014,2014-10-30,25,야간,목,1,2,1,0,0,경기,용인시,차대사람,횡단중,횡단중,운전자법규위반,보행자 보호의무 위반,교차로,교차로내,승용차,중형,보행자,보행자,963535,1924797,127.0884326,37.32144804
2014,2014-10-28,35,야간,화,1,1,0,0,0,강원,원주시,차량단독,공작물충돌,공작물충돌,운전자법규위반,안전운전 의무 불이행,교차로,교차로부근,승용차,경형,0,0,1040406,1934297,127.9565653,37.40691405
2014,2014-10-28,15,주간,화,1,1,0,0,0,경북,상주시,차대차,측면직각충돌,측면직각충돌,운전자법규위반,교차로 통행방법 위반,교차로,교차로내,화물차,중형,원동기장치자전거,원동기장치자전거,1060614,1840798,128.1775249,36.56191057
2014,2014-11-18,30,야간,화,1,1,0,0,0,충남,당진시,차량단독,전도전복,전도전복,운전자법규위반,안전운전 의무 불이행,단일로,기타단일로,승용차,대형,0,0,935643,1876064,126.7660833,36.88352557
2014,2014-11-18,5,야간,화,1,1,0,0,0,경기,포천시,차대사람,횡단중,횡단중,운전자법규위반,과속,단일로,기타단일로,승용차,중형,보행자,보행자,982603,1987402,127.3021557,37.88628814
2014,2014-11-19,35,주간,수,1,1,0,0,0,전남,강진군,차대사람,횡단중,횡단중,운전자법규위반,과속,단일로,기타단일로,화물차,대형,보행자,보행자,928602,1613678,126.7221443,34.51461979
2014,2014-11-19,50,야간,수,1,1,0,0,0,대구,동구,차대사람,기타,기타,운전자법규위반,안전운전 의무 불이행,교차로,교차로내,승용차,중형,보행자,보행자,1100092,1765197,128.6013345,35.87580023
2014,2014-11-19,41,야간,수,1,1,0,0,0,경남,거제시,차대사람,기타,기타,운전자법규위반,안전운전 의무 불이행,단일로,기타단일로,승용차,중형,보행자,보행자,1102531,1655175,128.6227016,34.88644249
2014,2014-10-07,58,야간,화,1,1,0,0,0,충남,아산시,차대사람,횡단중,횡단중,운전자법규위반,안전운전 의무 불이행,단일로,기타단일로,승용차,중형,보행자,보행자,963865,1870500,127.0947702,36.83202315
2014,2014-10-09,40,야간,목,1,4,0,3,0,세종,세종,차대차,정면충돌,정면충돌,운전자법규위반,중앙선 침범,단일로,기타단일로,원동기장치자전거,원동기장치자전거,승용차,소형,988238,1835627,127.3686313,36.51826396
2014,2014-10-10,30,주간,금,1,1,0,0,0,세종,세종,차량단독,전도전복,전도전복,운전자법규위반,안전운전 의무 불이행,교차로,교차로내,농기계,농기계,0,0,974331,1845717,127.2129702,36.60895292
2014,2014-10-07,30,야간,화,1,1,0,0,0,경북,경산시,차량단독,공작물충돌,공작물충돌,운전자법규위반,안전운전 의무 불이행,단일로,기타단일로,승용차,소형,0,0,1119461,1767672,128.8237316,35.89838341
2014,2014-10-16,10,야간,목,1,1,0,0,0,울산,울주군,차량단독,공작물충돌,공작물충돌,운전자법규위반,안전운전 의무 불이행,단일로,기타단일로,이륜차,소형,0,0,1158490,1731165,129.2488381,35.56383348
2014,2014-10-13,50,주간,월,1,3,0,2,0,강원,횡성군,차량단독,도로이탈,도로이탈 추락,운전자법규위반,안전운전 의무 불이행,단일로,기타단일로,농기계,농기계,0,0,1041384,1948211,127.9585808,37.53107453
2014,2014-10-16,47,주간,목,1,2,1,0,0,전북,진안군,차대차,추돌,주정차중 추돌,운전자법규위반,과속,단일로,기타단일로,화물차,소형,화물차,중형,998759,1764055,127.4862526,35.8730675
2014,2014-10-15,10,주간,수,1,1,0,0,0,대구,북구,차량단독,전도전복,전도전복,운전자법규위반,안전운전 의무 불이행,지하도로내,지하도로내,원동기장치자전거,원동기장치자전거,0,0,1099187,1769583,128.5993723,35.9245654
2014,2014-10-11,5,야간,토,1,10,3,6,0,전남,담양군,차대차,측면직각충돌,측면직각충돌,운전자법규위반,신호위반,교차로,교차로내,승합차,소형,화물차,소형,952186,1702054,126.9740129,35.31288893
2014,2014-10-13,10,야간,월,1,1,0,0,0,경기,수원시,차대사람,기타,기타,운전자법규위반,안전운전 의무 불이행,단일로,기타단일로,승용차,소형,보행자,보행자,957160,1919845,127.0167681,37.2765403
2014,2014-10-21,15,야간,화,1,1,0,0,0,경기,성남시,차대사람,보도통행중,보도통행중,운전자법규위반,신호위반,단일로,횡단보도상,승합차,대형,보행자,보행자,968910,1935113,127.1486639,37.4146288
2014,2014-10-20,4,주간,월,1,1,0,0,0,전북,완주군,차대사람,횡단중,횡단중,운전자법규위반,안전운전 의무 불이행,단일로,기타단일로,화물차,소형,보행자,보행자,975799,1747390,127.2324153,35.72251501
2014,2014-10-17,0,주간,금,1,1,0,0,0,전남,순천시,차대사람,기타,기타,운전자법규위반,안전운전 의무 불이행,단일로,기타단일로,승용차,소형,보행자,보행자,996555,1661712,127.4622701,34.95025333
2014,2014-10-26,50,야간,일,1,1,0,0,0,전북,정읍시,차대차,추돌,진행중 추돌,운전자법규위반,안전운전 의무 불이행,단일로,기타단일로,화물차,소형,농기계,농기계,932018,1735922,126.7493332,35.61707349
2014,2014-10-26,25,야간,일,1,1,0,0,0,경기,포천시,차대사람,횡단중,횡단중,운전자법규위반,안전운전 의무 불이행,단일로,기타단일로,승용차,경형,보행자,보행자,969095,1980918,127.1488177,37.82748978
2014,2014-10-25,15,야간,토,1,1,0,0,0,부산,남구,차대사람,횡단중,횡단중,운전자법규위반,안전운전 의무 불이행,단일로,횡단보도상,승용차,중형,보행자,보행자,1142724,1684195,129.066732,35.1428666
2014,2014-10-25,30,주간,토,1,2,0,1,0,경북,경주시,차대차,추돌,진행중 추돌,운전자법규위반,안전운전 의무 불이행,단일로,기타단일로,승용차,대형,건설기계,건설기계,1145423,1762631,129.1104002,35.84943619
2014,2014-10-22,15,주간,수,3,4,1,0,0,경기,양평군,차대차,기타,기타,운전자법규위반,중앙선 침범,단일로,기타단일로,승용차,대형,승용차,대형,987159,1948615,127.3546523,37.53676442
2014,2014-10-24,15,주간,금,1,3,1,1,0,경남,김해시,차대차,측면직각충돌,측면직각충돌,운전자법규위반,직진 및 우회전차의 통행방해,교차로,교차로내,이륜차,소형,승합차,대형,1124796,1692917,128.871304,35.22387635
2014,2014-10-23,0,야간,목,1,1,0,0,0,경북,경주시,차대사람,기타,기타,운전자법규위반,안전운전 의무 불이행,단일로,교량위,화물차,소형,보행자,보행자,1165998,1743905,129.334268,35.67741492
2013,2013-06-20,35,야간,목,1,1,0,0,0,경북,칠곡군,차대사람,길가장자리구역통행중,길가장자리구역통행중,운전자법규위반,안전운전 의무 불이행,단일로,기타단일로,승용차,대형,보행자,보행자,1083775,1777556,128.4293992,35.99119371
2013,2013-06-21,10,야간,금,1,1,0,0,0,경북,경산시,차량단독,전도전복,전도전복,운전자법규위반,안전운전 의무 불이행,교차로,교차로내,승용차,소형,0,0,1112162,1752367,128.7407203,35.76128718
2013,2013-07-05,20,주간,금,1,1,0,0,0,충남,논산시,차대차,기타,기타,운전자법규위반,교차로 통행방법 위반,교차로,교차로내,화물차,소형,자전거,자전거,964062,1804184,127.1000695,36.23419744
2013,2013-07-05,40,주간,금,1,1,0,0,0,경기,시흥시,차대차,측면직각충돌,측면직각충돌,운전자법규위반,차로위반(진로변경 위반),단일로,기타단일로,원동기장치자전거,원동기장치자전거,승용차,소형,933497,1927172,126.7489861,37.34120609
2013,2013-07-12,20,야간,금,1,1,0,0,0,충북,청원군,차량단독,기타,기타,운전자법규위반,안전운전 의무 불이행,교차로,교차로부근,이륜차,사발이,0,0,1001041,1841898,127.5116353,36.57486954
2013,2013-07-12,50,주간,금,1,1,0,0,0,전남,순천시,차대차,측면직각충돌,측면직각충돌,운전자법규위반,신호위반,교차로,교차로내,건설기계,건설기계,이륜차,소형,997752,1667690,127.476448,35.00621123
2013,2013-06-26,45,주간,수,1,1,0,0,0,경기,파주시,차량단독,기타,기타,운전자법규위반,안전운전 의무 불이행,고가도로위,고가도로위,이륜차,사발이,0,0,930988,1969954,126.7109645,37.72572675
2013,2013-06-25,0,주간,화,1,1,0,0,0,경북,예천군,차대차,기타,기타,운전자법규위반,과속,단일로,기타단일로,승용차,소형,원동기장치자전거,원동기장치자전거,1069156,1833885,128.2722103,36.50013272
2013,2013-06-24,20,야간,월,1,2,1,0,0,대구,달성군,차대사람,횡단중,횡단중,운전자법규위반,보행자 보호의무 위반,교차로,교차로내,원동기장치자전거,원동기장치자전거,보행자,보행자,1089023,1765823,128.4862979,35.88495914
2013,2013-06-25,10,주간,화,1,2,1,0,0,경남,창원시(통합),차대차,추돌,진행중 추돌,운전자법규위반,안전운전 의무 불이행,단일로,기타단일로,화물차,대형,특수차,대형,1112184,1680181,128.7310171,35.11055049
2013,2013-06-24,59,주간,월,1,2,1,0,0,충북,영동군,차대차,정면충돌,정면충돌,운전자법규위반,중앙선 침범,단일로,기타단일로,화물차,중형,승용차,중형,1009251,1792447,127.602811,36.12900481
2013,2013-07-04,20,야간,목,1,1,0,0,0,전북,군산시,차량단독,공작물충돌,공작물충돌,운전자법규위반,안전운전 의무 불이행,단일로,기타단일로,화물차,소형,0,0,921106,1774768,126.6236733,35.9660969
2013,2013-01-06,50,주간,일,1,1,0,0,0,경남,거창군,차량단독,전도전복,전도전복,운전자법규위반,안전운전 의무 불이행,기타/불명,기타/불명,농기계,농기계,0,0,1038721,1730695,127.9273232,35.5715251
2013,2013-02-13,33,야간,수,1,1,0,0,0,전북,전주시,차대사람,보도통행중,보도통행중,운전자법규위반,보행자 보호의무 위반,단일로,기타단일로,승용차,중형,보행자,보행자,966837,1759800,127.1328121,35.83414359
2013,2013-02-08,30,야간,금,1,2,1,0,0,전북,익산시,차량단독,전도전복,전도전복,운전자법규위반,안전운전 의무 불이행,단일로,기타단일로,승용차,중형,0,0,955738,1785661,127.0252201,36.0572175
2013,2013-01-09,57,야간,수,1,1,0,0,0,부산,수영구,차량단독,기타,기타,운전자법규위반,안전운전 의무 불이행,단일로,기타단일로,원동기장치자전거,원동기장치자전거,0,0,1147854,1686833,129.1215685,35.16735011
2013,2013-04-25,40,주간,목,1,1,0,0,0,충북,보은군,차량단독,기타,기타,운전자법규위반,안전운전 의무 불이행,단일로,기타단일로,승용차,중형,0,0,1011204,1830967,127.6250689,36.47625996
2013,2013-07-08,40,야간,월,1,5,3,1,0,대구,북구,차대차,기타,기타,운전자법규위반,중앙선 침범,단일로,기타단일로,화물차,대형,승용차,소형,1101857,1769538,128.6289399,35.91719578