발생년,발생년월일시분,발생분,주야,요일,사망자수,사상자수,중상자수,경상자수,부상신고자수,발생지시도,발생지시군구,사고유형_대분류,사고유형_중분류,사고유형,법규위반_대분류,법규위반,도로형태_대분류,도로형태,당사자종별_1당_대분류,당사자종별_1당,당사자종별_2당_대분류,당사자종별_2당,발생위치X_UTMK,발생위치Y_UTMK,경도,위도
2013,2013-11-28,30,주간,목,1,2,0,1,0,전북,군산시,차대차,측면직각충돌,측면직각충돌,운전자법규위반,중앙선 침범,단일로,교량위,화물차,소형,특수차,소형,932144,1780267,126.7469584,36.01687194
2013,2013-03-12,7,주간,화,1,1,0,0,0,인천,남동구,차대사람,기타,기타,운전자법규위반,안전운전 의무 불이행,단일로,기타단일로,승용차,소형,보행자,보행자,932428,1939558,126.7360122,37.45274758
2013,2013-07-11,10,야간,목,1,1,0,0,0,서울,금천구,차대사람,기타,기타,운전자법규위반,안전운전 의무 불이행,단일로,기타단일로,승용차,중형,보행자,보행자,946781,1941588,126.8981195,37.47239479
2013,2013-08-17,0,주간,토,1,1,0,0,0,울산,울주군,차대차,정면충돌,정면충돌,운전자법규위반,중앙선 침범,단일로,기타단일로,이륜차,소형,승용차,중형,1161710,1737427,129.2856067,35.61974712
2013,2013-10-11,15,주간,금,1,2,1,0,0,전남,광양시,차대차,정면충돌,정면충돌,운전자법규위반,중앙선 침범,단일로,기타단일로,화물차,소형,승용차,중형,1008335,1667670,127.5913452,35.00395094
2013,2013-09-25,7,주간,수,1,1,0,0,0,전북,전주시,차대차,기타,기타,운전자법규위반,안전운전 의무 불이행,교차로,교차로부근,화물차,대형,자전거,자전거,967351,1757801,127.1385848,35.8161378
2013,2013-09-27,40,야간,금,1,1,0,0,0,충북,영동군,차대차,기타,기타,운전자법규위반,안전운전 의무 불이행,단일로,기타단일로,화물차,소형,건설기계,건설기계,1022144,1793930,127.7461384,36.14216635
2013,2013-09-26,20,야간,목,1,1,0,0,0,충남,서천군,차대사람,횡단중,횡단중,운전자법규위반,안전운전 의무 불이행,기타/불명,기타/불명,승용차,중형,보행자,보행자,930444,1781099,126.7280207,36.02425257
2013,2013-10-03,30,야간,목,1,1,0,0,0,전북,익산시,차대차,정면충돌,정면충돌,운전자법규위반,중앙선 침범,단일로,기타단일로,이륜차,소형,승용차,소형,947490,1785731,126.9168906,36.06708053
2014,2014-06-26,0,야간,목,1,1,0,0,0,경북,울진군,차량단독,전도전복,전도전복,운전자법규위반,안전운전 의무 불이행,단일로,기타단일로,이륜차,소형,0,0,1176472,1864882,129.4772004,36.76563574
2012,2012-04-04,35,주간,수,1,4,1,2,0,경기,남양주시,차대차,측면직각충돌,측면직각충돌,운전자법규위반,신호위반,단일로,터널안,화물차,중형,승합차,소형,979526,1956593,127.2680885,37.60847305
2012,2012-04-03,18,주간,화,1,3,1,1,0,전남,광양시,차대차,추돌,진행중 추돌,운전자법규위반,차로위반(진로변경 위반),단일로,기타단일로,화물차,대형,화물차,대형,1025087,1665875,127.7748788,34.98748783
2012,2012-06-18,25,야간,월,1,1,0,0,0,경기,용인시,차대차,추돌,진행중 추돌,운전자법규위반,안전운전 의무 불이행,단일로,기타단일로,승용차,중형,화물차,소형,973193,1918201,127.1976754,37.26232156
2012,2012-09-29,10,주간,토,1,7,0,6,0,경기,시흥시,차대차,추돌,진행중 추돌,운전자법규위반,안전운전 의무 불이행,단일로,기타단일로,화물차,경형,승용차,중형,942963,1931633,126.8552161,37.38514371
2012,2012-09-26,3,주간,수,1,1,0,0,0,충북,옥천군,차대사람,기타,기타,운전자법규위반,안전운전 의무 불이행,단일로,기타단일로,화물차,소형,보행자,보행자,1003080,1814911,127.534318,36.33157037
2012,2012-05-15,0,야간,화,1,1,0,0,0,전북,전주시,차대사람,횡단중,횡단중,운전자법규위반,안전운전 의무 불이행,단일로,기타단일로,승용차,소형,보행자,보행자,962453,1755499,127.0823856,35.79473166
2012,2012-04-17,18,주간,화,1,1,0,0,0,서울,도봉구,차대사람,기타,기타,운전자법규위반,안전운전 의무 불이행,단일로,기타단일로,승용차,중형,보행자,보행자,960002,1962590,127.0465031,37.66194596
2012,2012-03-17,45,야간,토,1,1,0,0,0,대전,동구,차대사람,횡단중,횡단중,운전자법규위반,과속,단일로,기타단일로,승용차,중형,보행자,보행자,994539,1815346,127.4391273,36.33522006
2012,2012-02-28,50,야간,화,1,1,0,0,0,경북,군위군,차대사람,횡단중,횡단중,운전자법규위반,안전운전 의무 불이행,교차로,교차로부근,승용차,소형,보행자,보행자,1097011,1793354,128.5781589,36.13237356
2012,2012-12-27,0,야간,목,1,1,0,0,0,경기,양주시,차대사람,보도통행중,보도통행중,운전자법규위반,안전운전 의무 불이행,교차로,교차로내,승용차,중형,보행자,보행자,960847,1982523,127.0495657,37.83962614
2012,2012-12-03,51,야간,월,1,1,0,0,0,경기,용인시,차대사람,횡단중,횡단중,운전자법규위반,안전운전 의무 불이행,단일로,기타단일로,승용차,중형,보행자,보행자,974412,1914968,127.211534,37.2332138
2012,2012-09-23,32,주간,일,1,2,1,0,0,경북,군위군,차량단독,기타,기타,운전자법규위반,안전운전 의무 불이행,단일로,기타단일로,원동기장치자전거,원동기장치자전거,0,0,1095633,1805706,128.5643521,36.24385262
2012,2012-08-14,20,야간,화,2,6,1,3,0,울산,북구,차대차,측면직각충돌,측면직각충돌,운전자법규위반,신호위반,교차로,교차로내,승합차,대형,승용차,중형,1167421,1738052,129.3487685,35.62442855
2012,2012-08-25,55,주간,토,1,1,0,0,0,전남,화순군,차대차,추돌,진행중 추돌,운전자법규위반,안전운전 의무 불이행,단일로,터널안,승용차,중형,농기계,농기계,968296,1680428,127.1520635,35.1185293
2012,2012-10-28,40,야간,일,1,1,0,0,0,경기,남양주시,차대사람,횡단중,횡단중,운전자법규위반,안전운전 의무 불이행,단일로,횡단보도상,승용차,중형,보행자,보행자,973215,1955253,127.1965785,37.5962959
2012,2012-10-25,40,주간,목,1,1,0,0,0,대구,북구,차대차,기타,기타,운전자법규위반,안전운전 의무 불이행,단일로,기타단일로,건설기계,건설기계,자전거,자전거,1096616,1767839,128.5706538,35.90241224
2012,2012-10-07,40,야간,일,1,1,0,0,0,경남,진주시,차대사람,횡단중,횡단중,운전자법규위반,안전운전 의무 불이행,단일로,기타단일로,승용차,중형,보행자,보행자,1056163,1688268,128.0936976,35.17896284
2012,2012-07-27,10,야간,금,1,1,0,0,0,대구,중구,차대차,기타,기타,운전자법규위반,신호위반,교차로,교차로내,승용차,중형,자전거,자전거,1098180,1764689,128.5876958,35.87238138
2012,2012-08-02,30,주간,목,1,1,0,0,0,강원,춘천시,차대차,측면직각충돌,측면직각충돌,운전자법규위반,중앙선 침범,단일로,기타단일로,이륜차,소형,승용차,대형,1016698,1987909,127.6899069,37.89087083
2012,2012-06-12,18,야간,화,1,1,0,0,0,전남,나주시,차대사람,횡단중,횡단중,운전자법규위반,신호위반,교차로,교차로부근,승용차,중형,보행자,보행자,931806,1671401,126.7536941,35.03536118
2013,2013-01-24,0,주간,목,1,1,0,0,0,전북,전주시,차량단독,전도전복,전도전복,운전자법규위반,안전운전 의무 불이행,단일로,기타단일로,화물차,소형,0,0,968819,1764318,127.1545802,35.87494291
2013,2013-01-28,49,주간,월,1,1,0,0,0,충남,당진시,차대차,측면직각충돌,측면직각충돌,운전자법규위반,안전운전 의무 불이행,단일로,기타단일로,승용차,경형,건설기계,건설기계,935406,1881670,126.7608997,36.92032796
2012,2012-10-17,56,야간,수,1,1,0,0,0,서울,강서구,차대사람,횡단중,횡단중,운전자법규위반,신호위반,단일로,기타단일로,승용차,대형,보행자,보행자,944165,1950179,126.8678993,37.54925921
2013,2013-01-30,35,야간,수,1,1,0,0,0,충북,청원군,차대사람,횡단중,횡단중,운전자법규위반,안전운전 의무 불이행,단일로,기타단일로,승합차,대형,보행자,보행자,1011429,1845886,127.6278017,36.61075359
2013,2013-01-07,25,야간,월,1,1,0,0,0,충북,옥천군,차대사람,횡단중,횡단중,운전자법규위반,안전운전 의무 불이행,단일로,기타단일로,화물차,소형,보행자,보행자,1003179,1814753,127.5354204,36.3301456
2013,2013-02-11,30,야간,월,1,1,0,0,0,경북,김천시,차대차,기타,기타,운전자법규위반,안전운전 의무 불이행,단일로,교량위,승용차,중형,승용차,경형,1065266,1795797,128.2255864,36.1570533
2013,2013-02-12,20,야간,화,1,1,0,0,0,인천,서구,차대사람,횡단중,횡단중,운전자법규위반,안전운전 의무 불이행,교차로,교차로부근,승합차,대형,보행자,보행자,926809,1944938,126.6718761,37.50071511
2013,2013-02-18,30,야간,월,1,1,0,0,0,제주,서귀포시,차량단독,공작물충돌,공작물충돌,운전자법규위반,안전운전 의무 불이행,교차로,교차로부근,승용차,경형,0,0,911544,1473917,126.5503926,33.25295432
2013,2013-05-03,7,야간,금,1,3,0,2,0,인천,남구,차대차,기타,기타,운전자법규위반,중앙선 침범,단일로,기타단일로,이륜차,대형,승용차,중형,924767,1940037,126.6493541,37.45647304
2013,2013-11-10,0,주간,일,1,1,0,0,0,경기,고양시,차대사람,횡단중,횡단중,운전자법규위반,보행자 보호의무 위반,교차로,교차로내,승용차,대형,보행자,보행자,935698,1965441,126.7707104,37.68619679
2013,2013-11-07,50,야간,목,1,3,0,2,0,충남,논산시,차대사람,횡단중,횡단중,운전자법규위반,안전운전 의무 불이행,단일로,기타단일로,승용차,소형,보행자,보행자,964762,1805234,127.1078119,36.24368937
2014,2014-10-22,30,주간,수,2,3,1,0,0,경북,예천군,차량단독,도로이탈,도로이탈 기타,운전자법규위반,안전운전 의무 불이행,단일로,기타단일로,승용차,대형,0,0,1091899,1858915,128.5291248,36.72382846
2014,2014-10-22,18,주간,수,1,1,0,0,0,경남,창원시(통합),차대사람,횡단중,횡단중,운전자법규위반,안전운전 의무 불이행,교차로,교차로내,화물차,소형,보행자,보행자,1103920,1695297,128.640561,35.24987578
2014,2014-10-31,12,야간,금,1,1,0,0,0,경기,평택시,차량단독,공작물충돌,공작물충돌,운전자법규위반,안전운전 의무 불이행,단일로,기타단일로,승합차,경형,0,0,947092,1888194,126.9054433,36.99072843
2014,2014-10-28,55,주간,화,1,1,0,0,0,서울,성동구,차대사람,기타,기타,운전자법규위반,안전운전 의무 불이행,단일로,기타단일로,자전거,자전거,보행자,보행자,960662,1949460,127.054692,37.54363071
2014,2014-09-03,40,야간,수,1,1,0,0,0,서울,양천구,차대사람,횡단중,횡단중,운전자법규위반,안전운전 의무 불이행,단일로,기타단일로,화물차,소형,보행자,보행자,940862,1949116,126.8305944,37.53947232
2014,2014-09-02,10,야간,화,1,1,0,0,0,서울,광진구,차대사람,횡단중,횡단중,운전자법규위반,과속,단일로,기타단일로,승용차,중형,보행자,보행자,963445,1950663,127.0861349,37.55458837
2014,2014-09-15,5,주간,월,1,1,0,0,0,전남,화순군,차대차,정면충돌,정면충돌,운전자법규위반,중앙선 침범,단일로,기타단일로,승용차,대형,원동기장치자전거,원동기장치자전거,948433,1668609,126.9389609,35.01128227
2014,2014-09-14,12,야간,일,1,1,0,0,0,경기,안산시,차대사람,기타,기타,운전자법규위반,안전운전 의무 불이행,교차로,교차로부근,승용차,중형,보행자,보행자,942193,1926211,126.8480572,37.3339065
2014,2014-09-21,59,야간,일,1,2,1,0,0,전북,전주시,차대차,기타,기타,운전자법규위반,신호위반,교차로,교차로내,승용차,중형,이륜차,중형,968817,1761882,127.1546534,35.85297991
2014,2014-09-21,15,주간,일,1,1,0,0,0,경남,진주시,차대사람,기타,기타,운전자법규위반,안전운전 의무 불이행,교차로,교차로부근,승용차,중형,보행자,보행자,1055339,1685028,128.1076175,35.15898424
2014,2014-09-21,20,야간,일,1,1,0,0,0,전북,완주군,차대차,기타,기타,운전자법규위반,안전운전 의무 불이행,교차로,교차로내,승용차,소형,자전거,자전거,967151,1770292,127.135856,35.92874941
2014,2014-09-23,20,주간,화,2,3,1,0,0,충남,천안시,차대차,정면충돌,정면충돌,운전자법규위반,신호위반,교차로,교차로내,승합차,대형,승합차,소형,970385,1862989,127.1681786,36.76454132
2014,2014-09-23,25,주간,화,1,1,0,0,0,경북,의성군,차대차,추돌,진행중 추돌,운전자법규위반,안전운전 의무 불이행,단일로,기타단일로,화물차,소형,자전거,자전거,1113212,1815389,128.761363,36.32922826
2014,2014-09-23,35,야간,화,1,1,0,0,0,충북,청주시,차대사람,기타,기타,운전자법규위반,보행자 보호의무 위반,교차로,교차로내,승용차,중형,보행자,보행자,997283,1850859,127.4696002,36.65564977
2014,2014-09-23,30,주간,화,1,1,0,0,0,경남,밀양시,차대사람,길가장자리구역통행중,길가장자리구역통행중,운전자법규위반,안전운전 의무 불이행,단일로,기타단일로,화물차,소형,보행자,보행자,1117282,1723826,128.7931932,35.50341579
2014,2014-09-22,30,야간,월,1,1,0,0,0,경기,화성시,차대사람,길가장자리구역통행중,길가장자리구역통행중,운전자법규위반,안전운전 의무 불이행,단일로,기타단일로,승용차,중형,보행자,보행자,931345,1909976,126.7265058,37.18604179
2014,2014-09-16,38,야간,화,1,1,0,0,0,경북,안동시,차대사람,횡단중,횡단중,운전자법규위반,안전운전 의무 불이행,단일로,기타단일로,승용차,소형,보행자,보행자,1108647,1841399,128.7141602,36.56418867
2014,2014-09-18,50,주간,목,1,1,0,0,0,경북,문경시,차량단독,도로이탈,도로이탈 추락,운전자법규위반,안전운전 의무 불이행,단일로,기타단일로,원동기장치자전거,원동기장치자전거,0,0,1040418,1845756,127.9619593,36.60705096
2014,2014-08-17,52,야간,일,1,2,0,1,0,서울,도봉구,차대사람,횡단중,횡단중,운전자법규위반,과속,교차로,교차로부근,승용차,중형,보행자,보행자,959916,1964649,127.0454149,37.68050023
2014,2014-08-15,20,야간,금,1,1,0,0,0,경북,상주시,차대사람,횡단중,횡단중,운전자법규위반,안전운전 의무 불이행,단일로,기타단일로,화물차,소형,보행자,보행자,1058758,1842194,128.1567447,36.57572951
2014,2014-08-18,25,주간,월,1,1,0,0,0,강원,춘천시,차대차,정면충돌,정면충돌,운전자법규위반,중앙선 침범,교차로,교차로부근,화물차,소형,원동기장치자전거,원동기장치자전거,1017840,1998698,127.7031623,37.98808973
2014,2014-08-25,5,야간,월,1,1,0,0,0,경남,김해시,차대사람,횡단중,횡단중,운전자법규위반,안전운전 의무 불이행,단일로,기타단일로,화물차,소형,보행자,보행자,1124346,1698038,128.8671353,35.27009551
2014,2014-08-26,15,주간,화,1,1,0,0,0,경남,합천군,차대사람,횡단중,횡단중,운전자법규위반,보행자 보호의무 위반,단일로,횡단보도상,화물차,소형,보행자,보행자,1060102,1730386,128.1632484,35.56767187
2014,2014-08-26,30,주간,화,1,2,1,0,0,충북,영동군,차량단독,도로이탈,도로이탈 추락,운전자법규위반,안전운전 의무 불이행,단일로,기타단일로,원동기장치자전거,원동기장치자전거,0,0,1037414,1794893,127.9210383,36.14852208
2014,2014-08-25,13,야간,월,1,4,2,1,0,강원,고성군,차대차,추돌,주정차중 추돌,운전자법규위반,안전운전 의무 불이행,단일로,기타단일로,승용차,중형,승용차,중형,1089436,2037405,128.5232913,38.33265331
2014,2014-09-02,30,주간,화,1,3,2,0,0,제주,제주시,차대차,기타,기타,운전자법규위반,안전운전 의무 불이행,단일로,기타단일로,승용차,경형,화물차,중형,898376,1498956,126.4062282,33.47760145
2014,2014-08-31,0,야간,일,1,1,0,0,0,부산,진구,차대사람,기타,기타,운전자법규위반,안전운전 의무 불이행,교차로,교차로내,승용차,중형,보행자,보행자,1138465,1685061,129.0201395,35.15126816
2014,2014-09-06,40,야간,토,1,1,0,0,0,경남,김해시,차대사람,보도통행중,보도통행중,운전자법규위반,보행자 보호의무 위반,단일로,기타단일로,승용차,중형,보행자,보행자,1117847,1687923,128.7942492,35.17969711
2014,2014-09-06,16,야간,토,1,1,0,0,0,충북,괴산군,차대차,추돌,진행중 추돌,운전자법규위반,과속,단일로,기타단일로,화물차,소형,자전거,자전거,1044223,1863321,127.9961395,36.76705261
2014,2014-09-03,0,주간,수,1,1,0,0,0,경남,김해시,차량단독,공작물충돌,공작물충돌,운전자법규위반,안전운전 의무 불이행,단일로,기타단일로,승용차,중형,0,0,1124940,1701412,128.8741783,35.30043619
2014,2014-09-15,15,야간,월,1,1,0,0,0,서울,광진구,차량단독,전도전복,전도전복,운전자법규위반,기타(운전자법규위반),단일로,기타단일로,원동기장치자전거,원동기장치자전거,0,0,963227,1949151,127.0836768,37.54098192
2014,2014-09-14,10,야간,일,1,1,0,0,0,경기,안산시,차대사람,횡단중,횡단중,운전자법규위반,안전운전 의무 불이행,교차로,교차로부근,승용차,중형,보행자,보행자,917494,1920037,126.5693132,37.27559865
2014,2014-09-15,30,주간,월,1,1,0,0,0,광주,서구,차대사람,기타,기타,운전자법규위반,안전운전 의무 불이행,단일로,기타단일로,화물차,소형,보행자,보행자,942490,1681168,126.8688151,35.12405795
2014,2014-09-19,0,주간,금,1,2,1,0,0,경기,포천시,차대차,추돌,진행중 추돌,운전자법규위반,신호위반,교차로,교차로내,승용차,소형,승용차,중형,971121,1984682,127.171689,37.86148106
2014,2014-09-21,10,야간,일,1,1,0,0,0,대구,동구,차대사람,횡단중,횡단중,운전자법규위반,안전운전 의무 불이행,교차로,교차로부근,승용차,소형,보행자,보행자,1106358,1764939,128.6782032,35.87526014
2014,2014-09-22,0,주간,월,1,1,0,0,0,경북,김천시,차량단독,공작물충돌,공작물충돌,운전자법규위반,안전운전 의무 불이행,단일로,기타단일로,이륜차,중형,0,0,1053764,1793067,128.0975346,36.13314824
2014,2014-09-21,55,야간,일,1,1,0,0,0,울산,중구,차대차,측면직각충돌,측면직각충돌,운전자법규위반,신호위반,교차로,교차로내,이륜차,소형,승용차,중형,1166826,1729916,129.3405219,35.55120841
2014,2014-09-24,39,야간,수,1,4,2,1,0,인천,남동구,차대사람,기타,기타,운전자법규위반,안전운전 의무 불이행,단일로,기타단일로,승합차,중형,보행자,보행자,931118,1939816,126.7211781,37.45497624
2014,2014-10-03,15,야간,금,2,4,1,1,0,경기,시흥시,차대차,기타,기타,운전자법규위반,안전거리 미확보,교차로,교차로부근,특수차,대형,승용차,소형,931020,1929336,126.7210487,37.36051299
2014,2014-09-17,18,주간,수,1,1,0,0,0,인천,부평구,차대사람,횡단중,횡단중,운전자법규위반,보행자 보호의무 위반,교차로,교차로내,화물차,대형,보행자,보행자,929850,1946244,126.7062298,37.51281533
2014,2014-09-18,20,야간,목,1,1,0,0,0,경기,남양주시,차량단독,공작물충돌,공작물충돌,운전자법규위반,안전운전 의무 불이행,단일로,기타단일로,이륜차,중형,0,0,970988,1954645,127.1713755,37.59074821
2014,2014-09-16,55,야간,화,1,1,0,0,0,경기,안양시,차대사람,횡단중,횡단중,운전자법규위반,안전운전 의무 불이행,교차로,교차로부근,원동기장치자전거,원동기장치자전거,보행자,보행자,948684,1933169,126.9202412,37.3962067
2013,2013-06-12,20,주간,수,1,2,0,1,0,제주,제주시,차대차,측면직각충돌,측면직각충돌,운전자법규위반,안전거리 미확보,교차로,교차로부근,이륜차,소형,승합차,대형,915750,1500309,126.5930736,33.49131262
2013,2013-06-27,28,야간,목,1,2,1,0,0,경기,고양시,차대사람,보도통행중,보도통행중,운전자법규위반,안전운전 의무 불이행,단일로,기타단일로,원동기장치자전거,원동기장치자전거,보행자,보행자,940809,1957958,126.82928,37.61916122
2013,2013-06-02,50,주간,일,1,1,0,0,0,충북,충주시,차대사람,길가장자리구역통행중,길가장자리구역통행중,운전자법규위반,안전운전 의무 불이행,교차로,교차로내,승용차,중형,보행자,보행자,1035638,1882830,127.9002362,36.94318933
2013,2013-06-01,0,야간,토,1,1,0,0,0,광주,서구,차대사람,횡단중,횡단중,운전자법규위반,보행자 보호의무 위반,단일로,횡단보도상,승용차,중형,보행자,보행자,941011,1681292,126.8525748,35.12509041
2013,2013-05-30,40,야간,목,1,1,0,0,0,대구,달성군,차대차,측면직각충돌,측면직각충돌,운전자법규위반,안전운전 의무 불이행,단일로,기타단일로,특수차,대형,자전거,자전거,1084723,1746414,128.4366075,35.710368
2013,2013-06-10,8,야간,월,1,2,0,1,0,경기,의정부시,차대차,추돌,진행중 추돌,운전자법규위반,교차로 통행방법 위반,교차로,교차로내,원동기장치자전거,원동기장치자전거,승용차,경형,959294,1972878,127.0379007,37.75464113
2012,2012-09-08,30,야간,토,1,2,1,0,0,경기,김포시,차량단독,공작물충돌,공작물충돌,운전자법규위반,안전운전 의무 불이행,단일로,기타단일로,승용차,중형,0,0,935689,1955355,126.7714959,37.59535696
2012,2012-01-01,15,야간,일,1,1,0,0,0,서울,영등포구,차대사람,횡단중,횡단중,운전자법규위반,안전운전 의무 불이행,단일로,기타단일로,승합차,대형,보행자,보행자,947288,1946929,126.9034859,37.52015053
2013,2013-05-04,40,야간,토,1,2,1,0,0,강원,원주시,차대차,측면직각충돌,측면직각충돌,운전자법규위반,중앙선 침범,단일로,기타단일로,승용차,소형,승용차,소형,1027948,1921903,127.8153316,37.29565734
2013,2013-09-29,40,주간,일,3,5,2,0,0,제주,서귀포시,차대차,측면직각충돌,측면직각충돌,운전자법규위반,안전운전 의무 불이행,교차로,교차로내,건설기계,건설기계,승용차,중형,903252,1478171,126.4609328,33.29060746
2013,2013-10-10,40,주간,목,1,2,1,0,0,경기,고양시,차대차,기타,기타,운전자법규위반,신호위반,단일로,횡단보도상,이륜차,소형,자전거,자전거,936344,1960980,126.7784253,37.64609933
2013,2013-10-18,35,주간,금,1,1,0,0,0,강원,정선군,차대차,추돌,진행중 추돌,운전자법규위반,안전운전 의무 불이행,단일로,기타단일로,건설기계,건설기계,농기계,농기계,1103160,1917692,128.6632477,37.25240495
2013,2013-09-01,30,주간,일,1,2,1,0,0,충북,영동군,차량단독,도로이탈,도로이탈 추락,운전자법규위반,안전운전 의무 불이행,교차로,교차로내,이륜차,소형,0,0,1037063,1807168,127.912591,36.26105671
2013,2013-09-02,40,주간,월,1,1,0,0,0,충북,충주시,차대차,추돌,진행중 추돌,운전자법규위반,신호위반,교차로,교차로내,화물차,중형,승용차,경형,1016050,1889570,127.6803961,37.00448415
2013,2013-05-19,54,주간,일,1,1,0,0,0,경남,양산시,차대사람,횡단중,횡단중,운전자법규위반,안전운전 의무 불이행,단일로,기타단일로,승용차,경형,보행자,보행자,1140783,1710624,129.0499625,35.38136462
2013,2013-05-19,7,야간,일,1,1,0,0,0,경북,울진군,차량단독,공작물충돌,공작물충돌,운전자법규위반,안전운전 의무 불이행,단일로,기타단일로,화물차,소형,0,0,1173973,1867829,129.449889,36.79264877
2013,2013-06-03,20,주간,월,1,4,1,2,0,경북,경주시,차대차,기타,기타,운전자법규위반,안전운전 의무 불이행,기타/불명,기타/불명,화물차,대형,화물차,대형,1157432,1772668,129.2453183,35.93803322
2013,2013-06-13,55,야간,목,1,4,2,1,0,경기,구리시,차대차,측면직각충돌,측면직각충돌,운전자법규위반,안전운전 의무 불이행,교차로,교차로내,승용차,대형,승용차,중형,968143,1954833,127.139142,37.5923486
2013,2013-07-13,15,야간,토,1,1,0,0,0,경기,용인시,차량단독,공작물충돌,공작물충돌,운전자법규위반,안전운전 의무 불이행,교차로,교차로부근,승용차,중형,0,0,972456,1916118,127.1895857,37.24393909
2013,2013-06-26,39,야간,수,1,19,5,13,0,서울,구로구,차대차,추돌,주정차중 추돌,운전자법규위반,안전운전 의무 불이행,단일로,기타단일로,승합차,대형,화물차,대형,944741,1945479,126.8747734,37.50693244
2014,2014-06-27,18,야간,금,1,1,0,0,0,경남,김해시,차대사람,횡단중,횡단중,운전자법규위반,안전운전 의무 불이행,교차로,교차로내,승용차,중형,보행자,보행자,1123566,1694386,128.8580124,35.23727107
2012,2012-05-11,45,야간,금,1,1,0,0,0,서울,은평구,차대사람,횡단중,횡단중,운전자법규위반,안전운전 의무 불이행,단일로,횡단보도상,화물차,소형,보행자,보행자,948821,1958511,126.9200243,37.62462652
2012,2012-01-19,30,주간,목,1,1,0,0,0,경기,양주시,차량단독,공작물충돌,공작물충돌,운전자법규위반,안전운전 의무 불이행,단일로,교량위,승용차,중형,0,0,958658,1976072,127.0271157,37.78502684
2012,2012-01-25,35,야간,수,1,1,0,0,0,전남,나주시,차대사람,기타,기타,운전자법규위반,안전운전 의무 불이행,교차로,교차로내,승용차,중형,보행자,보행자,932650,1669284,126.7617919,35.01629437
2012,2012-12-21,40,주간,금,1,1,0,0,0,경남,고성군,차대차,측면직각충돌,측면직각충돌,운전자법규위반,중앙선 침범,단일로,기타단일로,화물차,소형,자전거,자전거,1063575,1677658,128.1974758,35.09204475
2012,2012-12-25,18,주간,화,1,2,0,1,0,전북,남원시,차대차,정면충돌,정면충돌,운전자법규위반,중앙선 침범,단일로,기타단일로,승용차,경형,승합차,대형,1007700,1718156,127.5848588,35.4591926
2012,2012-05-12,30,주간,토,1,1,0,0,0,경기,고양시,차대차,측면직각충돌,측면직각충돌,운전자법규위반,교차로 통행방법 위반,교차로,교차로내,승용차,경형,자전거,자전거,939264,1958520,126.8117273,37.62412562
2012,2012-08-19,10,야간,일,1,1,0,0,0,경기,의정부시,차량단독,전도전복,전도전복,운전자법규위반,안전운전 의무 불이행,교차로,교차로부근,승용차,소형,0,0,958628,1972171,127.0303806,37.74823907
2012,2012-08-27,55,주간,월,1,1,0,0,0,전북,정읍시,차대차,측면직각충돌,측면직각충돌,운전자법규위반,부당한 회전,단일로,기타단일로,자전거,자전거,화물차,소형,940782,1731477,126.8464264,35.5775616
2012,2012-09-01,15,야간,토,1,1,0,0,0,경남,진주시,차대차,추돌,진행중 추돌,운전자법규위반,안전운전 의무 불이행,단일로,기타단일로,승용차,중형,이륜차,소형,1074185,1684644,128.3144943,35.15430755
2014,2014-04-07,0,주간,월,1,1,0,0,0,경기,광명시,차대차,측면직각충돌,측면직각충돌,운전자법규위반,부당한 회전,교차로,교차로부근,자전거,자전거,화물차,소형,946496,1938214,126.8951572,37.44155495
2014,2014-11-01,45,주간,토,1,1,0,0,0,부산,남구,차대사람,기타,기타,운전자법규위반,안전운전 의무 불이행,단일로,기타단일로,승합차,소형,보행자,보행자,1144528,1682060,129.0861551,35.12336456
2014,2014-09-25,0,야간,목,1,1,0,0,0,전남,순천시,차대사람,차도통행중,차도통행중,운전자법규위반,안전운전 의무 불이행,단일로,기타단일로,승용차,중형,보행자,보행자,994447,1651814,127.4392489,34.86098798
2014,2014-09-20,0,주간,토,1,1,0,0,0,서울,강북구,차대차,기타,기타,운전자법규위반,안전운전 의무 불이행,단일로,횡단보도상,원동기장치자전거,원동기장치자전거,자전거,자전거,958949,1957006,127.0348784,37.61156998
2014,2014-09-03,25,야간,수,1,2,1,0,0,충북,진천군,차량단독,공작물충돌,공작물충돌,운전자법규위반,안전운전 의무 불이행,단일로,기타단일로,화물차,중형,0,0,997760,1874569,127.4748676,36.86939169
2014,2014-12-31,0,주간,수,1,2,0,1,0,경북,영천시,차대차,추돌,진행중 추돌,운전자법규위반,안전운전 의무 불이행,단일로,터널안,화물차,소형,화물차,대형,1147708,1786059,129.1400548,36.06023504
2014,2014-01-08,40,주간,수,1,1,0,0,0,경남,창녕군,차량단독,기타,기타,운전자법규위반,안전운전 의무 불이행,교차로,교차로부근,원동기장치자전거,원동기장치자전거,0,0,1083558,1723839,128.4213933,35.50694578
2014,2014-05-25,14,야간,일,1,1,0,0,0,전북,정읍시,차대사람,횡단중,횡단중,운전자법규위반,보행자 보호의무 위반,교차로,교차로내,승용차,소형,보행자,보행자,941988,1731991,126.8596991,35.58226726
2014,2014-06-10,10,주간,화,1,1,0,0,0,인천,서구,차대차,기타,기타,운전자법규위반,안전운전 의무 불이행,단일로,기타단일로,건설기계,건설기계,자전거,자전거,926600,1943524,126.66973,37.48804789