발생년,발생년월일시분,발생분,주야,요일,사망자수,사상자수,중상자수,경상자수,부상신고자수,발생지시도,발생지시군구,사고유형_대분류,사고유형_중분류,사고유형,법규위반_대분류,법규위반,도로형태_대분류,도로형태,당사자종별_1당_대분류,당사자종별_1당,당사자종별_2당_대분류,당사자종별_2당,발생위치X_UTMK,발생위치Y_UTMK,경도,위도
2014,2014-05-19,5,야간,월,1,3,2,0,0,서울,서대문구,차대차,정면충돌,정면충돌,운전자법규위반,중앙선 침범,단일로,기타단일로,원동기장치자전거,원동기장치자전거,승합차,대형,950465,1955424,126.9388628,37.59689329
2014,2014-08-10,54,야간,일,1,1,0,0,0,경기,화성시,차대사람,차도통행중,차도통행중,운전자법규위반,과속,단일로,기타단일로,승용차,중형,보행자,보행자,958099,1913683,127.0277064,37.22104037
2014,2014-04-12,48,주간,토,1,1,0,0,0,경남,의령군,차량단독,기타,기타,운전자법규위반,안전운전 의무 불이행,단일로,기타단일로,이륜차,사발이,0,0,1067935,1717120,128.2485715,35.44756027
2014,2014-10-21,10,야간,화,1,1,0,0,0,전남,나주시,차대사람,차도통행중,차도통행중,운전자법규위반,안전운전 의무 불이행,단일로,기타단일로,화물차,중형,보행자,보행자,940478,1672971,126.846739,35.05001419
2014,2014-10-16,25,주간,목,1,1,0,0,0,경남,김해시,차대사람,횡단중,횡단중,운전자법규위반,안전운전 의무 불이행,단일로,기타단일로,승용차,경형,보행자,보행자,1124415,1693585,128.8672195,35.2299454
2014,2014-09-09,10,야간,화,1,1,0,0,0,서울,강동구,차대사람,횡단중,횡단중,운전자법규위반,안전운전 의무 불이행,단일로,교량위,승용차,소형,보행자,보행자,966369,1949114,127.1193099,37.54073802
2014,2014-09-20,40,주간,토,1,1,0,0,0,대구,동구,차대차,측면직각충돌,측면직각충돌,운전자법규위반,안전운전 의무 불이행,단일로,기타단일로,화물차,소형,자전거,자전거,1103779,1766135,128.6497949,35.88631804
2014,2014-09-04,40,주간,목,1,1,0,0,0,부산,강서구,차대차,측면직각충돌,측면직각충돌,운전자법규위반,안전운전 의무 불이행,교차로,교차로내,승용차,중형,이륜차,소형,1128583,1684734,128.9116293,35.14963289
2014,2014-09-15,10,주간,월,1,1,0,0,0,경남,거제시,차대사람,기타,기타,운전자법규위반,안전운전 의무 불이행,단일로,기타단일로,승용차,경형,보행자,보행자,1089534,1652175,128.4794984,34.86031366
2014,2014-09-19,0,주간,금,1,2,0,1,0,인천,남구,차대차,추돌,주정차중 추돌,운전자법규위반,안전운전 의무 불이행,지하도로내,지하도로내,이륜차,소형,화물차,중형,923464,1939978,126.634629,37.45583433
2014,2014-09-05,45,야간,금,1,1,0,0,0,경남,양산시,차대사람,횡단중,횡단중,운전자법규위반,과속,교차로,교차로부근,승용차,경형,보행자,보행자,1138358,1704142,129.0221759,35.32327718
2014,2014-09-13,45,야간,토,1,1,0,0,0,울산,울주군,차량단독,전도전복,전도전복,운전자법규위반,안전운전 의무 불이행,기타/불명,기타/불명,농기계,농기계,0,0,1160949,1716752,129.2731025,35.43354173
2014,2014-02-23,25,야간,일,2,2,0,0,0,경남,김해시,차대차,추돌,진행중 추돌,운전자법규위반,안전운전 의무 불이행,단일로,기타단일로,화물차,소형,화물차,소형,1120065,1689038,128.8187649,35.18948587
2014,2014-03-31,20,주간,월,2,2,0,0,0,전북,순창군,차량단독,기타,기타,운전자법규위반,안전운전 의무 불이행,단일로,기타단일로,화물차,대형,0,0,961461,1713735,127.0754905,35.41861315
2014,2014-04-11,23,야간,금,1,1,0,0,0,제주,서귀포시,차대사람,기타,기타,운전자법규위반,안전운전 의무 불이행,단일로,기타단일로,승용차,중형,보행자,보행자,943932,1490708,126.8970257,33.40656798
2014,2014-03-17,25,야간,월,1,3,1,1,0,서울,강서구,차대차,기타,기타,운전자법규위반,중앙선 침범,단일로,기타단일로,승용차,중형,화물차,소형,939877,1951517,126.8190491,37.56059237
2014,2014-03-29,20,야간,토,1,1,0,0,0,경기,구리시,차대사람,횡단중,횡단중,운전자법규위반,안전운전 의무 불이행,교차로,교차로내,승용차,대형,보행자,보행자,968240,1956133,127.1401843,37.6040693
2013,2013-11-14,10,야간,목,1,1,0,0,0,경북,구미시,차량단독,도로이탈,도로이탈 추락,운전자법규위반,안전운전 의무 불이행,교차로,교차로부근,이륜차,소형,0,0,1068972,1805569,128.2676438,36.2448895
2013,2013-11-13,0,주간,수,1,1,0,0,0,경북,영덕군,차대사람,기타,기타,운전자법규위반,안전운전 의무 불이행,단일로,기타단일로,화물차,소형,보행자,보행자,1156774,1820309,129.2475289,36.36745741
2013,2013-11-13,15,주간,수,1,1,0,0,0,경남,거제시,차대사람,기타,기타,운전자법규위반,보행자 보호의무 위반,단일로,횡단보도상,승용차,중형,보행자,보행자,1109651,1650070,128.6992633,34.83936409
2013,2013-11-04,0,주간,월,1,1,0,0,0,대구,서구,차대차,기타,기타,운전자법규위반,신호위반,단일로,횡단보도상,화물차,소형,이륜차,중형,1094131,1765179,128.5428059,35.87867572
2013,2013-11-09,40,주간,토,1,1,0,0,0,광주,광산구,차량단독,공작물충돌,공작물충돌,운전자법규위반,안전운전 의무 불이행,단일로,기타단일로,화물차,소형,0,0,934238,1683735,126.7780493,35.14669792
2013,2013-12-06,30,주간,금,1,1,0,0,0,전북,정읍시,차대차,추돌,진행중 추돌,운전자법규위반,안전운전 의무 불이행,단일로,기타단일로,건설기계,건설기계,원동기장치자전거,원동기장치자전거,948134,1737237,126.9187467,35.64202045
2013,2013-03-05,43,야간,화,1,1,0,0,0,서울,양천구,차대차,측면직각충돌,측면직각충돌,운전자법규위반,안전운전 의무 불이행,단일로,기타단일로,자전거,자전거,승합차,대형,943492,1945495,126.8606412,37.507001
2013,2013-03-19,5,야간,화,1,1,0,0,0,서울,강남구,차대차,측면직각충돌,측면직각충돌,운전자법규위반,신호위반,교차로,교차로내,승용차,중형,이륜차,중형,961971,1944221,127.0697807,37.49646455
2013,2013-07-19,43,야간,금,1,1,0,0,0,전북,완주군,차대차,기타,기타,운전자법규위반,안전운전 의무 불이행,단일로,기타단일로,승용차,소형,자전거,자전거,969301,1768307,127.1597659,35.91092276
2013,2013-07-10,30,주간,수,1,1,0,0,0,대구,북구,차대차,측면직각충돌,측면직각충돌,운전자법규위반,안전운전 의무 불이행,단일로,횡단보도부근,승용차,중형,자전거,자전거,1095976,1768085,128.5635924,35.90469283
2013,2013-08-16,0,주간,금,1,1,0,0,0,경기,동두천시,차대차,추돌,진행중 추돌,운전자법규위반,안전운전 의무 불이행,단일로,기타단일로,화물차,소형,원동기장치자전거,원동기장치자전거,959595,1989716,127.0354301,37.90802511
2014,2014-06-28,50,주간,토,1,1,0,0,0,충북,영동군,차대사람,기타,기타,운전자법규위반,직진 및 우회전차의 통행방해,교차로,교차로내,승용차,소형,보행자,보행자,1044770,1802252,127.9981026,36.21641107
2014,2014-06-30,50,주간,월,1,1,0,0,0,충남,공주시,차량단독,도로이탈,도로이탈 추락,운전자법규위반,안전운전 의무 불이행,단일로,기타단일로,화물차,소형,0,0,958435,1828999,127.036127,36.45768213
2014,2014-06-30,45,주간,월,1,2,0,1,0,경기,수원시,차대차,기타,기타,운전자법규위반,중앙선 침범,단일로,기타단일로,승용차,중형,승용차,경형,954884,1916361,126.9893194,37.2421721
2014,2014-07-01,0,야간,화,1,1,0,0,0,충남,서산시,차대차,정면충돌,정면충돌,운전자법규위반,중앙선 침범,단일로,기타단일로,화물차,소형,이륜차,소형,911924,1850644,126.5146326,36.64963968
2014,2014-07-01,6,야간,화,1,1,0,0,0,세종,세종,차대차,추돌,진행중 추돌,운전자법규위반,안전운전 의무 불이행,단일로,기타단일로,화물차,소형,자전거,자전거,972241,1851455,127.1893927,36.66062156
2014,2014-07-01,5,야간,화,1,1,0,0,0,강원,원주시,차대사람,횡단중,횡단중,운전자법규위반,보행자 보호의무 위반,단일로,기타단일로,승용차,소형,보행자,보행자,1039149,1927908,127.9409167,37.34901032
2014,2014-07-02,50,주간,수,1,1,0,0,0,부산,사상구,차대사람,기타,기타,운전자법규위반,안전운전 의무 불이행,교차로,교차로내,승용차,중형,보행자,보행자,1137268,1685243,129.0070325,35.15307287
2014,2014-03-15,30,야간,토,1,1,0,0,0,충남,예산군,차량단독,공작물충돌,공작물충돌,운전자법규위반,안전운전 의무 불이행,교차로,교차로내,승용차,경형,0,0,939984,1855315,126.8281692,36.69392869
2014,2014-04-14,25,야간,월,1,1,0,0,0,전북,군산시,차대사람,횡단중,횡단중,운전자법규위반,안전운전 의무 불이행,교차로,교차로내,승용차,중형,보행자,보행자,940459,1771647,126.8398769,35.93970328
2014,2014-04-21,50,주간,월,2,2,0,0,0,인천,강화군,차대사람,길가장자리구역통행중,길가장자리구역통행중,운전자법규위반,안전운전 의무 불이행,단일로,기타단일로,승합차,소형,보행자,보행자,903948,1955752,126.4119368,37.596168
2014,2014-10-26,32,주간,일,1,1,0,0,0,충남,당진시,차대차,기타,기타,운전자법규위반,안전운전 의무 불이행,교차로,교차로내,원동기장치자전거,원동기장치자전거,승용차,중형,936064,1868394,126.7734551,36.81130198
2014,2014-10-27,0,야간,월,1,1,0,0,0,인천,남구,차대차,측면직각충돌,측면직각충돌,운전자법규위반,안전운전 의무 불이행,교차로,교차로내,승합차,대형,이륜차,소형,926367,1939188,126.6675281,37.44895001
2014,2014-09-04,20,야간,목,1,1,0,0,0,경북,영덕군,차대차,기타,기타,운전자법규위반,안전운전 의무 불이행,단일로,기타단일로,승용차,중형,승합차,중형,1170647,1837343,129.4021431,36.51923112
2014,2014-09-28,50,야간,일,1,1,0,0,0,서울,동대문구,차량단독,공작물충돌,공작물충돌,운전자법규위반,안전운전 의무 불이행,단일로,기타단일로,이륜차,중형,0,0,958894,1952798,127.0344916,37.57363986
2014,2014-01-24,13,주간,금,1,1,0,0,0,대구,남구,차대차,측면직각충돌,측면직각충돌,운전자법규위반,안전운전 의무 불이행,단일로,기타단일로,승용차,대형,자전거,자전거,1098485,1761908,128.5906287,35.84876086
2014,2014-01-23,0,야간,목,1,2,0,0,1,전남,화순군,차량단독,전도전복,전도전복,운전자법규위반,안전운전 의무 불이행,단일로,기타단일로,승용차,소형,0,0,950846,1663097,126.9615902,34.96155503
2014,2014-01-27,50,주간,월,1,2,1,0,0,경기,파주시,차대차,정면충돌,정면충돌,운전자법규위반,중앙선 침범,단일로,기타단일로,화물차,중형,화물차,소형,931836,1971639,126.7263313,37.74184046
2014,2014-09-16,20,야간,화,1,1,0,0,0,경남,사천시,차대사람,횡단중,횡단중,운전자법규위반,안전운전 의무 불이행,단일로,기타단일로,승용차,소형,보행자,보행자,1052157,1662881,128.0712883,34.95945708
2014,2014-09-17,45,주간,수,1,1,0,0,0,충남,예산군,차량단독,기타,기타,운전자법규위반,안전운전 의무 불이행,단일로,기타단일로,원동기장치자전거,원동기장치자전거,0,0,934324,1851279,126.7651607,36.65717311
2014,2014-09-16,15,야간,화,1,1,0,0,0,부산,남구,차대사람,기타,기타,운전자법규위반,안전운전 의무 불이행,교차로,교차로내,승용차,중형,보행자,보행자,1143859,1682157,129.0709922,35.12523006
2014,2014-12-15,0,주간,월,1,1,0,0,0,경기,하남시,차대사람,기타,기타,운전자법규위반,안전운전 의무 불이행,기타/불명,기타/불명,화물차,중형,보행자,보행자,969342,1945226,127.1531248,37.50579736
2014,2014-12-15,10,주간,월,1,1,0,0,0,강원,영월군,차량단독,전도전복,전도전복,운전자법규위반,안전운전 의무 불이행,단일로,기타단일로,승용차,중형,0,0,1098686,1903148,128.6108853,37.12181284
2014,2014-12-16,0,주간,화,1,1,0,0,0,충남,당진시,차대사람,기타,기타,운전자법규위반,안전운전 의무 불이행,단일로,기타단일로,승합차,대형,보행자,보행자,926389,1878583,126.6737473,36.90270587
2014,2014-12-16,0,주간,화,1,1,0,0,0,경북,김천시,차량단독,전도전복,전도전복,운전자법규위반,안전운전 의무 불이행,단일로,기타단일로,승용차,중형,0,0,1051849,1784708,128.061458,36.04556419
2014,2014-12-25,55,야간,목,2,2,0,0,0,경기,평택시,차대사람,횡단중,횡단중,운전자법규위반,안전운전 의무 불이행,교차로,교차로내,화물차,소형,보행자,보행자,942649,1884842,126.8557724,36.9602533
2014,2014-12-27,30,주간,토,1,1,0,0,0,경기,하남시,차대차,측면직각충돌,측면직각충돌,운전자법규위반,부당한 회전,단일로,횡단보도상,자전거,자전거,승합차,대형,973097,1949775,127.195443,37.54691689
2014,2014-12-04,30,주간,목,1,3,2,0,0,충남,아산시,차량단독,전도전복,전도전복,운전자법규위반,안전운전 의무 불이행,단일로,기타단일로,승용차,대형,0,0,948297,1873441,126.9199922,36.85781075
2014,2014-12-04,10,주간,목,1,1,0,0,0,전북,전주시,차대차,기타,기타,운전자법규위반,안전운전 의무 불이행,단일로,기타단일로,승용차,중형,승합차,대형,965097,1761672,127.1132207,35.85109555
2014,2014-12-10,25,주간,수,1,1,0,0,0,전남,보성군,차대차,측면직각충돌,측면직각충돌,운전자법규위반,안전거리 미확보,교차로,교차로내,이륜차,소형,화물차,소형,983127,1649277,127.3154569,34.83798536
2014,2014-12-30,20,주간,화,1,1,0,0,0,경남,김해시,차대사람,기타,기타,운전자법규위반,안전운전 의무 불이행,단일로,기타단일로,화물차,소형,보행자,보행자,1125006,1693072,128.8736345,35.22524744
2014,2014-12-29,25,주간,월,1,20,2,17,0,전북,고창군,차대차,정면충돌,정면충돌,운전자법규위반,중앙선 침범,교차로,교차로부근,승용차,중형,승합차,대형,925918,1713690,126.6840131,35.41619685
2014,2014-11-15,38,주간,토,1,1,0,0,0,경남,양산시,차량단독,전도전복,전도전복,운전자법규위반,안전운전 의무 불이행,단일로,기타단일로,건설기계,건설기계,0,0,1143772,1722432,129.0849438,35.48736754
2014,2014-11-16,20,야간,일,1,1,0,0,0,경남,통영시,차대사람,횡단중,횡단중,운전자법규위반,안전운전 의무 불이행,단일로,기타단일로,화물차,소형,보행자,보행자,1083500,1654678,128.413744,34.88339567
2014,2014-11-14,0,주간,금,1,1,0,0,0,전남,나주시,차대차,측면직각충돌,측면직각충돌,운전자법규위반,직진 및 우회전차의 통행방해,교차로,교차로내,이륜차,소형,화물차,중형,928802,1671139,126.7194592,35.03275625
2014,2014-11-14,4,주간,금,1,1,0,0,0,전북,전주시,차대차,기타,기타,운전자법규위반,부당한 회전,단일로,기타단일로,자전거,자전거,승용차,소형,968080,1758157,127.1466403,35.81937151
2014,2014-11-23,55,주간,일,1,1,0,0,0,경기,가평군,차대사람,보도통행중,보도통행중,운전자법규위반,안전운전 의무 불이행,단일로,기타단일로,승용차,중형,보행자,보행자,1002821,1982685,127.532063,37.84393519
2014,2014-11-26,40,야간,수,1,1,0,0,0,전남,목포시,차대차,정면충돌,정면충돌,운전자법규위반,중앙선 침범,기타/불명,기타/불명,승용차,소형,이륜차,중형,900853,1645559,126.4161337,34.79977085
2014,2014-11-25,24,야간,화,1,1,0,0,0,경기,안성시,차대사람,차도통행중,차도통행중,운전자법규위반,안전운전 의무 불이행,단일로,기타단일로,승용차,대형,보행자,보행자,983411,1889350,127.3135506,37.00249163
2014,2014-11-23,30,주간,일,1,4,3,0,0,경북,상주시,차대차,정면충돌,정면충돌,운전자법규위반,중앙선 침범,단일로,기타단일로,화물차,소형,승용차,중형,1054671,1823581,128.1097497,36.40818202
2014,2014-12-01,40,야간,월,1,1,0,0,0,대구,달성군,차대사람,횡단중,횡단중,운전자법규위반,과속,단일로,기타단일로,승용차,중형,보행자,보행자,1083236,1753472,128.4209032,35.77412383
2014,2014-12-02,0,야간,화,1,1,0,0,0,경기,용인시,차량단독,기타,기타,운전자법규위반,안전운전 의무 불이행,기타/불명,기타/불명,승용차,대형,0,0,976354,1916986,127.2333628,37.25145528
2014,2014-11-30,30,주간,일,1,1,0,0,0,충북,단양군,차량단독,도로이탈,도로이탈 기타,운전자법규위반,안전운전 의무 불이행,단일로,기타단일로,원동기장치자전거,원동기장치자전거,0,0,1077088,1886793,128.3661138,36.97642881
2014,2014-12-01,50,주간,월,1,2,0,1,0,경남,창원시(통합),차대차,추돌,주정차중 추돌,운전자법규위반,안전운전 의무 불이행,단일로,기타단일로,화물차,소형,화물차,소형,1091440,1694497,128.5050111,35.24171827
2014,2014-12-01,50,주간,월,1,1,0,0,0,경남,의령군,차대사람,차도통행중,차도통행중,운전자법규위반,안전운전 의무 불이행,단일로,기타단일로,승합차,중형,보행자,보행자,1067081,1703669,128.2380564,35.32634252
2014,2014-11-30,30,주간,일,1,5,3,1,0,서울,관악구,차대차,기타,기타,운전자법규위반,중앙선 침범,단일로,기타단일로,승용차,중형,승용차,중형,949387,1940110,126.9277072,37.45880688
2014,2014-11-28,10,주간,금,1,1,0,0,0,경기,광주시,차량단독,공작물충돌,공작물충돌,운전자법규위반,안전운전 의무 불이행,단일로,기타단일로,승용차,소형,0,0,984260,1921134,127.3224581,37.28900347
2014,2014-11-29,0,주간,토,1,2,1,0,0,경기,김포시,차대차,기타,기타,운전자법규위반,중앙선 침범,단일로,기타단일로,승용차,중형,자전거,자전거,930491,1959449,126.7122296,37.63187659
2014,2014-11-27,45,주간,목,1,2,1,0,0,경기,시흥시,차대차,기타,기타,운전자법규위반,신호위반,교차로,교차로내,화물차,중형,화물차,중형,932196,1925531,126.7346756,37.32630485
2014,2014-12-06,50,주간,토,1,1,0,0,0,경기,고양시,차대사람,횡단중,횡단중,운전자법규위반,안전운전 의무 불이행,단일로,횡단보도상,승합차,대형,보행자,보행자,941985,1961694,126.8423082,37.65290827
2014,2014-12-08,20,야간,월,1,1,0,0,0,울산,남구,차대사람,기타,기타,운전자법규위반,안전운전 의무 불이행,단일로,기타단일로,승용차,중형,보행자,보행자,1166916,1726165,129.3407417,35.51738934
2014,2014-12-02,40,야간,화,1,1,0,0,0,경남,거제시,차대사람,기타,기타,운전자법규위반,안전운전 의무 불이행,단일로,기타단일로,승용차,중형,보행자,보행자,1105185,1658028,128.6551902,34.95513557
2014,2014-12-02,40,주간,화,1,1,0,0,0,충남,당진시,차대사람,횡단중,횡단중,운전자법규위반,안전운전 의무 불이행,교차로,교차로내,승용차,중형,보행자,보행자,925152,1878742,126.6598481,36.90404166
2014,2014-12-03,25,주간,수,1,1,0,0,0,경북,청송군,차대차,측면직각충돌,측면직각충돌,운전자법규위반,교차로 통행방법 위반,교차로,교차로내,화물차,소형,이륜차,사발이,1139439,1826874,129.0555462,36.4292912
2014,2014-12-14,29,야간,일,2,3,1,0,0,서울,강서구,차대사람,기타,기타,운전자법규위반,안전운전 의무 불이행,단일로,기타단일로,승용차,소형,보행자,보행자,942877,1947905,126.8534958,37.52868462
2014,2014-12-11,50,주간,목,1,1,0,0,0,경기,파주시,차대사람,횡단중,횡단중,운전자법규위반,안전운전 의무 불이행,단일로,기타단일로,승합차,소형,보행자,보행자,937533,1983081,126.7900019,37.84536843
2014,2014-12-09,30,주간,화,1,1,0,0,0,서울,관악구,차대차,기타,기타,운전자법규위반,안전운전 의무 불이행,단일로,기타단일로,승용차,중형,승용차,대형,950346,1942872,126.9383641,37.48375356
2014,2014-12-09,45,야간,화,1,2,1,0,0,울산,남구,차대사람,횡단중,횡단중,운전자법규위반,보행자 보호의무 위반,단일로,횡단보도상,승용차,중형,보행자,보행자,1164037,1729345,129.3096302,35.54661864
2014,2014-12-19,40,야간,금,1,1,0,0,0,전남,영광군,차대사람,차도통행중,차도통행중,운전자법규위반,안전운전 의무 불이행,단일로,기타단일로,승용차,중형,보행자,보행자,905411,1706739,126.4589709,35.3517938
2014,2014-12-19,36,야간,금,1,2,1,0,0,서울,강서구,차량단독,공작물충돌,공작물충돌,운전자법규위반,안전운전 의무 불이행,단일로,기타단일로,승용차,대형,0,0,945014,1949943,126.8775279,37.54718319
2014,2014-01-20,50,주간,월,1,1,0,0,0,울산,울주군,차대사람,횡단중,횡단중,운전자법규위반,안전운전 의무 불이행,단일로,기타단일로,승용차,중형,보행자,보행자,1165324,1707182,129.3193399,35.3465768
2014,2014-04-30,20,주간,수,1,1,0,0,0,서울,양천구,차대사람,횡단중,횡단중,운전자법규위반,안전운전 의무 불이행,기타/불명,기타/불명,승용차,경형,보행자,보행자,944531,1949908,126.872063,37.54683878
2014,2014-04-30,20,야간,수,1,1,0,0,0,충북,옥천군,차대사람,횡단중,횡단중,운전자법규위반,안전운전 의무 불이행,교차로,교차로내,승용차,중형,보행자,보행자,1003093,1814831,127.5344625,36.33084909
2014,2014-05-01,20,야간,목,1,1,0,0,0,경남,밀양시,차량단독,공작물충돌,공작물충돌,운전자법규위반,안전운전 의무 불이행,교차로,교차로부근,화물차,소형,0,0,1114332,1729566,128.7614823,35.55550304
2014,2014-04-30,55,야간,수,1,2,1,0,0,서울,동대문구,차대사람,횡단중,횡단중,운전자법규위반,안전운전 의무 불이행,교차로,교차로내,원동기장치자전거,원동기장치자전거,보행자,보행자,960903,1952489,127.0572585,37.57094228
2014,2014-04-29,14,주간,화,1,1,0,0,0,서울,강서구,차대사람,횡단중,횡단중,운전자법규위반,안전운전 의무 불이행,단일로,기타단일로,승합차,대형,보행자,보행자,945002,1949939,126.8773927,37.54710136
2014,2014-04-25,20,주간,금,1,1,0,0,0,경남,남해군,차량단독,전도전복,전도전복,운전자법규위반,안전운전 의무 불이행,교차로,교차로부근,이륜차,사발이,0,0,1035384,1642169,127.8911431,34.77495905
2014,2014-04-27,55,야간,일,1,2,0,1,0,전남,완도군,차대사람,횡단중,횡단중,운전자법규위반,과속,단일로,횡단보도상,승용차,소형,보행자,보행자,930793,1591850,126.7477772,34.3179349
2014,2014-04-27,25,야간,일,1,2,1,0,0,경남,창원시(통합),차대사람,기타,기타,운전자법규위반,안전운전 의무 불이행,단일로,기타단일로,화물차,소형,보행자,보행자,1098441,1681105,128.5803479,35.12031849
2014,2014-04-27,50,주간,일,1,1,0,0,0,전남,해남군,차량단독,전도전복,전도전복,운전자법규위반,안전운전 의무 불이행,단일로,기타단일로,승용차,중형,0,0,918180,1615788,126.608409,34.53287006
2014,2014-04-25,30,야간,금,1,1,0,0,0,대전,서구,차대차,추돌,주정차중 추돌,운전자법규위반,안전운전 의무 불이행,단일로,기타단일로,이륜차,소형,승용차,중형,985915,1811757,127.3431193,36.30303759
2014,2014-04-28,20,야간,월,1,7,2,4,0,경기,성남시,차대차,기타,기타,운전자법규위반,신호위반,교차로,교차로내,승용차,경형,승합차,대형,966259,1929442,127.1189653,37.36341965
2014,2014-04-26,28,야간,토,1,3,2,0,0,서울,동대문구,차대차,추돌,주정차중 추돌,운전자법규위반,안전운전 의무 불이행,단일로,기타단일로,승용차,중형,화물차,대형,962035,1954598,127.0699678,37.58999868
2014,2014-05-06,43,야간,화,1,1,0,0,0,경남,진주시,차대차,기타,기타,운전자법규위반,안전운전 의무 불이행,단일로,기타단일로,승용차,소형,승용차,중형,1063137,1694277,128.1939427,35.24191802
2014,2014-03-29,50,주간,토,1,1,0,0,0,서울,금천구,차대차,정면충돌,정면충돌,운전자법규위반,중앙선 침범,단일로,교량위,이륜차,소형,승용차,중형,946389,1939382,126.8938628,37.45207623
2014,2014-03-25,0,주간,화,1,3,0,2,0,전북,군산시,차량단독,전도전복,전도전복,운전자법규위반,안전운전 의무 불이행,단일로,기타단일로,화물차,소형,0,0,924014,1773948,126.6573489,35.95930586
2014,2014-04-04,5,주간,금,1,1,0,0,0,경북,영주시,차대차,기타,기타,운전자법규위반,안전운전 의무 불이행,단일로,횡단보도상,화물차,소형,자전거,자전거,1100049,1869669,128.6217882,36.81993074
2014,2014-04-03,5,야간,목,1,1,0,0,0,광주,남구,차대사람,횡단중,횡단중,운전자법규위반,보행자 보호의무 위반,단일로,기타단일로,승합차,소형,보행자,보행자,944901,1682875,126.8951612,35.13958444
2014,2014-04-01,34,야간,화,1,1,0,0,0,경기,안성시,차량단독,공작물충돌,공작물충돌,운전자법규위반,안전운전 의무 불이행,교차로,교차로부근,이륜차,소형,0,0,974469,1890077,127.2130248,37.00884461
2014,2014-03-29,5,야간,토,1,1,0,0,0,부산,영도구,차대사람,횡단중,횡단중,운전자법규위반,안전운전 의무 불이행,단일로,횡단보도부근,승용차,중형,보행자,보행자,1142616,1678780,129.064242,35.09474368
2014,2014-04-07,5,야간,월,1,1,0,0,0,인천,남구,차대차,측면직각충돌,측면직각충돌,운전자법규위반,신호위반,교차로,교차로내,화물차,대형,승용차,중형,923259,1938917,126.6324218,37.44625486
2014,2014-04-07,5,야간,월,1,1,0,0,0,서울,마포구,차대사람,횡단중,횡단중,운전자법규위반,안전운전 의무 불이행,단일로,횡단보도부근,화물차,대형,보행자,보행자,948582,1950513,126.9178777,37.55252669
2014,2014-04-14,25,주간,월,1,1,0,0,0,경남,밀양시,차대차,측면직각충돌,측면직각충돌,운전자법규위반,안전운전 의무 불이행,단일로,기타단일로,이륜차,소형,승용차,중형,1113162,1722184,128.7475455,35.48909225
2014,2014-04-14,50,야간,월,1,1,0,0,0,충남,천안시,차대사람,길가장자리구역통행중,길가장자리구역통행중,운전자법규위반,안전운전 의무 불이행,단일로,기타단일로,승합차,소형,보행자,보행자,979309,1873257,127.2709158,36.87630412
2014,2014-04-15,30,주간,화,1,1,0,0,0,경남,창원시(통합),차대사람,차도통행중,차도통행중,운전자법규위반,안전운전 의무 불이행,교차로,교차로부근,승용차,경형,보행자,보행자,1096801,1691051,128.5635192,35.21014711
2014,2014-04-12,50,야간,토,1,1,0,0,0,충남,당진시,차대사람,횡단중,횡단중,운전자법규위반,안전운전 의무 불이행,기타/불명,기타/불명,승합차,중형,보행자,보행자,936358,1866424,126.7866556,36.7938306
2014,2014-04-22,40,야간,화,1,1,0,0,0,전북,익산시,차대사람,횡단중,횡단중,운전자법규위반,안전운전 의무 불이행,단일로,기타단일로,승용차,중형,보행자,보행자,951777,1788839,126.9568066,36.09527082
2014,2014-04-22,35,야간,화,1,1,0,0,0,경남,고성군,차대차,정면충돌,정면충돌,운전자법규위반,중앙선 침범,교차로,교차로부근,승용차,경형,특수차,대형,1071029,1665258,128.2781859,34.97974154
2014,2014-04-20,8,야간,일,1,1,0,0,0,인천,남구,차대사람,기타,기타,운전자법규위반,안전운전 의무 불이행,단일로,기타단일로,화물차,소형,보행자,보행자,928115,1939402,126.6872677,37.4510163
2014,2014-04-20,17,주간,일,1,2,1,0,0,인천,부평구,차대차,정면충돌,정면충돌,운전자법규위반,중앙선 침범,단일로,기타단일로,이륜차,중형,승용차,소형,930359,1943810,126.7122193,37.49091672
2014,2014-04-20,50,주간,일,1,1,0,0,0,경기,양평군,차량단독,전도전복,전도전복,운전자법규위반,안전운전 의무 불이행,교차로,교차로내,이륜차,사발이,0,0,1011660,1941195,127.6318623,37.46989893
2014,2014-04-26,3,야간,토,1,1,0,0,0,충북,청주시,차대차,정면충돌,정면충돌,운전자법규위반,신호위반,교차로,교차로내,이륜차,소형,화물차,중형,998637,1845945,127.4847585,36.61135303
2014,2014-03-27,0,야간,목,1,1,0,0,0,경기,화성시,차량단독,전도전복,전도전복,운전자법규위반,안전운전 의무 불이행,교차로,교차로부근,자전거,자전거,0,0,953550,1912827,126.9764868,37.21310908
2014,2014-04-04,40,야간,금,1,1,0,0,0,충북,청원군,차대사람,기타,기타,운전자법규위반,안전운전 의무 불이행,단일로,기타단일로,승용차,중형,보행자,보행자,995900,1841909,127.454174,36.57496047
2014,2014-04-03,55,야간,목,1,4,2,1,0,충남,당진시,차량단독,전도전복,전도전복,운전자법규위반,안전운전 의무 불이행,기타/불명,기타/불명,승용차,중형,0,0,936409,1876471,126.7863863,36.88439743
2014,2014-04-02,30,주간,수,1,1,0,0,0,충남,아산시,차대사람,기타,기타,운전자법규위반,안전운전 의무 불이행,교차로,교차로내,승용차,중형,보행자,보행자,955556,1864905,127.00192,36.7812336