발생년,발생년월일시분,발생분,주야,요일,사망자수,사상자수,중상자수,경상자수,부상신고자수,발생지시도,발생지시군구,사고유형_대분류,사고유형_중분류,사고유형,법규위반_대분류,법규위반,도로형태_대분류,도로형태,당사자종별_1당_대분류,당사자종별_1당,당사자종별_2당_대분류,당사자종별_2당,발생위치X_UTMK,발생위치Y_UTMK,경도,위도
2014,2014-04-01,20,야간,화,1,2,1,0,0,서울,관악구,차대차,기타,기타,운전자법규위반,안전운전 의무 불이행,단일로,기타단일로,이륜차,중형,이륜차,대형,948854,1942809,126.9214933,37.4831043
2014,2014-03-30,50,야간,일,1,1,0,0,0,대구,달서구,차대차,정면충돌,정면충돌,운전자법규위반,신호위반,교차로,교차로내,승용차,중형,이륜차,중형,1096350,1761700,128.5669642,35.84709807
2014,2014-04-16,15,주간,수,1,1,0,0,0,경남,남해군,차대사람,기타,기타,운전자법규위반,안전운전 의무 불이행,기타/불명,기타/불명,승용차,경형,보행자,보행자,1048888,1646014,128.0344979,34.80752676
2014,2014-04-22,5,야간,화,1,1,0,0,0,경기,평택시,차대사람,기타,기타,운전자법규위반,안전운전 의무 불이행,단일로,기타단일로,승용차,경형,보행자,보행자,957272,1902722,127.0190117,37.12220204
2014,2014-04-21,45,주간,월,1,1,0,0,0,전남,고흥군,차량단독,전도전복,전도전복,운전자법규위반,안전운전 의무 불이행,단일로,기타단일로,건설기계,건설기계,0,0,987724,1639824,127.3658731,34.75280673
2014,2014-04-18,20,주간,금,1,1,0,0,0,경북,영덕군,차대사람,기타,기타,운전자법규위반,안전운전 의무 불이행,단일로,기타단일로,승용차,중형,보행자,보행자,1168825,1822494,129.3822704,36.38510538
2014,2014-04-30,45,야간,수,1,1,0,0,0,경기,안성시,차대사람,차도통행중,차도통행중,운전자법규위반,안전운전 의무 불이행,단일로,기타단일로,승용차,소형,보행자,보행자,976614,1885675,127.2372714,36.96921929
2014,2014-04-29,55,야간,화,1,1,0,0,0,강원,춘천시,차량단독,공작물충돌,공작물충돌,운전자법규위반,안전운전 의무 불이행,단일로,기타단일로,승용차,중형,0,0,1012627,1998962,127.6438999,37.99086572
2014,2014-04-25,55,야간,금,1,1,0,0,0,경기,고양시,차대사람,횡단중,횡단중,운전자법규위반,신호위반,교차로,교차로부근,승합차,대형,보행자,보행자,933821,1964224,126.7495337,37.67515797
2014,2014-04-27,15,야간,일,1,1,0,0,0,경기,수원시,차대사람,횡단중,횡단중,운전자법규위반,안전운전 의무 불이행,단일로,기타단일로,승용차,중형,보행자,보행자,955784,1918623,127.0013201,37.26546121
2014,2014-05-06,50,주간,화,1,2,1,0,0,전북,순창군,차대차,측면직각충돌,측면직각충돌,운전자법규위반,안전운전 의무 불이행,단일로,기타단일로,승용차,대형,원동기장치자전거,원동기장치자전거,967673,1709346,127.1440887,35.3792601
2014,2014-05-07,30,야간,수,1,1,0,0,0,경기,의왕시,차대사람,기타,기타,운전자법규위반,안전운전 의무 불이행,단일로,기타단일로,승용차,중형,보행자,보행자,951635,1924289,126.9541596,37.3163258
2014,2014-05-08,26,야간,목,1,1,0,0,0,충남,당진시,차대차,측면직각충돌,측면직각충돌,운전자법규위반,신호위반,교차로,교차로내,화물차,중형,이륜차,소형,924044,1876800,126.647607,36.88644868
2014,2014-05-05,53,주간,월,1,1,0,0,0,전남,장성군,차대차,기타,기타,운전자법규위반,안전운전 의무 불이행,교차로,교차로내,자전거,자전거,화물차,소형,933355,1700911,126.7669648,35.30150493
2014,2014-05-06,32,주간,화,1,1,0,0,0,전북,무주군,차대사람,횡단중,횡단중,운전자법규위반,안전운전 의무 불이행,교차로,교차로내,건설기계,건설기계,보행자,보행자,1014097,1769661,127.6562607,35.92351084
2014,2014-05-05,50,주간,월,1,1,0,0,0,전북,정읍시,차대차,측면직각충돌,측면직각충돌,운전자법규위반,차로위반(진로변경 위반),단일로,기타단일로,이륜차,소형,승용차,중형,939850,1731250,126.8361577,35.57545876
2014,2014-05-06,46,주간,화,1,1,0,0,0,인천,서구,차대차,기타,기타,운전자법규위반,안전운전 의무 불이행,단일로,기타단일로,자전거,자전거,자전거,자전거,924048,1952635,126.651623,37.56775965
2014,2014-03-29,25,야간,토,2,3,1,0,0,울산,남구,차량단독,기타,기타,운전자법규위반,안전운전 의무 불이행,단일로,기타단일로,승용차,중형,0,0,1159686,1728327,129.26147,35.53806431
2014,2014-03-31,50,주간,월,1,1,0,0,0,울산,울주군,차대차,정면충돌,정면충돌,운전자법규위반,중앙선 침범,단일로,기타단일로,건설기계,건설기계,화물차,소형,1152168,1726309,129.1781939,35.5210592
2014,2014-04-09,59,주간,수,1,1,0,0,0,제주,제주시,차대사람,횡단중,횡단중,운전자법규위반,보행자 보호의무 위반,교차로,교차로내,화물차,소형,보행자,보행자,909927,1501794,126.530249,33.5042303
2014,2014-03-25,50,야간,화,1,1,0,0,0,경남,창원시(통합),차량단독,전도전복,전도전복,운전자법규위반,안전운전 의무 불이행,단일로,기타단일로,화물차,대형,0,0,1109975,1689667,128.7080457,35.19631243
2014,2014-03-25,35,주간,화,1,1,0,0,0,전남,순천시,차대차,측면직각충돌,측면직각충돌,운전자법규위반,안전운전 의무 불이행,교차로,교차로내,원동기장치자전거,원동기장치자전거,승합차,중형,1005899,1655133,127.5645598,34.89091552
2014,2014-03-27,0,야간,목,1,1,0,0,0,대구,동구,차대사람,차도통행중,차도통행중,운전자법규위반,안전운전 의무 불이행,단일로,기타단일로,화물차,소형,보행자,보행자,1101818,1766436,128.6301848,35.88783849
2014,2014-03-25,37,야간,화,1,1,0,0,0,강원,원주시,차대사람,기타,기타,운전자법규위반,안전운전 의무 불이행,교차로,교차로내,승용차,소형,보행자,보행자,1040798,1929208,127.9607139,37.3610269
2014,2014-03-25,55,주간,화,1,1,0,0,0,충남,당진시,차대사람,기타,기타,운전자법규위반,안전운전 의무 불이행,기타/불명,기타/불명,승용차,중형,보행자,보행자,936318,1883039,126.7848126,36.94359431
2014,2014-04-06,20,주간,일,1,5,4,0,0,인천,계양구,차대차,측면직각충돌,측면직각충돌,운전자법규위반,안전거리 미확보,단일로,기타단일로,승용차,중형,승용차,중형,933084,1948191,126.7426432,37.53060358
2014,2014-04-02,40,주간,수,1,1,0,0,0,강원,태백시,차대사람,기타,기타,운전자법규위반,안전운전 의무 불이행,단일로,기타단일로,화물차,소형,보행자,보행자,1132390,1907972,128.9910344,37.16112127
2014,2014-04-02,40,주간,수,1,4,1,2,0,경남,밀양시,차대사람,길가장자리구역통행중,길가장자리구역통행중,운전자법규위반,안전운전 의무 불이행,단일로,기타단일로,승용차,대형,보행자,보행자,1110419,1711578,128.7158729,35.3937907
2014,2014-04-29,23,주간,화,1,1,0,0,0,충남,예산군,차대차,기타,기타,운전자법규위반,안전운전 의무 불이행,교차로,교차로내,승합차,대형,이륜차,사발이,944297,1853286,126.8765947,36.67590116
2014,2014-04-25,40,야간,금,1,7,1,2,3,부산,사상구,차대사람,보도통행중,보도통행중,운전자법규위반,기타(운전자법규위반),단일로,기타단일로,승용차,중형,보행자,보행자,1135108,1686468,128.983526,35.16440784
2014,2014-04-27,40,야간,일,1,1,0,0,0,경북,상주시,차량단독,공작물충돌,공작물충돌,운전자법규위반,안전운전 의무 불이행,단일로,기타단일로,원동기장치자전거,원동기장치자전거,0,0,1058928,1822294,128.1571279,36.3963282
2014,2014-04-27,55,주간,일,1,2,1,0,0,전남,영광군,차대차,정면충돌,정면충돌,운전자법규위반,중앙선 침범,단일로,기타단일로,화물차,경형,승용차,경형,908043,1696765,126.4890535,35.26211847
2014,2014-04-26,46,야간,토,1,1,0,0,0,서울,강동구,차대차,기타,기타,운전자법규위반,신호위반,교차로,교차로내,승용차,중형,원동기장치자전거,원동기장치자전거,967408,1950666,127.1310018,37.55476416
2014,2014-04-27,19,야간,일,1,2,1,0,0,경기,평택시,차대차,기타,기타,운전자법규위반,신호위반,교차로,교차로내,승용차,대형,승용차,중형,961987,1890369,127.072712,37.0110546
2014,2014-04-28,47,야간,월,1,1,0,0,0,충남,아산시,차대차,기타,기타,운전자법규위반,과속,교차로,교차로내,승용차,중형,이륜차,사발이,957774,1872271,127.0263672,36.84773517
2013,2013-10-28,16,야간,월,2,2,0,0,0,경남,김해시,차량단독,기타,기타,운전자법규위반,안전운전 의무 불이행,단일로,기타단일로,승용차,중형,0,0,1119210,1689769,128.8094818,35.19617757
2014,2014-02-19,20,야간,수,1,1,0,0,0,울산,남구,차량단독,기타,기타,운전자법규위반,안전운전 의무 불이행,교차로,교차로내,승용차,소형,0,0,1167980,1723741,129.3519682,35.49536474
2014,2014-10-06,20,주간,월,1,1,0,0,0,전남,순천시,차량단독,기타,기타,운전자법규위반,안전운전 의무 불이행,단일로,기타단일로,농기계,농기계,0,0,984035,1672096,127.3249511,35.04377007
2014,2014-10-14,30,야간,화,1,1,0,0,0,전북,정읍시,차대사람,횡단중,횡단중,운전자법규위반,안전운전 의무 불이행,교차로,교차로내,화물차,소형,보행자,보행자,942066,1730030,126.8607004,35.56459141
2014,2014-08-17,30,야간,일,1,1,0,0,0,경기,안양시,차대차,측면직각충돌,측면직각충돌,운전자법규위반,중앙선 침범,단일로,횡단보도부근,이륜차,중형,승용차,대형,953691,1933481,126.9767876,37.39928271
2014,2014-08-24,0,주간,일,1,2,1,0,0,대구,서구,차대차,정면충돌,정면충돌,운전자법규위반,중앙선 침범,단일로,기타단일로,화물차,소형,화물차,중형,1092923,1763911,128.5292774,35.86736053
2014,2014-10-01,15,야간,수,1,1,0,0,0,대전,동구,차대차,추돌,주정차중 추돌,운전자법규위반,안전운전 의무 불이행,단일로,기타단일로,승용차,중형,특수차,대형,999697,1817125,127.4966231,36.3515354
2014,2014-09-30,20,야간,화,1,4,0,3,0,서울,강동구,차대차,기타,기타,운전자법규위반,안전운전 의무 불이행,단일로,기타단일로,화물차,중형,승용차,중형,969675,1952276,127.1566012,37.56935317
2014,2014-01-09,25,야간,목,1,1,0,0,0,대전,대덕구,차대사람,횡단중,횡단중,운전자법규위반,안전운전 의무 불이행,단일로,기타단일로,승합차,대형,보행자,보행자,993570,1819473,127.4281613,36.37333111
2014,2014-01-08,30,주간,수,1,1,0,0,0,전남,장흥군,차량단독,도로이탈,도로이탈 추락,운전자법규위반,안전운전 의무 불이행,단일로,기타단일로,화물차,소형,0,0,947563,1633893,126.927457,34.69805077
2013,2013-06-11,14,야간,화,1,4,2,1,0,경북,포항시,차대차,기타,기타,운전자법규위반,안전운전 의무 불이행,단일로,기타단일로,승용차,중형,화물차,중형,1165779,1791962,129.3418563,36.11051536
2013,2013-06-15,45,주간,토,1,1,0,0,0,울산,남구,차대사람,기타,기타,운전자법규위반,보행자 보호의무 위반,단일로,횡단보도상,승용차,소형,보행자,보행자,1159002,1729574,129.2541728,35.54941272
2013,2013-06-13,5,야간,목,1,1,0,0,0,전남,나주시,차대차,기타,기타,운전자법규위반,직진 및 우회전차의 통행방해,교차로,교차로내,원동기장치자전거,원동기장치자전거,승용차,중형,928728,1672583,126.7185241,35.04577092
2013,2013-06-22,0,주간,토,1,1,0,0,0,충북,충주시,차량단독,도로이탈,도로이탈 기타,운전자법규위반,안전운전 의무 불이행,단일로,기타단일로,원동기장치자전거,원동기장치자전거,0,0,1038420,1899914,127.9323507,37.09707754
2013,2013-06-21,36,야간,금,1,3,1,1,0,인천,연수구,차대차,측면직각충돌,측면직각충돌,운전자법규위반,신호위반,교차로,교차로부근,승용차,중형,승합차,대형,926620,1934769,126.6708276,37.40914244
2013,2013-06-21,45,야간,금,1,1,0,0,0,충북,제천시,차량단독,전도전복,전도전복,운전자법규위반,안전운전 의무 불이행,단일로,기타단일로,승용차,소형,0,0,1065029,1903970,128.2321231,37.13216666
2013,2013-06-20,15,야간,목,1,1,0,0,0,전북,부안군,차량단독,도로이탈,도로이탈 기타,운전자법규위반,안전운전 의무 불이행,단일로,기타단일로,화물차,소형,0,0,891495,1736423,126.3018764,35.61797155
2013,2013-06-22,30,야간,토,2,2,0,0,0,경기,시흥시,차량단독,공작물충돌,공작물충돌,운전자법규위반,안전운전 의무 불이행,단일로,기타단일로,승용차,중형,0,0,940230,1934536,126.8246246,37.40802088
2013,2013-06-20,15,주간,목,1,1,0,0,0,대전,중구,차대사람,보도통행중,보도통행중,운전자법규위반,보행자 보호의무 위반,단일로,기타단일로,승용차,중형,보행자,보행자,992103,1816258,127.4119964,36.34368668
2013,2013-06-20,44,주간,목,1,1,0,0,0,경남,함양군,차대차,기타,기타,운전자법규위반,안전운전 의무 불이행,단일로,기타단일로,농기계,농기계,화물차,소형,1016666,1737164,127.6840606,35.63046988
2013,2013-06-28,20,야간,금,1,1,0,0,0,인천,연수구,차대차,측면직각충돌,측면직각충돌,운전자법규위반,안전운전 의무 불이행,교차로,교차로내,특수차,대형,화물차,대형,925233,1933876,126.6552468,37.40098303
2013,2013-06-23,40,야간,일,1,1,0,0,0,강원,양양군,차대차,추돌,진행중 추돌,운전자법규위반,안전운전 의무 불이행,단일로,기타단일로,화물차,중형,자전거,자전거,1096840,2008861,128.6040989,38.07467638
2013,2013-06-24,0,주간,월,1,1,0,0,0,경남,창원시(통합),차량단독,전도전복,전도전복,운전자법규위반,안전운전 의무 불이행,교차로,교차로부근,건설기계,건설기계,0,0,1118126,1681202,128.7963511,35.11907518
2013,2013-06-25,35,야간,화,1,1,0,0,0,서울,송파구,차대사람,횡단중,횡단중,운전자법규위반,보행자 보호의무 위반,단일로,횡단보도상,불명,불명,보행자,보행자,965660,1943538,127.1115451,37.49045296
2013,2013-06-25,40,주간,화,1,1,0,0,0,경기,안산시,차대사람,차도통행중,차도통행중,운전자법규위반,안전운전 의무 불이행,교차로,교차로내,자전거,자전거,보행자,보행자,938294,1926424,126.8034264,37.33477886
2013,2013-06-23,0,주간,일,1,1,0,0,0,경남,통영시,차대사람,횡단중,횡단중,운전자법규위반,안전운전 의무 불이행,교차로,교차로내,승용차,대형,보행자,보행자,1083946,1650023,128.4181575,34.84138715
2013,2013-06-24,30,야간,월,1,1,0,0,0,충북,음성군,차대차,정면충돌,정면충돌,운전자법규위반,중앙선 침범,교차로,교차로부근,이륜차,소형,승합차,중형,1002054,1882339,127.5230666,36.93943535
2013,2013-06-24,45,야간,월,1,1,0,0,0,경기,화성시,차대차,추돌,진행중 추돌,운전자법규위반,안전운전 의무 불이행,단일로,기타단일로,승용차,중형,자전거,자전거,942436,1918454,126.8739096,37.23561488
2013,2013-07-02,20,야간,화,1,1,0,0,0,전북,군산시,차대차,측면직각충돌,측면직각충돌,운전자법규위반,중앙선 침범,단일로,기타단일로,화물차,대형,화물차,대형,921143,1774758,126.6242162,35.96614594
2013,2013-07-03,20,주간,수,1,2,0,1,0,전남,고흥군,차대차,측면직각충돌,측면직각충돌,운전자법규위반,중앙선 침범,단일로,기타단일로,화물차,소형,농기계,농기계,986494,1637317,127.3524744,34.73018357
2013,2013-07-03,30,주간,수,1,1,0,0,0,경북,구미시,차량단독,전도전복,전도전복,운전자법규위반,안전운전 의무 불이행,기타/불명,기타/불명,농기계,농기계,0,0,1077770,1806758,128.3656724,36.25493943
2013,2013-05-19,25,야간,일,1,3,2,0,0,경기,의정부시,차대차,정면충돌,정면충돌,운전자법규위반,중앙선 침범,기타/불명,기타/불명,승용차,중형,승합차,중형,965881,1975208,127.1153882,37.77839104
2013,2013-05-19,18,야간,일,1,1,0,0,0,전북,군산시,차량단독,공작물충돌,공작물충돌,운전자법규위반,안전운전 의무 불이행,교차로,교차로내,승용차,소형,0,0,929166,1772168,126.7145805,35.94478203
2014,2014-12-19,20,야간,금,1,1,0,0,0,경기,평택시,차대사람,기타,기타,운전자법규위반,중앙선 침범,교차로,교차로부근,승용차,중형,보행자,보행자,957964,1903946,127.0270146,37.13317741
2014,2014-12-15,15,주간,월,1,2,0,1,0,인천,강화군,차대차,기타,기타,운전자법규위반,중앙선 침범,단일로,기타단일로,승용차,경형,승용차,중형,913598,1961418,126.5205654,37.64818798
2014,2014-11-09,50,야간,일,1,1,0,0,0,경북,상주시,차대차,추돌,진행중 추돌,운전자법규위반,안전운전 의무 불이행,단일로,기타단일로,승용차,경형,화물차,대형,1064032,1824949,128.2142597,36.41993534
2014,2014-11-10,0,야간,월,2,2,0,0,0,경북,상주시,차량단독,도로이탈,도로이탈 추락,운전자법규위반,안전운전 의무 불이행,단일로,기타단일로,승용차,중형,0,0,1066177,1822582,128.237983,36.39845232
2014,2014-01-05,10,주간,일,1,2,0,1,0,충북,옥천군,차대차,측면직각충돌,측면직각충돌,운전자법규위반,중앙선 침범,단일로,기타단일로,화물차,소형,화물차,대형,1007543,1812527,127.5840226,36.31005291
2014,2014-01-06,58,주간,월,1,1,0,0,0,경남,거제시,차대차,추돌,진행중 추돌,운전자법규위반,안전운전 의무 불이행,교차로,교차로부근,승용차,중형,승용차,중형,1102146,1655693,128.6178807,34.89084214
2014,2014-01-09,15,주간,목,1,1,0,0,0,경북,경산시,차대차,기타,기타,운전자법규위반,직진 및 우회전차의 통행방해,교차로,교차로내,화물차,소형,이륜차,소형,1119946,1759271,128.8278408,35.82259977
2014,2014-01-03,28,주간,금,1,1,0,0,0,경기,화성시,차대차,측면직각충돌,측면직각충돌,운전자법규위반,안전운전 의무 불이행,단일로,기타단일로,원동기장치자전거,원동기장치자전거,건설기계,건설기계,962989,1913240,127.0828454,37.2172542
2014,2014-01-04,17,주간,토,1,2,1,0,0,경북,영덕군,차대차,추돌,주정차중 추돌,운전자법규위반,안전운전 의무 불이행,단일로,기타단일로,승용차,소형,화물차,대형,1168333,1811221,129.3743518,36.28361523
2014,2014-01-01,10,야간,수,1,1,0,0,0,경기,부천시,차대사람,기타,기타,운전자법규위반,안전운전 의무 불이행,교차로,교차로내,승용차,중형,보행자,보행자,936503,1943974,126.781701,37.49283783
2014,2014-01-16,50,야간,목,1,1,0,0,0,부산,강서구,차량단독,기타,기타,운전자법규위반,안전운전 의무 불이행,교차로,교차로내,자전거,자전거,0,0,1130899,1682201,128.9366469,35.12650058
2014,2014-01-13,45,주간,월,2,2,0,0,0,전남,진도군,차대사람,차도통행중,차도통행중,운전자법규위반,안전운전 의무 불이행,단일로,기타단일로,화물차,소형,보행자,보행자,888457,1616469,126.2844845,34.53621634
2014,2014-01-11,25,야간,토,1,1,0,0,0,경남,고성군,차대차,추돌,진행중 추돌,운전자법규위반,안전운전 의무 불이행,단일로,기타단일로,화물차,소형,건설기계,건설기계,1072929,1665064,128.2989833,34.97785714
2014,2014-01-10,10,야간,금,1,1,0,0,0,충남,천안시,차대차,추돌,진행중 추돌,운전자법규위반,안전운전 의무 불이행,단일로,기타단일로,승용차,소형,농기계,농기계,967447,1881931,127.1344483,36.93519714
2014,2014-01-21,20,주간,화,1,1,0,0,0,강원,영월군,차대사람,길가장자리구역통행중,길가장자리구역통행중,운전자법규위반,안전운전 의무 불이행,단일로,기타단일로,승합차,중형,보행자,보행자,1086095,1910436,128.47001,37.18874215
2014,2014-01-19,20,주간,일,1,1,0,0,0,울산,남구,차대사람,횡단중,횡단중,운전자법규위반,과속,단일로,기타단일로,승용차,중형,보행자,보행자,1161702,1729263,129.2838854,35.54617296
2014,2014-01-19,20,야간,일,1,1,0,0,0,충북,청원군,차대사람,기타,기타,운전자법규위반,안전운전 의무 불이행,단일로,횡단보도부근,승용차,소형,보행자,보행자,986755,1845730,127.3518941,36.60932374
2014,2014-01-20,25,야간,월,1,1,0,0,0,서울,구로구,차대사람,길가장자리구역통행중,길가장자리구역통행중,운전자법규위반,안전운전 의무 불이행,단일로,기타단일로,화물차,소형,보행자,보행자,945451,1943659,126.8829413,37.49057076
2014,2014-01-20,35,주간,월,1,1,0,0,0,충남,서천군,차대차,기타,기타,운전자법규위반,직진 및 우회전차의 통행방해,교차로,교차로내,승용차,중형,원동기장치자전거,원동기장치자전거,926945,1786766,126.6886658,36.07508411
2014,2014-01-31,10,주간,금,1,3,0,2,0,전북,정읍시,차대차,측면직각충돌,측면직각충돌,운전자법규위반,교차로 통행방법 위반,교차로,교차로내,화물차,중형,이륜차,중형,934183,1736141,126.7671684,35.61922999
2014,2014-01-31,14,야간,금,1,1,0,0,0,울산,울주군,차량단독,기타,기타,운전자법규위반,안전운전 의무 불이행,단일로,기타단일로,이륜차,대형,0,0,1141744,1736646,129.0599988,35.61775964
2014,2014-01-28,20,주간,화,1,1,0,0,0,경남,의령군,차대차,측면직각충돌,측면직각충돌,운전자법규위반,안전운전 의무 불이행,교차로,교차로부근,특수차,소형,이륜차,사발이,1066473,1715931,128.2323659,35.43693901
2014,2014-01-29,35,야간,수,1,1,0,0,0,충북,제천시,차대차,기타,기타,운전자법규위반,안전운전 의무 불이행,단일로,기타단일로,승합차,소형,승용차,대형,1062932,1905769,128.2086672,37.14852545
2014,2014-01-28,30,야간,화,1,1,0,0,0,울산,남구,차대사람,횡단중,횡단중,운전자법규위반,안전운전 의무 불이행,단일로,횡단보도상,승용차,중형,보행자,보행자,1167023,1728662,129.3424357,35.53987424
2014,2014-01-28,0,야간,화,1,1,0,0,0,경기,시흥시,차대차,기타,기타,운전자법규위반,신호위반,교차로,교차로내,이륜차,중형,승합차,중형,932611,1927618,126.7391698,37.34514544
2014,2014-04-27,15,야간,일,1,1,0,0,0,경기,안산시,차대사람,기타,기타,운전자법규위반,안전운전 의무 불이행,단일로,기타단일로,승용차,중형,보행자,보행자,944078,1923240,126.8689558,37.30644661
2014,2014-04-27,38,야간,일,1,1,0,0,0,경기,부천시,차대사람,횡단중,횡단중,운전자법규위반,안전운전 의무 불이행,단일로,기타단일로,승용차,중형,보행자,보행자,934794,1944380,126.7623337,37.49637796
2014,2014-04-26,57,주간,토,1,1,0,0,0,서울,금천구,차대사람,기타,기타,운전자법규위반,안전운전 의무 불이행,교차로,교차로내,승합차,대형,보행자,보행자,946981,1939663,126.9005355,37.45464309
2014,2014-04-26,9,주간,토,1,1,0,0,0,경기,광명시,차대차,측면직각충돌,측면직각충돌,운전자법규위반,신호위반,교차로,교차로내,승합차,대형,원동기장치자전거,원동기장치자전거,945017,1935328,126.8786536,37.41545599
2014,2014-04-26,30,주간,토,1,1,0,0,0,경기,의정부시,차량단독,공작물충돌,공작물충돌,운전자법규위반,안전운전 의무 불이행,단일로,기타단일로,화물차,소형,0,0,958973,1969977,127.0343807,37.72759663
2014,2014-04-27,20,야간,일,1,1,0,0,0,전북,완주군,차량단독,공작물충돌,공작물충돌,운전자법규위반,안전운전 의무 불이행,단일로,기타단일로,승용차,소형,0,0,966144,1775214,127.1244833,35.97309091
2014,2014-04-26,50,야간,토,1,1,0,0,0,서울,중랑구,차대차,기타,기타,운전자법규위반,안전운전 의무 불이행,단일로,기타단일로,원동기장치자전거,원동기장치자전거,승용차,중형,964096,1954863,127.0932994,37.59246995
2014,2014-05-06,45,야간,화,1,1,0,0,0,전북,완주군,차대사람,횡단중,횡단중,운전자법규위반,안전운전 의무 불이행,교차로,교차로내,승용차,중형,보행자,보행자,970579,1771271,127.1738199,35.93768522
2014,2014-05-07,40,주간,수,1,1,0,0,0,전남,장흥군,차량단독,기타,기타,운전자법규위반,안전운전 의무 불이행,단일로,기타단일로,승용차,대형,0,0,942316,1612220,126.8716433,34.50233209
2013,2013-05-20,50,주간,월,1,9,3,5,0,부산,기장군,차대차,측면직각충돌,측면직각충돌,운전자법규위반,안전운전 의무 불이행,교차로,교차로내,승용차,중형,승용차,중형,1156088,1695543,129.2155268,35.24316211
2013,2013-05-19,27,주간,일,1,1,0,0,0,제주,제주시,차대사람,횡단중,횡단중,운전자법규위반,안전운전 의무 불이행,단일로,기타단일로,승합차,대형,보행자,보행자,910792,1502869,126.5394535,33.51399759
2013,2013-05-20,2,야간,월,1,1,0,0,0,경남,창원시(통합),차대사람,횡단중,횡단중,운전자법규위반,안전운전 의무 불이행,단일로,기타단일로,승용차,소형,보행자,보행자,1097985,1690072,128.5764089,35.20120594
2013,2013-05-26,35,주간,일,1,2,0,1,0,전북,군산시,차대차,측면직각충돌,측면직각충돌,운전자법규위반,신호위반,교차로,교차로내,이륜차,소형,승용차,중형,915917,1774187,126.5675416,35.96079638
2013,2013-05-27,50,주간,월,1,1,0,0,0,인천,부평구,차대사람,횡단중,횡단중,운전자법규위반,안전운전 의무 불이행,단일로,횡단보도부근,승용차,중형,보행자,보행자,931506,1944650,126.7251149,37.49857331
2013,2013-05-26,52,야간,일,1,2,0,1,0,경기,양평군,차대차,정면충돌,정면충돌,운전자법규위반,중앙선 침범,단일로,기타단일로,승용차,중형,이륜차,중형,1004221,1942478,127.5477425,37.48152743
2013,2013-05-25,35,야간,토,1,2,1,0,0,전남,순천시,차대사람,길가장자리구역통행중,길가장자리구역통행중,운전자법규위반,안전운전 의무 불이행,단일로,기타단일로,승용차,중형,보행자,보행자,998558,1662506,127.4842057,34.95741806
2013,2013-05-24,30,야간,금,2,7,4,1,0,충남,공주시,차량단독,공작물충돌,공작물충돌,운전자법규위반,안전운전 의무 불이행,단일로,기타단일로,승용차,소형,0,0,956904,1838749,127.0184973,36.54550946
2013,2013-05-25,25,주간,토,1,1,0,0,0,광주,서구,차대사람,횡단중,횡단중,운전자법규위반,안전운전 의무 불이행,교차로,교차로부근,화물차,소형,보행자,보행자,942634,1681356,126.8693409,35.12560802
2013,2013-05-25,25,주간,토,1,1,0,0,0,경기,시흥시,차대차,측면직각충돌,측면직각충돌,운전자법규위반,과속,단일로,기타단일로,화물차,소형,자전거,자전거,933740,1929704,126.7517287,37.36402809
2013,2013-05-31,0,야간,금,1,3,0,2,0,전남,광양시,차량단독,공작물충돌,공작물충돌,운전자법규위반,안전운전 의무 불이행,단일로,기타단일로,화물차,소형,0,0,1008830,1677730,127.5968771,35.09466133
2013,2013-05-31,25,야간,금,1,1,0,0,0,광주,광산구,차대사람,횡단중,횡단중,운전자법규위반,안전운전 의무 불이행,단일로,기타단일로,승용차,중형,보행자,보행자,939317,1691694,126.8332183,35.21878007
2013,2013-05-31,30,야간,금,1,1,0,0,0,경기,부천시,차대사람,횡단중,횡단중,운전자법규위반,안전운전 의무 불이행,교차로,교차로부근,승용차,중형,보행자,보행자,935258,1945246,126.7427057,37.50650206
2013,2013-05-31,33,주간,금,1,1,0,0,0,경기,성남시,차대사람,기타,기타,운전자법규위반,안전운전 의무 불이행,교차로,교차로내,화물차,소형,보행자,보행자,966090,1930564,127.1175158,37.37311384
2013,2013-06-01,50,주간,토,1,1,0,0,0,경기,파주시,차대사람,횡단중,횡단중,운전자법규위반,안전운전 의무 불이행,단일로,횡단보도부근,화물차,중형,보행자,보행자,941782,1970130,126.8393328,37.72892718
2013,2013-05-28,45,야간,화,1,1,0,0,0,경북,김천시,차대사람,기타,기타,운전자법규위반,안전운전 의무 불이행,단일로,기타단일로,승합차,대형,보행자,보행자,1070163,1795283,128.2799779,36.15207742
2013,2013-06-05,40,야간,수,1,1,0,0,0,전북,진안군,차량단독,전도전복,전도전복,운전자법규위반,안전운전 의무 불이행,단일로,기타단일로,농기계,농기계,0,0,1009931,1761202,127.6099765,35.84729487
2013,2013-06-11,43,야간,화,1,1,0,0,0,전북,군산시,차량단독,공작물충돌,공작물충돌,운전자법규위반,안전운전 의무 불이행,단일로,기타단일로,이륜차,중형,0,0,933835,1772180,126.7584789,35.9444031
2013,2013-06-20,0,야간,목,1,1,0,0,0,경기,의왕시,차대차,추돌,진행중 추돌,운전자법규위반,안전운전 의무 불이행,단일로,기타단일로,승용차,대형,이륜차,중형,954037,1932275,126.9807716,37.38842972