발생년,발생년월일시분,발생분,주야,요일,사망자수,사상자수,중상자수,경상자수,부상신고자수,발생지시도,발생지시군구,사고유형_대분류,사고유형_중분류,사고유형,법규위반_대분류,법규위반,도로형태_대분류,도로형태,당사자종별_1당_대분류,당사자종별_1당,당사자종별_2당_대분류,당사자종별_2당,발생위치X_UTMK,발생위치Y_UTMK,경도,위도
2013,2013-06-26,23,주간,수,1,1,0,0,0,충북,음성군,차대사람,횡단중,횡단중,운전자법규위반,보행자 보호의무 위반,교차로,교차로부근,화물차,중형,보행자,보행자,1012677,1901524,127.6426866,37.11229281
2013,2013-06-23,33,야간,일,1,3,1,1,0,부산,강서구,차량단독,공작물충돌,공작물충돌,운전자법규위반,안전운전 의무 불이행,교차로,교차로내,승용차,소형,0,0,1127075,1686538,128.8953561,35.16608682
2013,2013-06-24,50,주간,월,1,1,0,0,0,전북,군산시,차대차,측면직각충돌,측면직각충돌,운전자법규위반,안전운전 의무 불이행,교차로,교차로내,승용차,중형,자전거,자전거,929271,1774752,126.7155699,35.9669492
2013,2013-06-24,58,야간,월,1,1,0,0,0,경북,경산시,차량단독,공작물충돌,공작물충돌,운전자법규위반,안전운전 의무 불이행,교차로,교차로내,승용차,소형,0,0,1111526,1758041,128.7276913,35.80813075
2013,2013-06-24,48,주간,월,1,1,0,0,0,경남,진주시,차대차,측면직각충돌,측면직각충돌,운전자법규위반,안전운전 의무 불이행,교차로,교차로내,승용차,중형,자전거,자전거,1056505,1688665,128.1206687,35.19171291
2013,2013-07-01,15,주간,월,1,1,0,0,0,충남,아산시,차대차,추돌,진행중 추돌,운전자법규위반,안전운전 의무 불이행,단일로,기타단일로,화물차,소형,자전거,자전거,956371,1866863,127.0109532,36.79878655
2013,2013-07-07,5,주간,일,1,2,1,0,0,서울,용산구,차량단독,공작물충돌,공작물충돌,운전자법규위반,과속,고가도로위,고가도로위,이륜차,중형,0,0,954273,1946448,126.9825583,37.51618791
2013,2013-07-07,45,야간,일,1,1,0,0,0,서울,강동구,차대사람,기타,기타,운전자법규위반,안전운전 의무 불이행,기타/불명,기타/불명,승용차,중형,보행자,보행자,967354,1947624,127.1305258,37.52734343
2013,2013-07-04,50,주간,목,1,1,0,0,0,충남,서산시,차대차,기타,기타,운전자법규위반,신호위반,교차로,교차로내,화물차,대형,화물차,소형,909520,1868336,126.4856456,36.80887974
2013,2013-06-14,55,야간,금,1,1,0,0,0,경남,진주시,차대사람,기타,기타,운전자법규위반,안전운전 의무 불이행,교차로,교차로내,화물차,소형,보행자,보행자,1056204,1687606,128.1174796,35.18107114
2013,2013-06-13,50,야간,목,1,1,0,0,0,경기,평택시,차대사람,횡단중,횡단중,운전자법규위반,안전운전 의무 불이행,교차로,교차로내,승용차,중형,보행자,보행자,962576,1889966,127.0793525,37.00744554
2013,2013-07-18,45,주간,목,1,1,0,0,0,경기,수원시,차대사람,횡단중,횡단중,운전자법규위반,안전운전 의무 불이행,교차로,교차로부근,승합차,대형,보행자,보행자,958997,1919812,127.0373586,37.27660561
2013,2013-08-31,26,야간,토,1,1,0,0,0,경기,평택시,차대차,기타,기타,운전자법규위반,안전운전 의무 불이행,단일로,기타단일로,승용차,중형,승용차,중형,960135,1883257,127.0537615,36.94930845
2012,2012-07-13,55,야간,금,1,1,0,0,0,경북,구미시,차대차,추돌,주정차중 추돌,운전자법규위반,안전운전 의무 불이행,단일로,기타단일로,승용차,중형,화물차,중형,1077568,1790214,128.361789,36.10581735
2012,2012-04-08,56,야간,일,1,1,0,0,0,경기,부천시,차대차,기타,기타,운전자법규위반,신호위반,교차로,교차로내,승용차,중형,이륜차,소형,939577,1948511,126.8160997,37.53393613
2012,2012-01-30,18,주간,월,1,1,0,0,0,서울,강북구,차대차,기타,기타,운전자법규위반,안전운전 의무 불이행,교차로,교차로내,자전거,자전거,승용차,중형,957579,1958428,127.0192738,37.6243245
2012,2012-02-05,30,야간,일,1,1,0,0,0,경기,수원시,차대차,추돌,진행중 추돌,운전자법규위반,안전운전 의무 불이행,단일로,기타단일로,승용차,대형,이륜차,소형,954935,1918068,126.9917788,37.26041791
2012,2012-10-30,35,야간,화,1,2,1,0,0,울산,중구,차대사람,횡단중,횡단중,운전자법규위반,안전운전 의무 불이행,교차로,교차로부근,화물차,소형,보행자,보행자,1166561,1730478,129.3377152,35.55631772
2012,2012-08-15,0,야간,수,1,1,0,0,0,강원,인제군,차대사람,횡단중,횡단중,운전자법규위반,안전운전 의무 불이행,단일로,기타단일로,승용차,중형,보행자,보행자,1062715,2003886,128.21463,38.03285215
2012,2012-08-25,30,주간,토,1,2,1,0,0,전북,순창군,차대차,정면충돌,정면충돌,운전자법규위반,중앙선 침범,단일로,기타단일로,화물차,소형,이륜차,중형,950290,1715656,126.9523284,35.43543845
2012,2012-11-25,50,야간,일,1,1,0,0,0,경북,포항시,차대차,기타,기타,운전자법규위반,안전운전 의무 불이행,단일로,기타단일로,화물차,중형,승용차,중형,1166910,1804617,129.3571052,36.22435512
2012,2012-11-09,0,주간,금,1,1,0,0,0,경북,상주시,차대사람,차도통행중,차도통행중,운전자법규위반,안전운전 의무 불이행,단일로,기타단일로,화물차,대형,보행자,보행자,1059556,1829178,128.1646593,36.4583466
2012,2012-11-10,17,야간,토,2,2,0,0,0,경기,안산시,차대차,추돌,주정차중 추돌,운전자법규위반,안전운전 의무 불이행,단일로,기타단일로,이륜차,중형,화물차,대형,944152,1923125,126.8695008,37.30604389
2012,2012-10-26,50,야간,금,1,1,0,0,0,경기,용인시,차대사람,횡단중,횡단중,운전자법규위반,신호위반,교차로,교차로내,승용차,중형,보행자,보행자,964755,1915961,127.102621,37.24184934
2012,2012-07-19,40,야간,목,1,1,0,0,0,충남,천안시,차량단독,공작물충돌,공작물충돌,운전자법규위반,안전운전 의무 불이행,단일로,기타단일로,승합차,소형,0,0,987258,1865119,127.3571957,36.78411978
2012,2012-07-24,16,주간,화,1,2,0,1,0,전남,영암군,차대차,측면직각충돌,측면직각충돌,운전자법규위반,직진 및 우회전차의 통행방해,교차로,교차로내,화물차,소형,화물차,대형,900190,1640341,126.4097135,34.75267979
2012,2012-07-26,5,야간,목,1,1,0,0,0,제주,제주시,차대차,기타,기타,운전자법규위반,앞지르기 금지위반,단일로,기타단일로,이륜차,중형,승용차,경형,940941,1503870,126.8639947,33.52511748
2012,2012-07-26,54,주간,목,1,1,0,0,0,울산,동구,차량단독,전도전복,전도전복,운전자법규위반,안전운전 의무 불이행,단일로,기타단일로,이륜차,소형,0,0,1175290,1727259,129.4332805,35.52580364
2013,2013-09-11,40,야간,수,1,2,0,1,0,경북,고령군,차대차,추돌,진행중 추돌,운전자법규위반,중앙선 침범,단일로,기타단일로,승용차,중형,화물차,중형,1066091,1745393,128.230565,35.70258966
2013,2013-09-28,48,주간,토,2,6,4,0,0,경남,합천군,차대차,정면충돌,정면충돌,운전자법규위반,중앙선 침범,단일로,기타단일로,승용차,중형,승합차,중형,1061819,1745861,128.1833817,35.70708638
2013,2013-04-19,10,야간,금,1,1,0,0,0,대구,동구,차대사람,기타,기타,운전자법규위반,안전운전 의무 불이행,단일로,기타단일로,승용차,중형,보행자,보행자,1107471,1764818,128.690514,35.87404787
2013,2013-05-14,40,주간,화,1,1,0,0,0,서울,송파구,차대사람,횡단중,횡단중,운전자법규위반,안전운전 의무 불이행,단일로,기타단일로,승용차,중형,보행자,보행자,967454,1945729,127.1317415,37.51026648
2013,2013-03-09,44,야간,토,1,2,1,0,0,경기,용인시,차대차,측면직각충돌,측면직각충돌,운전자법규위반,신호위반,교차로,교차로내,승용차,중형,승합차,대형,972710,1918119,127.1922313,37.26156838
2013,2013-08-31,34,주간,토,1,1,0,0,0,서울,동대문구,차대사람,차도통행중,차도통행중,운전자법규위반,안전운전 의무 불이행,기타/불명,기타/불명,승용차,소형,보행자,보행자,961343,1955666,127.0620733,37.59959602
2013,2013-10-07,40,주간,월,1,4,3,0,0,충남,청양군,차대차,정면충돌,정면충돌,운전자법규위반,중앙선 침범,단일로,기타단일로,승용차,중형,승용차,중형,956725,1826529,127.0171817,36.43533951
2013,2013-10-07,40,야간,월,1,1,0,0,0,경기,파주시,차대사람,차도통행중,차도통행중,운전자법규위반,안전운전 의무 불이행,단일로,교량위,화물차,중형,보행자,보행자,928445,1973541,126.6876592,37.75872311
2013,2013-10-02,20,야간,수,1,1,0,0,0,경남,거제시,차대차,기타,기타,운전자법규위반,중앙선 침범,단일로,기타단일로,원동기장치자전거,원동기장치자전거,승용차,중형,1090933,1649551,128.4945166,34.83653065
2013,2013-09-07,3,주간,토,1,1,0,0,0,부산,영도구,차대차,기타,기타,운전자법규위반,중앙선 침범,단일로,기타단일로,승용차,대형,원동기장치자전거,원동기장치자전거,1140684,1678674,129.0422731,35.09378996
2014,2014-06-29,5,야간,일,1,3,0,2,0,충북,진천군,차량단독,기타,기타,운전자법규위반,안전운전 의무 불이행,단일로,기타단일로,원동기장치자전거,원동기장치자전거,0,0,988163,1876371,127.3671631,36.88556444
2014,2014-07-01,55,야간,화,1,1,0,0,0,경북,군위군,차대차,측면직각충돌,측면직각충돌,운전자법규위반,과속,교차로,교차로내,승용차,중형,이륜차,사발이,1093732,1808652,128.5435512,36.27059438
2014,2014-06-29,34,주간,일,1,1,0,0,0,전북,완주군,차대사람,기타,기타,운전자법규위반,안전운전 의무 불이행,교차로,교차로부근,승용차,소형,보행자,보행자,961673,1768611,127.0752127,35.91339428
2014,2014-07-01,51,주간,화,1,1,0,0,0,충남,청양군,차대사람,횡단중,횡단중,운전자법규위반,안전운전 의무 불이행,단일로,기타단일로,건설기계,건설기계,보행자,보행자,937653,1828354,126.8042609,36.45074107
2013,2013-10-07,40,주간,월,1,2,1,0,0,전남,완도군,차대차,정면충돌,정면충돌,운전자법규위반,중앙선 침범,단일로,기타단일로,화물차,소형,승용차,중형,922639,1593025,126.6590523,34.32795409
2013,2013-10-17,20,야간,목,1,1,0,0,0,대구,동구,차대차,기타,기타,운전자법규위반,안전운전 의무 불이행,단일로,기타단일로,승합차,중형,승용차,소형,1105524,1765083,128.6689852,35.87664845
2014,2014-05-09,10,야간,금,1,2,1,0,0,서울,영등포구,차대차,측면직각충돌,측면직각충돌,운전자법규위반,신호위반,교차로,교차로내,승용차,대형,승용차,중형,946420,1944478,126.8938424,37.49800929
2014,2014-06-14,40,야간,토,1,1,0,0,0,서울,강북구,차대사람,횡단중,횡단중,운전자법규위반,신호위반,교차로,교차로내,승용차,중형,보행자,보행자,958387,1959610,127.0283627,37.63501501
2014,2014-04-02,40,주간,수,1,1,0,0,0,전남,장성군,차대차,측면직각충돌,측면직각충돌,운전자법규위반,안전운전 의무 불이행,교차로,교차로내,건설기계,건설기계,원동기장치자전거,원동기장치자전거,932316,1697696,126.7558029,35.27244788
2014,2014-04-26,10,야간,토,1,2,0,0,1,전남,해남군,차대차,측면직각충돌,측면직각충돌,운전자법규위반,교차로 통행방법 위반,교차로,교차로내,화물차,소형,승용차,중형,909811,1604059,126.5373961,34.43424491
2013,2013-08-06,5,야간,화,1,1,0,0,0,경남,창원시(통합),차대사람,기타,기타,운전자법규위반,안전운전 의무 불이행,단일로,기타단일로,승용차,소형,보행자,보행자,1095998,1685381,128.554038,35.15910563
2013,2013-05-27,30,야간,월,2,3,0,1,0,경기,수원시,차대차,기타,기타,운전자법규위반,신호위반,교차로,교차로내,이륜차,중형,승용차,중형,958081,1918938,127.0272077,37.26840682
2013,2013-06-04,40,야간,화,1,1,0,0,0,대전,동구,차대사람,횡단중,횡단중,운전자법규위반,안전운전 의무 불이행,교차로,교차로부근,화물차,소형,보행자,보행자,994164,1816113,127.4349651,36.34239415
2013,2013-06-19,43,주간,수,1,1,0,0,0,경기,연천군,차대사람,횡단중,횡단중,운전자법규위반,안전운전 의무 불이행,단일로,기타단일로,승용차,소형,보행자,보행자,965054,2003683,127.1017945,38.03252008
2013,2013-05-20,29,주간,월,1,1,0,0,0,전남,장성군,차대차,측면직각충돌,측면직각충돌,운전자법규위반,중앙선 침범,교차로,교차로내,화물차,중형,화물차,소형,926570,1693084,126.6930422,35.23046021
2013,2013-06-01,54,주간,토,2,2,0,0,0,경기,고양시,차대차,기타,기타,운전자법규위반,안전운전 의무 불이행,단일로,기타단일로,이륜차,중형,건설기계,건설기계,944379,1956198,126.8698648,37.60352142
2013,2013-01-23,45,주간,수,1,1,0,0,0,전남,완도군,차량단독,전도전복,전도전복,운전자법규위반,안전운전 의무 불이행,단일로,기타단일로,건설기계,건설기계,0,0,932938,1593551,126.7709573,34.33341499
2013,2013-12-31,14,주간,화,1,2,1,0,0,전남,여수시,차대차,기타,기타,운전자법규위반,중앙선 침범,단일로,기타단일로,화물차,중형,화물차,중형,1024218,1631403,127.7643619,34.67665449
2013,2013-11-19,38,야간,화,1,1,0,0,0,광주,광산구,차량단독,기타,기타,운전자법규위반,안전운전 의무 불이행,단일로,기타단일로,이륜차,중형,0,0,940138,1690088,126.8423557,35.20434887
2013,2013-11-16,53,야간,토,1,1,0,0,0,울산,동구,차량단독,전도전복,전도전복,운전자법규위반,안전운전 의무 불이행,단일로,기타단일로,이륜차,중형,0,0,1173384,1727977,129.4124232,35.53260904
2013,2013-02-15,24,주간,금,1,1,0,0,0,울산,남구,차대사람,기타,기타,운전자법규위반,안전운전 의무 불이행,단일로,기타단일로,승용차,중형,보행자,보행자,1170010,1723554,129.3742991,35.49333399
2013,2013-09-18,13,야간,수,1,1,0,0,0,경기,안양시,차대사람,횡단중,횡단중,운전자법규위반,안전운전 의무 불이행,단일로,기타단일로,승용차,중형,보행자,보행자,952012,1929915,126.9580499,37.36705532
2013,2013-03-29,50,주간,금,1,1,0,0,0,충남,부여군,차대차,기타,기타,운전자법규위반,직진 및 우회전차의 통행방해,교차로,교차로내,이륜차,소형,화물차,소형,948865,1795614,126.9315172,36.15625235
2013,2013-04-10,40,주간,수,1,1,0,0,0,경남,창원시(통합),차대사람,횡단중,횡단중,운전자법규위반,보행자 보호의무 위반,교차로,교차로부근,건설기계,건설기계,보행자,보행자,1092024,1695736,128.5115677,35.25283521
2013,2013-07-28,40,야간,일,1,1,0,0,0,대구,달서구,차대사람,횡단중,횡단중,운전자법규위반,안전운전 의무 불이행,단일로,기타단일로,이륜차,소형,보행자,보행자,1089892,1762575,128.495558,35.85559971
2013,2013-08-07,55,야간,수,1,1,0,0,0,전남,해남군,차대차,추돌,진행중 추돌,운전자법규위반,안전운전 의무 불이행,단일로,기타단일로,승용차,중형,자전거,자전거,912598,1607628,126.5484256,34.45883263
2014,2014-06-27,40,야간,금,1,1,0,0,0,경남,거제시,차대차,기타,기타,운전자법규위반,안전운전 의무 불이행,기타/불명,기타/불명,승용차,중형,승합차,중형,1104078,1656754,128.6391528,34.90021165
2014,2014-06-26,15,야간,목,1,1,0,0,0,광주,남구,차대차,추돌,주정차중 추돌,운전자법규위반,기타(운전자법규위반),단일로,기타단일로,화물차,소형,승용차,중형,946171,1683327,126.9090723,35.14372879
2014,2014-06-28,30,주간,토,1,1,0,0,0,경남,함안군,차대차,측면직각충돌,측면직각충돌,운전자법규위반,안전운전 의무 불이행,교차로,교차로내,이륜차,소형,화물차,소형,1077545,1698086,128.3526473,35.27524866
2014,2014-08-24,0,주간,일,1,1,0,0,0,충남,청양군,차량단독,전도전복,전도전복,운전자법규위반,안전운전 의무 불이행,단일로,기타단일로,이륜차,소형,0,0,940481,1834355,126.8353551,36.50501753
2014,2014-08-23,50,주간,토,1,1,0,0,0,충남,공주시,차대사람,횡단중,횡단중,운전자법규위반,안전운전 의무 불이행,단일로,기타단일로,승용차,중형,보행자,보행자,968134,1830186,127.1443186,36.4687546
2014,2014-08-31,40,주간,일,1,1,0,0,0,충남,공주시,차대사람,보도통행중,보도통행중,운전자법규위반,과속,단일로,횡단보도상,승용차,중형,보행자,보행자,960492,1848628,127.0580767,36.63472164
2014,2014-09-01,0,야간,월,1,1,0,0,0,전남,여수시,차량단독,공작물충돌,공작물충돌,운전자법규위반,기타(운전자법규위반),단일로,기타단일로,특수차,대형,0,0,1012038,1645711,127.6328296,34.76142916
2014,2014-09-01,50,야간,월,1,1,0,0,0,충북,청주시,차대사람,횡단중,횡단중,운전자법규위반,보행자 보호의무 위반,교차로,교차로부근,승용차,중형,보행자,보행자,993065,1849462,127.4224189,36.64303449
2014,2014-09-02,45,야간,화,1,1,0,0,0,경북,구미시,차대사람,횡단중,횡단중,운전자법규위반,안전운전 의무 불이행,기타/불명,기타/불명,승용차,중형,보행자,보행자,1079504,1789911,128.3831808,36.102123
2014,2014-09-03,49,야간,수,2,3,1,0,0,전남,여수시,차대사람,기타,기타,운전자법규위반,안전운전 의무 불이행,단일로,기타단일로,승용차,중형,보행자,보행자,1020914,1638459,127.7278164,34.74071893
2014,2014-09-07,55,야간,일,1,1,0,0,0,충남,천안시,차대사람,횡단중,횡단중,운전자법규위반,보행자 보호의무 위반,교차로,교차로부근,승용차,중형,보행자,보행자,970889,1870640,127.173533,36.83352755
2014,2014-09-07,0,야간,일,1,1,0,0,0,경북,구미시,차대사람,기타,기타,운전자법규위반,안전운전 의무 불이행,단일로,기타단일로,승용차,중형,보행자,보행자,1082804,1790249,128.4199587,36.10570035
2014,2014-09-13,10,야간,토,1,1,0,0,0,서울,구로구,차대사람,횡단중,횡단중,운전자법규위반,안전운전 의무 불이행,단일로,횡단보도부근,승합차,대형,보행자,보행자,945959,1945113,126.8885806,37.50370576
2014,2014-09-13,13,야간,토,1,4,0,3,0,전남,여수시,차대차,기타,기타,운전자법규위반,안전운전 의무 불이행,기타/불명,기타/불명,특수차,대형,승용차,중형,1012501,1645558,127.6366705,34.80451175
2014,2014-09-20,45,야간,토,1,1,0,0,0,경남,김해시,차대사람,횡단중,횡단중,운전자법규위반,안전운전 의무 불이행,교차로,교차로내,승용차,중형,보행자,보행자,1124039,1694139,128.8631722,35.23498605
2014,2014-09-20,32,야간,토,1,1,0,0,0,경남,진주시,차대사람,횡단중,횡단중,운전자법규위반,안전운전 의무 불이행,단일로,횡단보도상,승용차,중형,보행자,보행자,1051528,1688738,128.0660068,35.19263897
2014,2014-09-21,30,주간,일,2,3,1,0,0,인천,강화군,차대차,정면충돌,정면충돌,운전자법규위반,중앙선 침범,단일로,기타단일로,승용차,중형,승용차,중형,901727,1967313,126.3852257,37.70011803
2014,2014-09-21,20,주간,일,1,1,0,0,0,경기,수원시,차대차,기타,기타,운전자법규위반,안전운전 의무 불이행,단일로,기타단일로,승합차,대형,자전거,자전거,954424,1919467,126.9859305,37.27300314
2014,2014-09-22,14,야간,월,1,2,1,0,0,전남,해남군,차량단독,전도전복,전도전복,운전자법규위반,안전운전 의무 불이행,단일로,기타단일로,화물차,중형,0,0,905063,1616442,126.4654195,34.53763991
2014,2014-10-04,15,야간,토,1,3,2,0,0,인천,서구,차대차,추돌,주정차중 추돌,운전자법규위반,안전운전 의무 불이행,단일로,기타단일로,승용차,대형,화물차,대형,924801,1946674,126.6490603,37.51629304
2014,2014-09-18,35,야간,목,1,1,0,0,0,충북,제천시,차대사람,기타,기타,운전자법규위반,안전운전 의무 불이행,단일로,기타단일로,승용차,중형,보행자,보행자,1061229,1897343,128.188803,37.0726899
2014,2014-09-18,30,야간,목,1,1,0,0,0,경남,창원시(통합),차량단독,공작물충돌,공작물충돌,운전자법규위반,안전운전 의무 불이행,단일로,기타단일로,화물차,소형,0,0,1087585,1677537,128.4608462,35.08915266
2014,2014-09-18,0,야간,목,1,1,0,0,0,경북,구미시,차대사람,횡단중,횡단중,운전자법규위반,안전운전 의무 불이행,단일로,기타단일로,승합차,중형,보행자,보행자,1082441,1793687,128.4162863,36.13672346
2014,2014-09-18,10,야간,목,1,2,0,1,0,제주,제주시,차대차,정면충돌,정면충돌,운전자법규위반,중앙선 침범,단일로,기타단일로,화물차,소형,화물차,소형,925863,1506896,126.7013814,33.55146796
2014,2014-09-30,3,야간,화,1,1,0,0,0,경남,거제시,차대사람,보도통행중,보도통행중,운전자법규위반,보행자 보호의무 위반,교차로,교차로부근,승용차,중형,보행자,보행자,1109081,1656127,128.6947739,34.88965979
2014,2014-09-28,30,주간,일,1,2,0,1,0,경남,함안군,차대차,정면충돌,정면충돌,운전자법규위반,중앙선 침범,단일로,기타단일로,승용차,중형,승용차,중형,1093466,1702620,128.5282009,35.31476482
2014,2014-09-30,0,주간,화,1,1,0,0,0,인천,연수구,차량단독,전도전복,전도전복,운전자법규위반,안전운전 의무 불이행,단일로,기타단일로,승용차,중형,0,0,926971,1931818,126.6737938,37.38391618
2014,2014-09-29,5,야간,월,1,1,0,0,0,인천,남구,차대사람,기타,기타,운전자법규위반,안전운전 의무 불이행,단일로,기타단일로,승용차,중형,보행자,보행자,925444,1938083,126.6572057,37.43891694
2014,2014-09-29,10,야간,월,1,2,1,0,0,경남,함양군,차량단독,공작물충돌,공작물충돌,운전자법규위반,안전운전 의무 불이행,단일로,기타단일로,화물차,중형,0,0,1018020,1718132,127.6985907,35.45884267
2014,2014-09-29,47,야간,월,1,3,1,1,0,강원,강릉시,차대차,추돌,진행중 추돌,운전자법규위반,안전운전 의무 불이행,단일로,기타단일로,승용차,중형,승용차,중형,1123547,1974440,128.902614,37.76127809
2014,2014-09-29,0,주간,월,1,1,0,0,0,충남,천안시,차대차,기타,기타,운전자법규위반,안전운전 의무 불이행,교차로,교차로부근,원동기장치자전거,원동기장치자전거,화물차,소형,968031,1868457,127.1415741,36.81375653
2014,2014-09-29,10,주간,월,1,1,0,0,0,경남,진주시,차량단독,기타,기타,운전자법규위반,기타(운전자법규위반),단일로,기타단일로,승합차,대형,0,0,1055034,1687297,128.1044202,35.17945985
2014,2014-09-26,33,주간,금,1,1,0,0,0,울산,북구,차대차,측면직각충돌,측면직각충돌,운전자법규위반,부당한 회전,교차로,교차로내,이륜차,중형,승용차,중형,1167155,1737962,129.3458139,35.62366252
2014,2014-09-26,55,야간,금,1,1,0,0,0,대구,서구,차대사람,횡단중,횡단중,운전자법규위반,안전운전 의무 불이행,단일로,횡단보도상,승용차,중형,보행자,보행자,1095233,1764686,128.5549533,35.87412492
2014,2014-09-28,15,주간,일,1,1,0,0,0,광주,서구,차대사람,보도통행중,보도통행중,운전자법규위반,안전운전 의무 불이행,단일로,기타단일로,화물차,소형,보행자,보행자,945638,1684104,126.9031702,35.15070611
2014,2014-09-26,54,야간,금,1,1,0,0,0,경남,통영시,차대사람,횡단중,횡단중,운전자법규위반,안전운전 의무 불이행,단일로,기타단일로,승용차,중형,보행자,보행자,1083205,1649595,128.4100113,34.83758898
2014,2014-09-27,50,야간,토,1,5,2,2,0,대구,달서구,차대차,측면직각충돌,측면직각충돌,운전자법규위반,신호위반,교차로,교차로내,이륜차,소형,승용차,중형,1093678,1762015,128.5373878,35.85004916
2014,2014-09-28,55,야간,일,1,3,2,0,0,경기,광주시,차대차,정면충돌,정면충돌,운전자법규위반,중앙선 침범,단일로,기타단일로,승용차,소형,승용차,경형,979776,1940771,127.2713001,37.46592938
2014,2014-08-22,20,야간,금,1,1,0,0,0,충북,청주시,차대사람,횡단중,횡단중,운전자법규위반,안전운전 의무 불이행,단일로,기타단일로,승용차,중형,보행자,보행자,997426,1843875,127.4660394,36.58561123
2014,2014-08-19,40,주간,화,1,2,1,0,0,서울,강서구,차대사람,기타,기타,운전자법규위반,안전운전 의무 불이행,단일로,횡단보도상,승합차,대형,보행자,보행자,945047,1949941,126.8779016,37.54716713
2014,2014-08-16,55,야간,토,1,1,0,0,0,서울,관악구,차대사람,차도통행중,차도통행중,운전자법규위반,안전운전 의무 불이행,단일로,기타단일로,승용차,중형,보행자,보행자,948741,1941156,126.9203303,37.46819915
2014,2014-08-16,52,야간,토,1,1,0,0,0,경기,연천군,차대사람,횡단중,횡단중,운전자법규위반,안전운전 의무 불이행,단일로,횡단보도상,승용차,소형,보행자,보행자,961764,2003739,127.0643034,38.03289184
2014,2014-12-17,49,주간,수,1,1,0,0,0,전남,장흥군,차량단독,도로이탈,도로이탈 추락,운전자법규위반,안전운전 의무 불이행,단일로,기타단일로,승용차,중형,0,0,943189,1609430,126.8813383,34.47722132
2014,2014-12-26,18,주간,금,1,1,0,0,0,경기,파주시,차대차,기타,기타,운전자법규위반,안전운전 의무 불이행,단일로,기타단일로,이륜차,소형,화물차,대형,929139,1977418,126.6947654,37.79120974
2014,2014-11-26,5,야간,수,1,1,0,0,0,경북,경주시,차대사람,기타,기타,운전자법규위반,안전운전 의무 불이행,단일로,기타단일로,원동기장치자전거,원동기장치자전거,보행자,보행자,1153878,1762845,129.2040352,35.85007368
2014,2014-12-29,0,주간,월,1,2,0,1,0,경북,경주시,차대차,기타,기타,운전자법규위반,중앙선 침범,단일로,기타단일로,승용차,중형,화물차,소형,1154762,1779491,129.2170616,35.99994831
2012,2012-08-05,50,주간,일,1,1,0,0,0,충북,음성군,차대차,기타,기타,운전자법규위반,앞지르기 금지위반,교차로,교차로내,승용차,소형,이륜차,중형,999828,1891241,127.4980664,37.01968431
2014,2014-08-20,0,주간,수,1,1,0,0,0,전북,정읍시,차대사람,기타,기타,운전자법규위반,안전운전 의무 불이행,교차로,교차로내,승용차,중형,보행자,보행자,944761,1726660,126.8849045,35.54231146
2014,2014-08-26,25,주간,화,1,1,0,0,0,전북,고창군,차대차,정면충돌,정면충돌,운전자법규위반,중앙선 침범,단일로,기타단일로,승용차,중형,승용차,중형,922133,1716513,126.6420568,35.44135956
2014,2014-04-30,6,야간,수,3,3,0,0,0,전북,임실군,차대차,기타,기타,운전자법규위반,신호위반,교차로,교차로내,승용차,소형,승용차,소형,979721,1740618,127.2759505,35.66154498
2012,2012-06-05,10,주간,화,1,1,0,0,0,전북,남원시,차대차,측면직각충돌,측면직각충돌,운전자법규위반,교차로 통행방법 위반,교차로,교차로내,농기계,농기계,화물차,대형,981588,1703642,127.2979442,35.32829117
2014,2014-02-27,30,주간,목,1,1,0,0,0,부산,해운대구,차대차,기타,기타,운전자법규위반,안전운전 의무 불이행,교차로,교차로부근,이륜차,소형,승용차,중형,1147937,1687985,129.1246161,35.17627474
2014,2014-06-30,15,주간,월,1,1,0,0,0,경북,구미시,차대사람,기타,기타,운전자법규위반,안전운전 의무 불이행,교차로,교차로부근,승용차,중형,보행자,보행자,1075478,1800652,128.3395736,36.200078
2014,2014-07-02,20,주간,수,1,1,0,0,0,경북,구미시,차량단독,공작물충돌,공작물충돌,운전자법규위반,안전운전 의무 불이행,단일로,기타단일로,승용차,중형,0,0,1068609,1803774,128.273622,36.22585567
2014,2014-04-19,30,야간,토,1,1,0,0,0,전남,여수시,차대사람,횡단중,횡단중,운전자법규위반,안전운전 의무 불이행,단일로,기타단일로,승합차,소형,보행자,보행자,1019574,1640480,127.7138793,34.75860844
2014,2014-09-06,35,야간,토,1,1,0,0,0,경기,용인시,차대사람,횡단중,횡단중,운전자법규위반,안전운전 의무 불이행,단일로,기타단일로,승용차,소형,보행자,보행자,974308,1914960,127.2103618,37.23313883
2014,2014-09-18,0,주간,목,1,1,0,0,0,서울,강동구,차대사람,기타,기타,운전자법규위반,안전운전 의무 불이행,단일로,기타단일로,승합차,대형,보행자,보행자,967371,1949196,127.1306483,37.54151314
2014,2014-01-09,20,주간,목,1,1,0,0,0,경기,성남시,차대사람,횡단중,횡단중,운전자법규위반,안전운전 의무 불이행,단일로,기타단일로,승용차,경형,보행자,보행자,969761,1937644,127.1581768,37.43747046