발생년,발생년월일시분,발생분,주야,요일,사망자수,사상자수,중상자수,경상자수,부상신고자수,발생지시도,발생지시군구,사고유형_대분류,사고유형_중분류,사고유형,법규위반_대분류,법규위반,도로형태_대분류,도로형태,당사자종별_1당_대분류,당사자종별_1당,당사자종별_2당_대분류,당사자종별_2당,발생위치X_UTMK,발생위치Y_UTMK,경도,위도
2014,2014-02-11,20,야간,화,2,3,1,0,0,충남,당진시,차대차,정면충돌,정면충돌,운전자법규위반,중앙선 침범,단일로,기타단일로,승용차,중형,승용차,대형,932077,1876808,126.7377465,36.88713322
2014,2014-09-10,25,야간,수,1,1,0,0,0,경남,창원시(통합),차대사람,보도통행중,보도통행중,운전자법규위반,보행자 보호의무 위반,교차로,교차로내,승용차,소형,보행자,보행자,1109113,1684484,128.6978931,35.1496807
2014,2014-10-03,55,야간,금,1,1,0,0,0,전북,고창군,차대사람,기타,기타,운전자법규위반,안전운전 의무 불이행,단일로,기타단일로,승용차,중형,보행자,보행자,913919,1707812,126.5524834,35.36223781
2014,2014-08-29,20,주간,금,1,2,1,0,0,경남,창녕군,차대차,측면직각충돌,측면직각충돌,운전자법규위반,신호위반,교차로,교차로내,화물차,중형,원동기장치자전거,원동기장치자전거,1086536,1738107,128.4557543,35.63532129
2014,2014-02-15,10,야간,토,1,1,0,0,0,경북,김천시,차량단독,전도전복,전도전복,운전자법규위반,안전운전 의무 불이행,단일로,기타단일로,승용차,중형,0,0,1062993,1798245,128.2005147,36.1792725
2014,2014-01-17,15,야간,금,1,1,0,0,0,경남,밀양시,차대사람,횡단중,횡단중,운전자법규위반,안전운전 의무 불이행,단일로,기타단일로,승용차,소형,보행자,보행자,1111976,1724093,128.7347366,35.50643557
2014,2014-05-09,28,야간,금,1,1,0,0,0,경북,영주시,차대사람,차도통행중,차도통행중,운전자법규위반,안전운전 의무 불이행,단일로,기타단일로,승용차,중형,보행자,보행자,1098415,1868750,128.6033514,36.81181918
2014,2014-05-08,21,주간,목,1,2,0,1,0,서울,중구,차대차,추돌,주정차중 추돌,운전자법규위반,안전운전 의무 불이행,단일로,터널안,승합차,대형,승용차,경형,957151,1950143,127.0149086,37.54963021
2014,2014-06-25,40,야간,수,1,1,0,0,0,충남,천안시,차대차,정면충돌,정면충돌,운전자법규위반,교차로 통행방법 위반,교차로,교차로부근,승용차,소형,특수차,소형,965944,1869468,127.1181305,36.82279737
2014,2014-07-12,45,주간,토,1,1,0,0,0,충북,충주시,차대차,측면직각충돌,측면직각충돌,운전자법규위반,안전운전 의무 불이행,단일로,기타단일로,원동기장치자전거,원동기장치자전거,승용차,중형,1040271,1891963,127.9527538,37.02532902
2014,2014-08-20,0,야간,수,1,1,0,0,0,전남,해남군,차량단독,전도전복,전도전복,운전자법규위반,안전운전 의무 불이행,단일로,기타단일로,원동기장치자전거,원동기장치자전거,0,0,903302,1620913,126.4457232,34.5777889
2014,2014-04-23,40,야간,수,1,1,0,0,0,서울,구로구,차대사람,횡단중,횡단중,운전자법규위반,과속,단일로,기타단일로,승용차,중형,보행자,보행자,945019,1944902,126.8779618,37.50174847
2014,2014-04-20,0,주간,일,1,4,1,2,0,충북,청원군,차량단독,공작물충돌,공작물충돌,운전자법규위반,안전운전 의무 불이행,단일로,기타단일로,승용차,중형,0,0,1014558,1849009,127.6628501,36.63886466
2014,2014-04-27,5,야간,일,1,1,0,0,0,울산,북구,차대차,측면직각충돌,측면직각충돌,운전자법규위반,신호위반,교차로,교차로내,승용차,소형,이륜차,소형,1168687,1731102,129.361291,35.56158136
2014,2014-10-08,17,야간,수,1,1,0,0,0,경기,부천시,차대사람,횡단중,횡단중,운전자법규위반,보행자 보호의무 위반,교차로,교차로부근,화물차,소형,보행자,보행자,939451,1942580,126.8151622,37.4804717
2014,2014-11-07,30,야간,금,1,2,1,0,0,전북,익산시,차대차,측면직각충돌,측면직각충돌,운전자법규위반,안전운전 의무 불이행,교차로,교차로내,승용차,중형,승용차,소형,952342,1771392,126.9716317,35.93805648
2014,2014-09-15,20,주간,월,1,1,0,0,0,부산,사상구,차대사람,기타,기타,운전자법규위반,안전운전 의무 불이행,단일로,기타단일로,승용차,경형,보행자,보행자,1135927,1685830,128.9924111,35.15854638
2014,2014-08-18,10,주간,월,1,1,0,0,0,경기,하남시,차대차,측면직각충돌,측면직각충돌,운전자법규위반,안전운전 의무 불이행,교차로,교차로내,건설기계,건설기계,자전거,자전거,975188,1948059,127.219172,37.5315084
2014,2014-03-26,0,주간,수,1,1,0,0,0,충북,보은군,차대사람,기타,기타,운전자법규위반,안전운전 의무 불이행,단일로,기타단일로,승용차,중형,보행자,보행자,1008860,1833124,127.5989279,36.4957303
2014,2014-10-27,45,주간,월,1,1,0,0,0,전북,익산시,차대사람,길가장자리구역통행중,길가장자리구역통행중,운전자법규위반,안전운전 의무 불이행,단일로,기타단일로,화물차,소형,보행자,보행자,945728,1779667,126.9130296,36.05915492
2014,2014-10-29,10,주간,수,1,1,0,0,0,제주,서귀포시,차대사람,횡단중,횡단중,운전자법규위반,보행자 보호의무 위반,교차로,교차로부근,화물차,소형,보행자,보행자,913154,1473803,126.5676854,33.25205694
2014,2014-10-28,55,야간,화,1,1,0,0,0,경기,화성시,차대사람,길가장자리구역통행중,길가장자리구역통행중,운전자법규위반,안전운전 의무 불이행,단일로,기타단일로,화물차,경형,보행자,보행자,950647,1912783,126.9437729,37.21256336
2014,2014-11-06,10,주간,목,1,3,0,2,0,전북,순창군,차대차,추돌,진행중 추돌,운전자법규위반,안전운전 의무 불이행,단일로,기타단일로,화물차,소형,화물차,소형,966879,1710708,127.1352919,35.39151476
2014,2014-11-06,3,야간,목,1,1,0,0,0,인천,서구,차대사람,횡단중,횡단중,운전자법규위반,안전운전 의무 불이행,단일로,기타단일로,승용차,중형,보행자,보행자,923090,1955384,126.9769283,37.56242044
2014,2014-11-07,45,주간,금,1,1,0,0,0,부산,사상구,차대차,추돌,진행중 추돌,운전자법규위반,안전운전 의무 불이행,단일로,기타단일로,승용차,중형,화물차,소형,1134160,1685566,128.9729732,35.15640403
2014,2014-11-07,45,야간,금,1,1,0,0,0,전남,영암군,차대사람,횡단중,횡단중,운전자법규위반,안전운전 의무 불이행,단일로,기타단일로,승용차,대형,보행자,보행자,898771,1641685,126.3938435,34.76463774
2014,2014-09-28,50,야간,일,1,1,0,0,0,서울,관악구,차량단독,공작물충돌,공작물충돌,운전자법규위반,안전운전 의무 불이행,단일로,기타단일로,이륜차,중형,0,0,948541,1942255,126.9179919,37.47809358
2014,2014-10-08,51,야간,수,1,1,0,0,0,경기,화성시,차량단독,전도전복,전도전복,운전자법규위반,안전운전 의무 불이행,단일로,기타단일로,화물차,중형,0,0,943430,1915573,126.8622272,37.23730124
2014,2014-10-08,52,야간,수,1,1,0,0,0,경기,남양주시,차대사람,기타,기타,운전자법규위반,안전운전 의무 불이행,단일로,기타단일로,승용차,중형,보행자,보행자,971131,1956494,127.1729223,37.60741843
2014,2014-10-07,0,주간,화,1,1,0,0,0,경기,남양주시,차대차,측면직각충돌,측면직각충돌,운전자법규위반,안전운전 의무 불이행,단일로,기타단일로,화물차,소형,승합차,중형,977201,1953404,127.2417892,37.57973749
2014,2014-10-06,45,야간,월,1,1,0,0,0,경남,진주시,차대사람,횡단중,횡단중,운전자법규위반,안전운전 의무 불이행,단일로,기타단일로,승용차,중형,보행자,보행자,1055453,1687313,128.1090228,35.17958107
2014,2014-06-28,27,야간,토,1,1,0,0,0,경북,영천시,차대사람,횡단중,횡단중,운전자법규위반,안전운전 의무 불이행,단일로,기타단일로,승용차,소형,보행자,보행자,1130372,1793792,128.9489051,36.13241067
2014,2014-06-28,10,야간,토,1,2,0,1,0,전북,남원시,차대사람,차도통행중,차도통행중,운전자법규위반,안전운전 의무 불이행,단일로,기타단일로,승용차,중형,보행자,보행자,990427,1713910,127.3945495,35.42089112
2014,2014-06-27,10,주간,금,1,1,0,0,0,경기,평택시,차량단독,도로이탈,도로이탈 추락,운전자법규위반,안전운전 의무 불이행,단일로,기타단일로,건설기계,건설기계,0,0,957794,1895727,127.0252811,37.05917293
2014,2014-06-27,10,주간,금,1,1,0,0,0,경남,창원시(통합),차대차,추돌,진행중 추돌,운전자법규위반,안전운전 의무 불이행,교차로,교차로부근,원동기장치자전거,원동기장치자전거,화물차,중형,1104905,1691451,128.6525907,35.21293848
2014,2014-06-27,0,야간,금,1,1,0,0,0,서울,동대문구,차대차,측면직각충돌,측면직각충돌,운전자법규위반,신호위반,교차로,교차로내,원동기장치자전거,원동기장치자전거,승용차,중형,959900,1952820,127.0458826,37.57388253
2012,2012-01-15,30,야간,일,1,3,0,2,0,경남,창원시(통합),차대차,추돌,진행중 추돌,운전자법규위반,안전운전 의무 불이행,단일로,기타단일로,승용차,대형,승용차,대형,1104781,1698217,128.652091,35.27394864
2014,2014-05-11,15,야간,일,1,1,0,0,0,경기,안양시,차대사람,횡단중,횡단중,운전자법규위반,안전운전 의무 불이행,단일로,기타단일로,승용차,중형,보행자,보행자,947680,1932288,126.9089611,37.38820978
2014,2014-08-15,10,주간,금,1,1,0,0,0,경북,구미시,차량단독,공작물충돌,공작물충돌,운전자법규위반,안전운전 의무 불이행,단일로,기타단일로,승용차,소형,0,0,1080848,1793648,128.4149717,36.12707713
2014,2014-04-25,40,야간,금,1,1,0,0,0,경남,진주시,차대사람,횡단중,횡단중,운전자법규위반,과속,단일로,기타단일로,승용차,중형,보행자,보행자,1056905,1687403,128.124975,35.18031133
2014,2014-05-13,0,주간,화,1,1,0,0,0,경남,고성군,차대차,추돌,진행중 추돌,운전자법규위반,안전운전 의무 불이행,단일로,기타단일로,화물차,중형,자전거,자전거,1075748,1667033,128.3300436,34.99540352
2014,2014-10-27,5,주간,월,1,1,0,0,0,전북,군산시,차대차,측면직각충돌,측면직각충돌,운전자법규위반,신호위반,교차로,교차로내,이륜차,소형,승합차,대형,924320,1769235,126.661191,35.91684162
2014,2014-10-16,45,주간,목,1,8,3,4,0,경기,양주시,차대차,추돌,진행중 추돌,운전자법규위반,안전운전 의무 불이행,교차로,교차로내,화물차,중형,승합차,대형,957381,1976940,127.0159461,37.79116449
2014,2014-09-12,30,야간,금,1,1,0,0,0,인천,계양구,차대사람,횡단중,횡단중,운전자법규위반,안전운전 의무 불이행,단일로,횡단보도상,승용차,중형,보행자,보행자,931109,1949656,126.7201545,37.54366183
2014,2014-09-12,20,주간,금,1,1,0,0,0,전북,군산시,차대차,측면직각충돌,측면직각충돌,운전자법규위반,안전거리 미확보,단일로,기타단일로,원동기장치자전거,원동기장치자전거,화물차,소형,933073,1774339,126.7577681,35.96349413
2014,2014-01-24,45,야간,금,1,1,0,0,0,경기,포천시,차대사람,횡단중,횡단중,운전자법규위반,안전운전 의무 불이행,단일로,횡단보도상,승용차,중형,보행자,보행자,975433,1976195,127.2209975,37.78511367
2014,2014-05-19,50,야간,월,1,1,0,0,0,울산,중구,차대차,추돌,주정차중 추돌,운전자법규위반,안전운전 의무 불이행,교차로,교차로내,이륜차,중형,화물차,대형,1166858,1732841,129.3414779,35.57756292
2014,2014-07-22,35,주간,화,1,1,0,0,0,인천,남구,차대사람,횡단중,횡단중,운전자법규위반,보행자 보호의무 위반,단일로,횡단보도상,화물차,소형,보행자,보행자,925165,1940279,126.6538292,37.45868643
2014,2014-04-03,30,야간,목,1,1,0,0,0,전남,해남군,차량단독,도로이탈,도로이탈 기타,운전자법규위반,안전운전 의무 불이행,단일로,기타단일로,화물차,소형,0,0,900253,1633543,126.4109984,34.6913738
2014,2014-04-05,15,야간,토,1,1,0,0,0,경기,성남시,차대사람,횡단중,횡단중,운전자법규위반,안전운전 의무 불이행,단일로,기타단일로,화물차,경형,보행자,보행자,965192,1939430,127.1064453,37.45340799
2014,2014-04-01,16,야간,화,1,4,2,1,0,경기,성남시,차대차,정면충돌,정면충돌,운전자법규위반,중앙선 침범,단일로,기타단일로,승합차,경형,승용차,소형,971674,1941655,127.179647,37.47368454
2014,2014-04-03,10,야간,목,1,1,0,0,0,대전,서구,차대사람,횡단중,횡단중,운전자법규위반,안전운전 의무 불이행,교차로,교차로부근,승용차,중형,보행자,보행자,991072,1817849,127.4004888,36.35802117
2014,2014-03-31,55,야간,월,1,1,0,0,0,서울,강동구,차대차,측면직각충돌,측면직각충돌,운전자법규위반,과속,단일로,기타단일로,승용차,중형,자전거,자전거,967249,1948665,127.129291,37.53672269
2014,2014-04-02,15,야간,수,1,1,0,0,0,경기,부천시,차대사람,기타,기타,운전자법규위반,안전운전 의무 불이행,단일로,기타단일로,승용차,중형,보행자,보행자,938608,1948158,126.8051623,37.53069054
2014,2014-04-10,40,주간,목,1,1,0,0,0,전북,전주시,차대차,측면직각충돌,측면직각충돌,운전자법규위반,중앙선 침범,단일로,기타단일로,자전거,자전거,승용차,중형,967398,1759440,127.1390382,35.83091664
2014,2014-04-11,40,주간,금,1,3,2,0,0,경남,사천시,차대차,추돌,진행중 추돌,운전자법규위반,안전운전 의무 불이행,단일로,기타단일로,승용차,소형,승용차,중형,1045097,1682970,127.995053,35.1409393
2014,2014-04-06,35,주간,일,1,1,0,0,0,강원,정선군,차량단독,공작물충돌,공작물충돌,운전자법규위반,안전운전 의무 불이행,단일로,기타단일로,화물차,소형,0,0,1113837,1915916,128.7833455,37.23515613
2014,2014-04-07,35,주간,월,1,1,0,0,0,경기,양주시,차대차,기타,기타,운전자법규위반,안전운전 의무 불이행,교차로,교차로내,승용차,중형,자전거,자전거,961716,1982661,127.0648778,37.8429194
2014,2014-04-18,0,야간,금,1,1,0,0,0,전북,전주시,차대사람,보도통행중,보도통행중,운전자법규위반,신호위반,단일로,횡단보도부근,승합차,중형,보행자,보행자,967006,1760597,127.1346503,35.84133505
2014,2014-04-15,48,주간,화,1,1,0,0,0,경기,양평군,차량단독,도로이탈,도로이탈 추락,운전자법규위반,안전운전 의무 불이행,단일로,기타단일로,이륜차,사발이,0,0,1021455,1938429,127.7425522,37.44479164
2014,2014-04-25,27,야간,금,1,1,0,0,0,전북,완주군,차대사람,기타,기타,운전자법규위반,안전운전 의무 불이행,단일로,기타단일로,승용차,중형,보행자,보행자,956819,1758420,127.0219683,35.8213116
2014,2014-04-23,20,야간,수,1,2,1,0,0,경기,양평군,차량단독,전도전복,전도전복,운전자법규위반,안전운전 의무 불이행,단일로,기타단일로,승용차,소형,0,0,988579,1956388,127.3706041,37.60684531
2014,2014-04-23,0,주간,수,1,1,0,0,0,경남,창원시(통합),차대차,측면직각충돌,측면직각충돌,운전자법규위반,차로위반(진로변경 위반),교차로,교차로내,원동기장치자전거,원동기장치자전거,화물차,대형,1109885,1704818,128.7090849,35.33290912
2014,2014-04-23,36,야간,수,1,1,0,0,0,울산,울주군,차대사람,횡단중,횡단중,운전자법규위반,안전운전 의무 불이행,단일로,기타단일로,승합차,소형,보행자,보행자,1158267,1730791,129.2463053,35.5604985
2014,2014-04-22,5,야간,화,1,1,0,0,0,부산,강서구,차량단독,전도전복,전도전복,운전자법규위반,안전운전 의무 불이행,교차로,교차로부근,승용차,중형,0,0,1130161,1689996,128.9297788,35.19686345
2014,2014-04-21,50,주간,월,1,1,0,0,0,서울,관악구,차대사람,기타,기타,운전자법규위반,안전운전 의무 불이행,교차로,교차로내,화물차,소형,보행자,보행자,951162,1943213,126.9475709,37.4868706
2014,2014-12-29,55,주간,월,1,1,0,0,0,충북,제천시,차대사람,기타,기타,운전자법규위반,안전운전 의무 불이행,교차로,교차로부근,승합차,대형,보행자,보행자,1062677,1898314,128.2047597,37.08051958
2014,2014-12-28,30,주간,일,1,1,0,0,0,경북,문경시,차대차,측면직각충돌,측면직각충돌,운전자법규위반,안전운전 의무 불이행,교차로,교차로내,승용차,경형,이륜차,소형,1062862,1844765,128.2028227,36.59864395
2014,2014-12-26,41,주간,금,1,1,0,0,0,경남,의령군,차대사람,횡단중,횡단중,운전자법규위반,안전운전 의무 불이행,교차로,교차로내,승용차,경형,보행자,보행자,1082218,1710270,128.4031262,35.3830452
2014,2014-12-27,5,주간,토,1,1,0,0,0,강원,원주시,차대차,기타,기타,운전자법규위반,안전운전 의무 불이행,교차로,교차로내,승용차,중형,승합차,대형,1040011,1933203,127.9520429,37.3970704
2014,2014-12-27,40,야간,토,1,1,0,0,0,광주,서구,차대사람,차도통행중,차도통행중,운전자법규위반,안전운전 의무 불이행,단일로,기타단일로,승용차,중형,보행자,보행자,941243,1684357,126.8548721,35.15220337
2014,2014-12-26,25,야간,금,1,1,0,0,0,서울,동작구,차대사람,횡단중,횡단중,운전자법규위반,보행자 보호의무 위반,교차로,교차로내,승합차,대형,보행자,보행자,953510,1943207,126.9741295,37.48693772
2014,2014-12-27,50,주간,토,1,1,0,0,0,강원,원주시,차대사람,횡단중,횡단중,운전자법규위반,안전운전 의무 불이행,단일로,기타단일로,건설기계,건설기계,보행자,보행자,1039239,1931139,127.9432116,37.37849941
2014,2014-11-16,0,주간,일,1,2,0,0,1,전북,장수군,차대차,정면충돌,정면충돌,운전자법규위반,중앙선 침범,기타/불명,기타/불명,승용차,중형,승용차,경형,1004887,1750443,127.5554131,35.74938894
2014,2014-11-16,20,야간,일,1,1,0,0,0,전북,익산시,차대차,측면직각충돌,측면직각충돌,운전자법규위반,안전운전 의무 불이행,교차로,교차로내,승용차,소형,원동기장치자전거,원동기장치자전거,950751,1775103,126.9537633,35.97143444
2014,2014-11-17,25,주간,월,1,1,0,0,0,경남,양산시,차대사람,기타,기타,운전자법규위반,안전운전 의무 불이행,교차로,교차로내,승합차,경형,보행자,보행자,1149444,1710821,129.1453185,35.38187953
2014,2014-11-25,40,주간,화,1,1,0,0,0,세종,세종,차대차,기타,기타,운전자법규위반,안전운전 의무 불이행,교차로,교차로내,화물차,중형,이륜차,소형,974361,1832927,127.2137312,36.4936519
2014,2014-11-24,2,주간,월,1,8,4,3,0,경북,경주시,차대차,기타,기타,운전자법규위반,중앙선 침범,단일로,기타단일로,화물차,소형,승합차,대형,1168535,1758869,129.3523736,35.83516715
2014,2014-11-25,6,주간,화,1,1,0,0,0,대구,동구,차량단독,도로이탈,도로이탈 추락,운전자법규위반,안전운전 의무 불이행,단일로,기타단일로,이륜차,사발이,0,0,1109278,1771879,128.711497,35.93749617
2014,2014-11-22,8,주간,토,1,1,0,0,0,전남,광양시,차대사람,횡단중,횡단중,운전자법규위반,안전운전 의무 불이행,단일로,기타단일로,승용차,중형,보행자,보행자,1018828,1660605,127.7061802,34.94010183
2014,2014-11-29,32,주간,토,1,1,0,0,0,경기,화성시,차대사람,횡단중,횡단중,운전자법규위반,교차로 통행방법 위반,교차로,교차로내,승용차,대형,보행자,보행자,959147,1912578,127.0346601,37.21017896
2014,2014-12-08,7,주간,월,1,1,0,0,0,경기,양평군,차대사람,보도통행중,보도통행중,운전자법규위반,신호위반,교차로,교차로내,건설기계,건설기계,보행자,보행자,1000257,1943746,127.5029073,37.4929664
2014,2014-12-07,50,야간,일,1,3,0,2,0,경기,수원시,차대사람,기타,기타,운전자법규위반,안전운전 의무 불이행,단일로,기타단일로,승용차,소형,보행자,보행자,956318,1918168,127.0073692,37.2613852
2014,2014-12-07,0,야간,일,1,1,0,0,0,서울,중랑구,차대사람,횡단중,횡단중,운전자법규위반,안전운전 의무 불이행,교차로,교차로내,승합차,대형,보행자,보행자,965232,1957350,127.1060489,37.61492965
2014,2014-12-06,51,야간,토,1,1,0,0,0,대구,달성군,차대사람,길가장자리구역통행중,길가장자리구역통행중,운전자법규위반,안전운전 의무 불이행,단일로,기타단일로,승용차,경형,보행자,보행자,1083886,1748762,128.4283476,35.73115975
2014,2014-12-04,0,주간,목,1,2,1,0,0,충북,청주시,차량단독,전도전복,전도전복,운전자법규위반,안전운전 의무 불이행,단일로,기타단일로,승용차,소형,0,0,1001303,1849574,127.5145767,36.64406853
2014,2014-12-11,30,야간,목,1,1,0,0,0,충남,서산시,차량단독,공작물충돌,공작물충돌,운전자법규위반,안전운전 의무 불이행,단일로,기타단일로,승용차,소형,0,0,903211,1886827,126.412566,36.97491431
2014,2014-12-17,26,야간,수,1,1,0,0,0,경기,수원시,차대차,측면직각충돌,측면직각충돌,운전자법규위반,중앙선 침범,단일로,기타단일로,자전거,자전거,승합차,대형,956780,1921160,127.0124054,37.2883757
2014,2014-12-18,2,주간,목,1,1,0,0,0,전북,익산시,차대차,기타,기타,운전자법규위반,안전운전 의무 불이행,교차로,교차로부근,화물차,중형,승용차,중형,947152,1769705,126.9142067,35.92258016
2014,2014-12-26,0,야간,금,1,1,0,0,0,울산,남구,차대사람,횡단중,횡단중,운전자법규위반,안전운전 의무 불이행,단일로,기타단일로,승용차,중형,보행자,보행자,1165057,1729681,129.3209662,35.54938686
2014,2014-12-27,20,야간,토,1,3,0,2,0,서울,강북구,차대사람,기타,기타,운전자법규위반,안전운전 의무 불이행,단일로,횡단보도상,승용차,중형,보행자,보행자,958252,1958445,127.0268992,37.62450855
2014,2014-12-27,20,야간,토,1,1,0,0,0,경남,창원시(통합),차량단독,공작물충돌,공작물충돌,운전자법규위반,안전운전 의무 불이행,교차로,교차로부근,승용차,중형,0,0,1109906,1704634,128.7092912,35.33124806
2014,2014-12-10,45,주간,수,1,1,0,0,0,서울,양천구,차대차,기타,기타,운전자법규위반,안전운전 의무 불이행,교차로,교차로내,화물차,소형,자전거,자전거,941692,1946784,126.8401741,37.51850684
2014,2014-11-21,14,야간,금,1,1,0,0,0,전북,김제시,차대사람,횡단중,횡단중,운전자법규위반,안전운전 의무 불이행,교차로,교차로부근,승용차,대형,보행자,보행자,950928,1767591,126.9561905,35.90371795
2012,2012-01-10,10,야간,화,1,1,0,0,0,전북,정읍시,차대사람,길가장자리구역통행중,길가장자리구역통행중,운전자법규위반,안전운전 의무 불이행,단일로,기타단일로,화물차,소형,보행자,보행자,947707,1738981,126.9275554,35.65055602
2014,2014-01-11,0,주간,토,1,1,0,0,0,전남,나주시,차량단독,공작물충돌,공작물충돌,운전자법규위반,안전운전 의무 불이행,단일로,기타단일로,승용차,경형,0,0,932943,1676154,126.7646672,35.07827745
2013,2013-12-12,5,야간,목,1,1,0,0,0,부산,해운대구,차대차,추돌,진행중 추돌,운전자법규위반,안전운전 의무 불이행,단일로,터널안,승용차,중형,자전거,자전거,1151160,1687597,129.1599263,35.17229771
2013,2013-08-18,15,야간,일,1,1,0,0,0,경기,시흥시,차대차,측면직각충돌,측면직각충돌,운전자법규위반,기타(운전자법규위반),교차로,교차로부근,이륜차,소형,승용차,중형,938336,1940249,126.8027471,37.45938853
2014,2014-09-27,30,주간,토,1,1,0,0,0,대구,달서구,차대차,측면직각충돌,측면직각충돌,운전자법규위반,부당한 회전,단일로,횡단보도부근,자전거,자전거,승용차,대형,1092545,1757302,128.5243248,35.80781789
2014,2014-09-24,35,야간,수,1,1,0,0,0,대구,달서구,차대사람,기타,기타,운전자법규위반,안전운전 의무 불이행,단일로,기타단일로,승용차,중형,보행자,보행자,1091244,1760387,128.5014045,35.83526571
2013,2013-01-15,59,주간,화,1,1,0,0,0,전북,군산시,차량단독,도로이탈,도로이탈 추락,운전자법규위반,안전운전 의무 불이행,단일로,기타단일로,화물차,중형,0,0,944294,1778806,126.8818897,36.00447124
2013,2013-04-15,0,주간,월,1,8,2,5,0,전북,익산시,차대차,기타,기타,운전자법규위반,직진 및 우회전차의 통행방해,교차로,교차로내,승용차,중형,승용차,중형,951067,1782856,126.9599089,36.04448129
2014,2014-12-28,20,야간,일,1,1,0,0,0,충남,당진시,차대차,기타,기타,운전자법규위반,중앙선 침범,단일로,기타단일로,원동기장치자전거,원동기장치자전거,화물차,대형,915799,1874968,126.5535115,36.86641884
2014,2014-05-18,10,야간,일,1,1,0,0,0,전남,무안군,차대사람,횡단중,횡단중,운전자법규위반,안전운전 의무 불이행,교차로,교차로내,승합차,대형,보행자,보행자,906250,1665817,126.4728536,34.98293118
2014,2014-06-13,20,야간,금,1,1,0,0,0,경기,수원시,차대사람,기타,기타,운전자법규위반,안전운전 의무 불이행,단일로,기타단일로,승용차,소형,보행자,보행자,953059,1922280,126.970357,37.29829056
2014,2014-07-31,25,야간,목,1,1,0,0,0,경북,예천군,차대차,측면직각충돌,측면직각충돌,운전자법규위반,중앙선 침범,단일로,기타단일로,화물차,소형,이륜차,중형,1082898,1837497,128.4245415,36.53155689
2014,2014-04-04,36,야간,금,1,24,16,7,0,경기,안산시,차대차,기타,기타,운전자법규위반,과속,단일로,기타단일로,승합차,대형,승용차,중형,946337,1922569,126.8944944,37.30053175
2014,2014-04-03,55,야간,목,1,2,1,0,0,서울,성동구,차대차,추돌,진행중 추돌,운전자법규위반,안전운전 의무 불이행,단일로,교량위,승용차,중형,화물차,대형,961705,1950617,127.0664381,37.55410307
2014,2014-03-31,0,주간,월,1,1,0,0,0,대구,북구,차대사람,기타,기타,운전자법규위반,안전운전 의무 불이행,단일로,기타단일로,승용차,중형,보행자,보행자,1097125,1768614,128.5763881,35.90934805
2014,2014-04-06,0,주간,일,1,1,0,0,0,세종,세종,차량단독,공작물충돌,공작물충돌,운전자법규위반,안전운전 의무 불이행,단일로,기타단일로,승용차,중형,0,0,978308,1837474,127.2576728,36.53474109
2014,2014-04-18,20,야간,금,1,1,0,0,0,전남,광양시,차대사람,횡단중,횡단중,운전자법규위반,보행자 보호의무 위반,교차로,교차로부근,승용차,중형,보행자,보행자,1008153,1664174,127.5893164,34.97242742
2014,2014-05-06,50,야간,화,1,1,0,0,0,광주,북구,차량단독,전도전복,전도전복,운전자법규위반,안전운전 의무 불이행,단일로,기타단일로,승용차,중형,0,0,947486,1694740,126.92278,35.24670583
2014,2014-05-07,20,주간,수,1,2,0,1,0,전남,담양군,차대차,기타,기타,운전자법규위반,안전운전 의무 불이행,교차로,교차로부근,화물차,소형,승용차,중형,950073,1701716,126.9507899,35.30973799
2014,2014-05-05,40,주간,월,1,1,0,0,0,서울,중구,차대차,기타,기타,운전자법규위반,신호위반,교차로,교차로내,승용차,중형,이륜차,소형,953754,1950587,126.9764248,37.55346782
2014,2014-05-05,45,주간,월,1,1,0,0,0,전북,무주군,차대차,측면직각충돌,측면직각충돌,운전자법규위반,안전운전 의무 불이행,단일로,기타단일로,농기계,농기계,승용차,중형,1014183,1778704,127.6573757,36.00504096
2014,2014-05-05,10,야간,월,1,1,0,0,0,경남,창녕군,차량단독,공작물충돌,공작물충돌,운전자법규위반,안전운전 의무 불이행,단일로,기타단일로,승용차,소형,0,0,1088979,1728581,128.4816836,35.54922514
2014,2014-05-07,50,주간,수,1,1,0,0,0,전남,완도군,차량단독,도로이탈,도로이탈 추락,운전자법규위반,안전운전 의무 불이행,기타/불명,기타/불명,승용차,중형,0,0,932164,1591539,126.7627023,34.31522101
2014,2014-05-03,0,야간,토,1,1,0,0,0,경기,시흥시,차대사람,횡단중,횡단중,운전자법규위반,안전운전 의무 불이행,교차로,교차로부근,승용차,중형,보행자,보행자,932306,1927865,126.735704,37.34734948
2014,2014-05-03,35,주간,토,1,1,0,0,0,전북,고창군,차대사람,기타,기타,운전자법규위반,안전운전 의무 불이행,단일로,기타단일로,화물차,소형,보행자,보행자,909257,1717780,126.5000649,35.45169071
2014,2014-05-03,8,주간,토,1,2,0,1,0,경북,청도군,차대차,기타,기타,운전자법규위반,중앙선 침범,단일로,기타단일로,원동기장치자전거,원동기장치자전거,화물차,소형,1112779,1739251,128.7457032,35.64298566
2014,2014-05-03,40,주간,토,1,1,0,0,0,충남,아산시,차대차,기타,기타,운전자법규위반,차로위반(진로변경 위반),기타/불명,기타/불명,원동기장치자전거,원동기장치자전거,승용차,중형,960047,1871963,127.0518781,36.84505758
2014,2014-04-19,0,주간,토,1,4,2,1,0,충북,괴산군,차량단독,도로이탈,도로이탈 추락,운전자법규위반,안전운전 의무 불이행,단일로,교량위,승용차,중형,0,0,1026554,1879247,127.7980931,36.91119065