발생년,발생년월일시분,발생분,주야,요일,사망자수,사상자수,중상자수,경상자수,부상신고자수,발생지시도,발생지시군구,사고유형_대분류,사고유형_중분류,사고유형,법규위반_대분류,법규위반,도로형태_대분류,도로형태,당사자종별_1당_대분류,당사자종별_1당,당사자종별_2당_대분류,당사자종별_2당,발생위치X_UTMK,발생위치Y_UTMK,경도,위도
2013,2013-05-27,23,주간,월,1,1,0,0,0,서울,구로구,차대사람,횡단중,횡단중,운전자법규위반,신호위반,단일로,횡단보도상,승합차,대형,보행자,보행자,943087,1943397,126.8562215,37.48806663
2013,2013-05-25,15,주간,토,1,1,0,0,0,충남,논산시,차대차,측면직각충돌,측면직각충돌,운전자법규위반,차로위반(진로변경 위반),교차로,교차로부근,원동기장치자전거,원동기장치자전거,특수차,대형,963919,1797919,127.0987666,36.17771056
2013,2013-05-25,27,야간,토,1,1,0,0,0,충남,보령시,차량단독,공작물충돌,공작물충돌,운전자법규위반,안전운전 의무 불이행,단일로,기타단일로,이륜차,소형,0,0,920946,1819567,126.6187381,36.37030066
2013,2013-05-25,15,주간,토,1,1,0,0,0,경기,수원시,차대차,측면직각충돌,측면직각충돌,운전자법규위반,신호위반,교차로,교차로내,원동기장치자전거,원동기장치자전거,승용차,중형,954462,1917178,126.9864992,37.25237272
2013,2013-06-01,10,주간,토,1,1,0,0,0,경북,경주시,차대차,기타,기타,운전자법규위반,안전운전 의무 불이행,단일로,기타단일로,화물차,중형,농기계,농기계,1165773,1745723,129.3221862,35.72330412
2013,2013-05-29,50,야간,수,1,1,0,0,0,경북,영덕군,차대차,추돌,진행중 추돌,운전자법규위반,안전운전 의무 불이행,단일로,기타단일로,승용차,경형,건설기계,건설기계,1171041,1833103,129.4084375,36.48041665
2013,2013-06-05,10,야간,수,1,1,0,0,0,충남,당진시,차대사람,기타,기타,운전자법규위반,안전운전 의무 불이행,교차로,교차로부근,승용차,중형,보행자,보행자,922099,1877350,126.6257024,36.8913105
2013,2013-06-05,28,야간,수,1,1,0,0,0,경기,용인시,차대사람,횡단중,횡단중,운전자법규위반,안전운전 의무 불이행,단일로,기타단일로,화물차,경형,보행자,보행자,982286,1915335,127.3002921,37.23670489
2013,2013-06-08,40,야간,토,1,1,0,0,0,인천,남동구,차대사람,횡단중,횡단중,운전자법규위반,안전운전 의무 불이행,단일로,기타단일로,승용차,중형,보행자,보행자,929993,1933863,126.7090239,37.40123785
2013,2013-06-17,0,야간,월,1,1,0,0,0,충북,충주시,차대사람,기타,기타,운전자법규위반,안전운전 의무 불이행,단일로,기타단일로,승용차,소형,보행자,보행자,1039805,1885179,127.9469995,36.96421544
2013,2013-06-15,53,주간,토,1,2,0,1,0,대전,서구,차대차,추돌,주정차중 추돌,운전자법규위반,안전운전 의무 불이행,교차로,교차로부근,승용차,소형,승용차,대형,984966,1811615,127.332552,36.30174306
2013,2013-06-14,30,야간,금,1,3,1,1,0,경남,함안군,차대차,추돌,진행중 추돌,운전자법규위반,안전운전 의무 불이행,단일로,기타단일로,승용차,중형,화물차,소형,1089504,1697085,128.4840175,35.2652258
2013,2013-07-08,43,주간,월,1,1,0,0,0,전남,보성군,차대사람,길가장자리구역통행중,길가장자리구역통행중,운전자법규위반,안전운전 의무 불이행,단일로,기타단일로,이륜차,소형,보행자,보행자,976078,1646193,127.2384492,34.81003367
2013,2013-07-08,30,야간,월,1,1,0,0,0,전남,신안군,차량단독,기타,기타,운전자법규위반,안전운전 의무 불이행,단일로,기타단일로,화물차,소형,0,0,855707,1642884,125.9232003,34.77026264
2013,2013-07-08,40,야간,월,1,1,0,0,0,강원,태백시,차량단독,기타,기타,운전자법규위반,안전운전 의무 불이행,단일로,기타단일로,원동기장치자전거,원동기장치자전거,0,0,1131901,1910164,128.9859155,37.18094283
2013,2013-07-08,25,주간,월,1,1,0,0,0,강원,인제군,차대사람,횡단중,횡단중,운전자법규위반,안전운전 의무 불이행,교차로,교차로부근,승용차,중형,보행자,보행자,1059217,2008049,128.1742142,38.07015006
2013,2013-07-06,17,야간,토,1,1,0,0,0,경남,창원시(통합),차대사람,기타,기타,운전자법규위반,안전운전 의무 불이행,단일로,기타단일로,승용차,중형,보행자,보행자,1104548,1694397,128.6490434,35.23953479
2013,2013-07-07,15,야간,일,1,2,1,0,0,경북,경주시,차량단독,공작물충돌,공작물충돌,운전자법규위반,안전운전 의무 불이행,단일로,기타단일로,승용차,소형,0,0,1154444,1760222,129.2097931,35.82634575
2013,2013-07-07,52,야간,일,1,9,5,3,0,제주,제주시,차대차,측면직각충돌,측면직각충돌,운전자법규위반,신호위반,교차로,교차로내,승합차,대형,승용차,소형,912348,1502119,126.5562792,33.50736255
2013,2013-07-06,35,주간,토,1,1,0,0,0,경기,성남시,차대차,추돌,진행중 추돌,운전자법규위반,안전운전 의무 불이행,단일로,기타단일로,이륜차,중형,승합차,대형,967117,1931788,127.1262382,37.38705119
2013,2013-07-06,13,야간,토,1,4,1,2,0,경기,파주시,차대차,측면직각충돌,측면직각충돌,운전자법규위반,신호위반,교차로,교차로부근,승용차,소형,승합차,대형,938406,1984090,126.7883239,37.84931589
2013,2013-07-05,50,야간,금,1,1,0,0,0,전북,군산시,차량단독,공작물충돌,공작물충돌,운전자법규위반,안전운전 의무 불이행,단일로,기타단일로,원동기장치자전거,원동기장치자전거,0,0,941892,1778338,126.8799872,35.98812482
2013,2013-07-04,55,주간,목,1,2,0,1,0,경기,평택시,차대차,기타,기타,운전자법규위반,직진 및 우회전차의 통행방해,교차로,교차로내,승용차,중형,원동기장치자전거,원동기장치자전거,963380,1893585,127.0882133,37.04009947
2013,2013-07-03,55,야간,수,1,1,0,0,0,서울,금천구,차대사람,차도통행중,차도통행중,운전자법규위반,안전운전 의무 불이행,단일로,기타단일로,자전거,자전거,보행자,보행자,947289,1938916,126.9040712,37.4479278
2013,2013-07-04,0,주간,목,1,1,0,0,0,부산,진구,차대차,측면직각충돌,측면직각충돌,운전자법규위반,안전운전 의무 불이행,교차로,교차로내,화물차,소형,이륜차,소형,1143121,1687978,129.0717445,35.17690939
2014,2014-04-21,30,야간,월,1,1,0,0,0,경기,남양주시,차량단독,전도전복,전도전복,운전자법규위반,안전운전 의무 불이행,단일로,기타단일로,원동기장치자전거,원동기장치자전거,0,0,974456,1965947,127.2102623,37.69271975
2014,2014-05-02,0,야간,금,1,1,0,0,0,전북,전주시,차대사람,횡단중,횡단중,운전자법규위반,중앙선 침범,단일로,기타단일로,승용차,경형,보행자,보행자,967753,1759389,127.1429707,35.83046856
2014,2014-05-03,22,야간,토,1,1,0,0,0,경기,고양시,차대사람,기타,기타,운전자법규위반,안전운전 의무 불이행,단일로,기타단일로,승합차,대형,보행자,보행자,935681,1962827,126.7707476,37.66269958
2013,2013-07-01,20,주간,월,1,2,0,1,0,전남,해남군,차량단독,전도전복,전도전복,운전자법규위반,안전운전 의무 불이행,단일로,기타단일로,화물차,소형,0,0,918166,1615684,126.61214,34.53143636
2013,2013-07-01,20,주간,월,1,2,1,0,0,전남,완도군,차대차,정면충돌,정면충돌,운전자법규위반,중앙선 침범,단일로,기타단일로,승용차,중형,이륜차,소형,957990,1594348,127.0432531,34.341921
2013,2013-07-01,45,주간,월,1,1,0,0,0,대전,유성구,차대차,기타,기타,운전자법규위반,중앙선 침범,단일로,기타단일로,승용차,중형,원동기장치자전거,원동기장치자전거,989730,1829130,127.3853816,36.45970948
2013,2013-07-01,50,주간,월,1,1,0,0,0,울산,북구,차대차,추돌,주정차중 추돌,운전자법규위반,안전운전 의무 불이행,단일로,기타단일로,이륜차,중형,승합차,대형,1171719,1727689,129.3940063,35.53030343
2013,2013-07-01,10,주간,월,1,1,0,0,0,경남,창원시(통합),차량단독,전도전복,전도전복,운전자법규위반,안전운전 의무 불이행,단일로,기타단일로,이륜차,소형,0,0,1100555,1690733,128.5994852,35.20341504
2013,2013-07-02,15,야간,화,1,1,0,0,0,충북,음성군,차대사람,횡단중,횡단중,운전자법규위반,안전운전 의무 불이행,단일로,기타단일로,화물차,소형,보행자,보행자,998817,1885805,127.4865128,36.97067567
2013,2013-07-02,45,주간,화,1,1,0,0,0,인천,서구,차대사람,기타,기타,운전자법규위반,안전운전 의무 불이행,교차로,교차로내,화물차,대형,보행자,보행자,926977,1951312,126.6753792,37.56573775
2013,2013-07-02,20,주간,화,1,1,0,0,0,부산,동구,차대사람,횡단중,횡단중,운전자법규위반,보행자 보호의무 위반,단일로,횡단보도상,승용차,소형,보행자,보행자,1140822,1683309,129.0457088,35.13514837
2013,2013-07-02,50,주간,화,1,3,2,0,0,경기,성남시,차대차,정면충돌,정면충돌,운전자법규위반,중앙선 침범,고가도로위,고가도로위,화물차,소형,승합차,대형,969635,1938501,127.1560673,37.44467171
2013,2013-07-02,10,주간,화,1,1,0,0,0,경북,영덕군,차량단독,도로이탈,도로이탈 추락,운전자법규위반,안전운전 의무 불이행,단일로,기타단일로,자전거,자전거,0,0,1168600,1821563,129.3795611,36.3767561
2013,2013-06-30,0,야간,일,1,5,1,3,0,충북,옥천군,차대차,추돌,진행중 추돌,운전자법규위반,안전운전 의무 불이행,단일로,기타단일로,승용차,소형,승용차,중형,1004957,1813195,127.555221,36.31609202
2013,2013-06-30,45,야간,일,1,1,0,0,0,충남,보령시,차대사람,횡단중,횡단중,운전자법규위반,안전운전 의무 불이행,교차로,교차로내,화물차,소형,보행자,보행자,911109,1814550,126.5096661,36.32421792
2013,2013-06-29,15,야간,토,1,1,0,0,0,충북,충주시,차대차,기타,기타,운전자법규위반,신호위반,교차로,교차로부근,원동기장치자전거,원동기장치자전거,승용차,중형,1038596,1887191,127.9336784,36.98238378
2013,2013-06-29,50,야간,토,1,2,0,1,0,경북,울진군,차대차,정면충돌,정면충돌,운전자법규위반,중앙선 침범,단일로,기타단일로,원동기장치자전거,원동기장치자전거,승용차,중형,1170170,1890034,129.4122726,36.99339731
2013,2013-06-30,0,주간,일,1,1,0,0,0,서울,중랑구,차대사람,기타,기타,운전자법규위반,안전운전 의무 불이행,단일로,기타단일로,화물차,소형,보행자,보행자,962508,1956178,127.0775247,37.59769643
2013,2013-07-01,30,야간,월,1,1,0,0,0,부산,동구,차대사람,기타,기타,운전자법규위반,안전운전 의무 불이행,단일로,기타단일로,승용차,중형,보행자,보행자,1140788,1682173,129.0450226,35.12496889
2013,2013-07-01,35,주간,월,1,1,0,0,0,경남,거제시,차대사람,기타,기타,운전자법규위반,안전운전 의무 불이행,단일로,기타단일로,승용차,중형,보행자,보행자,1111886,1653388,128.7241459,34.8690344
2013,2013-06-30,35,야간,일,1,1,0,0,0,강원,강릉시,차대차,기타,기타,운전자법규위반,안전운전 의무 불이행,단일로,기타단일로,이륜차,중형,승용차,중형,1116787,1988109,128.8278683,37.88519178
2013,2013-06-30,30,주간,일,1,3,2,0,0,부산,영도구,차량단독,공작물충돌,공작물충돌,운전자법규위반,안전운전 의무 불이행,단일로,기타단일로,승용차,중형,0,0,1143314,1676170,129.0717698,35.07040367
2013,2013-07-07,41,야간,일,1,5,4,0,0,충남,홍성군,차량단독,도로이탈,도로이탈 추락,운전자법규위반,과속,단일로,기타단일로,승용차,중형,0,0,925664,1835554,126.6697934,36.51478909
2013,2013-07-07,50,야간,일,1,1,0,0,0,울산,동구,차대차,추돌,진행중 추돌,운전자법규위반,안전운전 의무 불이행,단일로,기타단일로,승용차,중형,이륜차,사발이,1174038,1728608,129.4197687,35.53818075
2013,2013-07-07,35,주간,일,1,2,1,0,0,전북,군산시,차량단독,공작물충돌,공작물충돌,운전자법규위반,안전운전 의무 불이행,단일로,기타단일로,승용차,중형,0,0,932882,1777598,126.7553741,35.99286159
2013,2013-05-18,58,주간,토,1,2,1,0,0,경기,평택시,차대차,측면직각충돌,측면직각충돌,운전자법규위반,중앙선 침범,단일로,기타단일로,승합차,대형,승용차,대형,949644,1888561,126.9340958,36.99417674
2013,2013-05-19,42,야간,일,1,2,1,0,0,경기,연천군,차량단독,공작물충돌,공작물충돌,운전자법규위반,안전운전 의무 불이행,단일로,기타단일로,승용차,중형,0,0,962301,1998767,127.0693603,37.98656654
2013,2013-05-19,20,야간,일,1,1,0,0,0,전남,순천시,차대사람,기타,기타,운전자법규위반,안전운전 의무 불이행,단일로,기타단일로,승용차,소형,보행자,보행자,1004059,1663199,127.5455167,34.96376249
2013,2013-05-26,40,야간,일,1,1,0,0,0,울산,울주군,차대사람,기타,기타,운전자법규위반,안전운전 의무 불이행,단일로,기타단일로,승용차,중형,보행자,보행자,1163859,1716413,129.3050121,35.4300036
2013,2013-05-25,33,주간,토,1,1,0,0,0,경남,사천시,차대사람,기타,기타,운전자법규위반,보행자 보호의무 위반,단일로,기타단일로,건설기계,건설기계,보행자,보행자,1053312,1675903,128.0847741,35.07681556
2013,2013-05-30,39,야간,목,1,1,0,0,0,충북,영동군,차량단독,공작물충돌,공작물충돌,운전자법규위반,안전운전 의무 불이행,단일로,기타단일로,승용차,중형,0,0,1038353,1803206,127.9273993,36.22473535
2013,2013-06-02,0,야간,일,1,1,0,0,0,대구,달서구,차대사람,횡단중,횡단중,운전자법규위반,신호위반,단일로,기타단일로,승용차,중형,보행자,보행자,1093658,1760914,128.5370657,35.8402735
2013,2013-05-29,15,야간,수,1,2,1,0,0,충북,청주시,차대차,측면직각충돌,측면직각충돌,운전자법규위반,교차로 통행방법 위반,교차로,교차로내,원동기장치자전거,원동기장치자전거,원동기장치자전거,원동기장치자전거,998549,1851748,127.4836448,36.66379212
2013,2013-05-28,0,야간,화,1,1,0,0,0,전남,순천시,차량단독,도로이탈,도로이탈 추락,운전자법규위반,안전운전 의무 불이행,기타/불명,기타/불명,원동기장치자전거,원동기장치자전거,0,0,999488,1657758,127.494395,34.91460369
2013,2013-05-29,10,야간,수,1,1,0,0,0,대구,수성구,차대차,기타,기타,운전자법규위반,안전운전 의무 불이행,교차로,교차로내,승용차,중형,승용차,중형,1100878,1759797,128.6168577,35.82948789
2013,2013-06-07,36,야간,금,1,1,0,0,0,경기,안산시,차대사람,횡단중,횡단중,운전자법규위반,안전운전 의무 불이행,단일로,기타단일로,승용차,중형,보행자,보행자,941423,1924185,126.838923,37.31480069
2013,2013-06-05,55,야간,수,1,1,0,0,0,경남,양산시,차대차,정면충돌,정면충돌,운전자법규위반,중앙선 침범,기타/불명,기타/불명,승용차,중형,이륜차,대형,1140036,1710522,129.0416878,35.38040664
2013,2013-06-20,50,야간,목,1,1,0,0,0,인천,남동구,차대사람,횡단중,횡단중,운전자법규위반,안전운전 의무 불이행,단일로,기타단일로,승용차,소형,보행자,보행자,932469,1934102,126.7386815,37.40095932
2013,2013-06-26,55,야간,수,1,1,0,0,0,서울,중구,차대사람,보도통행중,보도통행중,운전자법규위반,기타(운전자법규위반),단일로,기타단일로,화물차,소형,보행자,보행자,953108,1951182,126.9689294,37.5588235
2013,2013-06-28,30,야간,금,1,1,0,0,0,경북,칠곡군,차대사람,기타,기타,운전자법규위반,안전운전 의무 불이행,단일로,기타단일로,승용차,중형,보행자,보행자,1095249,1777390,128.5566534,35.98864373
2013,2013-06-26,20,주간,수,1,1,0,0,0,전남,함평군,차대차,측면직각충돌,측면직각충돌,운전자법규위반,안전운전 의무 불이행,단일로,기타단일로,승용차,소형,원동기장치자전거,원동기장치자전거,910382,1673153,126.5173278,35.04944771
2013,2013-06-26,30,주간,수,1,1,0,0,0,경기,평택시,차량단독,전도전복,전도전복,운전자법규위반,안전운전 의무 불이행,단일로,기타단일로,이륜차,소형,0,0,951915,1889816,126.9595363,37.00560827
2013,2013-06-25,40,주간,화,1,1,0,0,0,경기,양평군,차대사람,횡단중,횡단중,운전자법규위반,중앙선 침범,단일로,기타단일로,화물차,경형,보행자,보행자,1011835,1941832,127.6338516,37.47563842
2012,2012-07-26,40,야간,목,1,2,0,1,0,경남,창원시(통합),차대차,추돌,주정차중 추돌,운전자법규위반,안전운전 의무 불이행,단일로,기타단일로,화물차,중형,화물차,대형,1104527,1698302,128.6493096,35.27474149
2012,2012-06-09,15,주간,토,1,1,0,0,0,인천,남구,차대사람,횡단중,횡단중,운전자법규위반,신호위반,단일로,횡단보도상,승용차,중형,보행자,보행자,927015,1939492,126.6748234,37.45174128
2012,2012-06-14,34,야간,목,1,1,0,0,0,충북,옥천군,차대차,측면직각충돌,측면직각충돌,운전자법규위반,안전운전 의무 불이행,교차로,교차로내,원동기장치자전거,원동기장치자전거,승용차,중형,1005613,1812334,127.5625226,36.3083261
2012,2012-06-02,34,주간,토,1,2,1,0,0,경기,용인시,차대사람,기타,기타,운전자법규위반,중앙선 침범,교차로,교차로부근,건설기계,건설기계,보행자,보행자,983895,1915675,127.3184246,37.23979886
2013,2013-10-03,15,주간,목,1,1,0,0,0,전북,군산시,차대차,추돌,주정차중 추돌,운전자법규위반,안전운전 의무 불이행,단일로,기타단일로,화물차,소형,화물차,중형,927032,1771757,126.6910155,35.93978405
2012,2012-04-07,25,야간,토,1,1,0,0,0,전북,정읍시,차대사람,기타,기타,운전자법규위반,안전운전 의무 불이행,단일로,기타단일로,화물차,대형,보행자,보행자,936447,1722934,126.7992555,35.50026936
2012,2012-04-04,27,야간,수,1,1,0,0,0,경기,성남시,차대사람,차도통행중,차도통행중,운전자법규위반,안전운전 의무 불이행,단일로,기타단일로,승합차,대형,보행자,보행자,964844,1930540,127.102934,37.37326408
2012,2012-09-22,40,주간,토,1,4,2,1,0,전북,임실군,차대차,기타,기타,운전자법규위반,안전운전 의무 불이행,기타/불명,기타/불명,특수차,대형,승용차,소형,982767,1727290,127.309888,35.54143107
2012,2012-08-15,20,야간,수,2,3,1,0,0,충북,보은군,차대차,측면직각충돌,측면직각충돌,운전자법규위반,안전운전 의무 불이행,단일로,기타단일로,화물차,중형,화물차,소형,1008225,1833770,127.5918446,36.50155977
2012,2012-06-06,37,주간,수,1,1,0,0,0,부산,연제구,차대사람,차도통행중,차도통행중,운전자법규위반,보행자 보호의무 위반,단일로,횡단보도상,건설기계,건설기계,보행자,보행자,1143391,1688815,129.0748542,35.1844154
2013,2013-06-13,45,야간,목,1,2,0,1,0,충남,예산군,차량단독,도로이탈,도로이탈 추락,운전자법규위반,안전운전 의무 불이행,단일로,기타단일로,승용차,경형,0,0,947169,1853841,126.9086971,36.68106809
2013,2013-06-21,20,주간,금,1,3,1,1,0,경기,남양주시,차대차,측면직각충돌,측면직각충돌,운전자법규위반,중앙선 침범,교차로,교차로내,승용차,중형,승용차,대형,973523,1963719,127.1997607,37.67261172
2013,2013-06-19,30,야간,수,1,1,0,0,0,경기,이천시,차대사람,차도통행중,차도통행중,운전자법규위반,안전운전 의무 불이행,단일로,기타단일로,승용차,중형,보행자,보행자,986980,1919549,127.3537812,37.27483125
2013,2013-06-19,23,야간,수,1,2,1,0,0,전남,영암군,차대차,정면충돌,정면충돌,운전자법규위반,중앙선 침범,단일로,기타단일로,화물차,소형,화물차,소형,914213,1635029,126.5632382,34.7060391
2013,2013-06-19,10,주간,수,1,2,0,1,0,전남,신안군,차대차,정면충돌,정면충돌,운전자법규위반,중앙선 침범,단일로,기타단일로,화물차,소형,승용차,소형,869507,1622982,126.0770332,34.59270334
2013,2013-07-03,10,야간,수,1,3,0,2,0,충남,서산시,차량단독,전도전복,전도전복,운전자법규위반,안전운전 의무 불이행,단일로,기타단일로,승용차,중형,0,0,900534,1888357,126.3822931,36.98842454
2013,2013-07-02,10,야간,화,1,3,2,0,0,서울,송파구,차대차,측면직각충돌,측면직각충돌,운전자법규위반,신호위반,교차로,교차로내,승용차,중형,승용차,중형,968148,1945362,127.1396099,37.50698275
2013,2013-07-01,50,주간,월,1,1,0,0,0,경북,의성군,차대차,측면직각충돌,측면직각충돌,운전자법규위반,안전운전 의무 불이행,단일로,기타단일로,승용차,소형,자전거,자전거,1082988,1822584,128.4254338,36.39716494
2013,2013-06-30,10,야간,일,1,1,0,0,0,경기,시흥시,차대사람,기타,기타,운전자법규위반,안전운전 의무 불이행,교차로,교차로내,특수차,소형,보행자,보행자,936522,1938275,126.7824071,37.44147401
2013,2013-06-29,59,야간,토,1,1,0,0,0,인천,부평구,차대차,추돌,진행중 추돌,운전자법규위반,안전운전 의무 불이행,단일로,기타단일로,이륜차,소형,승용차,소형,928487,1941788,126.691395,37.47279687
2013,2013-06-29,35,야간,토,1,1,0,0,0,충북,청원군,차대사람,횡단중,횡단중,운전자법규위반,안전운전 의무 불이행,교차로,교차로내,승용차,중형,보행자,보행자,984469,1845857,127.3263295,36.61043414
2013,2013-06-29,6,야간,토,1,1,0,0,0,충북,증평군,차량단독,도로이탈,도로이탈 추락,운전자법규위반,안전운전 의무 불이행,기타/불명,기타/불명,승용차,중형,0,0,1009123,1871515,127.6023216,36.84181957
2012,2012-02-04,30,주간,토,1,1,0,0,0,경기,안성시,차대차,측면직각충돌,측면직각충돌,운전자법규위반,안전운전 의무 불이행,단일로,기타단일로,승용차,소형,승합차,대형,966615,1898957,127.124351,37.08864409
2012,2012-03-13,50,주간,화,1,1,0,0,0,충남,부여군,차대차,측면직각충돌,측면직각충돌,운전자법규위반,안전운전 의무 불이행,교차로,교차로내,승합차,소형,이륜차,소형,946215,1808923,126.9011441,36.27609118
2012,2012-03-11,40,야간,일,2,6,3,1,0,경기,여주시,차대사람,길가장자리구역통행중,길가장자리구역통행중,운전자법규위반,안전운전 의무 불이행,단일로,기타단일로,승용차,소형,보행자,보행자,1005050,1913155,127.5569192,37.21720891
2012,2012-03-15,30,야간,목,1,5,4,0,0,경남,함안군,차대차,정면충돌,정면충돌,운전자법규위반,중앙선 침범,단일로,기타단일로,승용차,중형,승용차,중형,1084694,1698271,128.4312645,35.27633708
2012,2012-03-15,40,주간,목,1,1,0,0,0,경기,고양시,차대사람,횡단중,횡단중,운전자법규위반,안전운전 의무 불이행,단일로,기타단일로,승합차,대형,보행자,보행자,942540,1969231,126.845832,37.72284348
2012,2012-03-19,0,주간,월,1,2,0,0,1,광주,북구,차대사람,횡단중,횡단중,운전자법규위반,보행자 보호의무 위반,단일로,횡단보도상,이륜차,대형,보행자,보행자,943205,1690800,126.8759988,35.210947
2012,2012-02-25,29,야간,토,1,1,0,0,0,경남,창원시(통합),차대사람,기타,기타,운전자법규위반,안전운전 의무 불이행,단일로,기타단일로,승용차,중형,보행자,보행자,1098544,1694268,128.5830513,35.23898024
2012,2012-01-30,55,야간,월,2,4,1,1,0,경북,칠곡군,차량단독,공작물충돌,공작물충돌,운전자법규위반,안전운전 의무 불이행,교차로,교차로부근,승용차,소형,0,0,1081990,1787413,128.4106211,36.08020386
2012,2012-02-05,8,야간,일,1,1,0,0,0,경기,하남시,차량단독,공작물충돌,공작물충돌,운전자법규위반,안전운전 의무 불이행,교차로,교차로부근,승용차,중형,0,0,976344,1944664,127.2323651,37.50093781
2012,2012-10-03,40,야간,수,1,1,0,0,0,경기,의정부시,차대사람,횡단중,횡단중,운전자법규위반,안전운전 의무 불이행,교차로,교차로부근,승합차,대형,보행자,보행자,958613,1972136,127.0302124,37.74792294
2012,2012-11-21,11,야간,수,1,2,1,0,0,부산,강서구,차대사람,기타,기타,운전자법규위반,안전거리 미확보,단일로,기타단일로,승용차,소형,보행자,보행자,1130515,1692489,128.9340614,35.21929013
2012,2012-08-18,39,주간,토,1,5,3,1,0,전남,영암군,차대차,측면직각충돌,측면직각충돌,운전자법규위반,서행 및 일시정지위반,교차로,교차로내,특수차,대형,승용차,중형,925496,1644718,126.6855753,34.7942887
2012,2012-08-07,25,야간,화,1,1,0,0,0,경기,김포시,차대사람,횡단중,횡단중,운전자법규위반,안전운전 의무 불이행,교차로,교차로내,화물차,중형,보행자,보행자,925605,1963011,126.6474799,37.66886725
2012,2012-09-10,17,야간,월,1,1,0,0,0,경북,안동시,차대사람,기타,기타,운전자법규위반,보행자 보호의무 위반,단일로,횡단보도상,승용차,중형,보행자,보행자,1107297,1841631,128.6991089,36.56643239
2012,2012-09-13,45,주간,목,1,1,0,0,0,전북,전주시,차대사람,횡단중,횡단중,운전자법규위반,안전운전 의무 불이행,교차로,교차로부근,승용차,중형,보행자,보행자,961320,1763700,127.071539,35.86910351
2013,2013-07-13,45,주간,토,1,2,0,1,0,경기,광주시,차대차,추돌,진행중 추돌,운전자법규위반,과속,단일로,기타단일로,특수차,중형,승합차,대형,980506,1941249,127.2795424,37.47025359
2013,2013-07-12,35,야간,금,1,1,0,0,0,경기,포천시,차대사람,기타,기타,운전자법규위반,안전운전 의무 불이행,단일로,기타단일로,승용차,중형,보행자,보행자,972698,1987735,127.1844974,37.89970437
2013,2013-06-18,20,야간,화,1,1,0,0,0,부산,수영구,차대사람,횡단중,횡단중,운전자법규위반,안전운전 의무 불이행,단일로,횡단보도상,승용차,중형,보행자,보행자,1146438,1687706,129.1081106,35.17397959
2013,2013-06-26,46,야간,수,1,1,0,0,0,부산,사상구,차량단독,공작물충돌,공작물충돌,운전자법규위반,안전운전 의무 불이행,교차로,교차로부근,이륜차,소형,0,0,1137192,1685172,129.0061866,35.15244324
2013,2013-05-27,20,주간,월,1,1,0,0,0,울산,중구,차량단독,공작물충돌,공작물충돌,운전자법규위반,안전운전 의무 불이행,단일로,기타단일로,승용차,중형,0,0,1164553,1731710,129.3158209,35.56775618
2013,2013-06-02,35,야간,일,1,1,0,0,0,경기,안양시,차량단독,공작물충돌,공작물충돌,운전자법규위반,안전운전 의무 불이행,단일로,기타단일로,승용차,중형,0,0,950190,1931545,126.9373644,37.38165113
2013,2013-06-01,0,주간,토,1,1,0,0,0,충남,부여군,차대사람,기타,기타,운전자법규위반,안전운전 의무 불이행,단일로,기타단일로,자전거,자전거,보행자,보행자,948112,1811214,126.9221125,36.29684856
2013,2013-06-02,57,야간,일,1,1,0,0,0,광주,광산구,차대차,정면충돌,정면충돌,운전자법규위반,중앙선 침범,교차로,교차로부근,이륜차,중형,화물차,중형,938473,1688586,126.8243561,35.19073339
2013,2013-06-05,45,야간,수,1,1,0,0,0,경기,포천시,차대사람,횡단중,횡단중,운전자법규위반,안전운전 의무 불이행,단일로,기타단일로,화물차,소형,보행자,보행자,970062,1984746,127.1665701,37.8547185
2013,2013-06-06,45,주간,목,1,2,1,0,0,전남,장흥군,차량단독,도로이탈,도로이탈 추락,운전자법규위반,안전운전 의무 불이행,단일로,기타단일로,화물차,소형,0,0,943643,1633599,126.8846775,34.69519106
2013,2013-06-10,10,주간,월,1,1,0,0,0,대구,중구,차대사람,기타,기타,운전자법규위반,보행자 보호의무 위반,단일로,횡단보도상,건설기계,건설기계,보행자,보행자,1098199,1764988,128.5880877,35.87755279
2013,2013-06-10,1,야간,월,1,1,0,0,0,충북,청원군,차량단독,기타,기타,운전자법규위반,안전운전 의무 불이행,단일로,기타단일로,승용차,소형,0,0,1007957,1842996,127.5889472,36.58473547
2013,2013-06-13,0,야간,목,1,2,1,0,0,경기,용인시,차량단독,공작물충돌,공작물충돌,운전자법규위반,안전운전 의무 불이행,단일로,기타단일로,이륜차,소형,0,0,966130,1921496,127.1178714,37.29179186
2013,2013-06-13,0,주간,목,1,1,0,0,0,경남,함안군,차대차,측면직각충돌,측면직각충돌,운전자법규위반,안전운전 의무 불이행,교차로,교차로내,승합차,대형,자전거,자전거,1080661,1697629,128.3868609,35.27088206
2013,2013-06-13,15,야간,목,1,2,0,1,0,전남,여수시,차대차,추돌,진행중 추돌,운전자법규위반,차로위반(진로변경 위반),단일로,기타단일로,이륜차,중형,이륜차,중형,1020648,1638323,127.7255616,34.73913599
2013,2013-06-15,21,야간,토,1,1,0,0,0,경남,고성군,차대사람,횡단중,횡단중,운전자법규위반,안전운전 의무 불이행,단일로,기타단일로,승용차,중형,보행자,보행자,1075526,1665873,128.3274219,34.98533125