발생년,발생년월일시분,발생분,주야,요일,사망자수,사상자수,중상자수,경상자수,부상신고자수,발생지시도,발생지시군구,사고유형_대분류,사고유형_중분류,사고유형,법규위반_대분류,법규위반,도로형태_대분류,도로형태,당사자종별_1당_대분류,당사자종별_1당,당사자종별_2당_대분류,당사자종별_2당,발생위치X_UTMK,발생위치Y_UTMK,경도,위도
2012,2012-03-06,45,야간,화,1,1,0,0,0,충북,진천군,차대사람,기타,기타,운전자법규위반,안전운전 의무 불이행,교차로,교차로내,화물차,소형,보행자,보행자,994517,1873630,127.4384886,36.86091368
2012,2012-03-16,13,야간,금,1,3,2,0,0,부산,사상구,차대차,측면직각충돌,측면직각충돌,운전자법규위반,차로위반(진로변경 위반),단일로,기타단일로,승용차,대형,승용차,중형,1135392,1690130,128.982411,35.19370595
2012,2012-03-10,46,야간,토,1,2,1,0,0,서울,노원구,차대사람,횡단중,횡단중,운전자법규위반,과속,교차로,교차로내,승용차,대형,보행자,보행자,962860,1963175,127.0797782,37.66829743
2012,2012-03-17,15,주간,토,1,1,0,0,0,전남,담양군,차대사람,차도통행중,차도통행중,운전자법규위반,안전운전 의무 불이행,단일로,기타단일로,승용차,중형,보행자,보행자,951469,1704322,126.9814609,35.30934141
2012,2012-03-20,13,야간,화,1,1,0,0,0,경북,경주시,차량단독,전도전복,전도전복,운전자법규위반,안전운전 의무 불이행,단일로,기타단일로,승용차,소형,0,0,1177569,1744191,129.4567647,35.68197636
2012,2012-02-28,30,주간,화,1,1,0,0,0,전북,전주시,차대사람,횡단중,횡단중,운전자법규위반,안전운전 의무 불이행,단일로,횡단보도상,승용차,중형,보행자,보행자,969628,1758806,127.163752,35.82527208
2012,2012-02-22,52,야간,수,1,1,0,0,0,서울,영등포구,차대사람,기타,기타,운전자법규위반,안전운전 의무 불이행,단일로,횡단보도부근,승용차,중형,보행자,보행자,947674,1946834,126.9095152,37.51901808
2012,2012-12-05,40,야간,수,1,1,0,0,0,서울,서대문구,차량단독,공작물충돌,공작물충돌,운전자법규위반,안전운전 의무 불이행,단일로,기타단일로,승용차,중형,0,0,951331,1952304,126.9488799,37.56881858
2012,2012-12-14,21,주간,금,1,1,0,0,0,전남,나주시,차대사람,횡단중,횡단중,운전자법규위반,신호위반,교차로,교차로내,승용차,소형,보행자,보행자,931795,1671410,126.7522466,35.03540637
2012,2012-06-14,23,주간,목,1,1,0,0,0,경기,용인시,차대사람,횡단중,횡단중,운전자법규위반,안전운전 의무 불이행,교차로,교차로내,화물차,소형,보행자,보행자,974203,1913484,127.2092292,37.21983131
2012,2012-11-18,33,주간,일,1,1,0,0,0,전남,장성군,차량단독,기타,기타,운전자법규위반,안전운전 의무 불이행,단일로,기타단일로,이륜차,소형,0,0,941219,1713062,126.8525826,35.41155571
2012,2012-11-20,0,야간,화,1,1,0,0,0,경기,고양시,차대사람,기타,기타,운전자법규위반,안전운전 의무 불이행,교차로,교차로부근,승용차,소형,보행자,보행자,934079,1963797,126.7524978,37.67132815
2012,2012-11-04,10,야간,일,1,1,0,0,0,대전,서구,차대사람,횡단중,횡단중,운전자법규위반,안전운전 의무 불이행,단일로,기타단일로,승용차,중형,보행자,보행자,985838,1811739,127.342262,36.30287418
2012,2012-11-03,35,야간,토,1,1,0,0,0,광주,서구,차대사람,기타,기타,운전자법규위반,안전운전 의무 불이행,단일로,기타단일로,승용차,소형,보행자,보행자,942913,1684227,126.873246,35.15166411
2012,2012-11-01,40,야간,목,1,1,0,0,0,경북,포항시,차대사람,기타,기타,운전자법규위반,안전운전 의무 불이행,단일로,기타단일로,승용차,중형,보행자,보행자,1164964,1787872,129.3319497,36.07379847
2012,2012-12-29,30,야간,토,1,1,0,0,0,광주,서구,차대사람,차도통행중,차도통행중,운전자법규위반,보행자 보호의무 위반,단일로,횡단보도상,승용차,중형,보행자,보행자,942346,1684911,126.8671172,35.15767366
2012,2012-01-04,20,주간,수,1,1,0,0,0,경기,수원시,차대사람,횡단중,횡단중,운전자법규위반,보행자 보호의무 위반,교차로,교차로내,승합차,대형,보행자,보행자,957158,1919716,127.0161985,37.27564559
2012,2012-06-12,50,주간,화,1,1,0,0,0,충북,충주시,차대차,추돌,진행중 추돌,운전자법규위반,안전운전 의무 불이행,단일로,기타단일로,승합차,경형,이륜차,소형,1036229,1885387,127.906996,36.96621626
2012,2012-07-10,25,야간,화,1,3,0,2,0,전북,전주시,차대차,기타,기타,운전자법규위반,안전운전 의무 불이행,단일로,기타단일로,승용차,중형,승용차,소형,964337,1758139,127.1052063,35.81908027
2013,2013-06-25,15,주간,화,1,1,0,0,0,경기,수원시,차대사람,보도통행중,보도통행중,운전자법규위반,기타(운전자법규위반),교차로,교차로부근,승용차,중형,보행자,보행자,958780,1917182,127.0351886,37.25260992
2013,2013-06-23,24,야간,일,1,1,0,0,0,경기,군포시,차대차,측면직각충돌,측면직각충돌,운전자법규위반,신호위반,교차로,교차로내,이륜차,소형,승합차,중형,950632,1927683,126.9426144,37.34686485
2013,2013-01-30,59,주간,수,1,1,0,0,0,울산,중구,차대사람,횡단중,횡단중,운전자법규위반,안전운전 의무 불이행,단일로,횡단보도부근,화물차,중형,보행자,보행자,1166897,1732903,129.3419209,35.57811508
2013,2013-05-13,30,주간,월,1,1,0,0,0,전북,고창군,차대차,추돌,진행중 추돌,운전자법규위반,안전운전 의무 불이행,단일로,기타단일로,화물차,중형,화물차,중형,925923,1723611,126.6831643,35.50564333
2013,2013-09-04,0,야간,수,1,2,1,0,0,경북,김천시,차대차,추돌,진행중 추돌,운전자법규위반,안전운전 의무 불이행,단일로,기타단일로,화물차,중형,화물차,대형,1068371,1799214,128.2604007,36.18764305
2013,2013-02-02,15,주간,토,1,1,0,0,0,강원,강릉시,차대사람,횡단중,횡단중,운전자법규위반,안전운전 의무 불이행,단일로,기타단일로,승용차,중형,보행자,보행자,1121898,1972928,128.883844,37.74792794
2013,2013-03-20,20,주간,수,1,2,1,0,0,전북,남원시,차대차,기타,기타,운전자법규위반,신호위반,교차로,교차로내,건설기계,건설기계,화물차,소형,991572,1714891,127.407152,35.42974695
2013,2013-03-18,24,주간,월,1,1,0,0,0,서울,강서구,차대사람,횡단중,횡단중,운전자법규위반,안전운전 의무 불이행,단일로,기타단일로,승합차,소형,보행자,보행자,942143,1949836,126.8452934,37.54648608
2013,2013-03-29,50,야간,금,1,8,2,5,0,경기,광주시,차대차,정면충돌,정면충돌,운전자법규위반,중앙선 침범,단일로,기타단일로,화물차,소형,승합차,대형,975050,1927567,127.2182126,37.34691392
2013,2013-03-21,5,주간,목,1,1,0,0,0,경북,상주시,차대차,기타,기타,운전자법규위반,신호위반,교차로,교차로내,화물차,소형,자전거,자전거,1062665,1824771,128.1989978,36.41842097
2013,2013-03-20,30,주간,수,1,1,0,0,0,대구,달서구,차대사람,횡단중,횡단중,운전자법규위반,안전운전 의무 불이행,교차로,교차로내,화물차,소형,보행자,보행자,1093678,1762968,128.5375283,35.85878776
2013,2013-08-31,43,주간,토,1,1,0,0,0,강원,강릉시,차량단독,공작물충돌,공작물충돌,운전자법규위반,안전운전 의무 불이행,단일로,기타단일로,승용차,중형,0,0,1121601,1970265,128.8803104,37.72316298
2013,2013-07-12,35,주간,금,2,3,1,0,0,부산,강서구,차대차,정면충돌,정면충돌,운전자법규위반,중앙선 침범,단일로,기타단일로,특수차,대형,승용차,중형,1125630,1677962,128.87819,35.08895903
2013,2013-07-13,7,야간,토,1,1,0,0,0,경남,창원시(통합),차대사람,보도통행중,보도통행중,운전자법규위반,보행자 보호의무 위반,교차로,교차로내,승용차,중형,보행자,보행자,1097618,1692795,128.5727008,35.22579103
2014,2014-06-26,43,야간,목,1,1,0,0,0,충북,제천시,차대차,기타,기타,운전자법규위반,안전운전 의무 불이행,단일로,기타단일로,승용차,중형,건설기계,건설기계,1063715,1907132,128.2175999,37.16075778
2014,2014-12-27,55,주간,토,1,1,0,0,0,경기,여주시,차대사람,횡단중,횡단중,운전자법규위반,보행자 보호의무 위반,단일로,횡단보도상,승용차,중형,보행자,보행자,1013911,1908161,127.6566992,37.17210239
2014,2014-11-15,8,주간,토,1,2,1,0,0,충북,음성군,차대차,기타,기타,운전자법규위반,중앙선 침범,단일로,기타단일로,화물차,소형,건설기계,건설기계,1019910,1881029,127.7235556,36.92741819
2014,2014-11-15,20,야간,토,1,1,0,0,0,경북,경산시,차대사람,기타,기타,운전자법규위반,안전운전 의무 불이행,단일로,기타단일로,승용차,중형,보행자,보행자,1119057,1765480,128.8189283,35.8786746
2014,2014-11-23,25,주간,일,1,1,0,0,0,서울,영등포구,차대사람,횡단중,횡단중,운전자법규위반,안전운전 의무 불이행,단일로,기타단일로,승용차,중형,보행자,보행자,947603,1946853,126.9070559,37.51948348
2014,2014-11-25,20,야간,화,1,1,0,0,0,대구,중구,차대사람,횡단중,횡단중,운전자법규위반,안전운전 의무 불이행,단일로,기타단일로,승용차,중형,보행자,보행자,1098718,1764859,128.593574,35.87533922
2014,2014-11-22,25,주간,토,1,4,1,2,0,충북,청주시,차대차,추돌,주정차중 추돌,운전자법규위반,안전운전 의무 불이행,단일로,기타단일로,승용차,중형,승용차,소형,985243,1846842,127.3349656,36.61932619
2014,2014-11-21,10,야간,금,1,2,1,0,0,서울,광진구,차대사람,보도통행중,보도통행중,운전자법규위반,안전운전 의무 불이행,단일로,횡단보도상,승용차,중형,보행자,보행자,962678,1951938,127.0774761,37.5660301
2014,2014-11-21,35,야간,금,1,1,0,0,0,대전,유성구,차대차,측면직각충돌,측면직각충돌,운전자법규위반,신호위반,교차로,교차로부근,승합차,대형,이륜차,중형,990043,1826307,127.3889111,36.43426272
2014,2014-11-30,5,주간,일,1,1,0,0,0,경기,김포시,차대사람,횡단중,횡단중,운전자법규위반,안전운전 의무 불이행,교차로,교차로부근,승합차,대형,보행자,보행자,935518,1956121,126.7694915,37.60224878
2014,2014-11-30,0,야간,일,1,1,0,0,0,경남,창녕군,차대차,추돌,진행중 추돌,운전자법규위반,안전운전 의무 불이행,단일로,기타단일로,원동기장치자전거,원동기장치자전거,건설기계,건설기계,1091748,1720692,128.5097802,35.47678223
2014,2014-11-30,0,주간,일,1,1,0,0,0,경기,안성시,차량단독,공작물충돌,공작물충돌,운전자법규위반,안전운전 의무 불이행,단일로,기타단일로,승용차,대형,0,0,975975,1885204,127.235329,36.93966553
2014,2014-11-30,10,주간,일,1,2,1,0,0,대구,동구,차량단독,공작물충돌,공작물충돌,운전자법규위반,안전운전 의무 불이행,단일로,기타단일로,승용차,대형,0,0,1101893,1775855,128.6688744,35.87815512
2014,2014-11-29,30,주간,토,1,1,0,0,0,서울,서대문구,차대사람,차도통행중,차도통행중,운전자법규위반,안전운전 의무 불이행,교차로,교차로내,화물차,중형,보행자,보행자,949689,1952130,126.9302989,37.56716204
2014,2014-11-27,20,주간,목,1,3,1,1,0,전북,임실군,차대차,측면직각충돌,측면직각충돌,운전자법규위반,직진 및 우회전차의 통행방해,교차로,교차로내,화물차,소형,화물차,소형,985749,1729140,127.3427523,35.55815913
2014,2014-12-07,40,야간,일,1,1,0,0,0,충남,아산시,차대차,기타,기타,운전자법규위반,안전운전 의무 불이행,교차로,교차로내,승용차,중형,이륜차,중형,955722,1864161,127.0038235,36.77453464
2014,2014-12-05,15,야간,금,1,1,0,0,0,경기,고양시,차대사람,횡단중,횡단중,운전자법규위반,안전운전 의무 불이행,단일로,기타단일로,승용차,중형,보행자,보행자,947497,1967427,126.9043792,37.70491107
2014,2014-12-05,50,주간,금,2,9,0,7,0,전남,해남군,차대차,기타,기타,운전자법규위반,중앙선 침범,단일로,기타단일로,승용차,중형,승합차,대형,917465,1618810,126.6003253,34.5600623
2014,2014-12-14,0,야간,일,1,1,0,0,0,전남,해남군,차량단독,도로이탈,도로이탈 기타,운전자법규위반,안전운전 의무 불이행,단일로,기타단일로,화물차,소형,0,0,913537,1621016,126.5572885,34.57963047
2014,2014-12-11,50,야간,목,1,1,0,0,0,부산,진구,차대차,측면직각충돌,측면직각충돌,운전자법규위반,안전운전 의무 불이행,교차로,교차로내,승용차,중형,승용차,중형,1142586,1685840,129.0655016,35.15771394
2014,2014-12-11,30,주간,목,1,1,0,0,0,경기,파주시,차대사람,기타,기타,운전자법규위반,신호위반,교차로,교차로내,승용차,소형,보행자,보행자,934557,1979456,126.7565072,37.81248969
2014,2014-12-19,20,야간,금,1,3,2,0,0,경기,수원시,차대차,추돌,주정차중 추돌,운전자법규위반,안전운전 의무 불이행,고가도로위,고가도로위,승용차,중형,승용차,소형,956809,1919035,127.012856,37.26922298
2014,2014-12-19,24,주간,금,1,1,0,0,0,부산,금정구,차대사람,기타,기타,운전자법규위반,안전운전 의무 불이행,교차로,교차로부근,승용차,중형,보행자,보행자,1144968,1693424,129.0929796,35.22573285
2014,2014-12-19,10,주간,금,1,3,2,0,0,경기,시흥시,차대차,추돌,진행중 추돌,운전자법규위반,안전운전 의무 불이행,단일로,기타단일로,화물차,중형,화물차,중형,936395,1932401,126.7814775,37.38852242
2014,2014-12-18,55,야간,목,1,1,0,0,0,경남,김해시,차대사람,기타,기타,운전자법규위반,안전운전 의무 불이행,단일로,기타단일로,특수차,대형,보행자,보행자,1130305,1692902,128.93182,35.22304034
2014,2014-12-24,3,야간,수,1,1,0,0,0,서울,성북구,차대사람,차도통행중,차도통행중,운전자법규위반,안전운전 의무 불이행,단일로,횡단보도상,승합차,중형,보행자,보행자,958057,1956187,127.024819,37.60414791
2014,2014-12-24,0,야간,수,1,1,0,0,0,충남,서산시,차대사람,길가장자리구역통행중,길가장자리구역통행중,운전자법규위반,안전운전 의무 불이행,단일로,기타단일로,화물차,소형,보행자,보행자,901877,1858748,126.4012088,36.72170028
2014,2014-12-22,0,주간,월,1,2,1,0,0,대전,대덕구,차대차,측면직각충돌,측면직각충돌,운전자법규위반,신호위반,교차로,교차로내,화물차,대형,승용차,중형,991062,1827137,127.4002704,36.44175543
2014,2014-12-22,40,야간,월,1,1,0,0,0,인천,계양구,차량단독,공작물충돌,공작물충돌,운전자법규위반,안전운전 의무 불이행,단일로,기타단일로,승용차,소형,0,0,930197,1949882,126.70981,37.54563008
2014,2014-12-31,30,주간,수,1,1,0,0,0,경남,거제시,차량단독,공작물충돌,공작물충돌,운전자법규위반,안전운전 의무 불이행,단일로,기타단일로,승용차,중형,0,0,1103696,1647085,128.6337756,34.8130762
2014,2014-12-29,55,주간,월,1,1,0,0,0,울산,울주군,차대사람,기타,기타,운전자법규위반,교차로 통행방법 위반,교차로,교차로내,건설기계,건설기계,보행자,보행자,1167745,1713668,129.3473021,35.40462595
2014,2014-12-29,30,야간,월,1,2,1,0,0,충북,음성군,차대차,정면충돌,정면충돌,운전자법규위반,중앙선 침범,단일로,기타단일로,승용차,소형,승용차,중형,999869,1888909,127.4985277,36.9986627
2014,2014-12-29,40,야간,월,1,1,0,0,0,충남,논산시,차대사람,횡단중,횡단중,운전자법규위반,안전운전 의무 불이행,교차로,교차로부근,화물차,소형,보행자,보행자,963110,1800705,127.0896394,36.20279705
2014,2014-12-16,46,주간,화,1,1,0,0,0,광주,서구,차대사람,횡단중,횡단중,운전자법규위반,신호위반,교차로,교차로내,승합차,대형,보행자,보행자,942103,1684205,126.8643551,35.15141942
2014,2014-11-12,20,야간,수,1,1,0,0,0,충남,아산시,차대사람,보도통행중,보도통행중,운전자법규위반,안전운전 의무 불이행,기타/불명,기타/불명,승용차,경형,보행자,보행자,958272,1862222,127.0325039,36.7571713
2014,2014-11-07,50,주간,금,1,1,0,0,0,전북,익산시,차대사람,보도통행중,보도통행중,운전자법규위반,안전운전 의무 불이행,단일로,횡단보도상,화물차,소형,보행자,보행자,958248,1775559,127.0368883,35.9758953
2014,2014-11-06,10,주간,목,1,1,0,0,0,전북,군산시,차대차,측면직각충돌,측면직각충돌,운전자법규위반,신호위반,교차로,교차로내,특수차,대형,화물차,소형,915402,1773494,126.5560424,35.95422425
2014,2014-11-08,50,주간,토,1,1,0,0,0,대구,달서구,차대차,측면직각충돌,측면직각충돌,운전자법규위반,교차로 통행방법 위반,교차로,교차로내,이륜차,중형,화물차,대형,1089789,1761355,128.4942801,35.84461109
2014,2014-10-08,50,주간,수,1,1,0,0,0,전남,함평군,차대차,측면직각충돌,측면직각충돌,운전자법규위반,안전운전 의무 불이행,단일로,기타단일로,화물차,소형,원동기장치자전거,원동기장치자전거,908536,1684786,126.4958034,35.15416408
2014,2014-10-06,10,야간,월,1,1,0,0,0,강원,태백시,차량단독,공작물충돌,공작물충돌,운전자법규위반,안전운전 의무 불이행,단일로,기타단일로,승용차,중형,0,0,1129190,1912559,128.9558101,37.20292161
2014,2014-10-06,55,야간,월,1,1,0,0,0,광주,남구,차대사람,기타,기타,운전자법규위반,안전운전 의무 불이행,교차로,교차로내,승용차,중형,보행자,보행자,944942,1684236,126.9041514,35.14893278
2014,2014-10-15,30,주간,수,1,1,0,0,0,경남,진주시,차대사람,차도통행중,차도통행중,운전자법규위반,안전운전 의무 불이행,단일로,기타단일로,승용차,중형,보행자,보행자,1048323,1683628,128.0305037,35.14672253
2014,2014-10-11,18,주간,토,1,3,2,0,0,전남,강진군,차량단독,공작물충돌,공작물충돌,운전자법규위반,안전운전 의무 불이행,단일로,기타단일로,승용차,중형,0,0,936226,1618082,126.8048694,34.55483336
2014,2014-10-11,14,야간,토,1,1,0,0,0,경기,용인시,차대사람,횡단중,횡단중,운전자법규위반,안전운전 의무 불이행,교차로,교차로부근,승용차,중형,보행자,보행자,965355,1925917,127.1089215,37.33161307
2014,2014-10-12,40,주간,일,1,1,0,0,0,경북,영천시,차대사람,횡단중,횡단중,운전자법규위반,보행자 보호의무 위반,교차로,교차로부근,화물차,소형,보행자,보행자,1144628,1777454,129.1042955,35.9831466
2014,2014-10-20,0,야간,월,1,1,0,0,0,충남,보령시,차량단독,기타,기타,운전자법규위반,안전운전 의무 불이행,단일로,기타단일로,이륜차,소형,0,0,917592,1817969,126.5815226,36.35561428
2014,2014-10-26,40,야간,일,1,2,1,0,0,충북,괴산군,차량단독,공작물충돌,공작물충돌,운전자법규위반,안전운전 의무 불이행,단일로,기타단일로,화물차,소형,0,0,1015281,1868029,127.6713181,36.81031498
2014,2014-10-22,26,주간,수,1,1,0,0,0,경기,성남시,차대사람,차도통행중,차도통행중,운전자법규위반,안전운전 의무 불이행,단일로,기타단일로,승용차,중형,보행자,보행자,971015,1940344,127.1722457,37.46184731
2014,2014-10-24,30,주간,금,1,1,0,0,0,전북,정읍시,차대차,측면직각충돌,측면직각충돌,운전자법규위반,신호위반,교차로,교차로내,이륜차,소형,화물차,대형,948242,1741073,126.927692,35.66237706
2014,2014-10-24,50,주간,금,1,1,0,0,0,충남,논산시,차량단독,공작물충돌,공작물충돌,운전자법규위반,안전운전 의무 불이행,단일로,기타단일로,화물차,소형,0,0,975473,1803072,127.2270883,36.22452928
2014,2014-10-30,10,주간,목,1,1,0,0,0,충남,서산시,차대차,측면직각충돌,측면직각충돌,운전자법규위반,신호위반,교차로,교차로내,이륜차,소형,건설기계,건설기계,914668,1857688,126.5445427,36.71338187
2014,2014-10-28,10,야간,화,1,1,0,0,0,경기,성남시,차대사람,횡단중,횡단중,운전자법규위반,안전운전 의무 불이행,단일로,기타단일로,승용차,중형,보행자,보행자,966690,1933987,127.1236278,37.40440226
2014,2014-10-28,30,주간,화,1,1,0,0,0,전남,영광군,차대차,추돌,진행중 추돌,운전자법규위반,안전운전 의무 불이행,단일로,기타단일로,화물차,소형,자전거,자전거,895662,1696717,126.3529696,35.26047208
2014,2014-10-28,10,야간,화,1,3,1,1,0,전북,군산시,차대차,추돌,진행중 추돌,운전자법규위반,안전운전 의무 불이행,단일로,기타단일로,승합차,소형,농기계,농기계,941634,1783688,126.8437048,36.04648
2014,2014-11-12,25,야간,수,1,1,0,0,0,충남,보령시,차대사람,횡단중,횡단중,운전자법규위반,안전운전 의무 불이행,단일로,횡단보도부근,승용차,중형,보행자,보행자,919520,1814322,126.6033856,36.32290227
2014,2014-11-13,47,주간,목,1,1,0,0,0,인천,연수구,차대사람,기타,기타,운전자법규위반,안전운전 의무 불이행,단일로,기타단일로,승용차,소형,보행자,보행자,925379,1935208,126.6567617,37.4129999
2014,2014-11-09,45,야간,일,1,6,5,0,0,강원,춘천시,차량단독,전도전복,전도전복,운전자법규위반,안전운전 의무 불이행,단일로,기타단일로,승용차,중형,0,0,1026040,1973548,127.7956358,37.76121512
2014,2014-11-10,0,주간,월,1,1,0,0,0,전북,부안군,차대차,측면직각충돌,측면직각충돌,운전자법규위반,신호위반,교차로,교차로내,이륜차,소형,화물차,중형,934081,1751382,126.7708442,35.75659573
2014,2014-11-10,20,주간,월,1,1,0,0,0,경북,경산시,차대차,기타,기타,운전자법규위반,차로위반(진로변경 위반),교차로,교차로부근,이륜차,소형,화물차,중형,1111973,1757136,128.7392972,35.80429724
2014,2014-11-06,55,주간,목,1,3,2,0,0,경기,포천시,차대차,추돌,진행중 추돌,운전자법규위반,중앙선 침범,단일로,기타단일로,승용차,중형,승용차,대형,982052,1993869,127.2957284,37.94456433
2014,2014-11-06,30,주간,목,1,1,0,0,0,경기,수원시,차대차,측면직각충돌,측면직각충돌,운전자법규위반,신호위반,교차로,교차로내,자전거,자전거,자전거,자전거,956341,1920816,127.0074731,37.2852545
2014,2014-11-06,30,주간,목,1,1,0,0,0,경기,양주시,차대차,기타,기타,운전자법규위반,안전운전 의무 불이행,단일로,기타단일로,화물차,대형,자전거,자전거,963651,1978517,127.087078,37.805649
2014,2014-11-07,30,주간,금,1,1,0,0,0,경북,상주시,차량단독,공작물충돌,공작물충돌,운전자법규위반,안전운전 의무 불이행,교차로,교차로내,원동기장치자전거,원동기장치자전거,0,0,1053360,1816385,128.0946347,36.34338464
2014,2014-11-08,20,주간,토,1,1,0,0,0,대전,유성구,차대사람,횡단중,횡단중,운전자법규위반,안전운전 의무 불이행,단일로,기타단일로,승용차,중형,보행자,보행자,985646,1819165,127.3399866,36.36981971
2014,2014-11-09,45,주간,일,3,9,4,2,0,전남,영암군,차대차,정면충돌,정면충돌,운전자법규위반,안전운전 의무 불이행,교차로,교차로내,승용차,중형,승용차,중형,934500,1648669,126.783685,34.8305337
2014,2014-11-11,30,야간,화,1,1,0,0,0,전남,여수시,차대차,기타,기타,운전자법규위반,신호위반,교차로,교차로내,이륜차,중형,화물차,중형,1022127,1638914,127.7417338,34.74443448
2014,2014-11-09,55,주간,일,1,1,0,0,0,경기,시흥시,차대차,정면충돌,정면충돌,운전자법규위반,중앙선 침범,단일로,기타단일로,이륜차,소형,승용차,중형,937003,1931361,126.7884339,37.37919028
2014,2014-11-09,0,야간,일,1,1,0,0,0,충남,당진시,차대차,추돌,주정차중 추돌,운전자법규위반,안전운전 의무 불이행,단일로,기타단일로,승용차,소형,특수차,대형,938341,1878645,126.8078887,36.90412193
2014,2014-11-19,41,야간,수,1,1,0,0,0,경남,창원시(통합),차대사람,횡단중,횡단중,운전자법규위반,안전운전 의무 불이행,단일로,기타단일로,승합차,대형,보행자,보행자,1088197,1680342,128.4678849,35.1147947
2014,2014-11-20,22,야간,목,1,1,0,0,0,인천,계양구,차대사람,기타,기타,운전자법규위반,안전운전 의무 불이행,교차로,교차로내,승용차,소형,보행자,보행자,933365,1950969,126.7455711,37.55566154
2014,2014-10-10,15,야간,금,1,1,0,0,0,경북,포항시,차량단독,기타,기타,운전자법규위반,안전운전 의무 불이행,단일로,기타단일로,이륜차,소형,0,0,1167760,1780830,129.3614904,36.00986373
2014,2014-08-18,10,주간,월,1,1,0,0,0,충남,아산시,차대사람,횡단중,횡단중,운전자법규위반,신호위반,교차로,교차로부근,승합차,대형,보행자,보행자,963627,1864979,127.0930297,36.78160723
2014,2014-08-25,10,야간,월,3,9,3,3,0,충남,논산시,차대차,추돌,주정차중 추돌,운전자법규위반,안전운전 의무 불이행,교차로,교차로부근,화물차,대형,승용차,중형,963897,1791387,127.0988219,36.1188205
2014,2014-08-25,15,주간,월,1,1,0,0,0,경북,영양군,차대사람,횡단중,횡단중,운전자법규위반,안전운전 의무 불이행,단일로,기타단일로,승용차,중형,보행자,보행자,1142246,1845133,129.0902129,36.59342375
2014,2014-08-25,10,야간,월,2,3,1,0,0,경남,거제시,차대차,정면충돌,정면충돌,운전자법규위반,중앙선 침범,단일로,기타단일로,승용차,중형,승용차,중형,1105426,1662292,128.6546035,34.95000153
2014,2014-08-24,10,주간,일,1,8,7,0,0,제주,서귀포시,차대차,측면직각충돌,측면직각충돌,운전자법규위반,직진 및 우회전차의 통행방해,교차로,교차로내,승용차,경형,화물차,소형,943936,1490711,126.8970685,33.40659524
2014,2014-11-13,50,주간,목,1,1,0,0,0,충남,천안시,차대차,측면직각충돌,측면직각충돌,운전자법규위반,안전운전 의무 불이행,교차로,교차로부근,원동기장치자전거,원동기장치자전거,원동기장치자전거,원동기장치자전거,968179,1868052,127.1432503,36.81011063
2014,2014-11-13,51,주간,목,1,5,1,3,0,울산,동구,차대차,기타,기타,운전자법규위반,중앙선 침범,단일로,기타단일로,승용차,중형,승용차,중형,1172603,1724567,129.4030874,35.50201548
2014,2014-11-13,30,주간,목,1,1,0,0,0,강원,강릉시,차대사람,기타,기타,운전자법규위반,안전운전 의무 불이행,교차로,교차로내,화물차,소형,보행자,보행자,1121261,1970716,128.8759568,37.72807261
2014,2014-11-13,45,야간,목,1,1,0,0,0,경기,고양시,차량단독,공작물충돌,공작물충돌,운전자법규위반,안전운전 의무 불이행,단일로,기타단일로,화물차,소형,0,0,946511,1961720,126.893613,37.6534175
2014,2014-11-08,35,야간,토,1,2,0,1,0,대구,북구,차대차,추돌,진행중 추돌,운전자법규위반,안전운전 의무 불이행,지하도로내,지하도로내,화물차,소형,화물차,소형,1099182,1769658,128.5993112,35.9185526
2014,2014-11-08,30,야간,토,1,2,1,0,0,경남,창원시(통합),차량단독,기타,기타,운전자법규위반,안전운전 의무 불이행,기타/불명,기타/불명,원동기장치자전거,원동기장치자전거,0,0,1103671,1692534,128.6391715,35.22283039
2014,2014-10-07,31,야간,화,1,1,0,0,0,강원,춘천시,차대사람,횡단중,횡단중,운전자법규위반,안전운전 의무 불이행,단일로,기타단일로,승용차,중형,보행자,보행자,1019060,1984926,127.716691,37.86393858
2014,2014-10-10,45,주간,금,1,1,0,0,0,인천,서구,차대차,측면직각충돌,측면직각충돌,운전자법규위반,안전운전 의무 불이행,단일로,기타단일로,화물차,대형,화물차,대형,922625,1944684,126.6246491,37.49817801
2014,2014-10-08,33,야간,수,1,1,0,0,0,강원,철원군,차대차,추돌,진행중 추돌,운전자법규위반,안전운전 의무 불이행,단일로,기타단일로,승용차,대형,자전거,자전거,988108,2026375,127.3641121,38.23763176
2014,2014-10-15,25,야간,수,1,1,0,0,0,경북,김천시,차대사람,기타,기타,운전자법규위반,안전운전 의무 불이행,단일로,기타단일로,승용차,중형,보행자,보행자,1053202,1792339,128.0912396,36.12661612
2014,2014-10-13,42,주간,월,1,2,1,0,0,경남,창원시(통합),차대차,측면직각충돌,측면직각충돌,운전자법규위반,신호위반,교차로,교차로내,승합차,경형,승용차,중형,1106896,1692358,128.6745795,35.22090508
2014,2014-10-13,50,주간,월,1,4,3,0,0,강원,삼척시,차대차,기타,기타,운전자법규위반,중앙선 침범,단일로,기타단일로,화물차,중형,승용차,중형,1144315,1939431,129.1314045,37.44281136
2014,2014-10-12,0,주간,일,1,1,0,0,0,경기,평택시,차량단독,전도전복,전도전복,운전자법규위반,안전운전 의무 불이행,단일로,기타단일로,원동기장치자전거,원동기장치자전거,0,0,960322,1902147,127.053375,37.11715332