발생년,발생년월일시분,발생분,주야,요일,사망자수,사상자수,중상자수,경상자수,부상신고자수,발생지시도,발생지시군구,사고유형_대분류,사고유형_중분류,사고유형,법규위반_대분류,법규위반,도로형태_대분류,도로형태,당사자종별_1당_대분류,당사자종별_1당,당사자종별_2당_대분류,당사자종별_2당,발생위치X_UTMK,발생위치Y_UTMK,경도,위도
2014,2014-12-23,15,야간,화,1,1,0,0,0,경기,화성시,차대사람,기타,기타,운전자법규위반,안전운전 의무 불이행,교차로,교차로부근,승용차,중형,보행자,보행자,953926,1912926,126.9807182,37.21402009
2014,2014-12-22,50,주간,월,1,1,0,0,0,전남,광양시,차대차,측면직각충돌,측면직각충돌,운전자법규위반,중앙선 침범,단일로,기타단일로,농기계,농기계,승용차,경형,1020577,1668387,127.7255252,35.01024129
2014,2014-12-22,5,야간,월,1,1,0,0,0,전북,익산시,차대사람,차도통행중,차도통행중,운전자법규위반,안전운전 의무 불이행,단일로,기타단일로,승용차,소형,보행자,보행자,958410,1775792,127.0386729,35.97800287
2014,2014-12-29,50,야간,월,1,1,0,0,0,경남,거제시,차대사람,횡단중,횡단중,운전자법규위반,보행자 보호의무 위반,교차로,교차로부근,승합차,대형,보행자,보행자,1105561,1658297,128.5856926,34.89474974
2014,2014-12-30,15,주간,화,1,1,0,0,0,서울,은평구,차대사람,횡단중,횡단중,운전자법규위반,안전운전 의무 불이행,단일로,기타단일로,특수차,대형,보행자,보행자,948921,1956693,126.9212845,37.6082464
2014,2014-12-30,35,야간,화,1,1,0,0,0,경북,김천시,차대사람,기타,기타,운전자법규위반,보행자 보호의무 위반,단일로,횡단보도상,승용차,중형,보행자,보행자,1059320,1791534,128.1591651,36.11900406
2014,2014-12-31,35,야간,수,1,1,0,0,0,경기,여주시,차대사람,길가장자리구역통행중,길가장자리구역통행중,운전자법규위반,안전운전 의무 불이행,교차로,교차로부근,승용차,소형,보행자,보행자,1015491,1931210,127.6749772,37.37984045
2014,2014-12-29,0,야간,월,1,1,0,0,0,경기,군포시,차대사람,횡단중,횡단중,운전자법규위반,안전운전 의무 불이행,단일로,기타단일로,승용차,중형,보행자,보행자,951132,1929179,126.9481607,37.36037547
2014,2014-12-29,45,야간,월,1,1,0,0,0,부산,수영구,차대사람,차도통행중,차도통행중,운전자법규위반,안전운전 의무 불이행,단일로,기타단일로,승용차,중형,보행자,보행자,1146570,1687408,129.1095067,35.17127428
2014,2014-12-29,25,주간,월,1,1,0,0,0,경기,안성시,차대사람,기타,기타,운전자법규위반,안전운전 의무 불이행,고가도로위,고가도로위,화물차,소형,보행자,보행자,975922,1890637,127.2293388,37.01393099
2014,2014-12-28,0,야간,일,1,2,0,1,0,대구,동구,차대차,측면직각충돌,측면직각충돌,운전자법규위반,교차로 통행방법 위반,교차로,교차로내,이륜차,소형,승용차,중형,1110506,1764617,128.7240997,35.87189818
2014,2014-12-30,35,주간,화,1,2,0,1,0,충남,공주시,차대차,측면직각충돌,측면직각충돌,운전자법규위반,신호위반,교차로,교차로내,원동기장치자전거,원동기장치자전거,승용차,대형,966637,1830381,127.1276013,36.47046156
2014,2014-11-15,35,주간,토,1,1,0,0,0,전남,고흥군,차대차,측면직각충돌,측면직각충돌,운전자법규위반,안전운전 의무 불이행,교차로,교차로내,화물차,소형,이륜차,사발이,972600,1624796,127.2011179,34.61699333
2014,2014-11-16,20,주간,일,1,2,1,0,0,충남,당진시,차대차,기타,기타,운전자법규위반,중앙선 침범,교차로,교차로내,승용차,중형,승용차,중형,931612,1870071,126.7331355,36.82637341
2014,2014-11-16,40,주간,일,1,1,0,0,0,충남,금산군,차량단독,도로이탈,도로이탈 추락,운전자법규위반,안전운전 의무 불이행,교차로,교차로부근,원동기장치자전거,원동기장치자전거,0,0,1000011,1794443,127.4984549,36.14608866
2014,2014-11-16,12,야간,일,1,1,0,0,0,서울,서대문구,차대사람,횡단중,횡단중,운전자법규위반,과속,교차로,교차로내,승용차,중형,보행자,보행자,952323,1952693,126.9600874,37.5723766
2014,2014-11-16,8,야간,일,1,1,0,0,0,전북,익산시,차대사람,횡단중,횡단중,운전자법규위반,안전운전 의무 불이행,단일로,기타단일로,승용차,중형,보행자,보행자,950630,1773370,126.9525291,35.95580432
2014,2014-11-14,50,주간,금,1,1,0,0,0,울산,북구,차대사람,기타,기타,운전자법규위반,안전운전 의무 불이행,단일로,기타단일로,승용차,중형,보행자,보행자,1168481,1733543,129.3595276,35.58361429
2014,2014-11-14,42,주간,금,1,1,0,0,0,경남,김해시,차대사람,횡단중,횡단중,운전자법규위반,안전운전 의무 불이행,기타/불명,기타/불명,승용차,중형,보행자,보행자,1112250,1701762,128.7346832,35.30509665
2014,2014-11-24,32,주간,월,1,1,0,0,0,전남,목포시,차대사람,횡단중,횡단중,운전자법규위반,안전운전 의무 불이행,단일로,기타단일로,승용차,중형,보행자,보행자,899673,1646260,126.4031523,34.80597556
2014,2014-11-24,20,주간,월,1,1,0,0,0,전남,화순군,차량단독,전도전복,전도전복,운전자법규위반,기타(운전자법규위반),교차로,교차로부근,화물차,소형,0,0,951781,1662779,126.9718498,34.95873255
2014,2014-11-25,38,주간,화,1,1,0,0,0,제주,서귀포시,차량단독,기타,기타,운전자법규위반,기타(운전자법규위반),단일로,기타단일로,농기계,농기계,0,0,931254,1481971,126.7613573,33.32703069
2014,2014-11-25,0,주간,화,1,2,1,0,0,충남,예산군,차량단독,공작물충돌,공작물충돌,운전자법규위반,안전운전 의무 불이행,단일로,기타단일로,화물차,소형,0,0,948038,1852679,126.9185016,36.67064119
2014,2014-11-23,8,야간,일,1,1,0,0,0,전북,순창군,차대사람,횡단중,횡단중,운전자법규위반,안전운전 의무 불이행,단일로,기타단일로,승용차,중형,보행자,보행자,961190,1714065,127.0724897,35.42157808
2014,2014-11-21,53,주간,금,1,1,0,0,0,부산,해운대구,차대사람,횡단중,횡단중,운전자법규위반,안전운전 의무 불이행,단일로,기타단일로,건설기계,건설기계,보행자,보행자,1149391,1687023,129.1404036,35.16738858
2014,2014-11-22,30,주간,토,1,1,0,0,0,강원,원주시,차대사람,기타,기타,운전자법규위반,안전운전 의무 불이행,단일로,기타단일로,화물차,중형,보행자,보행자,1022255,1914293,127.7508717,37.22721492
2014,2014-01-05,50,주간,일,1,2,1,0,0,경남,창원시(통합),차량단독,공작물충돌,공작물충돌,운전자법규위반,안전운전 의무 불이행,단일로,기타단일로,승용차,중형,0,0,1108633,1691999,128.6936147,35.21748196
2014,2014-01-01,40,야간,수,1,7,6,0,0,강원,원주시,차대차,측면직각충돌,측면직각충돌,운전자법규위반,신호위반,교차로,교차로내,승용차,중형,승용차,중형,1030993,1925815,127.8498506,37.33082274
2014,2014-01-14,56,야간,화,1,1,0,0,0,부산,북구,차대사람,횡단중,횡단중,운전자법규위반,안전운전 의무 불이행,단일로,기타단일로,승용차,중형,보행자,보행자,1135900,1690685,128.9929149,35.2023135
2014,2014-01-11,25,주간,토,1,1,0,0,0,경기,안산시,차대사람,횡단중,횡단중,운전자법규위반,안전운전 의무 불이행,단일로,기타단일로,승용차,중형,보행자,보행자,940421,1927211,126.8273725,37.34201124
2014,2014-01-13,20,야간,월,1,1,0,0,0,서울,송파구,차대사람,기타,기타,운전자법규위반,안전운전 의무 불이행,단일로,횡단보도상,승용차,중형,보행자,보행자,966701,1948767,127.12262,37.53686471
2014,2014-08-22,35,주간,금,1,3,2,0,0,경남,사천시,차대차,추돌,주정차중 추돌,운전자법규위반,안전운전 의무 불이행,단일로,기타단일로,화물차,소형,화물차,소형,1048399,1676196,128.0406589,35.0836569
2014,2014-07-15,38,주간,화,1,7,6,0,0,충남,보령시,차량단독,전도전복,전도전복,운전자법규위반,안전운전 의무 불이행,단일로,기타단일로,승합차,소형,0,0,915291,1821092,126.5555397,36.38356562
2014,2014-01-11,45,야간,토,1,2,0,1,0,경북,칠곡군,차대차,추돌,진행중 추돌,운전자법규위반,안전운전 의무 불이행,단일로,기타단일로,승용차,중형,화물차,중형,1093907,1780235,128.5421055,36.01442002
2014,2014-02-20,58,주간,목,1,2,1,0,0,경북,칠곡군,차대차,추돌,주정차중 추돌,운전자법규위반,안전운전 의무 불이행,단일로,기타단일로,화물차,대형,승용차,경형,1088525,1770491,128.4813007,35.92708521
2014,2014-10-09,35,야간,목,1,1,0,0,0,충북,청주시,차대차,추돌,진행중 추돌,운전자법규위반,안전운전 의무 불이행,단일로,기타단일로,승용차,중형,농기계,농기계,987860,1856815,127.3640746,36.70926887
2014,2014-10-04,15,야간,토,1,2,0,0,1,서울,강서구,차대차,측면직각충돌,측면직각충돌,운전자법규위반,신호위반,교차로,교차로내,승합차,중형,이륜차,소형,943842,1950412,126.864225,37.55133962
2014,2014-10-06,20,야간,월,1,1,0,0,0,경북,영천시,차대차,기타,기타,운전자법규위반,신호위반,교차로,교차로내,원동기장치자전거,원동기장치자전거,승용차,대형,1130551,1776337,128.9480087,35.9750652
2014,2014-10-06,8,주간,월,1,1,0,0,0,경북,청도군,차량단독,전도전복,전도전복,운전자법규위반,안전운전 의무 불이행,단일로,기타단일로,원동기장치자전거,원동기장치자전거,0,0,1108127,1740757,128.6945318,35.65708193
2014,2014-10-03,40,야간,금,1,2,0,1,0,충남,논산시,차대사람,횡단중,횡단중,운전자법규위반,안전운전 의무 불이행,교차로,교차로부근,승용차,중형,보행자,보행자,967930,1801803,127.1432106,36.21286784
2014,2014-10-15,40,야간,수,1,1,0,0,0,경기,김포시,차대사람,보도통행중,보도통행중,운전자법규위반,보행자 보호의무 위반,교차로,교차로부근,승용차,중형,보행자,보행자,915749,1968761,126.5440967,37.71456398
2014,2014-10-15,10,주간,수,1,1,0,0,0,충남,청양군,차량단독,공작물충돌,공작물충돌,운전자법규위반,안전운전 의무 불이행,단일로,기타단일로,화물차,소형,0,0,935913,1826393,126.7850075,36.43294875
2014,2014-10-15,12,주간,수,1,2,0,1,0,강원,원주시,차대사람,기타,기타,운전자법규위반,안전운전 의무 불이행,교차로,교차로부근,화물차,소형,보행자,보행자,1031358,1931419,127.8542079,37.38132334
2014,2014-10-12,40,주간,일,1,1,0,0,0,전북,부안군,차대차,측면직각충돌,측면직각충돌,운전자법규위반,안전운전 의무 불이행,교차로,교차로내,승용차,대형,이륜차,중형,930291,1747695,126.7292453,35.72309411
2014,2014-10-19,31,주간,일,1,1,0,0,0,충북,음성군,차량단독,기타,기타,운전자법규위반,안전운전 의무 불이행,단일로,기타단일로,승용차,대형,0,0,1016741,1879769,127.6879454,36.91612155
2014,2014-10-19,30,야간,일,1,1,0,0,0,충남,천안시,차량단독,전도전복,전도전복,운전자법규위반,안전운전 의무 불이행,단일로,기타단일로,승용차,중형,0,0,969377,1864873,127.1568089,36.78149282
2014,2014-10-20,15,주간,월,1,1,0,0,0,경남,밀양시,차대차,추돌,진행중 추돌,운전자법규위반,안전운전 의무 불이행,단일로,기타단일로,승용차,대형,자전거,자전거,1120660,1710622,128.8284739,35.38398542
2014,2014-10-27,20,야간,월,1,1,0,0,0,경기,부천시,차대사람,횡단중,횡단중,운전자법규위반,안전운전 의무 불이행,교차로,교차로부근,화물차,소형,보행자,보행자,939516,1947406,126.8155004,37.52397279
2014,2014-10-25,8,야간,토,1,1,0,0,0,인천,연수구,차대사람,횡단중,횡단중,운전자법규위반,안전운전 의무 불이행,교차로,교차로내,화물차,소형,보행자,보행자,927948,1935557,126.6857553,37.41634888
2014,2014-10-27,40,주간,월,1,1,0,0,0,경북,청송군,차대사람,기타,기타,운전자법규위반,안전운전 의무 불이행,단일로,기타단일로,화물차,소형,보행자,보행자,1149578,1809067,129.1651911,36.26729476
2014,2014-10-24,35,야간,금,1,1,0,0,0,충남,태안군,차대차,정면충돌,정면충돌,운전자법규위반,중앙선 침범,단일로,기타단일로,승용차,중형,승합차,대형,885404,1876955,126.2140405,36.88394454
2014,2014-10-26,50,주간,일,1,1,0,0,0,경북,안동시,차대차,기타,기타,운전자법규위반,안전운전 의무 불이행,단일로,기타단일로,화물차,대형,자전거,자전거,1108344,1839787,128.7144154,36.55122321
2014,2014-10-23,42,야간,목,1,1,0,0,0,부산,서구,차대사람,횡단중,횡단중,운전자법규위반,신호위반,단일로,횡단보도상,승용차,중형,보행자,보행자,1138778,1680317,129.0225461,35.11002506
2014,2014-10-24,20,주간,금,1,1,0,0,0,충남,아산시,차대사람,기타,기타,운전자법규위반,안전운전 의무 불이행,단일로,기타단일로,화물차,대형,보행자,보행자,947691,1876962,126.9129515,36.88951619
2014,2014-10-24,34,주간,금,1,1,0,0,0,충남,공주시,차대차,측면직각충돌,측면직각충돌,운전자법규위반,과속,교차로,교차로내,화물차,소형,원동기장치자전거,원동기장치자전거,949582,1841264,126.9365289,36.56782298
2014,2014-10-23,13,주간,목,1,1,0,0,0,서울,금천구,차대사람,횡단중,횡단중,운전자법규위반,신호위반,단일로,횡단보도상,화물차,경형,보행자,보행자,947189,1937918,126.9030121,37.43892686
2014,2014-10-31,20,주간,금,1,1,0,0,0,경기,화성시,차대사람,보도통행중,보도통행중,운전자법규위반,안전운전 의무 불이행,단일로,기타단일로,승용차,경형,보행자,보행자,952838,1913267,126.9611246,37.21796182
2014,2014-11-01,10,야간,토,1,1,0,0,0,부산,금정구,차대차,기타,기타,운전자법규위반,과속,단일로,기타단일로,승용차,중형,원동기장치자전거,원동기장치자전거,1144601,1693395,129.0889431,35.22552445
2014,2014-11-01,26,야간,토,1,3,2,0,0,울산,북구,차대차,기타,기타,운전자법규위반,중앙선 침범,단일로,기타단일로,승용차,대형,승용차,중형,1167943,1735792,129.3540599,35.60397332
2014,2014-10-28,40,야간,화,1,1,0,0,0,경북,포항시,차대차,추돌,주정차중 추돌,운전자법규위반,안전운전 의무 불이행,단일로,기타단일로,승용차,대형,화물차,대형,1169867,1776973,129.3840318,35.97474298
2014,2014-10-28,58,주간,화,1,1,0,0,0,경북,칠곡군,차량단독,기타,기타,운전자법규위반,안전운전 의무 불이행,단일로,기타단일로,원동기장치자전거,원동기장치자전거,0,0,1080820,1775670,128.3956797,35.97890948
2014,2014-10-28,25,야간,화,1,1,0,0,0,대구,북구,차대사람,횡단중,횡단중,운전자법규위반,안전운전 의무 불이행,교차로,교차로내,승용차,대형,보행자,보행자,1100881,1767418,128.6178553,35.89818655
2014,2014-10-29,30,야간,수,1,1,0,0,0,인천,남동구,차대사람,횡단중,횡단중,운전자법규위반,안전운전 의무 불이행,단일로,횡단보도상,승용차,중형,보행자,보행자,931092,1940869,126.7207856,37.46446488
2014,2014-10-28,35,주간,화,1,1,0,0,0,서울,영등포구,차대사람,횡단중,횡단중,운전자법규위반,안전운전 의무 불이행,단일로,횡단보도상,승용차,대형,보행자,보행자,947598,1947497,126.9073155,37.52528948
2014,2014-11-07,10,야간,금,1,2,1,0,0,대구,서구,차대사람,횡단중,횡단중,운전자법규위반,안전운전 의무 불이행,단일로,횡단보도상,승용차,중형,보행자,보행자,1095664,1766266,128.5599168,35.88832593
2014,2014-11-07,52,야간,금,1,1,0,0,0,경기,용인시,차대차,추돌,주정차중 추돌,운전자법규위반,안전운전 의무 불이행,단일로,기타단일로,이륜차,소형,화물차,중형,974345,1914529,127.2107938,37.22925483
2014,2014-11-07,5,주간,금,1,2,0,1,0,경기,양평군,차대차,측면직각충돌,측면직각충돌,운전자법규위반,안전운전 의무 불이행,단일로,기타단일로,승용차,대형,승합차,소형,1000721,1944493,127.5215292,37.49878731
2014,2014-11-04,55,주간,화,1,1,0,0,0,경남,진주시,차대사람,차도통행중,차도통행중,운전자법규위반,안전운전 의무 불이행,단일로,기타단일로,화물차,소형,보행자,보행자,1056196,1687730,128.1172109,35.1832997
2014,2014-11-03,40,주간,월,1,4,3,0,0,전남,영암군,차대차,측면직각충돌,측면직각충돌,운전자법규위반,신호위반,교차로,교차로내,승용차,소형,승용차,중형,903295,1640744,126.443379,34.75659249
2014,2014-11-03,25,주간,월,1,1,0,0,0,경기,광주시,차대사람,기타,기타,운전자법규위반,안전운전 의무 불이행,단일로,기타단일로,화물차,대형,보행자,보행자,970642,1928757,127.1684886,37.35739434
2014,2014-11-02,30,주간,일,1,1,0,0,0,전남,나주시,차대차,정면충돌,정면충돌,운전자법규위반,중앙선 침범,단일로,기타단일로,승용차,중형,이륜차,중형,931417,1666126,126.7485386,34.98773681
2014,2014-11-14,45,야간,금,1,4,2,1,0,인천,계양구,차대차,정면충돌,정면충돌,운전자법규위반,중앙선 침범,단일로,기타단일로,화물차,소형,화물차,소형,934763,1949249,126.7615507,37.54025952
2014,2014-11-14,0,주간,금,1,1,0,0,0,경남,산청군,차대차,측면직각충돌,측면직각충돌,운전자법규위반,안전운전 의무 불이행,단일로,기타단일로,승용차,중형,이륜차,사발이,1030719,1698029,127.8377832,35.27726789
2014,2014-09-29,40,주간,월,1,1,0,0,0,전남,담양군,차대사람,기타,기타,운전자법규위반,안전운전 의무 불이행,단일로,기타단일로,승용차,대형,보행자,보행자,952790,1701120,126.9809333,35.30496867
2014,2014-10-08,15,야간,수,1,1,0,0,0,대구,서구,차대사람,횡단중,횡단중,운전자법규위반,안전운전 의무 불이행,교차로,교차로부근,승용차,소형,보행자,보행자,1096738,1763362,128.5714618,35.86204208
2014,2014-10-04,35,주간,토,1,7,2,4,0,전남,구례군,차대차,정면충돌,정면충돌,운전자법규위반,중앙선 침범,단일로,기타단일로,화물차,소형,승용차,경형,999800,1689999,127.4978028,35.20533226
2014,2014-10-03,50,주간,금,1,3,2,0,0,전남,광양시,차대차,정면충돌,정면충돌,운전자법규위반,안전운전 의무 불이행,단일로,기타단일로,승용차,중형,승용차,중형,1008268,1665158,127.590586,34.98129968
2014,2014-10-02,35,야간,목,1,1,0,0,0,광주,서구,차대사람,횡단중,횡단중,운전자법규위반,안전운전 의무 불이행,단일로,횡단보도상,승용차,중형,보행자,보행자,942840,1685344,126.8723672,35.16173158
2014,2014-01-18,30,야간,토,1,1,0,0,0,광주,북구,차대사람,횡단중,횡단중,운전자법규위반,안전운전 의무 불이행,교차로,교차로부근,승용차,중형,보행자,보행자,946958,1686946,126.9174788,35.17640218
2014,2014-01-20,0,주간,월,1,1,0,0,0,경남,하동군,차대차,기타,기타,운전자법규위반,안전운전 의무 불이행,단일로,기타단일로,승용차,중형,승용차,중형,1037845,1669372,127.914825,35.01862404
2014,2014-01-25,10,야간,토,1,1,0,0,0,경남,사천시,차대차,기타,기타,운전자법규위반,안전운전 의무 불이행,단일로,기타단일로,승용차,소형,승합차,경형,1051355,1665107,128.0626414,34.97957003
2014,2014-01-27,15,주간,월,1,1,0,0,0,충북,청주시,차대사람,횡단중,횡단중,운전자법규위반,안전운전 의무 불이행,단일로,기타단일로,이륜차,소형,보행자,보행자,999318,1847655,127.4923721,36.62676943
2014,2014-01-27,26,주간,월,1,1,0,0,0,전북,고창군,차대사람,기타,기타,운전자법규위반,과속,단일로,기타단일로,승용차,중형,보행자,보행자,928155,1715739,126.70847,35.43483447
2014,2014-01-26,1,주간,일,1,1,0,0,0,울산,북구,차대사람,기타,기타,운전자법규위반,안전운전 의무 불이행,단일로,기타단일로,승용차,중형,보행자,보행자,1168369,1730634,129.3576865,35.55741792
2014,2014-01-26,55,주간,일,1,1,0,0,0,경남,사천시,차대사람,횡단중,횡단중,운전자법규위반,안전운전 의무 불이행,교차로,교차로내,승용차,대형,보행자,보행자,1060470,1671221,128.1629437,35.03419514
2014,2014-02-06,26,야간,목,1,1,0,0,0,서울,관악구,차대사람,기타,기타,운전자법규위반,안전운전 의무 불이행,교차로,교차로내,이륜차,소형,보행자,보행자,947924,1942596,126.9109897,37.48113251
2014,2014-02-19,15,주간,수,1,1,0,0,0,경기,평택시,차대사람,기타,기타,운전자법규위반,안전운전 의무 불이행,교차로,교차로부근,승용차,소형,보행자,보행자,948621,1887439,126.9222945,36.98396076
2014,2014-02-19,0,주간,수,1,1,0,0,0,전남,고흥군,차대사람,보도통행중,보도통행중,운전자법규위반,기타(운전자법규위반),단일로,기타단일로,승용차,대형,보행자,보행자,980569,1623759,127.2881797,34.6079736
2014,2014-02-19,5,야간,수,1,1,0,0,0,서울,중랑구,차대사람,기타,기타,운전자법규위반,안전운전 의무 불이행,단일로,기타단일로,화물차,소형,보행자,보행자,962901,1953105,127.0805773,37.57657974
2014,2014-02-17,30,주간,월,1,1,0,0,0,경기,김포시,차대사람,횡단중,횡단중,운전자법규위반,안전운전 의무 불이행,교차로,교차로부근,승합차,중형,보행자,보행자,930675,1958524,126.7144026,37.62355382
2014,2014-02-17,20,야간,월,1,2,0,1,0,전남,여수시,차대사람,기타,기타,운전자법규위반,안전운전 의무 불이행,단일로,기타단일로,승용차,중형,보행자,보행자,1014114,1639055,127.6545688,34.74665941
2014,2014-02-02,30,주간,일,1,5,3,1,0,서울,서대문구,차대차,정면충돌,정면충돌,운전자법규위반,안전운전 의무 불이행,단일로,기타단일로,승용차,소형,화물차,중형,951238,1952267,126.9482935,37.56848234
2014,2014-02-01,40,주간,토,1,3,0,2,0,경북,영덕군,차대차,측면직각충돌,측면직각충돌,운전자법규위반,중앙선 침범,단일로,기타단일로,승용차,소형,승용차,대형,1167132,1827529,129.3644879,36.43076938
2014,2014-02-01,50,주간,토,1,2,1,0,0,충남,서산시,차대차,정면충돌,정면충돌,운전자법규위반,중앙선 침범,교차로,교차로부근,승용차,소형,승용차,중형,917949,1865193,126.5804686,36.7813185
2014,2014-02-04,18,주간,화,2,2,0,0,0,경북,청도군,차대차,추돌,진행중 추돌,운전자법규위반,안전운전 의무 불이행,단일로,기타단일로,화물차,소형,농기계,농기계,1112931,1741406,128.7476839,35.66239415
2014,2014-02-04,40,야간,화,1,1,0,0,0,대전,대덕구,차대차,추돌,주정차중 추돌,운전자법규위반,안전운전 의무 불이행,단일로,기타단일로,화물차,소형,화물차,대형,991049,1818622,127.4002235,36.36498985
2014,2014-02-04,25,야간,화,1,1,0,0,0,경기,고양시,차대사람,횡단중,횡단중,운전자법규위반,안전운전 의무 불이행,단일로,기타단일로,승용차,중형,보행자,보행자,936310,1965271,126.7776652,37.68477045
2014,2014-02-03,15,야간,월,1,1,0,0,0,경기,용인시,차대사람,차도통행중,차도통행중,운전자법규위반,과속,단일로,기타단일로,승용차,대형,보행자,보행자,983386,1906497,127.3128902,37.15705871
2014,2014-02-13,16,주간,목,1,1,0,0,0,경기,화성시,차대사람,기타,기타,운전자법규위반,중앙선 침범,단일로,기타단일로,화물차,대형,보행자,보행자,954339,1904319,126.9826884,37.1284221
2014,2014-02-12,53,야간,수,1,1,0,0,0,충남,공주시,차대사람,차도통행중,차도통행중,운전자법규위반,안전운전 의무 불이행,단일로,기타단일로,승용차,중형,보행자,보행자,978421,1820220,127.259416,36.37919583
2014,2014-02-13,50,야간,목,1,1,0,0,0,경기,오산시,차량단독,공작물충돌,공작물충돌,운전자법규위반,안전운전 의무 불이행,단일로,기타단일로,승용차,중형,0,0,961803,1906370,127.0698295,37.15528093
2014,2014-02-13,35,야간,목,1,6,0,5,0,인천,동구,차대차,기타,기타,운전자법규위반,안전거리 미확보,단일로,기타단일로,화물차,대형,승용차,중형,924637,1943729,126.6475065,37.48973737
2014,2014-02-22,30,주간,토,1,1,0,0,0,서울,마포구,차대차,측면직각충돌,측면직각충돌,운전자법규위반,신호위반,교차로,교차로내,이륜차,중형,승용차,중형,951267,1949242,126.9483587,37.54121689
2014,2014-02-04,32,야간,화,1,1,0,0,0,인천,남동구,차량단독,공작물충돌,공작물충돌,운전자법규위반,안전운전 의무 불이행,단일로,기타단일로,이륜차,소형,0,0,934519,1938682,126.7597296,37.44500266
2014,2014-02-02,55,야간,일,1,1,0,0,0,경북,안동시,차대사람,횡단중,횡단중,운전자법규위반,안전운전 의무 불이행,단일로,기타단일로,승용차,소형,보행자,보행자,1104222,1833713,128.6616736,36.48660916
2014,2014-02-01,0,주간,토,1,2,0,0,1,전남,여수시,차량단독,전도전복,전도전복,운전자법규위반,안전운전 의무 불이행,기타/불명,기타/불명,농기계,농기계,0,0,1025646,1611706,127.7793546,34.49899321
2014,2014-02-23,18,야간,일,1,4,3,0,0,대구,달서구,차대차,측면직각충돌,측면직각충돌,운전자법규위반,신호위반,교차로,교차로내,원동기장치자전거,원동기장치자전거,승용차,중형,1094443,1759088,128.5455406,35.82373736
2014,2014-02-23,33,야간,일,1,1,0,0,0,서울,도봉구,차대사람,기타,기타,운전자법규위반,안전운전 의무 불이행,단일로,기타단일로,화물차,소형,보행자,보행자,959707,1963618,127.0431017,37.67119855
2014,2014-02-23,17,야간,일,1,1,0,0,0,부산,북구,차대사람,횡단중,횡단중,운전자법규위반,과속,단일로,기타단일로,승용차,중형,보행자,보행자,1136408,1691377,128.9984565,35.20858335
2014,2014-02-22,40,야간,토,1,5,1,3,0,제주,제주시,차대차,추돌,진행중 추돌,운전자법규위반,중앙선 침범,단일로,기타단일로,승용차,소형,승합차,중형,917547,1496995,126.6127204,33.46156503
2014,2014-02-24,55,야간,월,1,2,0,1,0,경북,안동시,차대차,정면충돌,정면충돌,운전자법규위반,중앙선 침범,기타/불명,기타/불명,이륜차,소형,승용차,소형,1122637,1824177,128.9043068,36.43614224
2014,2014-02-19,40,주간,수,1,2,0,1,0,경기,의왕시,차량단독,공작물충돌,공작물충돌,운전자법규위반,안전운전 의무 불이행,단일로,기타단일로,승용차,소형,0,0,954185,1926005,126.9828314,37.33192232
2014,2014-02-19,30,주간,수,1,1,0,0,0,전북,군산시,차대차,측면직각충돌,측면직각충돌,운전자법규위반,신호위반,교차로,교차로내,화물차,소형,이륜차,소형,930156,1776351,126.7252434,35.98142819
2014,2014-02-19,48,주간,수,1,1,0,0,0,전북,완주군,차량단독,전도전복,전도전복,운전자법규위반,안전운전 의무 불이행,단일로,기타단일로,승용차,소형,0,0,977327,1762542,127.2488805,35.85916443
2014,2014-02-18,10,야간,화,1,1,0,0,0,경북,영덕군,차대차,추돌,진행중 추돌,운전자법규위반,안전운전 의무 불이행,단일로,기타단일로,화물차,소형,자전거,자전거,1168859,1819397,129.3819768,36.35719387
2014,2014-02-04,47,야간,화,1,2,1,0,0,충남,홍성군,차대차,정면충돌,정면충돌,운전자법규위반,중앙선 침범,단일로,기타단일로,승용차,중형,화물차,소형,929697,1847279,126.7115567,36.61977077
2014,2014-02-04,45,주간,화,1,1,0,0,0,전북,완주군,차대사람,횡단중,횡단중,운전자법규위반,안전운전 의무 불이행,단일로,기타단일로,승용차,소형,보행자,보행자,967475,1773356,127.1393221,35.95638481
2014,2014-01-30,55,야간,목,1,1,0,0,0,경북,경주시,차대사람,기타,기타,운전자법규위반,안전운전 의무 불이행,교차로,교차로부근,승용차,중형,보행자,보행자,1153831,1761150,129.2031883,35.83480541
2014,2014-02-01,48,주간,토,1,1,0,0,0,광주,서구,차량단독,공작물충돌,공작물충돌,운전자법규위반,안전운전 의무 불이행,단일로,기타단일로,승용차,중형,0,0,940591,1685504,126.8476624,35.16304379
2014,2014-02-05,33,주간,수,1,1,0,0,0,서울,강북구,차대사람,기타,기타,운전자법규위반,안전운전 의무 불이행,교차로,교차로내,승합차,대형,보행자,보행자,958563,1957144,127.0304972,37.61279648
2014,2014-09-24,11,주간,수,1,1,0,0,0,전남,구례군,차대사람,기타,기타,운전자법규위반,안전운전 의무 불이행,단일로,기타단일로,승용차,대형,보행자,보행자,994628,1692010,127.4409689,35.22345132
2014,2014-10-22,35,야간,수,1,1,0,0,0,경북,안동시,차대사람,기타,기타,운전자법규위반,안전운전 의무 불이행,단일로,기타단일로,승용차,중형,보행자,보행자,1106175,1841521,128.6894528,36.5663849