발생년,발생년월일시분,발생분,주야,요일,사망자수,사상자수,중상자수,경상자수,부상신고자수,발생지시도,발생지시군구,사고유형_대분류,사고유형_중분류,사고유형,법규위반_대분류,법규위반,도로형태_대분류,도로형태,당사자종별_1당_대분류,당사자종별_1당,당사자종별_2당_대분류,당사자종별_2당,발생위치X_UTMK,발생위치Y_UTMK,경도,위도
2014,2014-10-30,35,주간,목,1,1,0,0,0,전남,담양군,차량단독,공작물충돌,공작물충돌,운전자법규위반,안전운전 의무 불이행,단일로,기타단일로,이륜차,중형,0,0,956177,1702655,127.017883,35.31849093
2014,2014-11-06,50,야간,목,2,4,1,1,0,경기,연천군,차량단독,공작물충돌,공작물충돌,운전자법규위반,안전운전 의무 불이행,단일로,기타단일로,화물차,경형,0,0,966044,2004856,127.0633636,38.02803046
2014,2014-11-06,52,주간,목,1,1,0,0,0,전남,영광군,차대차,정면충돌,정면충돌,운전자법규위반,중앙선 침범,교차로,교차로부근,이륜차,중형,화물차,중형,907201,1697778,126.4796836,35.2711736
2014,2014-11-07,58,야간,금,1,1,0,0,0,충남,당진시,차량단독,전도전복,전도전복,운전자법규위반,안전운전 의무 불이행,단일로,기타단일로,화물차,대형,0,0,936637,1876365,126.7731047,36.88505611
2014,2014-11-08,30,야간,토,1,1,0,0,0,대전,서구,차대사람,횡단중,횡단중,운전자법규위반,안전운전 의무 불이행,단일로,기타단일로,승용차,중형,보행자,보행자,988757,1816256,127.3747089,36.34363538
2014,2014-11-07,30,야간,금,1,1,0,0,0,경기,평택시,차대사람,기타,기타,운전자법규위반,안전운전 의무 불이행,단일로,기타단일로,승용차,경형,보행자,보행자,960382,1888153,127.0547878,36.99101291
2014,2014-11-06,30,주간,목,1,1,0,0,0,경남,창원시(통합),차량단독,공작물충돌,공작물충돌,운전자법규위반,안전운전 의무 불이행,단일로,기타단일로,자전거,자전거,0,0,1104463,1702059,128.6470751,35.31430862
2014,2014-11-07,30,주간,금,1,4,0,3,0,경북,상주시,차대차,기타,기타,운전자법규위반,안전운전 의무 불이행,단일로,기타단일로,화물차,소형,승용차,소형,1058103,1820197,128.1477717,36.37747447
2014,2014-11-18,0,주간,화,1,1,0,0,0,전남,신안군,차량단독,전도전복,전도전복,운전자법규위반,안전운전 의무 불이행,기타/불명,기타/불명,농기계,농기계,0,0,856636,1636365,125.934458,34.71162849
2014,2014-11-18,20,야간,화,1,1,0,0,0,경기,고양시,차대사람,기타,기타,운전자법규위반,안전운전 의무 불이행,교차로,교차로부근,승용차,중형,보행자,보행자,933958,1963551,126.7511481,37.66910234
2014,2014-04-04,40,주간,금,1,3,0,1,1,경기,이천시,차대차,추돌,주정차중 추돌,운전자법규위반,안전운전 의무 불이행,기타/불명,기타/불명,화물차,소형,화물차,대형,989079,1921663,127.3767834,37.2938499
2014,2014-09-11,9,주간,목,1,1,0,0,0,서울,영등포구,차대사람,기타,기타,운전자법규위반,안전운전 의무 불이행,단일로,기타단일로,승용차,중형,보행자,보행자,948824,1945697,126.9209417,37.50913274
2014,2014-09-11,10,주간,목,1,1,0,0,0,전남,구례군,차대차,기타,기타,운전자법규위반,중앙선 침범,단일로,기타단일로,자전거,자전거,화물차,소형,996471,1691478,127.4612233,35.2186624
2014,2014-09-11,37,주간,목,1,1,0,0,0,강원,고성군,차량단독,전도전복,전도전복,운전자법규위반,안전운전 의무 불이행,단일로,기타단일로,농기계,농기계,0,0,1080200,2055153,128.4166146,38.49685194
2014,2014-09-11,20,주간,목,1,1,0,0,0,충북,음성군,차대차,기타,기타,운전자법규위반,중앙선 침범,단일로,기타단일로,화물차,소형,원동기장치자전거,원동기장치자전거,1017226,1881391,127.6934272,36.93073433
2014,2014-09-12,35,야간,금,1,4,3,0,0,충남,예산군,차대차,정면충돌,정면충돌,운전자법규위반,신호위반,교차로,교차로내,승용차,대형,승합차,소형,942935,1859651,126.8608777,36.73319652
2014,2014-09-12,45,주간,금,1,5,4,0,0,경기,파주시,차대차,기타,기타,운전자법규위반,중앙선 침범,기타/불명,기타/불명,화물차,중형,화물차,중형,943517,1973870,126.85873,37.76274346
2014,2014-09-10,6,주간,수,1,1,0,0,0,경기,남양주시,차대차,추돌,진행중 추돌,운전자법규위반,안전운전 의무 불이행,교차로,교차로부근,화물차,소형,이륜차,중형,976824,1950660,127.2376063,37.55499511
2014,2014-09-21,47,주간,일,1,1,0,0,0,전북,정읍시,차량단독,전도전복,전도전복,운전자법규위반,안전운전 의무 불이행,단일로,기타단일로,이륜차,중형,0,0,940154,1728128,126.8397435,35.54732923
2014,2014-09-22,55,주간,월,1,1,0,0,0,서울,서대문구,차대차,기타,기타,운전자법규위반,안전운전 의무 불이행,단일로,기타단일로,자전거,자전거,승합차,대형,950905,1954520,126.9439076,37.58876904
2014,2014-09-20,43,야간,토,1,2,1,0,0,서울,서대문구,차량단독,기타,기타,운전자법규위반,안전운전 의무 불이행,단일로,기타단일로,이륜차,중형,0,0,948712,1952519,126.9192091,37.57061423
2014,2014-09-17,10,야간,수,2,3,1,0,0,전북,전주시,차대차,기타,기타,운전자법규위반,중앙선 침범,단일로,기타단일로,승용차,중형,승용차,대형,963488,1764007,127.0963274,35.87167779
2014,2014-08-15,5,야간,금,1,1,0,0,0,충남,천안시,차대사람,기타,기타,운전자법규위반,안전운전 의무 불이행,단일로,기타단일로,승용차,중형,보행자,보행자,968440,1866728,127.1462313,36.7981841
2014,2014-08-15,36,주간,금,1,1,0,0,0,경북,봉화군,차대차,추돌,진행중 추돌,운전자법규위반,안전운전 의무 불이행,단일로,기타단일로,원동기장치자전거,원동기장치자전거,승합차,중형,1123753,1872350,128.8879392,36.84128807
2014,2014-08-27,27,주간,수,1,1,0,0,0,부산,서구,차대사람,횡단중,횡단중,운전자법규위반,안전운전 의무 불이행,단일로,기타단일로,건설기계,건설기계,보행자,보행자,1138646,1678404,129.0210099,35.09123654
2014,2014-08-27,10,야간,수,1,5,1,1,2,서울,영등포구,차대차,기타,기타,운전자법규위반,안전운전 의무 불이행,단일로,기타단일로,승용차,소형,승용차,소형,945376,1950470,126.8815865,37.55195461
2014,2014-08-24,15,야간,일,1,1,0,0,0,대구,중구,차대사람,기타,기타,운전자법규위반,안전운전 의무 불이행,단일로,횡단보도상,승용차,소형,보행자,보행자,1099924,1763429,128.6067522,35.86232619
2014,2014-08-24,25,야간,일,1,1,0,0,0,경기,수원시,차대사람,횡단중,횡단중,운전자법규위반,안전운전 의무 불이행,교차로,교차로부근,승용차,중형,보행자,보행자,954370,1921461,126.985199,37.29097368
2014,2014-09-01,15,야간,월,1,1,0,0,0,충남,서천군,차대차,기타,기타,운전자법규위반,중앙선 침범,교차로,교차로부근,원동기장치자전거,원동기장치자전거,승용차,중형,935338,1786551,126.7818874,36.07374056
2014,2014-08-30,23,주간,토,1,1,0,0,0,전남,화순군,차대사람,기타,기타,운전자법규위반,안전운전 의무 불이행,단일로,교량위,화물차,소형,보행자,보행자,951377,1665886,126.9672435,34.98672933
2014,2014-08-28,22,주간,목,1,1,0,0,0,서울,강동구,차대사람,기타,기타,운전자법규위반,안전운전 의무 불이행,단일로,기타단일로,승용차,소형,보행자,보행자,968144,1948614,127.1394236,37.53629437
2014,2014-09-06,30,주간,토,1,1,0,0,0,충북,청주시,차량단독,전도전복,전도전복,운전자법규위반,안전운전 의무 불이행,단일로,기타단일로,농기계,농기계,0,0,1006408,1842449,127.5716272,36.57981589
2014,2014-09-05,59,야간,금,1,1,0,0,0,경남,진주시,차대사람,횡단중,횡단중,운전자법규위반,안전운전 의무 불이행,단일로,기타단일로,승용차,대형,보행자,보행자,1052648,1689121,128.0783333,35.19603424
2014,2014-09-05,54,야간,금,1,1,0,0,0,경기,수원시,차량단독,공작물충돌,공작물충돌,운전자법규위반,안전운전 의무 불이행,단일로,기타단일로,원동기장치자전거,원동기장치자전거,0,0,956631,1919143,127.0108648,37.27017926
2014,2014-09-03,5,야간,수,1,1,0,0,0,경북,영천시,차대차,기타,기타,운전자법규위반,안전운전 의무 불이행,단일로,기타단일로,승용차,중형,승용차,중형,1142366,1779430,129.0795678,36.00128819
2014,2014-09-04,50,야간,목,1,1,0,0,0,전남,신안군,차량단독,기타,기타,운전자법규위반,안전운전 의무 불이행,단일로,기타단일로,이륜차,중형,0,0,866947,1655461,126.0439972,34.88517023
2014,2014-09-05,20,주간,금,1,3,0,1,1,경북,칠곡군,차대차,기타,기타,운전자법규위반,신호위반,교차로,교차로내,화물차,중형,승용차,대형,1094168,1790074,128.5461749,36.10308701
2014,2014-09-03,24,주간,수,1,1,0,0,0,경기,안성시,차대사람,횡단중,횡단중,운전자법규위반,안전운전 의무 불이행,단일로,기타단일로,승용차,중형,보행자,보행자,979365,1887014,127.2681405,36.98135392
2014,2014-09-14,40,주간,일,1,1,0,0,0,전남,영암군,차대사람,기타,기타,운전자법규위반,안전운전 의무 불이행,단일로,기타단일로,화물차,소형,보행자,보행자,906108,1640292,126.4741832,34.75182426
2014,2014-09-13,50,주간,토,1,1,0,0,0,광주,광산구,차대차,측면직각충돌,측면직각충돌,운전자법규위반,교차로 통행방법 위반,교차로,교차로내,화물차,중형,이륜차,중형,933865,1681390,126.7741424,35.12552973
2014,2014-10-03,0,주간,금,1,1,0,0,0,전북,부안군,차대차,추돌,주정차중 추돌,운전자법규위반,안전운전 의무 불이행,단일로,기타단일로,화물차,소형,화물차,소형,908078,1734169,126.4852163,35.5993332
2014,2014-08-15,51,주간,금,1,1,0,0,0,충북,청주시,차량단독,공작물충돌,공작물충돌,운전자법규위반,안전운전 의무 불이행,단일로,기타단일로,화물차,소형,0,0,1005743,1857388,127.5643058,36.71449462
2014,2014-08-16,30,주간,토,1,3,0,0,2,경남,함양군,차대사람,기타,기타,운전자법규위반,안전운전 의무 불이행,단일로,기타단일로,승용차,경형,보행자,보행자,1020698,1714793,127.7280187,35.42868373
2014,2014-08-16,50,야간,토,1,1,0,0,0,부산,사상구,차대사람,횡단중,횡단중,운전자법규위반,안전운전 의무 불이행,교차로,교차로부근,승용차,중형,보행자,보행자,1134182,1685302,128.9731717,35.15402134
2014,2014-08-28,13,야간,목,1,2,1,0,0,경기,안산시,차대차,기타,기타,운전자법규위반,안전운전 의무 불이행,단일로,기타단일로,승용차,대형,자전거,자전거,939181,1924544,126.8135929,37.31789241
2014,2014-08-26,45,주간,화,1,1,0,0,0,경북,구미시,차량단독,공작물충돌,공작물충돌,운전자법규위반,안전운전 의무 불이행,단일로,기타단일로,화물차,소형,0,0,1060328,1807754,128.1716128,36.26516577
2014,2014-08-22,20,주간,금,1,2,0,1,0,제주,제주시,차대차,측면직각충돌,측면직각충돌,운전자법규위반,중앙선 침범,교차로,교차로부근,승용차,중형,이륜차,소형,928797,1506176,126.7330419,33.54517427
2014,2014-08-22,0,주간,금,1,2,0,1,0,경북,상주시,차량단독,도로이탈,도로이탈 기타,운전자법규위반,안전운전 의무 불이행,단일로,기타단일로,승용차,경형,0,0,1051069,1832520,128.0701676,36.48896385
2014,2014-08-25,20,주간,월,1,1,0,0,0,인천,중구,차대사람,횡단중,횡단중,운전자법규위반,안전운전 의무 불이행,교차로,교차로부근,화물차,대형,보행자,보행자,922431,1939025,126.6230507,37.44715915
2014,2014-09-01,10,주간,월,1,2,1,0,0,충남,보령시,차대차,측면직각충돌,측면직각충돌,운전자법규위반,안전운전 의무 불이행,단일로,기타단일로,원동기장치자전거,원동기장치자전거,자전거,자전거,919324,1805729,126.6020901,36.2454251
2014,2014-09-02,45,주간,화,1,1,0,0,0,충북,청주시,차량단독,공작물충돌,공작물충돌,운전자법규위반,안전운전 의무 불이행,단일로,기타단일로,화물차,소형,0,0,982748,1848561,127.3070243,36.63478097
2014,2014-08-27,10,야간,수,1,1,0,0,0,경기,군포시,차대차,측면직각충돌,측면직각충돌,운전자법규위반,신호위반,교차로,교차로내,승합차,소형,이륜차,중형,949645,1928868,126.9313907,37.35749276
2014,2014-08-30,13,야간,토,1,1,0,0,0,대구,남구,차대차,기타,기타,운전자법규위반,안전운전 의무 불이행,단일로,기타단일로,화물차,중형,이륜차,중형,1099171,1762631,128.5983142,35.85520916
2014,2014-08-30,30,주간,토,1,1,0,0,0,충북,제천시,차대차,측면직각충돌,측면직각충돌,운전자법규위반,직진 및 우회전차의 통행방해,교차로,교차로내,건설기계,건설기계,화물차,소형,1062676,1899162,128.205232,37.08899003
2014,2014-08-29,50,주간,금,1,2,0,1,0,강원,횡성군,차대차,정면충돌,정면충돌,운전자법규위반,중앙선 침범,단일로,기타단일로,승용차,중형,건설기계,건설기계,1064208,1948386,128.226727,37.53255366
2014,2014-09-05,20,야간,금,1,1,0,0,0,대구,동구,차대사람,횡단중,횡단중,운전자법규위반,안전운전 의무 불이행,교차로,교차로부근,화물차,소형,보행자,보행자,1102654,1772191,128.6381146,35.94102725
2014,2014-09-05,30,야간,금,1,2,1,0,0,대전,유성구,차량단독,전도전복,전도전복,운전자법규위반,안전운전 의무 불이행,단일로,기타단일로,원동기장치자전거,원동기장치자전거,0,0,990964,1825236,127.3991991,36.42461648
2014,2014-09-04,25,주간,목,3,6,1,2,0,경북,경주시,차대차,기타,기타,운전자법규위반,안전운전 의무 불이행,단일로,기타단일로,특수차,대형,화물차,대형,1162131,1774059,129.2976735,35.94979972
2014,2014-09-03,0,야간,수,1,1,0,0,0,전북,군산시,차대차,측면직각충돌,측면직각충돌,운전자법규위반,중앙선 침범,단일로,기타단일로,원동기장치자전거,원동기장치자전거,화물차,경형,915343,1774491,126.5479862,35.96211238
2014,2014-09-04,0,주간,목,1,1,0,0,0,전남,순천시,차대차,추돌,진행중 추돌,운전자법규위반,안전운전 의무 불이행,단일로,기타단일로,이륜차,소형,승용차,중형,984951,1657831,127.3352524,34.91515044
2014,2014-09-15,30,주간,월,1,1,0,0,0,충남,서산시,차대차,측면직각충돌,측면직각충돌,운전자법규위반,중앙선 침범,단일로,기타단일로,자전거,자전거,승용차,대형,899355,1865875,126.372032,36.78567228
2014,2014-09-09,54,야간,화,2,4,2,0,0,전북,전주시,차량단독,공작물충돌,공작물충돌,운전자법규위반,안전운전 의무 불이행,교차로,교차로부근,승용차,중형,0,0,963432,1756829,127.095248,35.80723599
2014,2014-09-11,50,야간,목,1,1,0,0,0,경북,안동시,차대차,정면충돌,정면충돌,운전자법규위반,직진 및 우회전차의 통행방해,교차로,교차로내,승용차,중형,원동기장치자전거,원동기장치자전거,1106043,1840645,128.6849617,36.55768553
2014,2014-09-11,45,야간,목,1,1,0,0,0,경북,김천시,차량단독,공작물충돌,공작물충돌,운전자법규위반,안전운전 의무 불이행,단일로,기타단일로,승용차,경형,0,0,1047893,1779649,128.0314723,36.01248673
2014,2014-09-12,40,야간,금,1,1,0,0,0,충남,논산시,차량단독,공작물충돌,공작물충돌,운전자법규위반,안전운전 의무 불이행,단일로,기타단일로,승용차,중형,0,0,964168,1795537,127.1016441,36.15624495
2014,2014-09-10,34,야간,수,1,1,0,0,0,강원,고성군,차량단독,기타,기타,운전자법규위반,안전운전 의무 불이행,단일로,기타단일로,화물차,소형,0,0,1084003,2050319,128.4626791,38.44954757
2014,2014-09-11,30,야간,목,1,1,0,0,0,대전,서구,차대차,추돌,주정차중 추돌,운전자법규위반,안전운전 의무 불이행,단일로,기타단일로,이륜차,중형,승용차,중형,987971,1816179,127.365951,36.34293169
2014,2014-09-12,20,야간,금,1,1,0,0,0,충북,음성군,차대차,기타,기타,운전자법규위반,교차로 통행방법 위반,교차로,교차로내,화물차,소형,자전거,자전거,1012390,1901439,127.6394548,37.11153045
2014,2014-09-20,50,주간,토,1,1,0,0,0,경남,통영시,차대사람,기타,기타,운전자법규위반,안전운전 의무 불이행,교차로,교차로부근,승용차,중형,보행자,보행자,1084095,1650057,128.4197904,34.8416814
2014,2014-09-19,40,야간,금,1,1,0,0,0,경기,포천시,차대차,기타,기타,운전자법규위반,안전운전 의무 불이행,교차로,교차로내,승용차,중형,자전거,자전거,968098,1980031,127.1375279,37.81946093
2014,2014-10-03,10,야간,금,1,1,0,0,0,대구,수성구,차대사람,차도통행중,차도통행중,운전자법규위반,안전운전 의무 불이행,단일로,기타단일로,승용차,중형,보행자,보행자,1102708,1759092,128.6370241,35.82294275
2014,2014-10-03,47,주간,금,1,1,0,0,0,전남,고흥군,차대차,기타,기타,운전자법규위반,안전운전 의무 불이행,교차로,교차로부근,화물차,소형,이륜차,소형,983003,1642967,127.3142284,34.78108175
2014,2014-10-04,21,야간,토,1,1,0,0,0,경기,안양시,차대사람,기타,기타,운전자법규위반,안전운전 의무 불이행,단일로,기타단일로,승용차,중형,보행자,보행자,949201,1932997,126.9260938,37.39468489
2014,2014-10-03,58,야간,금,1,1,0,0,0,충남,서산시,차대사람,횡단중,횡단중,운전자법규위반,과속,단일로,횡단보도상,승용차,중형,보행자,보행자,905726,1880997,126.4415451,36.92262416
2014,2014-10-01,10,야간,수,1,1,0,0,0,대전,서구,차량단독,전도전복,전도전복,운전자법규위반,안전운전 의무 불이행,단일로,기타단일로,승용차,경형,0,0,987277,1817751,127.3581915,36.35709495
2014,2014-10-01,23,야간,수,1,1,0,0,0,경기,화성시,차대사람,기타,기타,운전자법규위반,안전운전 의무 불이행,교차로,교차로내,승용차,중형,보행자,보행자,959627,1912972,127.0449675,37.21469898
2014,2014-10-04,10,야간,토,1,3,2,0,0,경기,고양시,차대차,정면충돌,정면충돌,운전자법규위반,안전운전 의무 불이행,교차로,교차로내,승용차,중형,승용차,중형,936621,1966846,126.7810551,37.69898694
2014,2014-10-03,47,야간,금,1,1,0,0,0,경남,진주시,차대사람,기타,기타,운전자법규위반,안전운전 의무 불이행,단일로,기타단일로,승용차,경형,보행자,보행자,1051502,1698029,128.0663031,35.276414
2014,2014-10-04,45,야간,토,1,3,2,0,0,경기,김포시,차대차,측면직각충돌,측면직각충돌,운전자법규위반,중앙선 침범,교차로,교차로부근,승용차,중형,승용차,중형,923038,1964723,126.6272144,37.67881373
2014,2014-10-04,10,야간,토,1,1,0,0,0,충남,아산시,차량단독,공작물충돌,공작물충돌,운전자법규위반,안전운전 의무 불이행,단일로,교량위,승용차,중형,0,0,953079,1865610,126.9741181,36.78746927
2014,2014-09-29,30,주간,월,1,1,0,0,0,경기,수원시,차대사람,기타,기타,운전자법규위반,안전운전 의무 불이행,단일로,기타단일로,승합차,소형,보행자,보행자,957218,1919700,127.0174307,37.27523598
2014,2014-11-23,5,야간,일,1,1,0,0,0,대구,중구,차대차,측면직각충돌,측면직각충돌,운전자법규위반,교차로 통행방법 위반,교차로,교차로내,이륜차,중형,승용차,중형,1097715,1763689,128.5823213,35.86489285
2014,2014-11-28,45,야간,금,1,1,0,0,0,서울,마포구,차대사람,횡단중,횡단중,운전자법규위반,안전운전 의무 불이행,단일로,횡단보도부근,승용차,중형,보행자,보행자,949612,1951078,126.9294993,37.55767602
2014,2014-11-17,10,야간,월,1,1,0,0,0,울산,중구,차대사람,기타,기타,운전자법규위반,안전운전 의무 불이행,교차로,교차로내,승용차,중형,보행자,보행자,1165856,1730523,129.3299495,35.55684155
2014,2014-11-18,58,주간,화,1,1,0,0,0,전북,진안군,차대사람,횡단중,횡단중,운전자법규위반,과속,단일로,횡단보도상,승용차,중형,보행자,보행자,1000552,1764459,127.5061151,35.87671065
2014,2014-11-19,53,야간,수,1,1,0,0,0,울산,울주군,차대사람,기타,기타,운전자법규위반,안전운전 의무 불이행,단일로,횡단보도상,승용차,중형,보행자,보행자,1145025,1726685,129.0995122,35.52551832
2014,2014-11-19,15,주간,수,1,1,0,0,0,경북,경주시,차대사람,기타,기타,운전자법규위반,안전운전 의무 불이행,교차로,교차로부근,승용차,중형,보행자,보행자,1153747,1758965,129.201779,35.81510609
2014,2014-11-17,10,야간,월,1,2,1,0,0,경기,안산시,차대사람,기타,기타,운전자법규위반,안전운전 의무 불이행,단일로,기타단일로,화물차,중형,보행자,보행자,944699,1929420,126.8755021,37.36218648
2014,2014-11-15,20,야간,토,1,1,0,0,0,경기,수원시,차대사람,기타,기타,운전자법규위반,안전운전 의무 불이행,단일로,기타단일로,승용차,소형,보행자,보행자,957404,1915122,127.0200308,37.23343081
2014,2014-11-14,20,야간,금,1,1,0,0,0,경북,군위군,차대차,추돌,진행중 추돌,운전자법규위반,안전운전 의무 불이행,단일로,기타단일로,승용차,중형,자전거,자전거,1096819,1796595,128.5764245,36.16160753
2014,2014-11-14,0,야간,금,1,1,0,0,0,대전,동구,차대사람,보도통행중,보도통행중,운전자법규위반,보행자 보호의무 위반,단일로,횡단보도상,승용차,중형,보행자,보행자,995171,1815267,127.4461921,36.33477268
2014,2014-11-04,10,주간,화,1,3,0,2,0,경기,용인시,차대차,기타,기타,운전자법규위반,안전운전 의무 불이행,교차로,교차로부근,승용차,중형,승용차,중형,964361,1926589,127.0976691,37.33763265
2014,2014-11-05,17,주간,수,1,1,0,0,0,강원,홍천군,차량단독,도로이탈,도로이탈 추락,운전자법규위반,안전운전 의무 불이행,단일로,기타단일로,화물차,소형,0,0,1019609,1966501,127.7224343,37.6978593
2014,2014-11-05,8,주간,수,2,2,0,0,0,경남,산청군,차대차,측면직각충돌,측면직각충돌,운전자법규위반,안전운전 의무 불이행,교차로,교차로내,화물차,소형,원동기장치자전거,원동기장치자전거,1034633,1713690,127.8814837,35.41835096
2014,2014-11-03,50,주간,월,1,1,0,0,0,경기,포천시,차대차,기타,기타,운전자법규위반,안전거리 미확보,교차로,교차로부근,승용차,경형,화물차,소형,970119,1983020,127.1603667,37.8464692
2014,2014-11-02,2,주간,일,1,1,0,0,0,울산,중구,차대사람,횡단중,횡단중,운전자법규위반,안전운전 의무 불이행,단일로,기타단일로,승용차,중형,보행자,보행자,1166921,1733133,129.3422332,35.58018377
2014,2014-10-09,15,주간,목,1,1,0,0,0,경북,안동시,차대사람,횡단중,횡단중,운전자법규위반,안전운전 의무 불이행,단일로,기타단일로,승용차,중형,보행자,보행자,1113222,1848599,128.7782461,36.61562194
2014,2014-10-08,25,야간,수,1,1,0,0,0,경남,합천군,차대사람,차도통행중,차도통행중,운전자법규위반,안전운전 의무 불이행,단일로,기타단일로,승용차,중형,보행자,보행자,1061732,1733188,128.1814489,35.59283422
2014,2014-10-08,25,주간,수,1,1,0,0,0,서울,강남구,차대차,측면직각충돌,측면직각충돌,운전자법규위반,신호위반,교차로,교차로내,이륜차,소형,승용차,중형,958459,1943862,127.0300712,37.49307738
2014,2014-10-05,20,주간,일,1,2,1,0,0,경기,이천시,차대차,기타,기타,운전자법규위반,안전운전 의무 불이행,단일로,기타단일로,화물차,경형,이륜차,사발이,1001760,1903470,127.5198144,37.12991873
2014,2014-10-06,20,주간,월,1,1,0,0,0,부산,진구,차대사람,기타,기타,운전자법규위반,안전운전 의무 불이행,단일로,기타단일로,승합차,대형,보행자,보행자,1141577,1687836,129.0547696,35.17584824
2014,2014-10-04,25,야간,토,1,1,0,0,0,경기,수원시,차대사람,횡단중,횡단중,운전자법규위반,안전운전 의무 불이행,단일로,기타단일로,승용차,중형,보행자,보행자,957351,1918536,127.0189976,37.26475014
2014,2014-10-13,0,야간,월,1,1,0,0,0,충남,공주시,차대사람,횡단중,횡단중,운전자법규위반,안전운전 의무 불이행,기타/불명,기타/불명,화물차,소형,보행자,보행자,958164,1828228,127.0331443,36.4507198
2014,2014-10-14,20,주간,화,1,1,0,0,0,부산,영도구,차대사람,횡단중,횡단중,운전자법규위반,보행자 보호의무 위반,단일로,횡단보도상,승용차,중형,보행자,보행자,1143210,1677811,129.07096,35.08525297
2014,2014-10-14,30,야간,화,1,1,0,0,0,서울,마포구,차대차,측면직각충돌,측면직각충돌,운전자법규위반,안전운전 의무 불이행,교차로,교차로내,이륜차,소형,승용차,중형,948711,1951109,126.9192964,37.5579057
2014,2014-10-12,40,야간,일,1,1,0,0,0,전북,전주시,차대차,기타,기타,운전자법규위반,안전운전 의무 불이행,단일로,기타단일로,원동기장치자전거,원동기장치자전거,승용차,소형,967644,1757357,127.1418462,35.81214439
2014,2014-10-11,20,야간,토,1,1,0,0,0,충남,천안시,차대차,측면직각충돌,측면직각충돌,운전자법규위반,신호위반,교차로,교차로내,승용차,중형,화물차,대형,975997,1879546,127.2305344,36.91395437
2014,2014-10-10,20,야간,금,1,2,0,1,0,전남,무안군,차대차,측면직각충돌,측면직각충돌,운전자법규위반,안전운전 의무 불이행,교차로,교차로부근,화물차,소형,승용차,중형,902112,1655099,126.4287808,34.88590619
2014,2014-10-11,25,주간,토,1,2,0,1,0,경북,경산시,차대차,측면직각충돌,측면직각충돌,운전자법규위반,서행 및 일시정지위반,교차로,교차로내,화물차,소형,이륜차,소형,1120686,1755850,128.8355144,35.79167287
2014,2014-10-19,40,야간,일,1,1,0,0,0,강원,홍천군,차대사람,기타,기타,운전자법규위반,안전운전 의무 불이행,단일로,기타단일로,화물차,소형,보행자,보행자,1035483,1965898,127.9024681,37.69194724
2014,2014-10-20,27,야간,월,1,1,0,0,0,경남,김해시,차량단독,공작물충돌,공작물충돌,운전자법규위반,안전운전 의무 불이행,교차로,교차로부근,화물차,소형,0,0,1127735,1695179,128.9039416,35.24389677
2014,2014-10-19,25,야간,일,1,1,0,0,0,경북,상주시,차대사람,횡단중,횡단중,운전자법규위반,안전운전 의무 불이행,단일로,기타단일로,화물차,소형,보행자,보행자,1041185,1811607,127.9587106,36.30090824
2014,2014-10-19,25,주간,일,1,5,4,0,0,강원,고성군,차대차,기타,기타,운전자법규위반,안전운전 의무 불이행,단일로,기타단일로,승용차,중형,승용차,중형,1091236,2033404,128.5433662,38.29641914
2014,2014-10-21,10,주간,화,1,2,0,1,0,경북,경산시,차량단독,공작물충돌,공작물충돌,운전자법규위반,안전운전 의무 불이행,단일로,기타단일로,승용차,소형,0,0,1123328,1756230,128.8648021,35.79476982
2014,2014-09-05,28,주간,금,1,1,0,0,0,서울,서초구,차량단독,공작물충돌,공작물충돌,운전자법규위반,안전운전 의무 불이행,단일로,기타단일로,승용차,중형,0,0,955509,1942580,126.9965643,37.48107385
2014,2014-09-14,25,야간,일,1,1,0,0,0,경기,안양시,차대사람,기타,기타,운전자법규위반,안전운전 의무 불이행,단일로,기타단일로,화물차,소형,보행자,보행자,948965,1935692,126.9232415,37.4189629
2014,2014-09-15,40,야간,월,1,1,0,0,0,경기,안양시,차대사람,횡단중,횡단중,운전자법규위반,안전운전 의무 불이행,교차로,교차로내,화물차,경형,보행자,보행자,953575,1933005,126.9755069,37.39498651
2014,2014-09-27,31,야간,토,1,1,0,0,0,인천,서구,차대사람,보도통행중,보도통행중,운전자법규위반,보행자 보호의무 위반,교차로,교차로내,승용차,대형,보행자,보행자,927271,1952427,126.6800789,37.51917141
2014,2014-09-27,20,야간,토,1,3,0,2,0,전북,전주시,차대차,정면충돌,정면충돌,운전자법규위반,신호위반,교차로,교차로내,이륜차,소형,승용차,중형,965305,1759772,127.115851,35.83383812
2014,2014-09-26,25,주간,금,1,1,0,0,0,전남,영광군,차량단독,전도전복,전도전복,운전자법규위반,안전운전 의무 불이행,단일로,기타단일로,이륜차,소형,0,0,908308,1699889,126.4916174,35.2903076
2014,2014-09-27,0,주간,토,1,1,0,0,0,경기,이천시,차대사람,기타,기타,운전자법규위반,안전운전 의무 불이행,단일로,기타단일로,승용차,대형,보행자,보행자,1001609,1921641,127.5181536,37.29371434
2014,2014-09-15,40,야간,월,1,1,0,0,0,충남,청양군,차량단독,도로이탈,도로이탈 기타,운전자법규위반,안전운전 의무 불이행,단일로,기타단일로,화물차,소형,0,0,930856,1828243,126.728428,36.44927431