발생년,발생년월일시분,발생분,주야,요일,사망자수,사상자수,중상자수,경상자수,부상신고자수,발생지시도,발생지시군구,사고유형_대분류,사고유형_중분류,사고유형,법규위반_대분류,법규위반,도로형태_대분류,도로형태,당사자종별_1당_대분류,당사자종별_1당,당사자종별_2당_대분류,당사자종별_2당,발생위치X_UTMK,발생위치Y_UTMK,경도,위도
2014,2014-12-20,50,야간,토,1,3,2,0,0,서울,은평구,차대차,측면직각충돌,측면직각충돌,운전자법규위반,중앙선 침범,단일로,기타단일로,승용차,소형,승용차,대형,950296,1961327,126.936547,37.65008815
2014,2014-12-24,27,야간,수,1,1,0,0,0,전남,담양군,차대사람,기타,기타,운전자법규위반,안전운전 의무 불이행,교차로,교차로부근,승용차,중형,보행자,보행자,952716,1703435,126.9797633,35.32536606
2014,2014-12-24,30,야간,수,1,1,0,0,0,인천,남구,차대사람,기타,기타,운전자법규위반,안전운전 의무 불이행,교차로,교차로내,승용차,중형,보행자,보행자,927970,1937583,126.6858062,37.43461066
2014,2014-12-23,15,주간,화,1,1,0,0,0,대구,북구,차대차,추돌,진행중 추돌,운전자법규위반,차로위반(진로변경 위반),단일로,기타단일로,화물차,소형,원동기장치자전거,원동기장치자전거,1099376,1767852,128.6012355,35.90225287
2014,2014-12-23,44,주간,화,1,1,0,0,0,전남,순천시,차대사람,기타,기타,운전자법규위반,안전운전 의무 불이행,단일로,기타단일로,불명,불명,보행자,보행자,998184,1655729,127.4843181,34.90229111
2014,2014-12-29,20,주간,월,1,1,0,0,0,충남,천안시,차대사람,기타,기타,운전자법규위반,안전운전 의무 불이행,단일로,기타단일로,승용차,경형,보행자,보행자,986117,1864246,127.344424,36.77623388
2014,2014-12-31,10,주간,수,1,1,0,0,0,부산,서구,차대사람,기타,기타,운전자법규위반,안전운전 의무 불이행,기타/불명,기타/불명,화물차,소형,보행자,보행자,1138228,1676180,129.0160546,35.07124649
2014,2014-12-30,5,야간,화,1,1,0,0,0,경기,광주시,차대사람,차도통행중,차도통행중,운전자법규위반,안전운전 의무 불이행,교차로,교차로부근,승용차,소형,보행자,보행자,977121,1934986,127.2441559,37.427304
2014,2014-12-31,0,야간,수,1,2,1,0,0,충북,제천시,차대차,기타,기타,운전자법규위반,중앙선 침범,단일로,기타단일로,승용차,경형,화물차,소형,1061274,1906009,128.1900176,37.15079886
2014,2014-12-30,20,주간,화,1,1,0,0,0,경남,양산시,차대사람,차도통행중,차도통행중,운전자법규위반,안전운전 의무 불이행,단일로,기타단일로,건설기계,건설기계,보행자,보행자,1140119,1706996,129.0420324,35.34875675
2014,2014-11-17,55,야간,월,1,1,0,0,0,경기,수원시,차대차,측면직각충돌,측면직각충돌,운전자법규위반,신호위반,교차로,교차로내,자전거,자전거,승용차,대형,951902,1918712,126.9575338,37.26607092
2014,2014-11-16,47,야간,일,1,1,0,0,0,충남,공주시,차대사람,횡단중,횡단중,운전자법규위반,안전운전 의무 불이행,단일로,기타단일로,승합차,소형,보행자,보행자,969731,1831835,127.1620791,36.48367224
2014,2014-11-15,35,야간,토,1,1,0,0,0,부산,사하구,차대사람,길가장자리구역통행중,길가장자리구역통행중,운전자법규위반,안전운전 의무 불이행,단일로,기타단일로,화물차,소형,보행자,보행자,1133240,1678836,128.9617906,35.09586011
2014,2014-11-15,4,주간,토,1,1,0,0,0,전남,완도군,차량단독,기타,기타,운전자법규위반,안전운전 의무 불이행,교차로,교차로부근,이륜차,소형,0,0,937327,1600119,126.8181882,34.3929183
2014,2014-11-25,20,주간,화,1,1,0,0,0,충북,청주시,차대차,추돌,진행중 추돌,운전자법규위반,안전거리 미확보,단일로,기타단일로,원동기장치자전거,원동기장치자전거,승합차,소형,997868,1849573,127.4765631,36.64424742
2014,2014-11-24,15,야간,월,1,1,0,0,0,서울,강서구,차대사람,기타,기타,운전자법규위반,안전운전 의무 불이행,단일로,기타단일로,승합차,대형,보행자,보행자,939271,1951522,126.8123872,37.561054
2014,2014-11-24,41,주간,월,1,1,0,0,0,부산,해운대구,차대사람,기타,기타,운전자법규위반,안전운전 의무 불이행,단일로,기타단일로,승용차,소형,보행자,보행자,1148187,1692832,129.1282324,35.21992631
2014,2014-11-23,10,주간,일,1,1,0,0,0,경북,군위군,차량단독,도로이탈,도로이탈 추락,운전자법규위반,안전운전 의무 불이행,단일로,기타단일로,이륜차,소형,0,0,1111939,1797436,128.7446138,36.16755894
2014,2014-11-22,50,주간,토,1,2,0,1,0,강원,홍천군,차량단독,공작물충돌,공작물충돌,운전자법규위반,안전운전 의무 불이행,단일로,기타단일로,화물차,소형,0,0,1056485,1968921,128.1409081,37.71813932
2014,2014-11-21,18,주간,금,1,1,0,0,0,부산,강서구,차대사람,기타,기타,운전자법규위반,안전운전 의무 불이행,단일로,기타단일로,화물차,소형,보행자,보행자,1135270,1691776,128.9861754,35.212233
2014,2014-11-21,10,야간,금,1,1,0,0,0,충남,논산시,차대사람,횡단중,횡단중,운전자법규위반,보행자 보호의무 위반,단일로,횡단보도상,승용차,중형,보행자,보행자,964530,1801510,127.1053985,36.21010757
2014,2014-11-29,55,주간,토,1,1,0,0,0,경기,양주시,차량단독,공작물충돌,공작물충돌,운전자법규위반,안전운전 의무 불이행,교차로,교차로부근,특수차,소형,0,0,962595,1978108,127.0751033,37.80192005
2014,2014-11-29,45,주간,토,1,1,0,0,0,전남,고흥군,차량단독,기타,기타,운전자법규위반,안전운전 의무 불이행,단일로,기타단일로,농기계,농기계,0,0,989737,1643381,127.3878236,34.78490517
2014,2014-11-28,15,주간,금,1,1,0,0,0,충남,태안군,차량단독,공작물충돌,공작물충돌,운전자법규위반,안전운전 의무 불이행,단일로,기타단일로,승용차,대형,0,0,894211,1861581,126.3149878,36.74641049
2014,2014-11-27,15,주간,목,1,1,0,0,0,서울,양천구,차대사람,횡단중,횡단중,운전자법규위반,안전운전 의무 불이행,단일로,기타단일로,화물차,소형,보행자,보행자,942189,1947259,126.8457605,37.52281932
2014,2014-12-07,50,야간,일,1,1,0,0,0,광주,서구,차대사람,횡단중,횡단중,운전자법규위반,과속,교차로,교차로내,승용차,중형,보행자,보행자,942515,1681331,126.8690781,35.12552911
2014,2014-12-07,0,야간,일,1,1,0,0,0,전남,함평군,차량단독,전도전복,전도전복,운전자법규위반,안전운전 의무 불이행,단일로,기타단일로,화물차,소형,0,0,913745,1675221,126.5539838,35.06838612
2014,2014-12-08,35,야간,월,1,1,0,0,0,서울,강북구,차대사람,횡단중,횡단중,운전자법규위반,안전운전 의무 불이행,단일로,기타단일로,화물차,중형,보행자,보행자,958252,1958454,127.0268987,37.62458967
2014,2014-12-20,25,야간,토,1,1,0,0,0,경남,양산시,차대사람,차도통행중,차도통행중,운전자법규위반,안전운전 의무 불이행,단일로,기타단일로,승용차,중형,보행자,보행자,1142174,1715539,129.0661286,35.42546838
2014,2014-12-20,50,야간,토,1,1,0,0,0,경북,포항시,차량단독,도로이탈,도로이탈 기타,운전자법규위반,안전운전 의무 불이행,단일로,기타단일로,승용차,중형,0,0,1146231,1792591,129.1248726,36.11932579
2014,2014-12-20,16,야간,토,1,1,0,0,0,경기,고양시,차량단독,공작물충돌,공작물충돌,운전자법규위반,안전운전 의무 불이행,단일로,터널안,화물차,소형,0,0,931228,1963147,126.7202332,37.66526067
2014,2014-12-20,45,주간,토,1,1,0,0,0,충북,진천군,차량단독,기타,기타,운전자법규위반,안전운전 의무 불이행,단일로,기타단일로,자전거,자전거,0,0,994675,1873828,127.4402597,36.86269949
2014,2014-12-17,30,야간,수,1,1,0,0,0,강원,홍천군,차대사람,기타,기타,운전자법규위반,안전운전 의무 불이행,단일로,기타단일로,승용차,경형,보행자,보행자,1039289,1970935,127.9459088,37.73719081
2014,2014-12-16,23,야간,화,1,1,0,0,0,서울,마포구,차대사람,횡단중,횡단중,운전자법규위반,신호위반,단일로,횡단보도부근,승합차,대형,보행자,보행자,949100,1950991,126.9237087,37.55686373
2014,2014-12-25,30,야간,목,1,1,0,0,0,전북,익산시,차량단독,공작물충돌,공작물충돌,운전자법규위반,안전운전 의무 불이행,단일로,기타단일로,승용차,경형,0,0,949745,1774233,126.9355816,35.97188224
2014,2014-12-26,20,주간,금,1,1,0,0,0,서울,노원구,차대사람,기타,기타,운전자법규위반,보행자 보호의무 위반,교차로,교차로내,화물차,소형,보행자,보행자,960677,1957958,127.0544055,37.6202261
2014,2014-12-29,25,야간,월,1,1,0,0,0,경북,고령군,차량단독,공작물충돌,공작물충돌,운전자법규위반,안전운전 의무 불이행,교차로,교차로부근,승용차,소형,0,0,1083589,1746104,128.4240404,35.70767019
2014,2014-12-25,44,야간,목,1,1,0,0,0,서울,중구,차량단독,공작물충돌,공작물충돌,운전자법규위반,안전운전 의무 불이행,지하도로내,지하도로내,원동기장치자전거,원동기장치자전거,0,0,954886,1951442,126.9891877,37.56123026
2014,2014-12-21,0,야간,일,1,1,0,0,0,전남,여수시,차대사람,차도통행중,차도통행중,운전자법규위반,안전운전 의무 불이행,단일로,기타단일로,승용차,소형,보행자,보행자,1011754,1640446,127.6299424,34.7598722
2014,2014-12-24,58,주간,수,1,1,0,0,0,부산,동래구,차대사람,기타,기타,운전자법규위반,안전운전 의무 불이행,단일로,횡단보도부근,승합차,대형,보행자,보행자,1143626,1691166,129.0778441,35.20557308
2014,2014-11-16,50,주간,일,1,1,0,0,0,충남,아산시,차대사람,횡단중,횡단중,운전자법규위반,안전운전 의무 불이행,교차로,교차로내,승합차,중형,보행자,보행자,955750,1864934,127.0040924,36.7815041
2014,2014-11-16,50,주간,일,1,1,0,0,0,전북,고창군,차량단독,전도전복,전도전복,운전자법규위반,안전운전 의무 불이행,단일로,기타단일로,원동기장치자전거,원동기장치자전거,0,0,922229,1709261,126.6438062,35.37598434
2014,2014-11-16,35,주간,일,1,1,0,0,0,강원,횡성군,차대사람,횡단중,횡단중,운전자법규위반,보행자 보호의무 위반,단일로,횡단보도상,승용차,소형,보행자,보행자,1050796,1939163,128.0742967,37.45026126
2014,2014-11-23,55,주간,일,1,3,0,0,2,경기,가평군,차대차,추돌,주정차중 추돌,운전자법규위반,안전운전 의무 불이행,교차로,교차로부근,승용차,경형,승용차,중형,998239,1977422,127.4799976,37.79650151
2014,2014-11-22,28,야간,토,1,1,0,0,0,경북,문경시,차대사람,차도통행중,차도통행중,운전자법규위반,안전운전 의무 불이행,교차로,교차로내,승용차,경형,보행자,보행자,1054297,1859538,128.1081146,36.73234034
2014,2014-11-21,35,야간,금,1,1,0,0,0,인천,부평구,차대사람,횡단중,횡단중,운전자법규위반,안전운전 의무 불이행,단일로,기타단일로,승용차,대형,보행자,보행자,931956,1944439,126.7302249,37.49670488
2014,2014-11-30,30,야간,일,1,1,0,0,0,경북,포항시,차대사람,기타,기타,운전자법규위반,안전운전 의무 불이행,단일로,기타단일로,승용차,대형,보행자,보행자,1166207,1792818,129.3467899,36.11815566
2014,2014-12-02,50,주간,화,1,1,0,0,0,경기,용인시,차대사람,횡단중,횡단중,운전자법규위반,신호위반,단일로,기타단일로,승용차,소형,보행자,보행자,965251,1917367,127.1081475,37.25454144
2014,2014-11-29,20,주간,토,1,1,0,0,0,경기,안양시,차대차,기타,기타,운전자법규위반,안전운전 의무 불이행,단일로,기타단일로,원동기장치자전거,원동기장치자전거,승용차,중형,951137,1932993,126.9479652,37.39475297
2014,2014-11-28,15,주간,금,1,1,0,0,0,부산,수영구,차대사람,횡단중,횡단중,운전자법규위반,안전운전 의무 불이행,단일로,기타단일로,승용차,대형,보행자,보행자,1146981,1686253,129.1138126,35.16080352
2014,2014-11-29,15,주간,토,1,1,0,0,0,경기,안산시,차대사람,횡단중,횡단중,운전자법규위반,안전운전 의무 불이행,교차로,교차로내,화물차,소형,보행자,보행자,941833,1926596,126.8433608,37.33655761
2014,2014-12-08,35,주간,월,1,1,0,0,0,충남,홍성군,차대사람,기타,기타,운전자법규위반,보행자 보호의무 위반,교차로,교차로내,화물차,소형,보행자,보행자,926112,1844983,126.673892,36.59981836
2014,2014-12-05,45,야간,금,1,1,0,0,0,경남,밀양시,차량단독,전도전복,전도전복,운전자법규위반,안전운전 의무 불이행,단일로,기타단일로,승용차,대형,0,0,1135127,1733075,128.98531,35.58333571
2014,2014-12-05,10,주간,금,1,1,0,0,0,경기,이천시,차대차,측면직각충돌,측면직각충돌,운전자법규위반,안전운전 의무 불이행,교차로,교차로내,이륜차,중형,승합차,소형,994517,1922586,127.438131,37.30221776
2014,2014-12-13,20,야간,토,1,1,0,0,0,전북,완주군,차량단독,도로이탈,도로이탈 추락,운전자법규위반,안전운전 의무 불이행,단일로,교량위,화물차,소형,0,0,969984,1769664,127.1672841,35.92317857
2014,2014-12-13,50,주간,토,1,4,3,0,0,전북,김제시,차대차,추돌,주정차중 추돌,운전자법규위반,과속,단일로,기타단일로,승용차,대형,화물차,소형,948952,1765465,126.9535345,35.88222984
2014,2014-12-13,5,주간,토,1,1,0,0,0,충북,음성군,차대사람,기타,기타,운전자법규위반,안전운전 의무 불이행,단일로,기타단일로,승용차,중형,보행자,보행자,997577,1884154,127.4741543,36.95506594
2014,2014-12-09,50,주간,화,1,1,0,0,0,전북,김제시,차대사람,차도통행중,차도통행중,운전자법규위반,안전운전 의무 불이행,교차로,교차로부근,승용차,중형,보행자,보행자,952351,1765867,127.0003009,35.87647391
2014,2014-12-14,0,야간,일,1,1,0,0,0,전남,화순군,차량단독,전도전복,전도전복,운전자법규위반,안전운전 의무 불이행,단일로,기타단일로,이륜차,사발이,0,0,959505,1671000,127.0560494,35.03320117
2014,2014-12-26,30,주간,금,1,1,0,0,0,전북,무주군,차대사람,횡단중,횡단중,운전자법규위반,보행자 보호의무 위반,단일로,횡단보도상,승용차,소형,보행자,보행자,1014524,1779007,127.661165,36.00776775
2014,2014-12-25,10,주간,목,2,3,1,0,0,경남,진주시,차대차,기타,기타,운전자법규위반,교차로 통행방법 위반,교차로,교차로내,이륜차,중형,승용차,중형,1055324,1686344,128.1075411,35.17085103
2014,2014-12-24,7,야간,수,1,1,0,0,0,서울,도봉구,차대사람,횡단중,횡단중,운전자법규위반,안전운전 의무 불이행,교차로,교차로내,승용차,소형,보행자,보행자,959901,1964664,127.045244,37.68063477
2014,2014-12-22,28,주간,월,1,2,0,1,0,부산,해운대구,차대차,기타,기타,운전자법규위반,신호위반,교차로,교차로부근,승용차,중형,승용차,중형,1148505,1690489,129.1313026,35.19876072
2014,2014-12-21,55,야간,일,1,4,2,1,0,전북,전주시,차대차,측면직각충돌,측면직각충돌,운전자법규위반,신호위반,교차로,교차로내,건설기계,건설기계,승용차,중형,960892,1762326,127.0668655,35.85669867
2014,2014-03-12,0,주간,수,1,3,0,2,0,전남,순천시,차대차,기타,기타,운전자법규위반,안전운전 의무 불이행,단일로,기타단일로,승용차,중형,화물차,소형,1012036,1645874,127.6315913,34.80736694
2014,2014-02-05,20,주간,수,1,3,2,0,0,경북,의성군,차대차,추돌,진행중 추돌,운전자법규위반,안전운전 의무 불이행,단일로,기타단일로,승용차,중형,승용차,대형,1098896,1824499,128.6030472,36.41291995
2014,2014-12-04,50,주간,목,1,1,0,0,0,경기,구리시,차대사람,횡단중,횡단중,운전자법규위반,안전운전 의무 불이행,교차로,교차로내,건설기계,건설기계,보행자,보행자,966311,1956892,127.1182957,37.61084174
2014,2014-12-04,35,주간,목,2,3,0,1,0,경남,함안군,차대차,정면충돌,정면충돌,운전자법규위반,중앙선 침범,단일로,기타단일로,화물차,소형,건설기계,건설기계,1086359,1704620,128.4505362,35.3334334
2014,2014-12-03,55,주간,수,1,1,0,0,0,전남,무안군,차량단독,전도전복,전도전복,운전자법규위반,안전운전 의무 불이행,단일로,기타단일로,이륜차,중형,0,0,901597,1670773,126.4212957,35.02717172
2014,2014-12-04,15,야간,목,1,1,0,0,0,경기,고양시,차대차,추돌,주정차중 추돌,운전자법규위반,안전운전 의무 불이행,단일로,기타단일로,승용차,중형,승합차,대형,948889,1962142,126.9205407,37.65735647
2014,2014-12-04,20,야간,목,1,3,2,0,0,경기,부천시,차대차,추돌,진행중 추돌,운전자법규위반,신호위반,교차로,교차로내,화물차,소형,승용차,중형,936999,1945198,126.7872067,37.50390369
2014,2014-12-04,7,주간,목,1,1,0,0,0,경기,남양주시,차대사람,횡단중,횡단중,운전자법규위반,신호위반,교차로,교차로부근,화물차,소형,보행자,보행자,967798,1960622,127.1349791,37.6445146
2014,2014-12-13,30,주간,토,1,3,2,0,0,전북,군산시,차량단독,공작물충돌,공작물충돌,운전자법규위반,안전운전 의무 불이행,교차로,교차로부근,승용차,대형,0,0,908809,1755968,126.4908118,35.79591885
2014,2014-12-13,38,야간,토,1,1,0,0,0,경남,창원시(통합),차대사람,기타,기타,운전자법규위반,안전운전 의무 불이행,단일로,기타단일로,승용차,중형,보행자,보행자,1104498,1694833,128.6485494,35.24347066
2014,2014-12-09,10,야간,화,1,1,0,0,0,충남,천안시,차대차,추돌,주정차중 추돌,운전자법규위반,안전운전 의무 불이행,단일로,기타단일로,승용차,중형,화물차,대형,973784,1876484,127.2057968,36.88629314
2014,2014-12-09,55,야간,화,1,1,0,0,0,전남,여수시,차대사람,횡단중,횡단중,운전자법규위반,신호위반,단일로,기타단일로,승용차,중형,보행자,보행자,1019161,1639442,127.709343,34.74925586
2014,2014-12-09,20,주간,화,1,1,0,0,0,경남,통영시,차대사람,횡단중,횡단중,운전자법규위반,보행자 보호의무 위반,단일로,횡단보도상,화물차,소형,보행자,보행자,1084386,1648332,128.4227993,34.82610381
2014,2014-12-10,13,주간,수,1,1,0,0,0,부산,영도구,차대사람,횡단중,횡단중,운전자법규위반,안전운전 의무 불이행,단일로,기타단일로,승용차,중형,보행자,보행자,1140792,1678573,129.0445736,35.09246234
2014,2014-12-10,25,주간,수,1,2,1,0,0,대구,수성구,차대차,기타,기타,운전자법규위반,신호위반,교차로,교차로내,승용차,중형,승용차,중형,1101429,1762513,128.6233022,35.85391428
2014,2014-12-21,50,주간,일,1,1,0,0,0,충남,당진시,차대차,측면직각충돌,측면직각충돌,운전자법규위반,중앙선 침범,단일로,기타단일로,화물차,대형,승용차,중형,918635,1888086,126.5856984,36.98772276
2014,2014-12-16,55,야간,화,1,3,1,1,0,인천,계양구,차대차,추돌,주정차중 추돌,운전자법규위반,안전운전 의무 불이행,단일로,기타단일로,승용차,중형,건설기계,건설기계,935927,1953712,126.7743356,37.58056553
2014,2014-12-17,30,야간,수,1,2,0,1,0,인천,남구,차대차,기타,기타,운전자법규위반,신호위반,교차로,교차로내,화물차,소형,승용차,중형,926646,1938233,126.6707771,37.44036496
2014,2014-12-18,40,주간,목,1,1,0,0,0,대구,달서구,차대차,추돌,주정차중 추돌,운전자법규위반,안전운전 의무 불이행,단일로,기타단일로,화물차,소형,승합차,대형,1095239,1757561,128.5541695,35.80989496
2014,2014-11-16,10,주간,일,1,1,0,0,0,충북,영동군,차대차,추돌,주정차중 추돌,운전자법규위반,안전운전 의무 불이행,단일로,기타단일로,건설기계,건설기계,농기계,농기계,1014955,1786642,127.6660921,36.07659719
2014,2014-11-15,15,주간,토,1,2,0,1,0,부산,수영구,차대차,추돌,주정차중 추돌,운전자법규위반,안전운전 의무 불이행,고가도로위,고가도로위,승용차,중형,승용차,대형,1149102,1685849,129.1370193,35.15684965
2014,2014-11-23,43,주간,일,1,2,1,0,0,경남,의령군,차대차,기타,기타,운전자법규위반,안전운전 의무 불이행,단일로,기타단일로,화물차,소형,건설기계,건설기계,1075783,1717820,128.3351055,35.4533042
2014,2014-11-20,10,야간,목,1,1,0,0,0,경기,양주시,차대사람,횡단중,횡단중,운전자법규위반,안전운전 의무 불이행,교차로,교차로부근,승용차,소형,보행자,보행자,963227,1977950,127.0822902,37.80052167
2014,2014-11-20,30,야간,목,1,1,0,0,0,충북,음성군,차대사람,기타,기타,운전자법규위반,안전운전 의무 불이행,단일로,기타단일로,승용차,중형,보행자,보행자,1018274,1882971,127.7052331,36.94495744
2014,2014-11-21,15,야간,금,1,1,0,0,0,충북,충주시,차대사람,기타,기타,운전자법규위반,안전운전 의무 불이행,단일로,기타단일로,승합차,대형,보행자,보행자,1034138,1902693,127.8779223,37.10231145
2014,2014-11-22,25,야간,토,1,1,0,0,0,대전,중구,차대사람,보도통행중,보도통행중,운전자법규위반,안전운전 의무 불이행,교차로,교차로내,승용차,중형,보행자,보행자,990492,1813365,127.3940788,36.31759047
2014,2014-11-30,50,주간,일,1,1,0,0,0,경기,광명시,차대사람,기타,기타,운전자법규위반,안전운전 의무 불이행,교차로,교차로내,승용차,중형,보행자,보행자,945187,1940496,126.8801906,37.46204646
2014,2014-12-07,20,주간,일,1,2,1,0,0,경북,포항시,차대사람,기타,기타,운전자법규위반,중앙선 침범,단일로,기타단일로,승용차,소형,보행자,보행자,1168516,1784967,129.3707566,36.04701212
2014,2014-12-08,12,야간,월,1,1,0,0,0,전북,전주시,차대사람,횡단중,횡단중,운전자법규위반,안전운전 의무 불이행,단일로,기타단일로,승용차,대형,보행자,보행자,958171,1764602,127.0482582,35.84903862
2014,2014-12-08,32,야간,월,1,1,0,0,0,경기,고양시,차량단독,공작물충돌,공작물충돌,운전자법규위반,안전운전 의무 불이행,단일로,기타단일로,이륜차,중형,0,0,936300,1960762,126.7779456,37.6441315
2014,2014-12-06,15,야간,토,1,1,0,0,0,충북,충주시,차량단독,공작물충돌,공작물충돌,운전자법규위반,안전운전 의무 불이행,단일로,기타단일로,승용차,중형,0,0,1032030,1885186,127.8598168,36.9645567
2014,2014-12-07,45,야간,일,1,1,0,0,0,대전,중구,차대사람,횡단중,횡단중,운전자법규위반,안전운전 의무 불이행,단일로,횡단보도상,승용차,대형,보행자,보행자,994710,1812522,127.441074,36.31002284
2014,2014-12-06,40,야간,토,1,1,0,0,0,강원,원주시,차대차,기타,기타,운전자법규위반,교차로 통행방법 위반,교차로,교차로내,승용차,중형,이륜차,소형,1040524,1929261,127.9576227,37.36151663
2014,2014-12-05,25,야간,금,1,1,0,0,0,전북,김제시,차량단독,공작물충돌,공작물충돌,운전자법규위반,안전운전 의무 불이행,단일로,기타단일로,승용차,중형,0,0,954054,1747895,126.9919636,35.72629332
2014,2014-12-02,30,주간,화,1,1,0,0,0,충남,계룡시,차대사람,차도통행중,차도통행중,운전자법규위반,신호위반,교차로,교차로내,승용차,소형,보행자,보행자,977167,1808100,127.2457905,36.26990063
2014,2014-10-16,10,야간,목,1,2,1,0,0,경기,부천시,차대차,추돌,진행중 추돌,운전자법규위반,안전운전 의무 불이행,단일로,기타단일로,승용차,중형,화물차,소형,940977,1947502,126.8320258,37.52493271
2014,2014-12-10,25,주간,수,1,3,0,2,0,전남,장성군,차대차,추돌,진행중 추돌,운전자법규위반,안전운전 의무 불이행,단일로,기타단일로,승용차,중형,화물차,대형,937366,1708057,126.8132609,35.35802307
2014,2014-12-13,30,주간,토,1,1,0,0,0,전북,익산시,차대차,정면충돌,정면충돌,운전자법규위반,안전운전 의무 불이행,단일로,기타단일로,승합차,소형,승용차,소형,964094,1773521,127.1018226,35.95775389
2014,2014-12-18,0,야간,목,1,1,0,0,0,전북,완주군,차대사람,기타,기타,운전자법규위반,안전운전 의무 불이행,단일로,기타단일로,승용차,중형,보행자,보행자,964290,1774198,127.1039657,35.96386477
2014,2014-06-26,55,주간,목,1,2,0,1,0,경북,상주시,차대차,추돌,진행중 추돌,운전자법규위반,안전운전 의무 불이행,단일로,터널안,화물차,소형,화물차,소형,1060854,1835311,128.1796271,36.51355145
2014,2014-07-03,10,주간,목,1,1,0,0,0,경북,성주군,차량단독,공작물충돌,공작물충돌,운전자법규위반,안전운전 의무 불이행,단일로,기타단일로,승용차,중형,0,0,1067386,1777641,128.2476026,35.99323075
2014,2014-10-19,10,야간,일,1,6,3,2,0,전북,임실군,차대차,정면충돌,정면충돌,운전자법규위반,중앙선 침범,단일로,기타단일로,승용차,소형,승용차,대형,978438,1733728,127.2619598,35.59939463
2014,2014-10-16,10,야간,목,2,2,0,0,0,충북,청주시,차량단독,공작물충돌,공작물충돌,운전자법규위반,안전운전 의무 불이행,교차로,교차로부근,승용차,중형,0,0,1002252,1857536,127.5252167,36.71584352
2014,2014-10-16,23,야간,목,1,1,0,0,0,충남,공주시,차대사람,길가장자리구역통행중,길가장자리구역통행중,운전자법규위반,안전운전 의무 불이행,단일로,기타단일로,화물차,소형,보행자,보행자,968203,1823974,127.1453436,36.41275506
2014,2014-10-16,20,주간,목,1,6,1,4,0,제주,제주시,차대차,측면직각충돌,측면직각충돌,운전자법규위반,신호위반,교차로,교차로내,승용차,중형,건설기계,건설기계,912334,1502116,126.5561393,33.50745619
2014,2014-10-26,25,주간,일,1,1,0,0,0,서울,관악구,차대사람,기타,기타,운전자법규위반,보행자 보호의무 위반,단일로,횡단보도상,승합차,대형,보행자,보행자,952466,1942186,126.9623867,37.47768199
2014,2014-10-26,40,야간,일,1,1,0,0,0,경기,파주시,차대사람,횡단중,횡단중,운전자법규위반,안전운전 의무 불이행,단일로,기타단일로,승용차,소형,보행자,보행자,933541,1968359,126.7459814,37.71240477
2014,2014-10-26,25,야간,일,1,2,0,1,0,서울,서대문구,차대차,추돌,주정차중 추돌,운전자법규위반,안전운전 의무 불이행,고가도로위,고가도로위,승합차,소형,건설기계,건설기계,951166,1952061,126.9470277,37.56661965
2014,2014-10-26,8,주간,일,1,1,0,0,0,제주,서귀포시,차대차,기타,기타,운전자법규위반,과속,교차로,교차로내,화물차,소형,자전거,자전거,924187,1476790,126.6858665,33.27982844
2013,2013-06-08,28,야간,토,1,1,0,0,0,서울,서대문구,차량단독,전도전복,전도전복,운전자법규위반,안전운전 의무 불이행,단일로,기타단일로,이륜차,중형,0,0,947734,1952725,126.9085402,37.57225849
2013,2013-06-17,15,야간,월,2,2,0,0,0,전북,김제시,차대차,추돌,진행중 추돌,운전자법규위반,안전운전 의무 불이행,단일로,기타단일로,화물차,소형,농기계,농기계,938467,1762984,126.8184631,35.86147893
2013,2013-07-07,20,주간,일,1,1,0,0,0,경북,예천군,차대차,측면직각충돌,측면직각충돌,운전자법규위반,안전운전 의무 불이행,단일로,기타단일로,이륜차,소형,승용차,중형,1086488,1846684,128.4671575,36.61409106
2013,2013-06-29,17,주간,토,1,1,0,0,0,대구,달서구,차대사람,횡단중,횡단중,운전자법규위반,안전운전 의무 불이행,단일로,기타단일로,승용차,중형,보행자,보행자,1096246,1761833,128.5658288,35.84830724
2013,2013-07-08,25,주간,월,1,1,0,0,0,전남,고흥군,차대차,기타,기타,운전자법규위반,교차로 통행방법 위반,교차로,교차로내,승용차,소형,이륜차,소형,966981,1615411,127.1401911,34.53219483
2014,2014-04-24,23,주간,목,1,2,1,0,0,경북,경주시,차대차,기타,기타,운전자법규위반,중앙선 침범,단일로,기타단일로,승용차,중형,승용차,중형,1158439,1777700,129.2574821,35.98321754
2014,2014-04-24,20,야간,목,2,2,0,0,0,서울,마포구,차량단독,전도전복,전도전복,운전자법규위반,안전거리 미확보,단일로,기타단일로,승용차,중형,0,0,943840,1952853,126.8640154,37.57334026
2014,2014-05-02,30,주간,금,1,1,0,0,0,경기,안성시,차대사람,기타,기타,운전자법규위반,안전운전 의무 불이행,단일로,기타단일로,화물차,소형,보행자,보행자,981477,1891660,127.2917571,37.02327864
2014,2014-05-04,27,야간,일,1,1,0,0,0,경기,시흥시,차대사람,차도통행중,차도통행중,운전자법규위반,안전운전 의무 불이행,단일로,기타단일로,승용차,중형,보행자,보행자,936524,1938270,126.7824301,37.44142908