발생년,발생년월일시분,발생분,주야,요일,사망자수,사상자수,중상자수,경상자수,부상신고자수,발생지시도,발생지시군구,사고유형_대분류,사고유형_중분류,사고유형,법규위반_대분류,법규위반,도로형태_대분류,도로형태,당사자종별_1당_대분류,당사자종별_1당,당사자종별_2당_대분류,당사자종별_2당,발생위치X_UTMK,발생위치Y_UTMK,경도,위도
2014,2014-01-11,13,주간,토,1,1,0,0,0,전남,보성군,차대차,측면직각충돌,측면직각충돌,운전자법규위반,서행 및 일시정지위반,교차로,교차로내,화물차,소형,이륜차,소형,975175,1643887,127.2286445,34.78921737
2014,2014-01-11,45,야간,토,1,1,0,0,0,경북,안동시,차대차,기타,기타,운전자법규위반,중앙선 침범,단일로,기타단일로,승합차,경형,화물차,소형,1107419,1846465,128.7011471,36.60998785
2014,2014-01-23,15,주간,목,1,1,0,0,0,제주,서귀포시,차대사람,횡단중,횡단중,운전자법규위반,과속,교차로,교차로부근,화물차,소형,보행자,보행자,944228,1495006,126.8999422,33.4453482
2014,2014-01-23,40,주간,목,1,1,0,0,0,서울,영등포구,차대사람,횡단중,횡단중,운전자법규위반,안전운전 의무 불이행,단일로,횡단보도부근,승용차,중형,보행자,보행자,948473,1945997,126.9170352,37.511832
2014,2014-01-23,55,야간,목,1,1,0,0,0,경기,광주시,차대사람,길가장자리구역통행중,길가장자리구역통행중,운전자법규위반,안전운전 의무 불이행,단일로,기타단일로,승용차,대형,보행자,보행자,983804,1926287,127.3171673,37.33545327
2014,2014-01-21,14,주간,화,1,1,0,0,0,강원,동해시,차대차,기타,기타,운전자법규위반,안전운전 의무 불이행,단일로,기타단일로,이륜차,소형,화물차,중형,1139757,1943757,129.0807175,37.48248976
2014,2014-01-24,50,야간,금,1,1,0,0,0,경기,부천시,차대사람,차도통행중,차도통행중,운전자법규위반,안전운전 의무 불이행,단일로,기타단일로,특수차,소형,보행자,보행자,934509,1943775,126.7591636,37.49090496
2014,2014-01-24,40,주간,금,1,1,0,0,0,대전,대덕구,차대사람,횡단중,횡단중,운전자법규위반,안전운전 의무 불이행,교차로,교차로내,화물차,소형,보행자,보행자,995534,1817420,127.4502245,36.35418463
2014,2014-01-20,50,주간,월,1,1,0,0,0,경남,진주시,차대차,기타,기타,운전자법규위반,안전운전 의무 불이행,단일로,기타단일로,승용차,중형,원동기장치자전거,원동기장치자전거,1053190,1698487,128.0848928,35.28045528
2014,2014-01-20,20,주간,월,1,1,0,0,0,경기,시흥시,차대사람,횡단중,횡단중,운전자법규위반,안전운전 의무 불이행,단일로,기타단일로,화물차,대형,보행자,보행자,930608,1928875,126.7164398,37.35632725
2014,2014-01-20,20,야간,월,1,1,0,0,0,경북,경주시,차대사람,차도통행중,차도통행중,운전자법규위반,안전운전 의무 불이행,교차로,교차로부근,승용차,대형,보행자,보행자,1146336,1763809,129.1207232,35.85991706
2014,2014-01-20,25,주간,월,1,2,0,1,0,부산,중구,차대차,측면직각충돌,측면직각충돌,운전자법규위반,중앙선 침범,고가도로위,고가도로위,승용차,중형,화물차,대형,1140447,1680661,129.0411283,35.1112382
2014,2014-11-05,25,주간,수,1,1,0,0,0,경기,가평군,차량단독,도로이탈,도로이탈 추락,운전자법규위반,안전운전 의무 불이행,기타/불명,기타/불명,이륜차,중형,0,0,1000799,1959122,127.5090554,37.63155876
2014,2014-11-04,0,주간,화,1,2,0,1,0,강원,양양군,차대차,추돌,진행중 추돌,운전자법규위반,신호위반,교차로,교차로내,승용차,중형,승용차,중형,1111191,1996470,128.7657619,37.96137444
2014,2014-11-04,30,야간,화,1,1,0,0,0,인천,서구,차대차,측면직각충돌,측면직각충돌,운전자법규위반,신호위반,교차로,교차로내,승합차,중형,원동기장치자전거,원동기장치자전거,926482,1945573,126.6681905,37.50650557
2014,2014-11-04,20,야간,화,1,1,0,0,0,충남,청양군,차대사람,기타,기타,운전자법규위반,과속,단일로,기타단일로,화물차,소형,보행자,보행자,941192,1835841,126.8431812,36.51845716
2014,2014-11-04,25,야간,화,1,1,0,0,0,제주,제주시,차대사람,기타,기타,운전자법규위반,안전운전 의무 불이행,단일로,기타단일로,승용차,경형,보행자,보행자,941323,1503409,126.8681385,33.52098075
2014,2014-11-05,37,주간,수,1,1,0,0,0,서울,강동구,차대사람,길가장자리구역통행중,길가장자리구역통행중,운전자법규위반,안전운전 의무 불이행,교차로,교차로부근,화물차,중형,보행자,보행자,968635,1948674,127.1449785,37.53685202
2014,2014-11-05,20,야간,수,1,1,0,0,0,경남,하동군,차대차,추돌,주정차중 추돌,운전자법규위반,안전운전 의무 불이행,단일로,기타단일로,승용차,경형,이륜차,소형,1029657,1679009,127.8254211,35.1057964
2014,2014-11-05,40,야간,수,1,1,0,0,0,경북,김천시,차대사람,기타,기타,운전자법규위반,안전운전 의무 불이행,교차로,교차로내,승용차,중형,보행자,보행자,1047863,1776917,128.0309743,35.98785771
2014,2014-11-05,50,주간,수,1,1,0,0,0,경기,동두천시,차대사람,횡단중,횡단중,운전자법규위반,보행자 보호의무 위반,단일로,기타단일로,승용차,중형,보행자,보행자,963136,1988362,127.0807256,37.89436024
2014,2014-11-03,0,주간,월,1,1,0,0,0,울산,울주군,차대차,기타,기타,운전자법규위반,교차로 통행방법 위반,교차로,교차로내,건설기계,건설기계,원동기장치자전거,원동기장치자전거,1164724,1716900,129.3147015,35.4342578
2014,2014-11-03,12,야간,월,1,1,0,0,0,경북,성주군,차대사람,기타,기타,운전자법규위반,안전운전 의무 불이행,기타/불명,기타/불명,승용차,소형,보행자,보행자,1063891,1773351,128.208485,35.95479051
2014,2014-11-03,19,야간,월,1,1,0,0,0,제주,제주시,차대사람,횡단중,횡단중,운전자법규위반,안전운전 의무 불이행,교차로,교차로내,승용차,중형,보행자,보행자,879707,1487258,126.2069013,33.37017942
2014,2014-11-03,30,주간,월,1,1,0,0,0,서울,송파구,차대차,측면직각충돌,측면직각충돌,운전자법규위반,신호위반,교차로,교차로내,이륜차,중형,화물차,소형,966545,1948262,127.121341,37.533065
2014,2014-11-14,20,야간,금,1,3,2,0,0,대전,서구,차대차,측면직각충돌,측면직각충돌,운전자법규위반,과속,교차로,교차로내,승용차,중형,승용차,중형,988199,1818052,127.3684634,36.35982033
2014,2014-11-12,30,야간,수,1,2,1,0,0,강원,원주시,차대차,기타,기타,운전자법규위반,중앙선 침범,단일로,기타단일로,승용차,중형,승용차,중형,1044055,1935054,127.9978408,37.41357084
2014,2014-11-13,45,야간,목,1,1,0,0,0,부산,사하구,차대사람,횡단중,횡단중,운전자법규위반,안전운전 의무 불이행,단일로,기타단일로,화물차,소형,보행자,보행자,1134907,1676811,128.9797443,35.07738431
2014,2014-11-14,54,야간,금,2,2,0,0,0,부산,중구,차대사람,차도통행중,차도통행중,운전자법규위반,안전운전 의무 불이행,고가도로위,고가도로위,승용차,중형,보행자,보행자,1140419,1680659,129.0385994,35.11195014
2014,2014-11-14,0,주간,금,1,4,1,2,0,경기,김포시,차대차,측면직각충돌,측면직각충돌,운전자법규위반,중앙선 침범,단일로,기타단일로,화물차,소형,화물차,소형,921512,1962094,126.6101937,37.65499101
2013,2013-05-20,55,야간,월,1,3,2,0,0,충남,천안시,차대차,정면충돌,정면충돌,운전자법규위반,중앙선 침범,지하도로내,지하도로내,승용차,대형,화물차,소형,970178,1870028,127.1655836,36.8279885
2013,2013-05-31,33,야간,금,1,1,0,0,0,대전,동구,차대차,측면직각충돌,측면직각충돌,운전자법규위반,안전거리 미확보,교차로,교차로내,자전거,자전거,승합차,소형,996021,1811684,127.4556816,36.30247417
2013,2013-06-07,36,야간,금,1,1,0,0,0,경남,통영시,차대사람,차도통행중,차도통행중,운전자법규위반,안전운전 의무 불이행,단일로,기타단일로,승용차,중형,보행자,보행자,1082462,1663047,128.4032128,34.95893906
2013,2013-06-04,25,주간,화,1,2,1,0,0,경북,군위군,차대차,추돌,주정차중 추돌,운전자법규위반,안전운전 의무 불이행,교차로,교차로부근,승용차,경형,화물차,소형,1095589,1804370,128.5636993,36.23181423
2013,2013-06-04,45,주간,화,1,1,0,0,0,강원,홍천군,차대사람,기타,기타,운전자법규위반,기타(운전자법규위반),기타/불명,기타/불명,화물차,소형,보행자,보행자,1024226,1965922,127.7747874,37.6925302
2013,2013-06-02,45,주간,일,1,1,0,0,0,경남,진주시,차량단독,도로이탈,도로이탈 기타,운전자법규위반,안전운전 의무 불이행,단일로,기타단일로,승용차,중형,0,0,1043116,1687033,127.9735195,35.17766183
2014,2014-09-15,40,야간,월,1,1,0,0,0,경남,김해시,차대사람,횡단중,횡단중,운전자법규위반,안전운전 의무 불이행,단일로,기타단일로,화물차,소형,보행자,보행자,1117130,1705355,128.7888624,35.33692651
2014,2014-09-16,15,주간,화,1,1,0,0,0,경기,양주시,차대차,추돌,진행중 추돌,운전자법규위반,안전운전 의무 불이행,교차로,교차로내,자전거,자전거,화물차,중형,953127,1978587,126.9675257,37.80580021
2014,2014-09-13,0,야간,토,1,1,0,0,0,서울,강남구,차대사람,횡단중,횡단중,운전자법규위반,과속,단일로,기타단일로,승용차,대형,보행자,보행자,959196,1946433,127.0382655,37.51628362
2014,2014-09-12,52,야간,금,1,1,0,0,0,경기,여주시,차량단독,전도전복,전도전복,운전자법규위반,안전운전 의무 불이행,단일로,기타단일로,화물차,중형,0,0,1012137,1931205,127.6368002,37.38065695
2014,2014-09-10,0,야간,수,1,2,1,0,0,충남,태안군,차대차,정면충돌,정면충돌,운전자법규위반,중앙선 침범,단일로,기타단일로,승용차,소형,승용차,중형,891471,1858670,126.2847151,36.71986466
2014,2014-09-10,0,야간,수,1,1,0,0,0,경기,김포시,차대사람,기타,기타,운전자법규위반,안전운전 의무 불이행,단일로,기타단일로,승용차,중형,보행자,보행자,920552,1966067,126.5972462,37.69158502
2014,2014-09-12,0,주간,금,1,2,1,0,0,세종,세종,차대차,측면직각충돌,측면직각충돌,운전자법규위반,직진 및 우회전차의 통행방해,교차로,교차로내,승용차,중형,원동기장치자전거,원동기장치자전거,981435,1845215,127.2924184,36.60459226
2014,2014-09-12,53,야간,금,1,2,1,0,0,광주,광산구,차대차,추돌,진행중 추돌,운전자법규위반,안전운전 의무 불이행,교차로,교차로내,승용차,중형,승용차,중형,936584,1686090,126.8036215,35.16808258
2014,2014-09-10,3,야간,수,1,2,1,0,0,충남,보령시,차량단독,공작물충돌,공작물충돌,운전자법규위반,안전운전 의무 불이행,교차로,교차로내,이륜차,중형,0,0,914040,1803505,126.5435315,36.2249214
2014,2014-09-10,20,주간,수,1,1,0,0,0,경남,함양군,차량단독,공작물충돌,공작물충돌,운전자법규위반,안전운전 의무 불이행,단일로,기타단일로,이륜차,소형,0,0,1020955,1724654,127.7311042,35.51759165
2014,2014-09-11,50,주간,목,1,1,0,0,0,서울,강북구,차대사람,횡단중,횡단중,운전자법규위반,보행자 보호의무 위반,단일로,횡단보도상,화물차,소형,보행자,보행자,959554,1959138,127.0415429,37.63075766
2014,2014-09-09,20,야간,화,1,1,0,0,0,서울,동작구,차대사람,기타,기타,운전자법규위반,과속,단일로,횡단보도상,화물차,소형,보행자,보행자,947975,1944160,126.911451,37.49514369
2014,2014-09-20,35,야간,토,1,1,0,0,0,경북,경주시,차대사람,기타,기타,운전자법규위반,안전운전 의무 불이행,교차로,교차로부근,승합차,대형,보행자,보행자,1153325,1779136,129.2010559,35.99697619
2014,2014-09-21,35,야간,일,1,1,0,0,0,경남,하동군,차대사람,기타,기타,운전자법규위반,안전운전 의무 불이행,기타/불명,기타/불명,화물차,중형,보행자,보행자,1036777,1669730,127.9031346,35.02189164
2014,2014-09-17,50,야간,수,1,1,0,0,0,경북,칠곡군,차대사람,기타,기타,운전자법규위반,안전운전 의무 불이행,단일로,기타단일로,승용차,중형,보행자,보행자,1083460,1774851,128.4256202,35.9668357
2014,2014-09-17,5,야간,수,1,1,0,0,0,경북,경주시,차대사람,기타,기타,운전자법규위반,안전운전 의무 불이행,단일로,기타단일로,승용차,소형,보행자,보행자,1155781,1764419,129.2254078,35.86395801
2014,2014-09-27,5,야간,토,1,1,0,0,0,전남,광양시,차대사람,횡단중,횡단중,운전자법규위반,안전운전 의무 불이행,교차로,교차로부근,승용차,경형,보행자,보행자,1005956,1663273,127.5652417,34.96431799
2014,2014-09-26,15,야간,금,1,3,2,0,0,경남,진주시,차대차,추돌,진행중 추돌,운전자법규위반,안전운전 의무 불이행,단일로,기타단일로,승용차,중형,건설기계,건설기계,1046487,1682453,128.0134814,35.13526298
2014,2014-09-27,58,야간,토,1,1,0,0,0,충북,청주시,차대사람,기타,기타,운전자법규위반,안전운전 의무 불이행,교차로,교차로부근,승용차,중형,보행자,보행자,997055,1847753,127.4670611,36.62764859
2014,2014-09-26,35,야간,금,1,1,0,0,0,강원,홍천군,차량단독,공작물충돌,공작물충돌,운전자법규위반,안전운전 의무 불이행,단일로,기타단일로,승용차,경형,0,0,1068304,1968350,128.2742881,37.71096649
2014,2014-09-25,45,주간,목,1,1,0,0,0,경기,이천시,차량단독,공작물충돌,공작물충돌,운전자법규위반,안전운전 의무 불이행,교차로,교차로내,화물차,대형,0,0,999228,1921096,127.4912905,37.28880279
2014,2014-09-25,0,주간,목,1,2,1,0,0,경남,김해시,차대차,측면직각충돌,측면직각충돌,운전자법규위반,신호위반,교차로,교차로내,이륜차,중형,승용차,중형,1122700,1692585,128.8482286,35.22114218
2014,2014-09-25,20,주간,목,1,1,0,0,0,강원,춘천시,차량단독,공작물충돌,공작물충돌,운전자법규위반,안전운전 의무 불이행,단일로,기타단일로,승용차,경형,0,0,1019478,1990742,127.7216002,37.91634935
2014,2014-09-25,10,주간,목,1,1,0,0,0,경북,안동시,차대사람,기타,기타,운전자법규위반,안전운전 의무 불이행,단일로,기타단일로,화물차,소형,보행자,보행자,1104169,1843446,128.6647842,36.58316114
2014,2014-09-24,45,주간,수,1,2,1,0,0,경북,칠곡군,차량단독,기타,기타,운전자법규위반,안전운전 의무 불이행,단일로,기타단일로,승용차,소형,0,0,1085177,1775031,128.4446798,35.96830998
2014,2014-09-22,45,주간,월,1,1,0,0,0,충남,천안시,차대차,추돌,진행중 추돌,운전자법규위반,안전운전 의무 불이행,교차로,교차로내,화물차,중형,원동기장치자전거,원동기장치자전거,966869,1865384,127.1286801,36.78601485
2014,2014-08-20,55,야간,수,1,1,0,0,0,전남,함평군,차대차,기타,기타,운전자법규위반,안전운전 의무 불이행,단일로,기타단일로,승용차,중형,화물차,소형,918987,1686575,126.6103577,35.17119054
2014,2014-08-15,0,야간,금,1,1,0,0,0,대구,북구,차대사람,횡단중,횡단중,운전자법규위반,안전운전 의무 불이행,단일로,기타단일로,승용차,중형,보행자,보행자,1100812,1768565,128.6172362,35.90853315
2014,2014-08-16,25,주간,토,1,1,0,0,0,경북,문경시,차대차,측면직각충돌,측면직각충돌,운전자법규위반,신호위반,교차로,교차로내,이륜차,사발이,승용차,중형,1061898,1843432,128.1919382,36.58669084
2014,2014-08-16,35,주간,토,1,2,1,0,0,경북,칠곡군,차량단독,기타,기타,운전자법규위반,안전운전 의무 불이행,기타/불명,기타/불명,농기계,농기계,0,0,1095532,1777359,128.5597887,35.98833659
2014,2014-08-26,15,주간,화,1,3,0,2,0,경기,안산시,차대차,추돌,진행중 추돌,운전자법규위반,안전운전 의무 불이행,단일로,기타단일로,화물차,중형,화물차,중형,943531,1926573,126.8625299,37.33645513
2014,2014-08-24,0,야간,일,1,3,0,2,0,경기,광주시,차대차,측면직각충돌,측면직각충돌,운전자법규위반,안전운전 의무 불이행,교차로,교차로내,원동기장치자전거,원동기장치자전거,승용차,중형,985234,1922860,127.3333784,37.30458647
2014,2014-08-25,55,야간,월,1,1,0,0,0,부산,사상구,차대사람,기타,기타,운전자법규위반,안전운전 의무 불이행,교차로,교차로부근,승용차,중형,보행자,보행자,1134504,1687041,128.9769893,35.169654
2014,2014-09-01,56,주간,월,1,2,1,0,0,광주,광산구,차대차,추돌,진행중 추돌,운전자법규위반,안전운전 의무 불이행,단일로,기타단일로,승용차,중형,원동기장치자전거,원동기장치자전거,938060,1687761,126.8197031,35.18324131
2014,2014-08-29,25,주간,금,1,1,0,0,0,서울,은평구,차대사람,차도통행중,차도통행중,운전자법규위반,안전운전 의무 불이행,교차로,교차로부근,승합차,중형,보행자,보행자,947988,1956615,126.9107198,37.60749107
2014,2014-08-28,10,주간,목,1,1,0,0,0,경기,시흥시,차대사람,기타,기타,운전자법규위반,안전운전 의무 불이행,교차로,교차로부근,화물차,소형,보행자,보행자,931921,1925723,126.7315543,37.32801526
2014,2014-09-04,25,주간,목,1,1,0,0,0,전남,신안군,차대사람,기타,기타,운전자법규위반,안전운전 의무 불이행,기타/불명,기타/불명,승합차,소형,보행자,보행자,867677,1654869,126.05938,34.88026815
2014,2014-09-04,5,주간,목,1,1,0,0,0,충남,금산군,차대사람,횡단중,횡단중,운전자법규위반,안전운전 의무 불이행,단일로,기타단일로,승용차,소형,보행자,보행자,998926,1790036,127.4880674,36.10731132
2014,2014-08-29,15,주간,금,1,1,0,0,0,전남,나주시,차대사람,기타,기타,운전자법규위반,신호위반,단일로,횡단보도부근,화물차,소형,보행자,보행자,928217,1667507,126.7133601,34.99996667
2014,2014-08-27,29,야간,수,1,1,0,0,0,광주,광산구,차대차,기타,기타,운전자법규위반,안전운전 의무 불이행,교차로,교차로내,승합차,소형,화물차,소형,935360,1682500,126.7904626,35.13563526
2014,2014-09-07,5,야간,일,1,1,0,0,0,경기,수원시,차대사람,횡단중,횡단중,운전자법규위반,안전운전 의무 불이행,단일로,기타단일로,승용차,중형,보행자,보행자,957091,1921957,127.0158679,37.29557399
2014,2014-09-09,50,야간,화,1,1,0,0,0,충남,천안시,차대사람,횡단중,횡단중,운전자법규위반,안전운전 의무 불이행,단일로,기타단일로,승용차,중형,보행자,보행자,967579,1869387,127.1364669,36.82212465
2014,2014-09-07,0,주간,일,1,1,0,0,0,경기,남양주시,차대차,추돌,진행중 추돌,운전자법규위반,안전운전 의무 불이행,단일로,기타단일로,이륜차,대형,이륜차,대형,978632,1948998,127.2581243,37.54005837
2014,2014-09-07,33,야간,일,1,1,0,0,0,전남,영암군,차대사람,차도통행중,차도통행중,운전자법규위반,안전운전 의무 불이행,단일로,기타단일로,화물차,소형,보행자,보행자,925831,1654602,126.6883626,34.88343495
2014,2014-09-05,30,주간,금,1,1,0,0,0,충남,예산군,차대사람,기타,기타,운전자법규위반,안전운전 의무 불이행,기타/불명,기타/불명,화물차,소형,보행자,보행자,931717,1855692,126.7302729,36.6876568
2014,2014-09-05,44,주간,금,1,1,0,0,0,서울,송파구,차대사람,차도통행중,차도통행중,운전자법규위반,부당한 회전,단일로,기타단일로,화물차,중형,보행자,보행자,965550,1946041,127.1101835,37.51300954
2014,2014-09-05,30,주간,금,1,2,1,0,0,경기,화성시,차대차,기타,기타,운전자법규위반,안전운전 의무 불이행,단일로,기타단일로,원동기장치자전거,원동기장치자전거,원동기장치자전거,원동기장치자전거,929675,1907936,126.7078846,37.16753035
2014,2014-09-02,20,야간,화,2,5,3,0,0,경북,구미시,차대사람,기타,기타,운전자법규위반,안전운전 의무 불이행,단일로,기타단일로,승용차,중형,보행자,보행자,1080916,1793666,128.3993365,36.13666261
2014,2014-09-16,10,주간,화,1,1,0,0,0,경북,청도군,차대사람,기타,기타,운전자법규위반,안전운전 의무 불이행,교차로,교차로내,화물차,소형,보행자,보행자,1111535,1739605,128.7320145,35.64631807
2014,2014-09-14,10,주간,일,1,5,0,4,0,전북,군산시,차대차,기타,기타,운전자법규위반,안전운전 의무 불이행,교차로,교차로내,승용차,중형,승합차,대형,934829,1773860,126.7761375,35.95973406
2014,2014-09-09,25,주간,화,1,1,0,0,0,충남,태안군,차대사람,횡단중,횡단중,운전자법규위반,안전운전 의무 불이행,단일로,기타단일로,승합차,소형,보행자,보행자,881048,1855525,126.168517,36.69027183
2014,2014-09-30,32,야간,화,1,1,0,0,0,경북,안동시,차대차,추돌,진행중 추돌,운전자법규위반,안전운전 의무 불이행,교차로,교차로부근,이륜차,소형,승용차,소형,1107664,1839361,128.7028923,36.54593131
2014,2014-09-29,10,야간,월,1,1,0,0,0,충남,천안시,차대차,추돌,주정차중 추돌,운전자법규위반,안전운전 의무 불이행,단일로,기타단일로,승용차,중형,승용차,중형,969594,1867010,127.1591555,36.80076398
2014,2014-09-16,12,주간,화,1,1,0,0,0,전남,장흥군,차량단독,전도전복,전도전복,운전자법규위반,안전운전 의무 불이행,단일로,기타단일로,원동기장치자전거,원동기장치자전거,0,0,945502,1625477,126.9054969,34.62205203
2014,2014-09-17,22,야간,수,1,1,0,0,0,경기,시흥시,차대사람,횡단중,횡단중,운전자법규위반,안전운전 의무 불이행,교차로,교차로부근,승용차,중형,보행자,보행자,933386,1927570,126.7479232,37.34476876
2014,2014-09-26,25,주간,금,1,1,0,0,0,부산,사하구,차대차,기타,기타,운전자법규위반,안전운전 의무 불이행,단일로,기타단일로,화물차,소형,원동기장치자전거,원동기장치자전거,1134712,1675987,128.9774721,35.06998258
2014,2014-09-27,40,야간,토,1,2,1,0,0,충북,청주시,차량단독,공작물충돌,공작물충돌,운전자법규위반,안전운전 의무 불이행,단일로,기타단일로,승용차,중형,0,0,990273,1843114,127.3912655,36.58578284
2014,2014-09-28,45,주간,일,1,1,0,0,0,충남,천안시,차대사람,기타,기타,운전자법규위반,안전운전 의무 불이행,단일로,횡단보도상,승용차,중형,보행자,보행자,967521,1869830,127.1357976,36.82611609
2014,2014-09-26,45,야간,금,3,7,4,0,0,경기,고양시,차대차,기타,기타,운전자법규위반,안전운전 의무 불이행,단일로,기타단일로,승용차,중형,승용차,중형,942060,1961824,126.8431481,37.65408467
2014,2014-09-26,45,야간,금,1,2,1,0,0,전북,완주군,차대사람,횡단중,횡단중,운전자법규위반,안전운전 의무 불이행,단일로,횡단보도부근,화물차,소형,보행자,보행자,968978,1765436,127.156298,35.88502781
2014,2014-09-27,40,야간,토,1,1,0,0,0,인천,중구,차대차,정면충돌,정면충돌,운전자법규위반,안전운전 의무 불이행,단일로,기타단일로,승용차,중형,이륜차,소형,915396,1947076,126.541493,37.52082295
2014,2014-09-26,22,주간,금,1,1,0,0,0,대구,달서구,차대차,기타,기타,운전자법규위반,안전운전 의무 불이행,단일로,횡단보도상,화물차,소형,자전거,자전거,1093457,1758814,128.5345945,35.82136177
2014,2014-09-25,30,야간,목,1,1,0,0,0,전남,영암군,차대사람,기타,기타,운전자법규위반,신호위반,교차로,교차로내,승용차,소형,보행자,보행자,902829,1641761,126.4381707,34.76571773
2014,2014-09-25,55,야간,목,1,1,0,0,0,충남,논산시,차대사람,횡단중,횡단중,운전자법규위반,신호위반,교차로,교차로내,승용차,중형,보행자,보행자,966500,1801915,127.1272969,36.21382908
2014,2014-09-26,1,야간,금,1,2,0,0,1,서울,중구,차대차,추돌,주정차중 추돌,운전자법규위반,안전운전 의무 불이행,지하도로내,지하도로내,화물차,중형,특수차,중형,955736,1949808,126.9989103,37.54654387
2014,2014-09-23,40,야간,화,1,1,0,0,0,경기,화성시,차대사람,기타,기타,운전자법규위반,안전운전 의무 불이행,단일로,기타단일로,화물차,소형,보행자,보행자,944944,1918635,126.8788894,37.26484615
2014,2014-08-21,45,주간,목,1,1,0,0,0,경기,안양시,차대사람,기타,기타,운전자법규위반,안전운전 의무 불이행,단일로,횡단보도상,화물차,소형,보행자,보행자,951783,1931139,126.955384,37.37807591
2014,2014-08-25,15,주간,월,1,1,0,0,0,경북,경주시,차량단독,공작물충돌,공작물충돌,운전자법규위반,안전운전 의무 불이행,교차로,교차로부근,승용차,중형,0,0,1157136,1768778,129.2412694,35.90302464
2014,2014-08-23,15,야간,토,1,1,0,0,0,경남,고성군,차대사람,횡단중,횡단중,운전자법규위반,안전운전 의무 불이행,교차로,교차로내,승용차,중형,보행자,보행자,1079365,1672595,128.3702058,35.04527512
2014,2014-09-01,15,주간,월,1,1,0,0,0,전남,보성군,차대사람,기타,기타,운전자법규위반,안전운전 의무 불이행,단일로,기타단일로,화물차,소형,보행자,보행자,969188,1652606,127.1628829,34.86767783
2014,2014-08-30,6,주간,토,1,2,0,1,0,전남,무안군,차대차,기타,기타,운전자법규위반,안전운전 의무 불이행,단일로,기타단일로,화물차,소형,화물차,소형,902628,1669211,126.4327789,35.0131889
2014,2014-09-09,58,야간,화,1,1,0,0,0,광주,북구,차대사람,길가장자리구역통행중,길가장자리구역통행중,운전자법규위반,안전운전 의무 불이행,단일로,기타단일로,승용차,대형,보행자,보행자,942973,1690180,126.873493,35.20534355
2014,2014-12-24,40,주간,수,1,6,1,4,0,경북,예천군,차대차,정면충돌,정면충돌,운전자법규위반,중앙선 침범,단일로,기타단일로,승용차,중형,화물차,중형,1082294,1847924,128.4202145,36.62539764
2014,2014-12-30,30,야간,화,1,4,3,0,0,서울,종로구,차대차,정면충돌,정면충돌,운전자법규위반,중앙선 침범,단일로,기타단일로,승용차,중형,승용차,중형,953228,1952336,126.9703583,37.56920533
2014,2014-12-14,35,야간,일,1,1,0,0,0,대구,달서구,차대차,추돌,진행중 추돌,운전자법규위반,안전운전 의무 불이행,교차로,교차로부근,승용차,중형,승용차,대형,1090753,1762977,128.5051381,35.85914426
2014,2014-12-15,20,야간,월,1,1,0,0,0,경남,거창군,차량단독,도로이탈,도로이탈 추락,운전자법규위반,안전운전 의무 불이행,단일로,기타단일로,화물차,소형,0,0,1044538,1740955,127.9920837,35.66378652
2014,2014-12-15,5,야간,월,1,1,0,0,0,경남,거제시,차량단독,전도전복,전도전복,운전자법규위반,안전운전 의무 불이행,단일로,기타단일로,승용차,중형,0,0,1092356,1656710,128.5108673,34.90094962
2014,2014-12-28,58,야간,일,1,1,0,0,0,경북,칠곡군,차대사람,차도통행중,차도통행중,운전자법규위반,안전운전 의무 불이행,단일로,기타단일로,승용차,중형,보행자,보행자,1092895,1789265,128.531939,36.09591706
2014,2014-12-25,5,주간,목,1,1,0,0,0,제주,제주시,차대사람,기타,기타,운전자법규위반,안전운전 의무 불이행,단일로,기타단일로,화물차,경형,보행자,보행자,905280,1499862,126.4804291,33.48640542
2014,2014-12-25,0,주간,목,1,1,0,0,0,전남,여수시,차대사람,길가장자리구역통행중,길가장자리구역통행중,운전자법규위반,안전운전 의무 불이행,단일로,기타단일로,승용차,중형,보행자,보행자,1021385,1629370,127.7333859,34.65838432
2014,2014-06-03,50,야간,화,1,4,2,1,0,경기,파주시,차대차,기타,기타,운전자법규위반,안전운전 의무 불이행,단일로,기타단일로,승합차,중형,승용차,중형,932450,1982503,126.7319388,37.83942503
2014,2014-06-05,10,주간,목,1,1,0,0,0,서울,송파구,차대차,측면직각충돌,측면직각충돌,운전자법규위반,안전운전 의무 불이행,교차로,교차로내,화물차,중형,자전거,자전거,966826,1945614,127.124641,37.50920756
2014,2014-06-04,35,야간,수,1,1,0,0,0,경기,가평군,차량단독,도로이탈,도로이탈 기타,운전자법규위반,안전운전 의무 불이행,단일로,기타단일로,이륜차,소형,0,0,1001704,1989060,127.5193824,37.90139645
2014,2014-06-12,23,야간,목,1,1,0,0,0,충북,옥천군,차대차,측면직각충돌,측면직각충돌,운전자법규위반,안전운전 의무 불이행,교차로,교차로내,화물차,소형,이륜차,소형,1020865,1819651,127.7326084,36.37408189
2014,2014-06-13,40,주간,금,1,1,0,0,0,경기,광주시,차량단독,공작물충돌,공작물충돌,운전자법규위반,안전운전 의무 불이행,교차로,교차로내,승용차,소형,0,0,970222,1929624,127.1637111,37.36519585
2014,2014-06-10,15,야간,화,2,5,2,1,0,울산,남구,차대차,측면직각충돌,측면직각충돌,운전자법규위반,신호위반,교차로,교차로내,건설기계,건설기계,승용차,대형,1167500,1727385,129.3474311,35.52828549