발생년,발생년월일시분,발생분,주야,요일,사망자수,사상자수,중상자수,경상자수,부상신고자수,발생지시도,발생지시군구,사고유형_대분류,사고유형_중분류,사고유형,법규위반_대분류,법규위반,도로형태_대분류,도로형태,당사자종별_1당_대분류,당사자종별_1당,당사자종별_2당_대분류,당사자종별_2당,발생위치X_UTMK,발생위치Y_UTMK,경도,위도
2014,2014-06-10,43,주간,화,1,1,0,0,0,서울,영등포구,차대차,측면직각충돌,측면직각충돌,운전자법규위반,부당한 회전,교차로,교차로내,자전거,자전거,승용차,중형,946335,1947114,126.8926884,37.521763
2014,2014-06-21,20,주간,토,1,1,0,0,0,전남,장흥군,차대차,측면직각충돌,측면직각충돌,운전자법규위반,기타(운전자법규위반),교차로,교차로내,원동기장치자전거,원동기장치자전거,화물차,소형,949009,1617495,126.9442315,34.55025375
2014,2014-06-21,40,야간,토,1,1,0,0,0,충북,청주시,차대사람,기타,기타,운전자법규위반,안전운전 의무 불이행,단일로,기타단일로,승용차,대형,보행자,보행자,998245,1847916,127.4803705,36.62912097
2014,2014-06-19,3,야간,목,1,1,0,0,0,경북,경주시,차대차,기타,기타,운전자법규위반,안전운전 의무 불이행,교차로,교차로부근,화물차,소형,자전거,자전거,1156680,1778446,129.2361755,35.99101183
2014,2014-06-19,35,주간,목,1,1,0,0,0,경기,김포시,차대사람,횡단중,횡단중,운전자법규위반,보행자 보호의무 위반,단일로,횡단보도상,승합차,대형,보행자,보행자,931316,1955463,126.7219533,37.59601419
2014,2014-06-20,20,주간,금,1,1,0,0,0,충남,천안시,차대사람,횡단중,횡단중,운전자법규위반,신호위반,단일로,기타단일로,승용차,경형,보행자,보행자,969267,1866767,127.1554997,36.79856288
2014,2014-06-19,35,주간,목,1,2,1,0,0,전남,해남군,차량단독,공작물충돌,공작물충돌,운전자법규위반,안전운전 의무 불이행,단일로,기타단일로,화물차,소형,0,0,915429,1601909,126.5798094,34.40749977
2014,2014-06-07,25,야간,토,1,1,0,0,0,경북,성주군,차대사람,횡단중,횡단중,운전자법규위반,안전운전 의무 불이행,단일로,기타단일로,화물차,소형,보행자,보행자,1068894,1777658,128.264333,35.99327859
2014,2014-06-07,33,주간,토,1,1,0,0,0,전남,화순군,차대차,측면직각충돌,측면직각충돌,운전자법규위반,직진 및 우회전차의 통행방해,교차로,교차로부근,자전거,자전거,승합차,대형,944110,1663599,126.8886609,34.96324774
2014,2014-06-07,12,야간,토,2,4,0,2,0,경기,광주시,차대차,기타,기타,운전자법규위반,중앙선 침범,단일로,기타단일로,원동기장치자전거,원동기장치자전거,승용차,중형,977128,1931169,127.2416534,37.37931815
2014,2014-06-07,40,야간,토,1,3,2,0,0,경남,의령군,차량단독,공작물충돌,공작물충돌,운전자법규위반,안전운전 의무 불이행,단일로,기타단일로,화물차,소형,0,0,1080237,1710348,128.3834464,35.3855891
2014,2014-06-17,48,야간,화,1,1,0,0,0,경기,시흥시,차대사람,횡단중,횡단중,운전자법규위반,안전운전 의무 불이행,교차로,교차로부근,승용차,중형,보행자,보행자,937071,1939086,126.7885437,37.44882111
2014,2014-05-17,50,야간,토,1,1,0,0,0,경북,울진군,차량단독,공작물충돌,공작물충돌,운전자법규위반,안전운전 의무 불이행,단일로,기타단일로,화물차,소형,0,0,1168029,1889247,129.3880499,36.98669189
2014,2014-05-17,0,주간,토,1,1,0,0,0,충남,서산시,차대차,추돌,진행중 추돌,운전자법규위반,앞지르기 금지위반,교차로,교차로내,특수차,대형,원동기장치자전거,원동기장치자전거,917114,1864975,126.5711357,36.77928084
2014,2014-05-18,10,주간,일,1,1,0,0,0,경기,안산시,차대사람,차도통행중,차도통행중,운전자법규위반,안전운전 의무 불이행,단일로,기타단일로,승용차,중형,보행자,보행자,942002,1926544,126.8452725,37.33609949
2014,2014-05-18,50,주간,일,1,1,0,0,0,전남,화순군,차대차,추돌,주정차중 추돌,운전자법규위반,안전운전 의무 불이행,단일로,기타단일로,승합차,대형,화물차,소형,966032,1673239,127.1275124,35.05363135
2014,2014-05-19,10,주간,월,1,1,0,0,0,서울,서초구,차대차,기타,기타,운전자법규위반,안전거리 미확보,단일로,기타단일로,화물차,중형,이륜차,소형,957442,1940562,127.0187576,37.4632869
2014,2014-05-14,0,주간,수,1,1,0,0,0,경기,파주시,차대사람,기타,기타,운전자법규위반,안전운전 의무 불이행,교차로,교차로내,화물차,소형,보행자,보행자,948969,1995130,126.9191234,37.95467303
2014,2014-05-14,5,주간,수,1,1,0,0,0,전북,익산시,차대사람,기타,기타,운전자법규위반,안전운전 의무 불이행,단일로,기타단일로,화물차,소형,보행자,보행자,954476,1773857,126.9934197,35.9601943
2014,2014-07-04,50,주간,금,1,1,0,0,0,경남,김해시,차대사람,횡단중,횡단중,운전자법규위반,안전운전 의무 불이행,단일로,기타단일로,화물차,소형,보행자,보행자,1124238,1695061,128.8654979,35.24327279
2014,2014-07-03,20,주간,목,1,3,2,0,0,강원,철원군,차량단독,공작물충돌,공작물충돌,운전자법규위반,안전운전 의무 불이행,단일로,기타단일로,화물차,소형,0,0,977881,2023273,127.247336,38.20946356
2014,2014-07-12,8,주간,토,1,1,0,0,0,경기,시흥시,차대사람,기타,기타,운전자법규위반,기타(운전자법규위반),교차로,교차로부근,화물차,경형,보행자,보행자,941451,1931827,126.8386351,37.38368206
2014,2014-07-14,30,주간,월,1,3,1,1,0,전남,신안군,차대차,기타,기타,운전자법규위반,중앙선 침범,기타/불명,기타/불명,승용차,대형,불명,불명,891500,1655195,126.312659,34.88569303
2014,2014-07-13,40,주간,일,1,1,0,0,0,경기,오산시,차대차,측면직각충돌,측면직각충돌,운전자법규위반,신호위반,교차로,교차로내,원동기장치자전거,원동기장치자전거,승용차,중형,961581,1907621,127.0624672,37.16845064
2014,2014-07-11,10,주간,금,2,2,0,0,0,경기,양평군,차대차,기타,기타,운전자법규위반,안전운전 의무 불이행,교차로,교차로내,이륜차,사발이,승용차,중형,999110,1945894,127.4899293,37.51232735
2014,2014-07-17,15,주간,목,1,2,1,0,0,서울,노원구,차대차,기타,기타,운전자법규위반,신호위반,교차로,교차로부근,승용차,중형,이륜차,소형,961526,1960784,127.063877,37.64573335
2014,2014-07-18,50,야간,금,1,1,0,0,0,경기,과천시,차량단독,공작물충돌,공작물충돌,운전자법규위반,안전운전 의무 불이행,단일로,기타단일로,승용차,중형,0,0,955739,1936504,126.9997445,37.42663051
2014,2014-07-21,40,주간,월,1,2,1,0,0,경북,영주시,차대차,측면직각충돌,측면직각충돌,운전자법규위반,안전운전 의무 불이행,교차로,교차로내,화물차,중형,화물차,대형,1098621,1867942,128.6055558,36.80451519
2014,2014-07-24,12,야간,목,1,2,1,0,0,울산,남구,차대차,추돌,주정차중 추돌,운전자법규위반,안전운전 의무 불이행,단일로,기타단일로,이륜차,소형,건설기계,건설기계,1166621,1726825,129.3376256,35.52338686
2014,2014-07-30,25,주간,수,1,1,0,0,0,전남,고흥군,차대차,측면직각충돌,측면직각충돌,운전자법규위반,안전운전 의무 불이행,교차로,교차로내,화물차,소형,이륜차,사발이,986108,1611220,127.3486858,34.49483603
2014,2014-07-30,20,야간,수,1,1,0,0,0,경기,평택시,차대차,기타,기타,운전자법규위반,신호위반,교차로,교차로내,승용차,소형,이륜차,소형,963360,1889520,127.0881862,37.00345612
2014,2014-08-06,0,야간,수,1,1,0,0,0,경북,청도군,차량단독,전도전복,전도전복,운전자법규위반,안전운전 의무 불이행,단일로,기타단일로,농기계,농기계,0,0,1113916,1743035,128.7587946,35.67696515
2014,2014-08-07,30,주간,목,1,1,0,0,0,경기,고양시,차대사람,기타,기타,운전자법규위반,안전운전 의무 불이행,교차로,교차로내,건설기계,건설기계,보행자,보행자,945958,1960546,126.887431,37.64280394
2014,2014-08-06,23,주간,수,1,1,0,0,0,전남,진도군,차대사람,기타,기타,운전자법규위반,신호위반,교차로,교차로내,승용차,경형,보행자,보행자,886454,1610382,126.2636263,34.48111523
2014,2014-08-10,10,주간,일,1,1,0,0,0,부산,강서구,차량단독,기타,기타,운전자법규위반,안전운전 의무 불이행,단일로,기타단일로,이륜차,소형,0,0,1132632,1685691,128.9562218,35.1577336
2014,2014-01-01,13,야간,수,1,1,0,0,0,전남,여수시,차량단독,공작물충돌,공작물충돌,운전자법규위반,안전운전 의무 불이행,교차로,교차로부근,화물차,경형,0,0,1013391,1643995,127.6463757,34.79040574
2014,2014-01-02,50,야간,목,1,1,0,0,0,경남,거제시,차대사람,횡단중,횡단중,운전자법규위반,안전운전 의무 불이행,기타/불명,기타/불명,승용차,중형,보행자,보행자,1093494,1658641,128.5121151,34.90184996
2014,2014-01-01,13,주간,수,1,2,1,0,0,서울,송파구,차대차,기타,기타,운전자법규위반,안전운전 의무 불이행,단일로,기타단일로,승용차,중형,자전거,자전거,964933,1944580,127.1019501,37.49942563
2014,2014-01-03,30,야간,금,1,1,0,0,0,경남,창원시(통합),차량단독,공작물충돌,공작물충돌,운전자법규위반,안전운전 의무 불이행,교차로,교차로내,승용차,중형,0,0,1109223,1699591,128.7011054,35.28586038
2014,2014-01-15,45,야간,수,1,1,0,0,0,전남,구례군,차량단독,기타,기타,운전자법규위반,안전운전 의무 불이행,단일로,기타단일로,화물차,소형,0,0,998938,1692526,127.4884392,35.22886641
2014,2014-01-16,0,야간,목,1,2,1,0,0,충남,서산시,차대차,추돌,진행중 추돌,운전자법규위반,안전운전 의무 불이행,단일로,기타단일로,화물차,소형,특수차,대형,905715,1881029,126.4414177,36.92291148
2014,2014-01-09,14,주간,목,1,2,1,0,0,부산,사하구,차대차,기타,기타,운전자법규위반,중앙선 침범,단일로,기타단일로,특수차,대형,특수차,대형,1135896,1675802,128.9904236,35.06815608
2014,2014-01-23,10,주간,목,1,1,0,0,0,경기,고양시,차대사람,기타,기타,운전자법규위반,안전운전 의무 불이행,단일로,기타단일로,승용차,중형,보행자,보행자,943833,1967501,126.8628095,37.70536073
2014,2014-06-29,55,주간,일,1,1,0,0,0,경북,영천시,차대사람,길가장자리구역통행중,길가장자리구역통행중,운전자법규위반,안전운전 의무 불이행,단일로,기타단일로,화물차,중형,보행자,보행자,1127447,1782566,128.9145928,36.03161882
2014,2014-07-15,18,야간,화,1,4,1,2,0,경기,이천시,차량단독,공작물충돌,공작물충돌,운전자법규위반,과속,단일로,기타단일로,승용차,중형,0,0,988917,1921626,127.3749562,37.29351447
2014,2014-02-14,50,야간,금,1,1,0,0,0,광주,북구,차대사람,횡단중,횡단중,운전자법규위반,안전운전 의무 불이행,단일로,기타단일로,화물차,소형,보행자,보행자,943332,1690777,126.8773957,35.2107468
2014,2014-02-15,25,주간,토,2,19,1,9,7,경기,남양주시,차대차,정면충돌,정면충돌,운전자법규위반,신호위반,교차로,교차로내,승용차,중형,승합차,대형,972355,1958213,127.1867247,37.62295001
2014,2014-02-07,40,야간,금,1,1,0,0,0,강원,춘천시,차대사람,횡단중,횡단중,운전자법규위반,안전운전 의무 불이행,교차로,교차로내,승용차,중형,보행자,보행자,1021904,1986614,127.7490751,37.8790886
2014,2014-02-07,10,야간,금,1,1,0,0,0,경북,청도군,차대사람,기타,기타,운전자법규위반,안전운전 의무 불이행,단일로,횡단보도상,화물차,소형,보행자,보행자,1113247,1739520,128.7509093,35.64535695
2014,2014-02-06,0,주간,목,1,6,1,1,3,경기,화성시,차대차,측면직각충돌,측면직각충돌,운전자법규위반,신호위반,교차로,교차로내,승용차,소형,승합차,중형,947747,1904258,126.9116865,37.13556369
2014,2014-01-11,20,야간,토,1,2,0,1,0,충북,청원군,차대차,추돌,진행중 추돌,운전자법규위반,안전운전 의무 불이행,단일로,기타단일로,승용차,중형,화물차,대형,988447,1851774,127.3518346,36.66378312
2014,2014-01-12,55,주간,일,3,12,6,3,0,경북,칠곡군,차대차,측면직각충돌,측면직각충돌,운전자법규위반,안전거리 미확보,단일로,기타단일로,화물차,중형,화물차,소형,1083799,1776437,128.4292628,35.98126589
2014,2014-07-22,35,야간,화,1,1,0,0,0,경북,경주시,차대차,정면충돌,정면충돌,운전자법규위반,안전운전 의무 불이행,단일로,기타단일로,승용차,대형,화물차,대형,1147649,1759388,129.1301172,35.82262279
2014,2014-08-18,20,야간,월,1,1,0,0,0,경북,상주시,차대차,추돌,진행중 추돌,운전자법규위반,안전운전 의무 불이행,단일로,기타단일로,화물차,중형,화물차,대형,1051353,1823426,128.0727352,36.40696793
2014,2014-03-14,40,야간,금,1,2,1,0,0,경기,의왕시,차대차,추돌,진행중 추돌,운전자법규위반,안전운전 의무 불이행,단일로,기타단일로,승용차,중형,화물차,중형,955377,1932003,126.995925,37.38604354
2014,2014-02-05,20,주간,수,1,2,1,0,0,강원,원주시,차대차,추돌,진행중 추돌,운전자법규위반,안전운전 의무 불이행,단일로,기타단일로,화물차,중형,화물차,대형,1048656,1917536,128.048604,37.25536385
2014,2014-08-20,40,주간,수,1,1,0,0,0,전북,고창군,차대차,정면충돌,정면충돌,운전자법규위반,중앙선 침범,단일로,기타단일로,화물차,소형,이륜차,소형,909914,1718127,126.5072653,35.4548788
2014,2014-08-08,30,야간,금,1,1,0,0,0,울산,중구,차대사람,횡단중,횡단중,운전자법규위반,안전운전 의무 불이행,단일로,기타단일로,승용차,대형,보행자,보행자,1165571,1730608,129.3268238,35.55765525
2014,2014-08-07,55,주간,목,1,4,0,0,3,전남,무안군,차대차,정면충돌,정면충돌,운전자법규위반,안전운전 의무 불이행,단일로,기타단일로,승용차,소형,승용차,경형,909481,1644139,126.5105941,34.78777098
2014,2014-08-05,15,주간,화,1,2,1,0,0,충북,청주시,차대차,기타,기타,운전자법규위반,중앙선 침범,단일로,기타단일로,특수차,대형,건설기계,건설기계,992520,1859478,127.4162241,36.73332354
2014,2014-08-06,10,주간,수,1,1,0,0,0,충남,청양군,차대사람,기타,기타,운전자법규위반,안전운전 의무 불이행,단일로,기타단일로,승합차,대형,보행자,보행자,937474,1828183,126.8022773,36.44918792
2014,2014-08-03,15,야간,일,1,3,2,0,0,울산,북구,차대차,정면충돌,정면충돌,운전자법규위반,중앙선 침범,단일로,기타단일로,승용차,중형,승용차,중형,1172180,1726050,129.3987404,35.51545332
2014,2014-08-05,0,주간,화,1,1,0,0,0,전남,영암군,차대차,기타,기타,운전자법규위반,신호위반,교차로,교차로내,화물차,소형,이륜차,대형,906567,1639530,126.4792693,34.7459264
2014,2014-08-05,40,주간,화,1,4,2,1,0,강원,속초시,차대차,측면직각충돌,측면직각충돌,운전자법규위반,교차로 통행방법 위반,교차로,교차로내,화물차,소형,승합차,소형,1094965,2025809,128.5849853,38.22759454
2014,2014-07-02,40,주간,수,1,1,0,0,0,광주,동구,차량단독,기타,기타,운전자법규위반,안전운전 의무 불이행,단일로,기타단일로,승합차,대형,0,0,946611,1683881,126.913524,35.14858717
2014,2014-07-02,27,주간,수,1,1,0,0,0,경기,남양주시,차대사람,횡단중,횡단중,운전자법규위반,안전운전 의무 불이행,단일로,기타단일로,승용차,중형,보행자,보행자,974593,1954003,127.2122318,37.58506823
2014,2014-07-08,30,주간,화,1,1,0,0,0,전남,영암군,차량단독,전도전복,전도전복,운전자법규위반,안전운전 의무 불이행,단일로,기타단일로,농기계,농기계,0,0,922297,1650554,126.650069,34.84667124
2014,2014-07-08,50,야간,화,1,1,0,0,0,충남,천안시,차대사람,기타,기타,운전자법규위반,안전운전 의무 불이행,교차로,교차로내,승용차,소형,보행자,보행자,968533,1868621,127.1471955,36.81525174
2014,2014-07-07,40,야간,월,1,2,1,0,0,대구,동구,차량단독,공작물충돌,공작물충돌,운전자법규위반,안전운전 의무 불이행,단일로,기타단일로,승용차,중형,0,0,1100713,1764065,128.61557,35.86797856
2014,2014-07-06,0,야간,일,1,1,0,0,0,경기,화성시,차량단독,도로이탈,도로이탈 추락,운전자법규위반,안전운전 의무 불이행,단일로,기타단일로,이륜차,소형,0,0,945244,1899939,126.8904321,37.10438467
2014,2014-07-07,0,주간,월,1,1,0,0,0,경북,포항시,차대차,정면충돌,정면충돌,운전자법규위반,안전운전 의무 불이행,단일로,기타단일로,화물차,소형,이륜차,소형,1166755,1777551,129.3496538,35.98048841
2014,2014-07-03,40,야간,목,1,1,0,0,0,경북,상주시,차량단독,도로이탈,도로이탈 추락,운전자법규위반,안전운전 의무 불이행,단일로,기타단일로,화물차,소형,0,0,1042617,1822711,127.9752675,36.4009497
2014,2014-07-14,3,주간,월,1,1,0,0,0,경북,영덕군,차대사람,횡단중,횡단중,운전자법규위반,과속,교차로,교차로내,화물차,중형,보행자,보행자,1168313,1811530,129.3741958,36.28640302
2014,2014-07-13,40,야간,일,1,2,1,0,0,서울,용산구,차대차,측면직각충돌,측면직각충돌,운전자법규위반,신호위반,교차로,교차로내,이륜차,중형,승용차,중형,956511,1948361,127.0077691,37.53353857
2014,2014-07-12,20,야간,토,1,2,1,0,0,충남,서천군,차량단독,공작물충돌,공작물충돌,운전자법규위반,안전운전 의무 불이행,단일로,기타단일로,승합차,소형,0,0,918564,1794592,126.5947888,36.1449666
2014,2014-07-12,55,야간,토,1,1,0,0,0,서울,마포구,차대사람,횡단중,횡단중,운전자법규위반,안전운전 의무 불이행,단일로,기타단일로,승용차,중형,보행자,보행자,951369,1949609,126.9494889,37.54453012
2014,2014-07-10,20,야간,목,1,1,0,0,0,경기,포천시,차량단독,공작물충돌,공작물충돌,운전자법규위반,안전운전 의무 불이행,단일로,기타단일로,승용차,소형,0,0,974925,1990059,127.2147474,37.91005641
2014,2014-07-11,45,야간,금,1,1,0,0,0,충북,청주시,차대차,측면직각충돌,측면직각충돌,운전자법규위반,안전운전 의무 불이행,단일로,기타단일로,승용차,중형,이륜차,소형,984398,1846322,127.3317052,36.62208022
2014,2014-07-20,0,주간,일,1,1,0,0,0,경북,청송군,차량단독,공작물충돌,공작물충돌,운전자법규위반,기타(운전자법규위반),단일로,기타단일로,이륜차,중형,0,0,1139130,1811996,129.0494393,36.29525424
2014,2014-07-18,59,주간,금,1,1,0,0,0,서울,서초구,차대사람,기타,기타,운전자법규위반,안전운전 의무 불이행,단일로,기타단일로,화물차,중형,보행자,보행자,956193,1943509,127.0044591,37.48979093
2014,2014-07-19,32,야간,토,3,13,5,4,1,서울,금천구,차대차,정면충돌,정면충돌,운전자법규위반,안전운전 의무 불이행,단일로,기타단일로,승용차,중형,승용차,중형,947263,1940998,126.9036282,37.46669189
2014,2014-07-16,10,야간,수,1,3,1,1,0,서울,관악구,차대차,추돌,주정차중 추돌,운전자법규위반,안전운전 의무 불이행,단일로,기타단일로,승합차,중형,승용차,중형,950377,1940776,126.9388561,37.46485439
2014,2014-04-16,15,야간,수,1,1,0,0,0,대구,달성군,차대차,추돌,진행중 추돌,운전자법규위반,안전운전 의무 불이행,단일로,기타단일로,화물차,소형,화물차,중형,1089180,1756698,128.4870173,35.80268446
2014,2014-05-20,0,주간,화,1,1,0,0,0,경남,김해시,차대차,기타,기타,운전자법규위반,안전운전 의무 불이행,단일로,기타단일로,화물차,중형,화물차,소형,1119172,1692404,128.8094458,35.219936
2014,2014-01-02,30,주간,목,1,1,0,0,0,인천,남동구,차대차,기타,기타,운전자법규위반,안전운전 의무 불이행,교차로,교차로내,특수차,대형,원동기장치자전거,원동기장치자전거,930078,1936212,126.7097618,37.42241567
2014,2014-01-01,0,야간,수,1,1,0,0,0,대전,동구,차대사람,횡단중,횡단중,운전자법규위반,안전운전 의무 불이행,단일로,기타단일로,승용차,중형,보행자,보행자,993745,1815667,127.43049,36.33839239
2014,2014-01-01,22,야간,수,1,2,0,1,0,경기,광주시,차대사람,보도통행중,보도통행중,운전자법규위반,보행자 보호의무 위반,단일로,횡단보도상,승용차,중형,보행자,보행자,978861,1935006,127.2611182,37.41394503
2014,2014-01-02,37,야간,목,1,1,0,0,0,전남,영암군,차량단독,공작물충돌,공작물충돌,운전자법규위반,신호위반,교차로,교차로내,승용차,중형,0,0,904702,1642659,126.4585331,34.77399112
2014,2014-01-15,10,야간,수,1,1,0,0,0,충남,당진시,차대사람,기타,기타,운전자법규위반,안전운전 의무 불이행,교차로,교차로부근,승용차,경형,보행자,보행자,923156,1877904,126.6375307,36.89632777
2014,2014-01-17,50,주간,금,1,1,0,0,0,전남,영암군,차대사람,기타,기타,운전자법규위반,안전운전 의무 불이행,단일로,기타단일로,화물차,소형,보행자,보행자,919767,1649515,126.6224977,34.83710646
2014,2014-01-17,45,주간,금,1,1,0,0,0,경기,화성시,차량단독,공작물충돌,공작물충돌,운전자법규위반,안전운전 의무 불이행,교차로,교차로부근,승용차,경형,0,0,946782,1900999,126.9018205,37.10593
2014,2014-01-11,29,야간,토,1,1,0,0,0,경기,과천시,차대사람,차도통행중,차도통행중,운전자법규위반,안전운전 의무 불이행,단일로,기타단일로,승용차,중형,보행자,보행자,955262,1939016,126.9942011,37.44924926
2014,2014-01-09,20,주간,목,1,1,0,0,0,충북,증평군,차대사람,기타,기타,운전자법규위반,안전운전 의무 불이행,기타/불명,기타/불명,승합차,대형,보행자,보행자,1007389,1865289,127.582813,36.78570917
2014,2014-01-21,15,주간,화,1,2,1,0,0,제주,서귀포시,차량단독,도로이탈,도로이탈 기타,운전자법규위반,안전운전 의무 불이행,단일로,기타단일로,승용차,중형,0,0,934814,1494418,126.7987046,33.43951353
2014,2014-01-28,40,주간,화,1,1,0,0,0,충남,태안군,차대차,측면직각충돌,측면직각충돌,운전자법규위반,앞지르기 방법위반,단일로,기타단일로,승용차,소형,이륜차,소형,897717,1833556,126.3579859,36.49420001
2014,2014-01-29,0,야간,수,1,1,0,0,0,강원,속초시,차대사람,횡단중,횡단중,운전자법규위반,보행자 보호의무 위반,단일로,횡단보도상,승합차,대형,보행자,보행자,1095844,2024032,128.5947863,38.21148889
2014,2014-01-27,10,주간,월,1,1,0,0,0,전북,익산시,차대차,측면직각충돌,측면직각충돌,운전자법규위반,안전운전 의무 불이행,단일로,기타단일로,화물차,중형,자전거,자전거,951214,1790419,126.9579528,36.10953879
2014,2014-01-27,35,주간,월,1,1,0,0,0,경기,포천시,차량단독,기타,기타,운전자법규위반,안전운전 의무 불이행,단일로,기타단일로,이륜차,사발이,0,0,973922,1999095,127.2030097,37.99146835
2014,2014-01-24,20,야간,금,1,1,0,0,0,경기,군포시,차대사람,기타,기타,운전자법규위반,안전운전 의무 불이행,단일로,기타단일로,승합차,중형,보행자,보행자,949291,1929702,126.9273364,37.36499067
2014,2014-01-24,20,야간,금,1,1,0,0,0,제주,제주시,차대사람,기타,기타,운전자법규위반,안전운전 의무 불이행,단일로,기타단일로,승용차,소형,보행자,보행자,886386,1493111,126.2779445,33.42368733
2014,2014-01-24,0,주간,금,1,1,0,0,0,경북,포항시,차대차,기타,기타,운전자법규위반,안전운전 의무 불이행,교차로,교차로내,원동기장치자전거,원동기장치자전거,화물차,중형,1166134,1793249,129.3461006,36.1228312
2014,2014-02-07,35,주간,금,1,1,0,0,0,경기,성남시,차대사람,기타,기타,운전자법규위반,안전운전 의무 불이행,교차로,교차로내,승용차,중형,보행자,보행자,968119,1937774,127.1396103,37.43858709
2014,2014-02-06,15,야간,목,1,1,0,0,0,전북,완주군,차대사람,기타,기타,운전자법규위반,신호위반,교차로,교차로내,화물차,소형,보행자,보행자,970569,1771213,127.1737112,35.93716199
2014,2014-02-14,25,주간,금,1,1,0,0,0,서울,성북구,차대사람,기타,기타,운전자법규위반,안전운전 의무 불이행,단일로,기타단일로,승용차,중형,보행자,보행자,961493,1956810,127.0637123,37.60991347
2014,2014-02-14,8,야간,금,1,1,0,0,0,경기,고양시,차대차,측면직각충돌,측면직각충돌,운전자법규위반,안전운전 의무 불이행,교차로,교차로내,승용차,중형,원동기장치자전거,원동기장치자전거,935430,1962825,126.7679021,37.66266392
2014,2014-02-15,11,야간,토,1,4,0,3,0,경기,평택시,차대차,기타,기타,운전자법규위반,교차로 통행방법 위반,교차로,교차로내,승용차,중형,승합차,대형,964788,1887547,127.104328,36.98572566
2014,2014-02-15,15,주간,토,1,2,1,0,0,전남,완도군,차량단독,전도전복,전도전복,운전자법규위반,안전운전 의무 불이행,단일로,기타단일로,승용차,소형,0,0,937800,1601265,126.8232504,34.40328115
2014,2014-02-08,10,야간,토,1,1,0,0,0,경북,포항시,차대사람,기타,기타,운전자법규위반,안전운전 의무 불이행,단일로,기타단일로,승용차,중형,보행자,보행자,1166797,1781258,129.3509,36.01388587
2014,2014-02-10,30,야간,월,1,3,1,1,0,부산,해운대구,차대차,추돌,진행중 추돌,운전자법규위반,안전운전 의무 불이행,단일로,교량위,승용차,중형,승합차,중형,1148312,1684563,129.1281179,35.14537507
2014,2014-02-12,20,야간,수,1,1,0,0,0,경기,이천시,차대사람,기타,기타,운전자법규위반,안전운전 의무 불이행,단일로,기타단일로,승용차,중형,보행자,보행자,996298,1916910,127.4582557,37.25106307
2014,2014-02-13,37,야간,목,1,1,0,0,0,충남,공주시,차대사람,횡단중,횡단중,운전자법규위반,안전운전 의무 불이행,교차로,교차로내,승용차,중형,보행자,보행자,969435,1834379,127.158674,36.50659708
2014,2014-02-11,0,야간,화,1,2,1,0,0,전남,여수시,차량단독,공작물충돌,공작물충돌,운전자법규위반,안전운전 의무 불이행,단일로,기타단일로,승용차,소형,0,0,1019178,1643829,127.7096287,34.7888163
2014,2014-02-12,41,주간,수,1,1,0,0,0,전남,여수시,차대차,기타,기타,운전자법규위반,안전거리 미확보,단일로,기타단일로,이륜차,소형,승용차,대형,1010665,1648107,127.616173,34.82892594
2014,2014-02-13,30,주간,목,1,1,0,0,0,경기,군포시,차대사람,기타,기타,운전자법규위반,안전운전 의무 불이행,단일로,기타단일로,특수차,대형,보행자,보행자,949151,1927912,126.9258783,37.34884897
2014,2014-02-13,45,야간,목,1,1,0,0,0,경기,부천시,차량단독,기타,기타,운전자법규위반,안전운전 의무 불이행,단일로,기타단일로,이륜차,소형,0,0,933832,1944529,126.7514382,37.49765242
2014,2014-02-07,57,야간,금,1,1,0,0,0,부산,수영구,차대사람,횡단중,횡단중,운전자법규위반,안전운전 의무 불이행,단일로,기타단일로,화물차,중형,보행자,보행자,1146972,1686192,129.113703,35.16025501
2014,2014-02-07,0,주간,금,1,3,0,2,0,인천,계양구,차대차,측면직각충돌,측면직각충돌,운전자법규위반,안전운전 의무 불이행,교차로,교차로내,원동기장치자전거,원동기장치자전거,승용차,중형,929795,1948104,126.7054298,37.52957489
2014,2014-02-21,28,야간,금,1,1,0,0,0,경기,안양시,차대차,추돌,주정차중 추돌,운전자법규위반,안전운전 의무 불이행,교차로,교차로부근,승용차,대형,이륜차,중형,952516,1932065,126.9636036,37.3864602
2014,2014-02-21,38,주간,금,1,1,0,0,0,제주,서귀포시,차대사람,횡단중,횡단중,운전자법규위반,안전운전 의무 불이행,단일로,기타단일로,승용차,중형,보행자,보행자,933169,1479773,126.7820942,33.30732711
2014,2014-02-21,40,야간,금,1,1,0,0,0,경기,안산시,차대사람,기타,기타,운전자법규위반,안전운전 의무 불이행,교차로,교차로내,승용차,중형,보행자,보행자,943231,1922188,126.8594789,37.29691316
2014,2014-10-14,45,야간,화,1,1,0,0,0,인천,서구,차대차,추돌,진행중 추돌,운전자법규위반,안전운전 의무 불이행,단일로,기타단일로,이륜차,대형,화물차,중형,927330,1946830,126.6776599,37.51790172
2014,2014-08-29,2,야간,금,1,1,0,0,0,경북,상주시,차대차,추돌,주정차중 추돌,운전자법규위반,안전운전 의무 불이행,단일로,기타단일로,화물차,경형,화물차,중형,1055084,1820644,128.1141473,36.38168187