발생년,발생년월일시분,발생분,주야,요일,사망자수,사상자수,중상자수,경상자수,부상신고자수,발생지시도,발생지시군구,사고유형_대분류,사고유형_중분류,사고유형,법규위반_대분류,법규위반,도로형태_대분류,도로형태,당사자종별_1당_대분류,당사자종별_1당,당사자종별_2당_대분류,당사자종별_2당,발생위치X_UTMK,발생위치Y_UTMK,경도,위도
2014,2014-04-25,15,야간,금,1,2,1,0,0,전북,장수군,차대차,추돌,진행중 추돌,운전자법규위반,안전운전 의무 불이행,단일로,기타단일로,승용차,소형,화물차,대형,1008843,1752036,127.5978266,35.76466259
2014,2014-06-21,20,야간,토,2,3,1,0,0,경기,동두천시,차대차,정면충돌,정면충돌,운전자법규위반,중앙선 침범,단일로,기타단일로,승용차,대형,승용차,대형,960089,1988482,127.0460647,37.89531324
2014,2014-06-21,40,야간,토,1,1,0,0,0,서울,강북구,차대차,추돌,주정차중 추돌,운전자법규위반,안전운전 의무 불이행,단일로,기타단일로,원동기장치자전거,원동기장치자전거,승합차,대형,959788,1957824,127.0443393,37.61897986
2014,2014-06-21,40,야간,토,1,1,0,0,0,경남,통영시,차량단독,기타,기타,운전자법규위반,안전운전 의무 불이행,단일로,기타단일로,화물차,소형,0,0,1086004,1652230,128.4408907,34.86111447
2014,2014-06-21,42,야간,토,1,2,0,1,0,세종,세종,차대차,추돌,주정차중 추돌,운전자법규위반,안전운전 의무 불이행,단일로,기타단일로,승용차,소형,건설기계,건설기계,990992,1836971,127.3993747,36.53041022
2014,2014-06-21,15,야간,토,1,1,0,0,0,전북,익산시,차대사람,기타,기타,운전자법규위반,안전운전 의무 불이행,단일로,기타단일로,화물차,소형,보행자,보행자,947191,1771420,126.9224355,35.93419645
2014,2014-05-11,20,야간,일,1,1,0,0,0,경북,칠곡군,차대사람,기타,기타,운전자법규위반,안전운전 의무 불이행,단일로,기타단일로,승용차,대형,보행자,보행자,1080187,1778586,128.3897027,36.00078077
2014,2014-05-10,8,야간,토,1,1,0,0,0,서울,강서구,차대차,측면직각충돌,측면직각충돌,운전자법규위반,신호위반,교차로,교차로내,승용차,중형,이륜차,소형,941513,1952546,126.8376893,37.57042838
2014,2014-05-09,20,야간,금,1,1,0,0,0,전남,여수시,차대사람,횡단중,횡단중,운전자법규위반,안전운전 의무 불이행,교차로,교차로부근,승합차,대형,보행자,보행자,1020886,1638735,127.7281718,34.74284646
2014,2014-05-20,25,주간,화,1,2,0,1,0,경기,용인시,차대차,추돌,진행중 추돌,운전자법규위반,중앙선 침범,단일로,기타단일로,승용차,대형,승용차,중형,965500,1924690,127.1106154,37.32055863
2014,2014-05-20,45,주간,화,1,1,0,0,0,경기,용인시,차대차,추돌,주정차중 추돌,운전자법규위반,안전운전 의무 불이행,단일로,기타단일로,화물차,소형,화물차,대형,984259,1916395,127.3225132,37.24629518
2014,2014-05-14,53,주간,수,1,1,0,0,0,서울,중랑구,차대사람,횡단중,횡단중,운전자법규위반,안전운전 의무 불이행,단일로,횡단보도상,승합차,대형,보행자,보행자,963233,1955235,127.0835053,37.5957888
2014,2014-05-22,26,주간,목,1,1,0,0,0,충남,아산시,차대사람,기타,기타,운전자법규위반,안전운전 의무 불이행,단일로,기타단일로,승합차,소형,보행자,보행자,955267,1865061,126.9972805,36.78292687
2014,2014-05-21,44,주간,수,1,1,0,0,0,경기,평택시,차대사람,기타,기타,운전자법규위반,안전운전 의무 불이행,교차로,교차로부근,승용차,중형,보행자,보행자,944930,1887285,126.8812154,36.98241061
2014,2014-05-22,36,주간,목,1,1,0,0,0,강원,원주시,차대사람,횡단중,횡단중,운전자법규위반,안전운전 의무 불이행,단일로,횡단보도상,승용차,중형,보행자,보행자,1038586,1927794,127.9356617,37.34837629
2014,2014-05-21,0,주간,수,1,1,0,0,0,충북,청원군,차대차,측면직각충돌,측면직각충돌,운전자법규위반,안전운전 의무 불이행,단일로,기타단일로,농기계,농기계,농기계,농기계,999759,1860857,127.4973004,36.74578444
2014,2014-05-26,55,주간,월,1,1,0,0,0,전북,정읍시,차대차,측면직각충돌,측면직각충돌,운전자법규위반,안전거리 미확보,단일로,기타단일로,이륜차,중형,승용차,경형,938610,1732486,126.8223794,35.58652633
2014,2014-12-20,0,야간,토,1,1,0,0,0,대구,달서구,차대차,측면직각충돌,측면직각충돌,운전자법규위반,안전운전 의무 불이행,단일로,기타단일로,승용차,중형,승용차,중형,1091802,1759217,128.5163222,35.82515102
2014,2014-11-14,23,주간,금,1,2,1,0,0,경남,창원시(통합),차량단독,공작물충돌,공작물충돌,운전자법규위반,안전운전 의무 불이행,단일로,기타단일로,승용차,중형,0,0,1109288,1699381,128.7017921,35.28396012
2014,2014-11-20,45,주간,목,1,5,0,4,0,충북,괴산군,차대차,추돌,진행중 추돌,운전자법규위반,안전운전 의무 불이행,단일로,기타단일로,승용차,중형,승용차,소형,1044057,1862353,127.9935956,36.75824682
2014,2014-11-03,58,주간,월,1,1,0,0,0,충남,논산시,차대사람,기타,기타,운전자법규위반,안전운전 의무 불이행,단일로,기타단일로,화물차,대형,보행자,보행자,966822,1791571,127.1313163,36.1205838
2014,2014-11-05,10,주간,수,1,1,0,0,0,부산,강서구,차대차,기타,기타,운전자법규위반,안전운전 의무 불이행,단일로,교량위,원동기장치자전거,원동기장치자전거,원동기장치자전거,원동기장치자전거,1133092,1685336,128.9612137,35.15447273
2014,2014-01-09,10,주간,목,1,2,1,0,0,서울,마포구,차대사람,횡단중,횡단중,운전자법규위반,보행자 보호의무 위반,단일로,횡단보도상,승용차,중형,보행자,보행자,951927,1950430,126.9557515,37.55195922
2014,2014-01-06,35,야간,월,1,1,0,0,0,충남,서천군,차량단독,공작물충돌,공작물충돌,운전자법규위반,안전운전 의무 불이행,교차로,교차로부근,승용차,중형,0,0,928478,1784593,126.7058864,36.05560859
2014,2014-09-22,10,야간,월,1,1,0,0,0,경남,함안군,차대차,추돌,진행중 추돌,운전자법규위반,안전운전 의무 불이행,단일로,기타단일로,특수차,대형,건설기계,건설기계,1079432,1699869,128.3735664,35.29117613
2014,2014-09-07,25,야간,일,1,2,1,0,0,경북,청도군,차대차,기타,기타,운전자법규위반,안전운전 의무 불이행,단일로,교량위,승용차,소형,승용차,중형,1113762,1738306,128.7564253,35.63435436
2014,2014-01-27,15,야간,월,1,1,0,0,0,전북,완주군,차대사람,횡단중,횡단중,운전자법규위반,안전운전 의무 불이행,단일로,기타단일로,승용차,대형,보행자,보행자,963340,1767843,127.0937234,35.90653404
2014,2014-01-27,0,야간,월,1,1,0,0,0,전남,고흥군,차대차,정면충돌,정면충돌,운전자법규위반,안전운전 의무 불이행,단일로,기타단일로,화물차,소형,이륜차,소형,981367,1626276,127.2967161,34.63053669
2014,2014-01-27,0,주간,월,1,1,0,0,0,경기,양주시,차대차,추돌,진행중 추돌,운전자법규위반,교차로 통행방법 위반,교차로,교차로내,화물차,중형,승용차,중형,952682,1978312,126.9624887,37.80329873
2014,2014-01-27,10,주간,월,1,1,0,0,0,경북,경주시,차대차,측면직각충돌,측면직각충돌,운전자법규위반,안전운전 의무 불이행,교차로,교차로내,승용차,중형,이륜차,소형,1154141,1762857,129.2069488,35.8501405
2014,2014-02-07,8,주간,금,1,1,0,0,0,전남,나주시,차대차,측면직각충돌,측면직각충돌,운전자법규위반,신호위반,교차로,교차로내,승용차,중형,이륜차,소형,928031,1668045,126.7112754,35.00480436
2014,2014-02-07,45,주간,금,1,3,1,1,0,경북,영주시,차대차,정면충돌,정면충돌,운전자법규위반,중앙선 침범,단일로,기타단일로,승용차,경형,화물차,경형,1101898,1881213,128.644067,36.92377742
2014,2014-02-14,10,야간,금,1,1,0,0,0,충북,괴산군,차량단독,기타,기타,운전자법규위반,안전운전 의무 불이행,단일로,기타단일로,원동기장치자전거,원동기장치자전거,0,0,1034669,1876107,127.8802851,36.88326335
2014,2014-02-16,15,야간,일,1,1,0,0,0,경기,성남시,차대사람,기타,기타,운전자법규위반,안전운전 의무 불이행,단일로,기타단일로,승용차,중형,보행자,보행자,965352,1926770,127.1088478,37.33930165
2014,2014-02-15,10,주간,토,1,1,0,0,0,대전,중구,차대사람,횡단중,횡단중,운전자법규위반,보행자 보호의무 위반,단일로,기타단일로,승합차,경형,보행자,보행자,992512,1813043,127.4165851,36.31470532
2014,2014-02-16,50,야간,일,1,1,0,0,0,경남,남해군,차대차,기타,기타,운전자법규위반,안전운전 의무 불이행,기타/불명,기타/불명,승용차,중형,농기계,농기계,1033865,1643857,127.8701665,34.78868646
2014,2014-02-15,40,주간,토,1,1,0,0,0,충북,청주시,차대사람,횡단중,횡단중,운전자법규위반,안전운전 의무 불이행,단일로,기타단일로,승합차,대형,보행자,보행자,1001052,1846692,127.5117648,36.61808764
2014,2014-02-17,50,주간,월,1,1,0,0,0,충남,예산군,차대차,정면충돌,정면충돌,운전자법규위반,신호위반,교차로,교차로내,화물차,대형,원동기장치자전거,원동기장치자전거,942927,1859655,126.8609006,36.73313354
2014,2014-02-15,38,주간,토,1,1,0,0,0,전북,부안군,차대사람,기타,기타,운전자법규위반,안전운전 의무 불이행,교차로,교차로부근,건설기계,건설기계,보행자,보행자,931019,1748123,126.7372572,35.72700405
2014,2014-06-22,31,야간,일,1,5,2,2,0,강원,원주시,차대차,정면충돌,정면충돌,운전자법규위반,중앙선 침범,교차로,교차로내,승용차,중형,승용차,경형,1044633,1936109,128.004436,37.42305234
2014,2014-05-17,10,야간,토,1,2,1,0,0,충남,보령시,차대차,추돌,진행중 추돌,운전자법규위반,안전운전 의무 불이행,교차로,교차로부근,승용차,대형,농기계,농기계,924941,1821852,126.6630476,36.39121877
2014,2014-05-15,5,주간,목,1,1,0,0,0,경기,용인시,차대사람,횡단중,횡단중,운전자법규위반,안전운전 의무 불이행,단일로,기타단일로,승용차,중형,보행자,보행자,974144,1912558,127.2083664,37.20973343
2014,2014-07-03,30,주간,목,1,1,0,0,0,충북,청주시,차량단독,공작물충돌,공작물충돌,운전자법규위반,안전운전 의무 불이행,단일로,기타단일로,화물차,대형,0,0,1009358,1858328,127.6047953,36.72293982
2014,2014-07-13,20,주간,일,1,1,0,0,0,강원,강릉시,차대사람,기타,기타,운전자법규위반,기타(운전자법규위반),단일로,기타단일로,승용차,중형,보행자,보행자,1123504,1975439,128.902296,37.77028544
2014,2014-07-14,37,야간,월,1,1,0,0,0,경남,사천시,차대차,추돌,주정차중 추돌,운전자법규위반,안전운전 의무 불이행,단일로,기타단일로,승용차,중형,특수차,대형,1050212,1674837,128.0507073,35.06736272
2014,2014-07-14,15,주간,월,1,2,1,0,0,울산,울주군,차대사람,기타,기타,운전자법규위반,안전운전 의무 불이행,단일로,기타단일로,화물차,소형,보행자,보행자,1150112,1728989,129.1560241,35.54552699
2014,2014-07-10,7,주간,목,1,1,0,0,0,충북,보은군,차대사람,보도통행중,보도통행중,운전자법규위반,안전운전 의무 불이행,기타/불명,기타/불명,승합차,대형,보행자,보행자,1019863,1831810,127.7217494,36.48371929
2014,2014-07-18,50,야간,금,1,1,0,0,0,경북,칠곡군,차량단독,기타,기타,운전자법규위반,안전운전 의무 불이행,단일로,기타단일로,이륜차,소형,0,0,1076129,1784081,128.3452112,36.05064325
2014,2014-07-17,34,야간,목,1,1,0,0,0,전북,고창군,차량단독,전도전복,전도전복,운전자법규위반,안전운전 의무 불이행,단일로,기타단일로,화물차,소형,0,0,922429,1716448,126.645324,35.44079667
2014,2014-06-26,56,야간,목,1,1,0,0,0,경북,경주시,차대차,추돌,진행중 추돌,운전자법규위반,안전운전 의무 불이행,단일로,기타단일로,승용차,중형,화물차,중형,1152969,1755819,129.192628,35.7868958
2014,2014-07-19,20,야간,토,1,1,0,0,0,전남,구례군,차량단독,공작물충돌,공작물충돌,운전자법규위반,안전운전 의무 불이행,단일로,기타단일로,승용차,경형,0,0,994393,1702511,127.4383148,35.31813789
2014,2014-07-25,0,주간,금,1,2,1,0,0,충남,아산시,차대차,정면충돌,정면충돌,운전자법규위반,중앙선 침범,단일로,기타단일로,화물차,소형,화물차,중형,942669,1868654,126.8572215,36.81433538
2014,2014-07-25,20,야간,금,1,2,1,0,0,서울,용산구,차대사람,횡단중,횡단중,운전자법규위반,보행자 보호의무 위반,단일로,횡단보도상,승용차,중형,보행자,보행자,953717,1948484,126.9761386,37.53451116
2014,2014-07-21,15,주간,월,1,1,0,0,0,서울,동대문구,차대차,기타,기타,운전자법규위반,신호위반,교차로,교차로내,승용차,중형,원동기장치자전거,원동기장치자전거,958536,1953261,127.0304113,37.57779694
2014,2014-08-02,40,주간,토,1,1,0,0,0,충북,음성군,차대차,기타,기타,운전자법규위반,교차로 통행방법 위반,교차로,교차로내,화물차,소형,원동기장치자전거,원동기장치자전거,1023914,1879727,127.7734252,36.91618093
2014,2014-08-02,25,야간,토,1,1,0,0,0,서울,관악구,차대차,기타,기타,운전자법규위반,신호위반,교차로,교차로내,원동기장치자전거,원동기장치자전거,승용차,중형,948962,1943561,126.9226626,37.48988822
2014,2014-07-30,30,야간,수,1,1,0,0,0,경기,용인시,차대사람,횡단중,횡단중,운전자법규위반,안전운전 의무 불이행,단일로,기타단일로,승용차,중형,보행자,보행자,963884,1924419,127.09239,37.31805449
2014,2014-08-05,55,야간,화,1,1,0,0,0,경북,봉화군,차량단독,도로이탈,도로이탈 추락,운전자법규위반,안전운전 의무 불이행,단일로,기타단일로,이륜차,사발이,0,0,1113996,1869668,128.7781341,36.81834381
2014,2014-08-06,35,주간,수,1,2,1,0,0,경남,하동군,차대차,정면충돌,정면충돌,운전자법규위반,중앙선 침범,단일로,기타단일로,승합차,소형,승합차,대형,1024927,1674192,127.7733753,35.06248868
2014,2014-08-06,56,야간,수,1,1,0,0,0,서울,종로구,차대사람,횡단중,횡단중,운전자법규위반,안전운전 의무 불이행,단일로,횡단보도상,승용차,중형,보행자,보행자,956945,1952634,127.0124303,37.5720726
2014,2014-08-06,0,야간,수,1,3,1,1,0,강원,삼척시,차대차,정면충돌,정면충돌,운전자법규위반,중앙선 침범,단일로,기타단일로,승용차,소형,화물차,중형,1163025,1913704,129.3371636,37.20792169
2014,2014-08-03,13,주간,일,1,3,2,0,0,부산,해운대구,차대차,추돌,주정차중 추돌,운전자법규위반,안전운전 의무 불이행,단일로,기타단일로,승용차,중형,화물차,중형,1148200,1692837,129.1283761,35.21996945
2014,2014-08-06,25,야간,수,1,1,0,0,0,대전,서구,차대사람,기타,기타,운전자법규위반,안전운전 의무 불이행,단일로,기타단일로,화물차,소형,보행자,보행자,988408,1817884,127.3707954,36.35830829
2014,2014-08-03,30,주간,일,1,1,0,0,0,전남,보성군,차량단독,공작물충돌,공작물충돌,운전자법규위반,안전운전 의무 불이행,단일로,기타단일로,승용차,중형,0,0,985864,1647949,127.3454142,34.82605164
2014,2014-08-03,10,야간,일,1,1,0,0,0,대구,북구,차대사람,횡단중,횡단중,운전자법규위반,안전운전 의무 불이행,교차로,교차로내,승용차,중형,보행자,보행자,1100935,1767437,128.618456,35.89835225
2014,2014-08-12,48,주간,화,1,1,0,0,0,인천,부평구,차대사람,횡단중,횡단중,운전자법규위반,신호위반,교차로,교차로내,승합차,대형,보행자,보행자,932819,1943560,126.7400675,37.48884577
2014,2014-08-12,0,야간,화,1,1,0,0,0,전북,군산시,차량단독,공작물충돌,공작물충돌,운전자법규위반,안전운전 의무 불이행,단일로,기타단일로,승용차,중형,0,0,912798,1771297,126.5332745,35.93447008
2014,2014-07-02,40,주간,수,1,1,0,0,0,경기,성남시,차대차,추돌,진행중 추돌,운전자법규위반,신호위반,교차로,교차로내,원동기장치자전거,원동기장치자전거,승용차,대형,965288,1940154,127.1074966,37.45993739
2014,2014-07-01,50,야간,화,1,1,0,0,0,전남,영암군,차대차,기타,기타,운전자법규위반,안전운전 의무 불이행,단일로,기타단일로,승용차,중형,승용차,중형,926811,1645242,126.699903,34.79910887
2014,2014-07-07,50,주간,월,1,1,0,0,0,경남,김해시,차대사람,차도통행중,차도통행중,운전자법규위반,안전운전 의무 불이행,교차로,교차로부근,승용차,중형,보행자,보행자,1124696,1696926,128.8708135,35.26002789
2014,2014-07-08,40,주간,화,1,3,1,1,0,경기,광주시,차대사람,기타,기타,운전자법규위반,안전운전 의무 불이행,단일로,기타단일로,승합차,소형,보행자,보행자,979314,1934828,127.2662423,37.41235082
2014,2014-07-05,0,주간,토,1,1,0,0,0,강원,홍천군,차대차,추돌,진행중 추돌,운전자법규위반,안전거리 미확보,단일로,기타단일로,승용차,중형,이륜차,대형,1037579,1968865,127.9144223,37.71013072
2014,2014-07-03,0,야간,목,1,3,2,0,0,경남,양산시,차대차,기타,기타,운전자법규위반,중앙선 침범,지하도로내,지하도로내,승용차,소형,승용차,소형,1139497,1705333,129.0349058,35.33385411
2014,2014-07-14,26,주간,월,1,1,0,0,0,광주,남구,차대사람,횡단중,횡단중,운전자법규위반,안전운전 의무 불이행,교차로,교차로부근,승용차,대형,보행자,보행자,947089,1682789,126.9191839,35.13892649
2014,2014-07-13,51,주간,일,1,1,0,0,0,서울,구로구,차대차,정면충돌,정면충돌,운전자법규위반,신호위반,교차로,교차로내,승합차,소형,원동기장치자전거,원동기장치자전거,945777,1942668,126.8867018,37.48165791
2014,2014-07-13,13,야간,일,1,1,0,0,0,부산,진구,차량단독,공작물충돌,공작물충돌,운전자법규위반,안전운전 의무 불이행,단일로,기타단일로,승용차,중형,0,0,1142790,1685016,129.0675982,35.15025759
2014,2014-07-12,0,주간,토,1,1,0,0,0,제주,서귀포시,차량단독,공작물충돌,공작물충돌,운전자법규위반,안전운전 의무 불이행,단일로,기타단일로,이륜차,사발이,0,0,932040,1479298,126.7700029,33.30297233
2014,2014-07-14,10,주간,월,1,1,0,0,0,경기,평택시,차대차,측면직각충돌,측면직각충돌,운전자법규위반,중앙선 침범,단일로,기타단일로,자전거,자전거,승용차,중형,941796,1887633,126.8459759,36.98535867
2014,2014-07-11,4,야간,금,1,1,0,0,0,경기,이천시,차량단독,공작물충돌,공작물충돌,운전자법규위반,안전운전 의무 불이행,교차로,교차로내,승용차,소형,0,0,995590,1913117,127.4502946,37.21686962
2014,2014-07-09,38,주간,수,1,1,0,0,0,강원,정선군,차량단독,전도전복,전도전복,운전자법규위반,안전운전 의무 불이행,단일로,기타단일로,화물차,대형,0,0,1113302,1916660,128.7774287,37.24192613
2014,2014-07-09,20,주간,수,1,1,0,0,0,충남,당진시,차대사람,차도통행중,차도통행중,운전자법규위반,안전운전 의무 불이행,단일로,기타단일로,화물차,대형,보행자,보행자,922958,1881908,126.6349012,36.93240179
2014,2014-07-18,15,야간,금,1,1,0,0,0,인천,남동구,차대사람,차도통행중,차도통행중,운전자법규위반,안전운전 의무 불이행,단일로,기타단일로,승용차,중형,보행자,보행자,933770,1939228,126.7512136,37.44987041
2014,2014-07-18,0,주간,금,1,1,0,0,0,경북,상주시,차대차,측면직각충돌,측면직각충돌,운전자법규위반,교차로 통행방법 위반,교차로,교차로내,화물차,중형,이륜차,소형,1056200,1815432,128.1262127,36.33463178
2014,2014-11-26,32,야간,수,1,1,0,0,0,경기,성남시,차대사람,횡단중,횡단중,운전자법규위반,안전운전 의무 불이행,단일로,기타단일로,승용차,중형,보행자,보행자,966775,1936520,127.1244742,37.42723677
2014,2014-07-17,55,주간,목,1,1,0,0,0,경남,진주시,차대사람,횡단중,횡단중,운전자법규위반,안전운전 의무 불이행,단일로,기타단일로,화물차,소형,보행자,보행자,1052627,1688600,128.0780693,35.19133764
2014,2014-07-17,16,주간,목,1,1,0,0,0,경기,평택시,차대사람,횡단중,횡단중,운전자법규위반,안전운전 의무 불이행,교차로,교차로부근,건설기계,건설기계,보행자,보행자,959519,1884441,127.0452892,36.95751549
2014,2014-07-14,27,야간,월,1,1,0,0,0,전북,익산시,차량단독,공작물충돌,공작물충돌,운전자법규위반,안전운전 의무 불이행,교차로,교차로내,승용차,중형,0,0,954150,1783075,126.9785516,36.03387111
2014,2014-07-14,0,야간,월,1,1,0,0,0,인천,연수구,차대사람,횡단중,횡단중,운전자법규위반,안전운전 의무 불이행,단일로,기타단일로,승용차,중형,보행자,보행자,926324,1936657,126.6672948,37.42613517
2014,2014-07-17,40,주간,목,1,1,0,0,0,전남,해남군,차대사람,기타,기타,운전자법규위반,안전운전 의무 불이행,교차로,교차로내,화물차,소형,보행자,보행자,907134,1613564,126.488299,34.51187884
2014,2014-07-15,50,야간,화,1,1,0,0,0,경기,포천시,차대사람,기타,기타,운전자법규위반,안전운전 의무 불이행,단일로,기타단일로,화물차,소형,보행자,보행자,968391,1981210,127.1408054,37.83009744
2014,2014-07-14,20,야간,월,1,1,0,0,0,충북,제천시,차대사람,횡단중,횡단중,운전자법규위반,안전운전 의무 불이행,교차로,교차로부근,승용차,중형,보행자,보행자,1064449,1902606,128.2254764,37.11991238
2014,2014-07-25,20,주간,금,1,4,2,1,0,전남,신안군,차대차,정면충돌,정면충돌,운전자법규위반,중앙선 침범,단일로,기타단일로,화물차,경형,승용차,중형,884842,1674635,126.2371266,35.0602169
2014,2014-07-26,50,야간,토,1,1,0,0,0,대전,중구,차대사람,횡단중,횡단중,운전자법규위반,안전운전 의무 불이행,교차로,교차로내,승용차,소형,보행자,보행자,990961,1812542,127.3993131,36.31017527
2014,2014-07-25,50,야간,금,1,1,0,0,0,충남,당진시,차대사람,기타,기타,운전자법규위반,안전운전 의무 불이행,기타/불명,기타/불명,화물차,중형,보행자,보행자,929259,1871944,126.7065782,36.8430832
2014,2014-07-26,20,야간,토,1,1,0,0,0,서울,동대문구,차대사람,횡단중,횡단중,운전자법규위반,안전운전 의무 불이행,교차로,교차로내,승용차,중형,보행자,보행자,961603,1952475,127.065186,37.57084555
2014,2014-07-23,30,주간,수,1,1,0,0,0,경남,김해시,차대차,기타,기타,운전자법규위반,안전운전 의무 불이행,교차로,교차로부근,건설기계,건설기계,자전거,자전거,1122853,1693871,128.8504435,35.23280347
2014,2014-07-22,20,야간,화,1,1,0,0,0,대구,달서구,차대차,측면직각충돌,측면직각충돌,운전자법규위반,안전운전 의무 불이행,교차로,교차로내,화물차,소형,자전거,자전거,1092464,1758122,128.5235233,35.81521765
2014,2014-07-22,10,야간,화,1,1,0,0,0,전남,여수시,차대사람,횡단중,횡단중,운전자법규위반,과속,단일로,교량위,승용차,소형,보행자,보행자,1020976,1638463,127.7287331,34.74039257
2014,2014-08-02,40,주간,토,1,4,0,3,0,경기,남양주시,차대차,추돌,진행중 추돌,운전자법규위반,안전운전 의무 불이행,단일로,기타단일로,건설기계,건설기계,승용차,대형,971026,1966948,127.1713176,37.70163997
2014,2014-08-02,0,주간,토,1,1,0,0,0,전남,여수시,차량단독,공작물충돌,공작물충돌,운전자법규위반,안전운전 의무 불이행,교차로,교차로내,승용차,중형,0,0,1020269,1638858,127.7214343,34.74396809
2014,2014-07-31,50,주간,목,1,1,0,0,0,경남,김해시,차량단독,공작물충돌,공작물충돌,운전자법규위반,안전운전 의무 불이행,교차로,교차로내,화물차,소형,0,0,1130101,1702316,128.9310707,35.30792677
2014,2014-07-27,0,야간,일,1,1,0,0,0,경북,김천시,차량단독,기타,기타,운전자법규위반,안전운전 의무 불이행,교차로,교차로내,원동기장치자전거,원동기장치자전거,0,0,1047819,1778631,128.0305897,36.00331254
2014,2014-07-30,45,야간,수,1,1,0,0,0,경기,광주시,차량단독,기타,기타,운전자법규위반,안전운전 의무 불이행,단일로,기타단일로,자전거,자전거,0,0,981337,1932246,127.2891679,37.38912029
2014,2014-07-27,18,주간,일,1,1,0,0,0,제주,제주시,차량단독,공작물충돌,공작물충돌,운전자법규위반,안전운전 의무 불이행,단일로,기타단일로,승용차,소형,0,0,919153,1505148,126.6292651,33.53521624
2014,2014-07-27,29,야간,일,1,2,0,1,0,광주,동구,차대사람,기타,기타,운전자법규위반,안전운전 의무 불이행,교차로,교차로내,승용차,중형,보행자,보행자,948362,1683945,126.9330851,35.14941606
2014,2014-07-27,0,야간,일,1,1,0,0,0,경북,김천시,차대차,측면직각충돌,측면직각충돌,운전자법규위반,과속,단일로,기타단일로,승합차,소형,자전거,자전거,1050186,1792699,128.0577469,36.13002237
2014,2014-07-03,47,야간,목,1,1,0,0,0,부산,금정구,차대사람,기타,기타,운전자법규위반,안전운전 의무 불이행,단일로,기타단일로,화물차,소형,보행자,보행자,1147130,1694076,129.116845,35.23129473
2014,2014-07-03,4,야간,목,1,1,0,0,0,인천,남동구,차대사람,기타,기타,운전자법규위반,안전운전 의무 불이행,단일로,기타단일로,승용차,중형,보행자,보행자,929453,1940164,126.7023209,37.45798716
2014,2014-06-30,25,주간,월,1,1,0,0,0,경남,거창군,차대차,기타,기타,운전자법규위반,교차로 통행방법 위반,교차로,교차로내,이륜차,소형,화물차,대형,1035931,1742900,127.8970774,35.68167411
2014,2014-07-07,26,주간,월,1,2,1,0,0,인천,연수구,차대차,측면직각충돌,측면직각충돌,운전자법규위반,중앙선 침범,단일로,기타단일로,승용차,중형,승용차,소형,925200,1933824,126.6548793,37.4005117
2014,2014-07-03,35,주간,목,1,1,0,0,0,강원,평창군,차대차,기타,기타,운전자법규위반,안전운전 의무 불이행,단일로,기타단일로,승용차,중형,승합차,소형,1077931,1938881,128.3810262,37.44583088
2014,2014-07-04,40,야간,금,1,1,0,0,0,대전,서구,차대사람,기타,기타,운전자법규위반,안전운전 의무 불이행,단일로,기타단일로,승용차,대형,보행자,보행자,988505,1817817,127.3649329,36.35817559
2014,2014-07-14,40,주간,월,1,1,0,0,0,전북,익산시,차대차,측면직각충돌,측면직각충돌,운전자법규위반,안전운전 의무 불이행,단일로,기타단일로,승합차,중형,자전거,자전거,953333,1773446,126.9824975,35.95662249
2014,2014-07-12,5,야간,토,1,1,0,0,0,경기,부천시,차대사람,횡단중,횡단중,운전자법규위반,안전운전 의무 불이행,교차로,교차로내,승용차,중형,보행자,보행자,934313,1944797,126.7568554,37.50010224
2014,2014-07-08,48,야간,화,1,1,0,0,0,경기,광주시,차대사람,기타,기타,운전자법규위반,안전운전 의무 불이행,교차로,교차로내,승용차,대형,보행자,보행자,974614,1934101,127.2131565,37.40568093
2014,2014-07-08,25,주간,화,1,1,0,0,0,인천,남동구,차대사람,차도통행중,차도통행중,운전자법규위반,안전운전 의무 불이행,단일로,기타단일로,승용차,중형,보행자,보행자,930591,1940517,126.715154,37.46125486
2014,2014-07-15,0,야간,화,1,4,1,2,0,경기,김포시,차대차,측면직각충돌,측면직각충돌,운전자법규위반,교차로 통행방법 위반,교차로,교차로내,승용차,중형,이륜차,소형,930486,1958948,126.7122206,37.6273609
2014,2014-07-16,25,야간,수,1,1,0,0,0,광주,북구,차대사람,횡단중,횡단중,운전자법규위반,안전운전 의무 불이행,단일로,기타단일로,승용차,중형,보행자,보행자,947032,1688104,126.9182171,35.18684743
2014,2014-07-25,15,야간,금,1,1,0,0,0,경기,수원시,차대사람,횡단중,횡단중,운전자법규위반,안전운전 의무 불이행,단일로,기타단일로,승용차,대형,보행자,보행자,956658,1917275,127.0112555,37.25335185
2014,2014-07-26,0,주간,토,1,1,0,0,0,경남,하동군,차량단독,공작물충돌,공작물충돌,운전자법규위반,안전운전 의무 불이행,단일로,기타단일로,자전거,자전거,0,0,1035325,1664256,127.8869862,34.97258309
2014,2014-01-05,25,야간,일,1,1,0,0,0,광주,북구,차대사람,횡단중,횡단중,운전자법규위반,안전운전 의무 불이행,단일로,기타단일로,승용차,중형,보행자,보행자,942911,1686814,126.873045,35.17499009
2014,2014-01-06,35,야간,월,1,1,0,0,0,경기,하남시,차대사람,횡단중,횡단중,운전자법규위반,안전운전 의무 불이행,교차로,교차로내,승용차,중형,보행자,보행자,973432,1950416,127.1992121,37.55270424