발생년,발생년월일시분,발생분,주야,요일,사망자수,사상자수,중상자수,경상자수,부상신고자수,발생지시도,발생지시군구,사고유형_대분류,사고유형_중분류,사고유형,법규위반_대분류,법규위반,도로형태_대분류,도로형태,당사자종별_1당_대분류,당사자종별_1당,당사자종별_2당_대분류,당사자종별_2당,발생위치X_UTMK,발생위치Y_UTMK,경도,위도
2014,2014-06-04,40,야간,수,1,3,2,0,0,경기,화성시,차대차,정면충돌,정면충돌,운전자법규위반,중앙선 침범,단일로,기타단일로,화물차,소형,승용차,대형,937552,1910906,126.7977635,37.19955581
2014,2014-06-04,40,주간,수,1,1,0,0,0,경북,봉화군,차대차,추돌,진행중 추돌,운전자법규위반,안전운전 의무 불이행,단일로,기타단일로,승용차,중형,농기계,농기계,1112198,1872709,128.7584281,36.8459658
2014,2014-06-05,27,야간,목,1,1,0,0,0,대전,중구,차대사람,횡단중,횡단중,운전자법규위반,안전운전 의무 불이행,단일로,횡단보도부근,승용차,대형,보행자,보행자,993407,1814448,127.4265434,36.32737857
2014,2014-06-05,0,야간,목,1,1,0,0,0,충남,보령시,차량단독,도로이탈,도로이탈 기타,운전자법규위반,안전운전 의무 불이행,단일로,기타단일로,화물차,소형,0,0,919449,1815693,126.6024529,36.33525499
2014,2014-06-02,0,야간,월,1,1,0,0,0,전북,군산시,차대사람,기타,기타,운전자법규위반,안전운전 의무 불이행,단일로,기타단일로,승용차,대형,보행자,보행자,928707,1775076,126.7092862,35.96982905
2014,2014-06-02,5,주간,월,1,2,0,1,0,충남,논산시,차대차,추돌,진행중 추돌,운전자법규위반,안전거리 미확보,교차로,교차로부근,화물차,소형,승용차,대형,974680,1801514,127.218315,36.21046267
2014,2014-06-12,50,야간,목,1,1,0,0,0,전남,순천시,차대차,측면직각충돌,측면직각충돌,운전자법규위반,안전운전 의무 불이행,교차로,교차로부근,승용차,중형,승용차,중형,1004355,1663258,127.5477044,34.96419088
2014,2014-06-12,15,야간,목,1,1,0,0,0,대구,중구,차대사람,횡단중,횡단중,운전자법규위반,안전운전 의무 불이행,교차로,교차로내,승용차,소형,보행자,보행자,1097288,1765185,128.5777751,35.87842111
2014,2014-06-12,15,주간,목,1,1,0,0,0,경기,용인시,차대차,추돌,진행중 추돌,운전자법규위반,중앙선 침범,단일로,기타단일로,화물차,경형,이륜차,소형,973787,1909647,127.2058101,37.13947998
2014,2014-06-24,0,야간,화,1,2,1,0,0,대전,서구,차대차,측면직각충돌,측면직각충돌,운전자법규위반,안전운전 의무 불이행,교차로,교차로부근,원동기장치자전거,원동기장치자전거,승용차,중형,985485,1814992,127.3382697,36.33219612
2014,2014-06-24,34,주간,화,1,2,1,0,0,충남,홍성군,차대차,기타,기타,운전자법규위반,안전운전 의무 불이행,단일로,기타단일로,승용차,중형,특수차,대형,920573,1832605,126.6132447,36.48779725
2014,2014-06-25,25,주간,수,1,1,0,0,0,경북,성주군,차대차,기타,기타,운전자법규위반,직진 및 우회전차의 통행방해,교차로,교차로내,이륜차,소형,승용차,중형,1070896,1770112,128.2858678,35.92510667
2014,2014-06-21,40,주간,토,1,1,0,0,0,충북,옥천군,차대차,기타,기타,운전자법규위반,안전운전 의무 불이행,단일로,기타단일로,화물차,소형,승용차,중형,1015206,1826840,127.6696615,36.438999
2014,2014-07-28,20,주간,월,1,1,0,0,0,경북,경산시,차량단독,도로이탈,도로이탈 기타,운전자법규위반,안전운전 의무 불이행,단일로,기타단일로,이륜차,소형,0,0,1114441,1759116,128.7668901,35.82186034
2014,2014-08-14,15,주간,목,1,1,0,0,0,서울,강서구,차대차,기타,기타,운전자법규위반,안전운전 의무 불이행,교차로,교차로내,자전거,자전거,승합차,대형,943794,1950435,126.8636799,37.55154399
2014,2014-08-13,57,주간,수,1,1,0,0,0,경남,창원시(통합),차대사람,횡단중,횡단중,운전자법규위반,안전운전 의무 불이행,교차로,교차로내,승용차,경형,보행자,보행자,1096871,1688645,128.5640052,35.18844886
2014,2014-08-14,0,야간,목,1,1,0,0,0,충북,청주시,차대사람,횡단중,횡단중,운전자법규위반,안전운전 의무 불이행,단일로,기타단일로,승합차,대형,보행자,보행자,999565,1847190,127.4951361,36.6222765
2014,2014-08-14,10,야간,목,1,1,0,0,0,대구,서구,차대차,추돌,주정차중 추돌,운전자법규위반,안전운전 의무 불이행,단일로,기타단일로,승용차,중형,화물차,대형,1093913,1762928,128.5401259,35.85840467
2014,2014-07-28,45,야간,월,1,1,0,0,0,충북,영동군,차대차,기타,기타,운전자법규위반,교차로 통행방법 위반,교차로,교차로내,승용차,중형,원동기장치자전거,원동기장치자전거,1014668,1792618,127.6630159,36.13047969
2014,2014-07-28,0,야간,월,1,1,0,0,0,광주,서구,차량단독,전도전복,전도전복,운전자법규위반,안전운전 의무 불이행,교차로,교차로부근,원동기장치자전거,원동기장치자전거,0,0,942996,1681822,126.8743641,35.1299388
2014,2014-08-07,30,주간,목,1,1,0,0,0,전남,나주시,차대차,측면직각충돌,측면직각충돌,운전자법규위반,안전운전 의무 불이행,단일로,기타단일로,승용차,중형,원동기장치자전거,원동기장치자전거,912473,1662080,126.541418,34.94979515
2014,2014-08-06,20,야간,수,1,2,0,1,0,대구,달서구,차대사람,기타,기타,운전자법규위반,안전운전 의무 불이행,교차로,교차로부근,승용차,소형,보행자,보행자,1095205,1760485,128.5541417,35.83625718
2014,2014-08-13,55,야간,수,1,1,0,0,0,부산,기장군,차량단독,기타,기타,운전자법규위반,기타(운전자법규위반),교차로,교차로내,화물차,중형,0,0,1155916,1696572,129.2138323,35.25246329
2014,2014-08-09,55,야간,토,1,1,0,0,0,충남,예산군,차대사람,횡단중,횡단중,운전자법규위반,보행자 보호의무 위반,교차로,교차로부근,승합차,소형,보행자,보행자,934848,1837704,126.7721735,36.53483984
2014,2014-08-10,20,주간,일,1,1,0,0,0,경북,구미시,차대차,측면직각충돌,측면직각충돌,운전자법규위반,안전운전 의무 불이행,단일로,기타단일로,승용차,대형,이륜차,소형,1076744,1796338,128.3537562,36.16323105
2014,2014-08-11,11,주간,월,1,1,0,0,0,충남,홍성군,차량단독,도로이탈,도로이탈 추락,운전자법규위반,안전운전 의무 불이행,교차로,교차로부근,원동기장치자전거,원동기장치자전거,0,0,918623,1843209,126.5903577,36.58321791
2014,2014-08-12,45,야간,화,1,1,0,0,0,서울,종로구,차대사람,기타,기타,운전자법규위반,안전운전 의무 불이행,단일로,기타단일로,승용차,대형,보행자,보행자,955773,1952501,126.9991667,37.57081828
2014,2014-07-01,20,주간,화,1,1,0,0,0,전남,해남군,차대사람,기타,기타,운전자법규위반,안전운전 의무 불이행,단일로,기타단일로,승합차,소형,보행자,보행자,924242,1618454,126.6742648,34.55753682
2014,2014-07-10,0,주간,목,3,6,3,0,0,부산,해운대구,차량단독,주/정차차량 충돌,주/정차차량 충돌,운전자법규위반,안전운전 의무 불이행,교차로,교차로부근,승용차,중형,승용차,중형,1148208,1689216,129.1278124,35.18733043
2014,2014-07-20,25,야간,일,1,1,0,0,0,부산,남구,차량단독,기타,기타,운전자법규위반,안전운전 의무 불이행,단일로,터널안,원동기장치자전거,원동기장치자전거,0,0,1145332,1682578,129.0950668,35.1279179
2014,2014-07-20,38,주간,일,1,4,1,2,0,경기,수원시,차대차,정면충돌,정면충돌,운전자법규위반,중앙선 침범,단일로,기타단일로,승용차,중형,승용차,중형,957600,1923827,127.0215038,37.31245287
2014,2014-10-28,0,주간,화,5,5,0,0,0,전북,김제시,차대차,추돌,주정차중 추돌,운전자법규위반,과속,단일로,기타단일로,승용차,소형,화물차,중형,953365,1748530,126.9843086,35.73198607
2014,2014-01-08,50,주간,수,1,1,0,0,0,대전,유성구,차대사람,길가장자리구역통행중,길가장자리구역통행중,운전자법규위반,안전운전 의무 불이행,단일로,기타단일로,승용차,소형,보행자,보행자,983407,1814591,127.3151246,36.32854737
2014,2014-01-08,30,야간,수,1,1,0,0,0,충남,아산시,차대사람,횡단중,횡단중,운전자법규위반,안전운전 의무 불이행,단일로,기타단일로,불명,불명,보행자,보행자,952718,1869614,126.9693713,36.8256972
2014,2014-06-30,30,주간,월,1,1,0,0,0,전남,보성군,차대차,측면직각충돌,측면직각충돌,운전자법규위반,안전운전 의무 불이행,단일로,기타단일로,원동기장치자전거,원동기장치자전거,원동기장치자전거,원동기장치자전거,961301,1641874,127.0770871,34.77063256
2014,2014-07-05,15,야간,토,1,1,0,0,0,전남,영광군,차대사람,횡단중,횡단중,운전자법규위반,안전운전 의무 불이행,단일로,기타단일로,승용차,중형,보행자,보행자,909089,1699020,126.5003016,35.28254431
2014,2014-07-07,5,주간,월,1,3,1,1,0,전북,남원시,차대차,추돌,진행중 추돌,운전자법규위반,앞지르기 금지위반,교차로,교차로내,화물차,소형,화물차,소형,1001735,1716177,127.5200088,35.44040277
2014,2014-07-05,10,야간,토,1,3,1,1,0,전북,전주시,차대사람,횡단중,횡단중,운전자법규위반,보행자 보호의무 위반,교차로,교차로내,승용차,중형,보행자,보행자,966997,1754616,127.1347977,35.78740981
2014,2014-07-03,19,야간,목,1,1,0,0,0,충북,충주시,차대사람,횡단중,횡단중,운전자법규위반,안전운전 의무 불이행,단일로,기타단일로,승용차,소형,보행자,보행자,1032780,1885040,127.8682357,36.96321479
2014,2014-07-05,35,야간,토,1,1,0,0,0,광주,동구,차대사람,기타,기타,운전자법규위반,안전운전 의무 불이행,단일로,기타단일로,화물차,소형,보행자,보행자,948919,1682068,126.939316,35.13251999
2014,2014-07-13,0,주간,일,1,1,0,0,0,서울,강북구,차대차,측면직각충돌,측면직각충돌,운전자법규위반,직진 및 우회전차의 통행방해,교차로,교차로내,승용차,경형,자전거,자전거,958378,1959742,127.0282532,37.63620434
2014,2014-07-10,20,야간,목,1,1,0,0,0,전남,여수시,차대차,추돌,진행중 추돌,운전자법규위반,안전운전 의무 불이행,교차로,교차로부근,승용차,대형,화물차,소형,1013318,1642990,127.6455618,34.78134388
2014,2014-07-19,45,주간,토,1,1,0,0,0,경북,칠곡군,차량단독,전도전복,전도전복,운전자법규위반,안전운전 의무 불이행,단일로,기타단일로,원동기장치자전거,원동기장치자전거,0,0,1089145,1775441,128.4887283,35.97165148
2014,2014-07-19,5,주간,토,1,1,0,0,0,부산,영도구,차대사람,기타,기타,운전자법규위반,안전운전 의무 불이행,단일로,횡단보도부근,승합차,중형,보행자,보행자,1140478,1678135,129.0410557,35.08855802
2014,2014-07-17,51,야간,목,1,1,0,0,0,경기,고양시,차대차,추돌,주정차중 추돌,운전자법규위반,안전운전 의무 불이행,단일로,기타단일로,승용차,중형,건설기계,건설기계,939686,1956402,126.8166839,37.60506421
2014,2014-07-16,35,주간,수,1,1,0,0,0,충북,진천군,차대차,측면직각충돌,측면직각충돌,운전자법규위반,안전운전 의무 불이행,교차로,교차로내,화물차,대형,이륜차,소형,997213,1874765,127.4687297,36.8711571
2014,2014-07-24,30,야간,목,1,3,1,1,0,경북,영주시,차대사람,횡단중,횡단중,운전자법규위반,안전운전 의무 불이행,단일로,기타단일로,승용차,중형,보행자,보행자,1100191,1868877,128.6232758,36.81277744
2014,2014-07-25,16,주간,금,1,1,0,0,0,전남,여수시,차대차,측면직각충돌,측면직각충돌,운전자법규위반,안전운전 의무 불이행,교차로,교차로내,승용차,중형,이륜차,소형,1018238,1639421,127.6992584,34.74908341
2014,2014-07-24,13,야간,목,1,1,0,0,0,전북,순창군,차대사람,차도통행중,차도통행중,운전자법규위반,안전운전 의무 불이행,단일로,기타단일로,승용차,중형,보행자,보행자,963373,1720548,127.0962441,35.48011507
2014,2014-07-21,55,주간,월,1,1,0,0,0,경기,오산시,차대차,기타,기타,운전자법규위반,안전거리 미확보,교차로,교차로부근,승용차,경형,승합차,대형,961276,1907375,127.0638426,37.16431824
2014,2014-08-01,5,주간,금,1,1,0,0,0,전북,남원시,차대차,기타,기타,운전자법규위반,안전운전 의무 불이행,단일로,기타단일로,화물차,중형,이륜차,사발이,1002606,1715752,127.5287121,35.4375427
2014,2014-07-28,54,주간,월,1,1,0,0,0,부산,강서구,차대사람,기타,기타,운전자법규위반,안전운전 의무 불이행,단일로,기타단일로,승용차,소형,보행자,보행자,1129534,1689077,128.9459627,35.21509128
2014,2014-07-27,30,야간,일,1,1,0,0,0,충남,부여군,차대차,기타,기타,운전자법규위반,안전운전 의무 불이행,단일로,기타단일로,승용차,경형,승용차,소형,935244,1809325,126.7789648,36.27904109
2014,2014-07-27,22,야간,일,1,3,2,0,0,강원,철원군,차대차,정면충돌,정면충돌,운전자법규위반,교차로 통행방법 위반,교차로,교차로내,승용차,중형,승용차,중형,970816,2028531,127.1654686,38.2450385
2014,2014-08-14,25,야간,목,1,1,0,0,0,대전,서구,차량단독,공작물충돌,공작물충돌,운전자법규위반,안전운전 의무 불이행,단일로,기타단일로,승용차,소형,0,0,988171,1812426,127.3682367,36.30909926
2014,2014-08-11,10,야간,월,1,2,0,1,0,경기,김포시,차대사람,기타,기타,운전자법규위반,안전운전 의무 불이행,단일로,기타단일로,화물차,중형,보행자,보행자,929025,1961754,126.6950287,37.64317124
2014,2014-08-07,30,야간,목,1,1,0,0,0,경남,창원시(통합),차대사람,횡단중,횡단중,운전자법규위반,과속,단일로,기타단일로,승용차,중형,보행자,보행자,1105051,1694826,128.6546255,35.24334973
2014,2014-08-09,40,주간,토,1,2,1,0,0,경기,여주시,차대차,기타,기타,운전자법규위반,직진 및 우회전차의 통행방해,교차로,교차로내,원동기장치자전거,원동기장치자전거,승용차,중형,1004527,1912483,127.5510203,37.21115412
2014,2014-08-09,55,야간,토,1,1,0,0,0,전남,여수시,차대차,추돌,주정차중 추돌,운전자법규위반,안전운전 의무 불이행,단일로,기타단일로,이륜차,소형,승용차,대형,1020123,1637780,127.7198135,34.73424983
2014,2014-08-19,40,야간,화,1,1,0,0,0,서울,광진구,차대사람,기타,기타,운전자법규위반,과속,단일로,기타단일로,승용차,중형,보행자,보행자,963083,1950856,127.0819542,37.55635291
2014,2014-07-05,50,주간,토,1,5,3,0,1,제주,서귀포시,차량단독,전도전복,전도전복,정비불량,정비불량 제차의 운전금지위반,단일로,기타단일로,화물차,소형,0,0,904910,1474646,126.4791072,33.25896468
2014,2014-01-07,44,야간,화,1,1,0,0,0,부산,진구,차량단독,전도전복,전도전복,운전자법규위반,안전운전 의무 불이행,단일로,기타단일로,이륜차,소형,0,0,1143280,1685220,129.0730385,35.15196323
2014,2014-05-15,30,주간,목,1,1,0,0,0,서울,강남구,차대사람,기타,기타,운전자법규위반,안전운전 의무 불이행,단일로,기타단일로,화물차,소형,보행자,보행자,958618,1946178,127.0317394,37.51395947
2014,2014-07-20,40,주간,일,1,2,0,1,0,광주,광산구,차대차,추돌,진행중 추돌,운전자법규위반,안전거리 미확보,단일로,기타단일로,화물차,소형,이륜차,중형,938681,1692196,126.8262797,35.22368833
2014,2014-07-17,5,주간,목,1,1,0,0,0,울산,북구,차대사람,기타,기타,운전자법규위반,안전운전 의무 불이행,단일로,기타단일로,화물차,대형,보행자,보행자,1168511,1733309,129.3598097,35.58150042
2014,2014-07-14,30,야간,월,1,1,0,0,0,전남,순천시,차대차,기타,기타,운전자법규위반,안전운전 의무 불이행,교차로,교차로부근,승용차,대형,농기계,농기계,998180,1667656,127.4800542,35.00385742
2014,2014-07-15,40,주간,화,1,1,0,0,0,경기,의정부시,차대사람,기타,기타,운전자법규위반,과속,단일로,기타단일로,승용차,중형,보행자,보행자,962704,1972909,127.0766088,37.75506595
2014,2014-07-15,10,야간,화,1,1,0,0,0,강원,춘천시,차대사람,기타,기타,운전자법규위반,안전운전 의무 불이행,단일로,횡단보도부근,승합차,대형,보행자,보행자,1021499,1987528,127.744497,37.88733613
2014,2014-07-26,9,야간,토,1,1,0,0,0,전남,장흥군,차량단독,도로이탈,도로이탈 추락,운전자법규위반,기타(운전자법규위반),단일로,기타단일로,농기계,농기계,0,0,947245,1610678,126.9254282,34.48869107
2014,2014-07-25,20,주간,금,1,1,0,0,0,대전,유성구,차대차,측면직각충돌,측면직각충돌,운전자법규위반,교차로 통행방법 위반,교차로,교차로내,원동기장치자전거,원동기장치자전거,승용차,경형,989453,1826723,127.3823229,36.43800677
2014,2014-07-25,26,주간,금,2,7,5,0,0,충남,아산시,차대차,정면충돌,정면충돌,운전자법규위반,중앙선 침범,단일로,기타단일로,승용차,대형,승용차,대형,943162,1875901,126.8622062,36.87969033
2014,2014-07-25,5,야간,금,1,1,0,0,0,경기,안산시,차대차,추돌,진행중 추돌,운전자법규위반,신호위반,교차로,교차로내,이륜차,소형,승용차,중형,938579,1926397,126.8066457,37.3345544
2014,2014-07-22,30,주간,화,1,2,0,1,0,경남,의령군,차대사람,길가장자리구역통행중,길가장자리구역통행중,운전자법규위반,안전운전 의무 불이행,단일로,기타단일로,특수차,대형,보행자,보행자,1054757,1708275,128.1027779,35.36862384
2014,2014-07-24,15,주간,목,1,1,0,0,0,서울,서초구,차대차,기타,기타,운전자법규위반,교차로 통행방법 위반,교차로,교차로부근,승용차,중형,이륜차,중형,954183,1941985,126.9818179,37.47595707
2014,2014-07-24,30,야간,목,1,1,0,0,0,경남,창원시(통합),차량단독,공작물충돌,공작물충돌,운전자법규위반,안전운전 의무 불이행,단일로,기타단일로,승용차,중형,0,0,1098127,1702844,128.5794945,35.31633743
2014,2014-07-21,59,주간,월,1,1,0,0,0,경기,성남시,차대차,기타,기타,운전자법규위반,안전운전 의무 불이행,단일로,기타단일로,승용차,소형,화물차,대형,966067,1936553,127.1164707,37.42750853
2014,2014-08-02,30,주간,토,1,4,3,0,0,경남,거제시,차대차,정면충돌,정면충돌,운전자법규위반,중앙선 침범,단일로,기타단일로,승용차,소형,승용차,소형,1105590,1661242,128.6562663,34.94051798
2014,2014-08-02,20,야간,토,1,1,0,0,0,충남,당진시,차량단독,공작물충돌,공작물충돌,운전자법규위반,안전운전 의무 불이행,교차로,교차로부근,승용차,대형,0,0,933232,1875324,126.7753148,36.78646027
2014,2014-08-01,6,야간,금,1,1,0,0,0,대구,달성군,차대차,기타,기타,운전자법규위반,안전운전 의무 불이행,단일로,기타단일로,이륜차,소형,승용차,중형,1084806,1748272,128.4377212,35.72711102
2014,2014-08-15,25,주간,금,1,2,0,1,0,경기,양주시,차대차,추돌,진행중 추돌,운전자법규위반,안전운전 의무 불이행,단일로,기타단일로,화물차,소형,승용차,대형,955146,1979321,126.9904151,37.81251706
2014,2014-08-15,40,주간,금,1,1,0,0,0,전남,해남군,차대차,기타,기타,운전자법규위반,안전운전 의무 불이행,단일로,기타단일로,원동기장치자전거,원동기장치자전거,화물차,소형,916217,1618782,126.5867257,34.55970883
2014,2014-08-13,5,야간,수,1,1,0,0,0,서울,강서구,차대사람,기타,기타,운전자법규위반,안전운전 의무 불이행,교차로,교차로부근,화물차,소형,보행자,보행자,939194,1951940,126.8114808,37.56481632
2014,2014-07-02,35,야간,수,1,1,0,0,0,경기,안산시,차대사람,기타,기타,운전자법규위반,안전운전 의무 불이행,단일로,기타단일로,승용차,중형,보행자,보행자,943034,1924227,126.8570999,37.31527942
2014,2014-07-08,55,주간,화,1,1,0,0,0,경기,수원시,차대사람,기타,기타,운전자법규위반,안전운전 의무 불이행,교차로,교차로내,승용차,중형,보행자,보행자,961594,1919783,127.0667851,37.27617504
2014,2014-07-07,40,야간,월,1,2,0,1,0,충남,부여군,차대차,측면직각충돌,측면직각충돌,운전자법규위반,서행 및 일시정지위반,교차로,교차로내,승용차,경형,이륜차,소형,948959,1797773,126.9324219,36.17572124
2014,2014-07-07,40,주간,월,1,1,0,0,0,경기,안성시,차대사람,기타,기타,운전자법규위반,안전운전 의무 불이행,교차로,교차로내,농기계,농기계,보행자,보행자,979260,1898140,127.2666541,37.08164479
2014,2014-07-06,55,주간,일,1,3,0,2,0,경북,고령군,차대차,정면충돌,정면충돌,운전자법규위반,안전운전 의무 불이행,단일로,기타단일로,화물차,소형,승용차,중형,1075936,1742923,128.3391478,35.67961185
2014,2014-07-04,12,주간,금,1,1,0,0,0,광주,서구,차대사람,기타,기타,운전자법규위반,안전운전 의무 불이행,단일로,기타단일로,화물차,소형,보행자,보행자,945514,1684574,126.9017779,35.15493726
2014,2014-07-04,45,야간,금,1,1,0,0,0,인천,계양구,차대사람,횡단중,횡단중,운전자법규위반,보행자 보호의무 위반,교차로,교차로부근,승합차,중형,보행자,보행자,933027,1949350,126.7418924,37.5410453
2014,2014-07-03,40,야간,목,1,2,1,0,0,경남,창녕군,차대사람,횡단중,횡단중,운전자법규위반,보행자 보호의무 위반,교차로,교차로부근,승용차,소형,보행자,보행자,1093150,1718402,128.5265263,35.45707564
2014,2014-07-13,35,야간,일,1,1,0,0,0,대구,동구,차량단독,전도전복,전도전복,운전자법규위반,안전운전 의무 불이행,단일로,기타단일로,이륜차,소형,0,0,1106416,1773682,128.6800156,35.95406461
2014,2014-07-12,15,야간,토,1,1,0,0,0,충남,금산군,차대사람,횡단중,횡단중,운전자법규위반,과속,교차로,교차로부근,승용차,소형,보행자,보행자,997489,1798337,127.472264,36.18278836
2014,2014-07-12,35,주간,토,1,1,0,0,0,전남,해남군,차량단독,전도전복,전도전복,운전자법규위반,안전운전 의무 불이행,단일로,기타단일로,원동기장치자전거,원동기장치자전거,0,0,901626,1620671,126.427481,34.57544772
2014,2014-07-09,0,야간,수,1,1,0,0,0,서울,관악구,차대사람,기타,기타,운전자법규위반,기타(운전자법규위반),단일로,기타단일로,승용차,중형,보행자,보행자,949089,1943208,126.9241236,37.48671357
2014,2014-07-20,50,주간,일,1,1,0,0,0,경기,양주시,차대차,추돌,진행중 추돌,운전자법규위반,안전운전 의무 불이행,단일로,기타단일로,자전거,자전거,승용차,중형,954679,1980144,126.9850582,37.81991154
2014,2014-07-19,40,야간,토,1,1,0,0,0,경남,창원시(통합),차대차,측면직각충돌,측면직각충돌,운전자법규위반,신호위반,교차로,교차로내,승합차,대형,이륜차,소형,1105910,1694046,128.6639646,35.23622742
2014,2014-07-15,50,야간,화,1,1,0,0,0,전북,김제시,차대사람,횡단중,횡단중,운전자법규위반,안전운전 의무 불이행,단일로,기타단일로,승용차,중형,보행자,보행자,956170,1753631,127.0150464,35.77810556
2014,2014-07-18,0,야간,금,1,1,0,0,0,전남,장성군,차량단독,기타,기타,운전자법규위반,안전운전 의무 불이행,단일로,기타단일로,승용차,소형,0,0,922635,1693808,126.6497346,35.23669187
2014,2014-07-15,45,야간,화,1,4,3,0,0,경기,화성시,차대차,기타,기타,운전자법규위반,신호위반,교차로,교차로내,승용차,대형,승용차,대형,933858,1912782,126.7545674,37.21151473
2014,2014-07-26,40,주간,토,1,1,0,0,0,강원,인제군,차량단독,도로이탈,도로이탈 추락,운전자법규위반,기타(운전자법규위반),단일로,기타단일로,화물차,대형,0,0,1068964,2007905,128.2859544,38.07061046
2014,2014-07-24,40,야간,목,1,1,0,0,0,경기,성남시,차대차,기타,기타,운전자법규위반,안전운전 의무 불이행,단일로,기타단일로,승용차,중형,승용차,중형,965914,1930494,127.1150209,37.37288941
2014,2014-07-26,6,주간,토,1,1,0,0,0,전남,나주시,차대차,측면직각충돌,측면직각충돌,운전자법규위반,직진 및 우회전차의 통행방해,교차로,교차로내,화물차,소형,원동기장치자전거,원동기장치자전거,924891,1669690,126.6767179,35.01940803
2014,2014-07-26,37,주간,토,1,2,1,0,0,대구,달성군,차대차,기타,기타,운전자법규위반,중앙선 침범,교차로,교차로부근,승용차,경형,승용차,경형,1087061,1763454,128.4643046,35.86377947
2014,2014-07-22,0,주간,화,1,1,0,0,0,경기,의왕시,차대차,기타,기타,운전자법규위반,안전운전 의무 불이행,단일로,기타단일로,원동기장치자전거,원동기장치자전거,승용차,소형,955037,1932479,126.9920555,37.39031753
2014,2014-08-13,50,주간,수,1,1,0,0,0,충북,충주시,차대사람,기타,기타,운전자법규위반,안전운전 의무 불이행,단일로,기타단일로,승용차,대형,보행자,보행자,1030827,1888117,127.8464226,36.9910178
2014,2014-10-25,59,야간,토,1,1,0,0,0,인천,계양구,차량단독,기타,기타,운전자법규위반,안전운전 의무 불이행,고가도로위,고가도로위,승용차,중형,0,0,935127,1953330,126.7653096,37.57706659
2014,2014-05-24,55,주간,토,1,1,0,0,0,경기,이천시,차대차,기타,기타,운전자법규위반,교차로 통행방법 위반,교차로,교차로내,농기계,농기계,이륜차,소형,994302,1918980,127.4357326,37.26971203
2014,2014-05-24,9,주간,토,1,1,0,0,0,경북,울진군,차량단독,기타,기타,운전자법규위반,안전운전 의무 불이행,교차로,교차로부근,자전거,자전거,0,0,1167391,1881354,129.3791362,36.9156926
2014,2014-05-19,30,야간,월,1,1,0,0,0,대구,달성군,차대사람,횡단중,횡단중,운전자법규위반,안전운전 의무 불이행,단일로,기타단일로,승합차,소형,보행자,보행자,1090173,1756789,128.4980163,35.80341409
2014,2014-05-21,20,야간,수,1,1,0,0,0,경남,거제시,차량단독,전도전복,전도전복,운전자법규위반,안전운전 의무 불이행,교차로,교차로부근,이륜차,중형,0,0,1112403,1653649,128.7298363,34.87133039
2014,2014-05-20,50,야간,화,1,1,0,0,0,전남,순천시,차량단독,공작물충돌,공작물충돌,운전자법규위반,안전운전 의무 불이행,단일로,기타단일로,승용차,중형,0,0,1003994,1658807,127.5437287,34.92405538
2014,2014-05-22,45,야간,목,1,1,0,0,0,인천,남동구,차대차,측면직각충돌,측면직각충돌,운전자법규위반,과속,단일로,기타단일로,승용차,중형,자전거,자전거,929415,1933612,126.7025179,37.39893174
2014,2014-05-30,13,야간,금,1,1,0,0,0,경남,거창군,차대사람,차도통행중,차도통행중,운전자법규위반,안전운전 의무 불이행,단일로,기타단일로,승용차,중형,보행자,보행자,1032254,1751488,127.8567882,35.7592323
2014,2014-05-27,5,주간,화,1,1,0,0,0,경기,성남시,차량단독,기타,기타,운전자법규위반,안전운전 의무 불이행,교차로,교차로내,승용차,중형,0,0,970660,1938198,127.168317,37.44249295
2014,2014-05-28,30,주간,수,1,1,0,0,0,충남,공주시,차량단독,공작물충돌,공작물충돌,운전자법규위반,안전운전 의무 불이행,교차로,교차로내,화물차,소형,0,0,979331,1818516,127.2696068,36.36385375
2014,2014-05-28,24,주간,수,1,2,0,1,0,제주,서귀포시,차대차,추돌,진행중 추돌,운전자법규위반,안전운전 의무 불이행,단일로,기타단일로,승용차,경형,농기계,농기계,936071,1486644,126.8127793,33.36947447
2014,2014-05-26,30,주간,월,1,1,0,0,0,전남,장흥군,차대차,정면충돌,정면충돌,운전자법규위반,중앙선 침범,단일로,기타단일로,화물차,소형,원동기장치자전거,원동기장치자전거,950098,1643845,126.9545452,34.78791897
2014,2014-06-07,15,주간,토,1,5,2,2,0,전남,광양시,차대차,기타,기타,운전자법규위반,신호위반,교차로,교차로내,이륜차,중형,화물차,소형,1017815,1660423,127.6950833,34.93847897
2014,2014-06-03,10,야간,화,1,1,0,0,0,경기,의정부시,차대사람,차도통행중,차도통행중,운전자법규위반,안전운전 의무 불이행,단일로,기타단일로,승합차,소형,보행자,보행자,960713,1966681,127.0542522,37.69708239
2014,2014-06-01,30,주간,일,1,2,1,0,0,인천,서구,차량단독,공작물충돌,공작물충돌,운전자법규위반,안전운전 의무 불이행,단일로,기타단일로,승용차,중형,0,0,928416,1945171,126.690053,37.50303411
2014,2014-06-01,30,야간,일,1,1,0,0,0,충북,충주시,차대차,측면직각충돌,측면직각충돌,운전자법규위반,안전운전 의무 불이행,단일로,기타단일로,승용차,중형,원동기장치자전거,원동기장치자전거,1041161,1900355,127.9666445,37.11262322